MONTH,YEAR,Predicted_Cases,BARANGAY_ID
1,2010,0.0,0
2,2010,0.0,0
3,2010,0.0,0
4,2010,0.0,0
5,2010,0.0,0
6,2010,0.0,0
7,2010,3.0,0
8,2010,6.0,0
9,2010,7.0,0
10,2010,3.0,0
11,2010,4.0,0
12,2010,2.0,0
1,2011,10.0,0
2,2011,1.0,0
3,2011,1.0,0
4,2011,1.0,0
5,2011,0.0,0
6,2011,1.0,0
7,2011,0.0,0
8,2011,4.0,0
9,2011,4.0,0
10,2011,0.0,0
11,2011,1.0,0
12,2011,2.0,0
1,2012,0.0,0
2,2012,0.0,0
3,2012,0.0,0
4,2012,0.0,0
5,2012,0.0,0
6,2012,0.0,0
7,2012,1.0,0
8,2012,10.0,0
9,2012,1.0,0
10,2012,2.0,0
11,2012,5.0,0
12,2012,2.0,0
1,2013,2.0,0
2,2013,0.0,0
3,2013,0.0,0
4,2013,0.0,0
5,2013,0.0,0
6,2013,0.0,0
7,2013,2.0,0
8,2013,1.0,0
9,2013,3.0,0
10,2013,0.0,0
11,2013,2.0,0
12,2013,1.0,0
1,2014,0.0,0
2,2014,0.0,0
3,2014,0.0,0
4,2014,0.0,0
5,2014,0.0,0
6,2014,0.0,0
7,2014,1.0,0
8,2014,10.0,0
9,2014,1.0,0
10,2014,2.0,0
11,2014,5.0,0
12,2014,2.0,0
1,2015,1.0,0
2,2015,4.0,0
3,2015,1.0,0
4,2015,1.0,0
5,2015,0.0,0
6,2015,0.0,0
7,2015,3.0,0
8,2015,7.0,0
9,2015,11.0,0
10,2015,20.0,0
11,2015,7.0,0
12,2015,0.0,0
1,2016,0.0,0
2,2016,0.0,0
3,2016,3.0,0
4,2016,0.0,0
5,2016,0.0,0
6,2016,1.0,0
7,2016,0.0,0
8,2016,1.0,0
9,2016,0.0,0
10,2016,3.0,0
11,2016,0.0,0
12,2016,0.0,0
1,2017,0.0,0
2,2017,1.0,0
3,2017,0.0,0
4,2017,0.0,0
5,2017,0.0,0
6,2017,2.0,0
7,2017,3.0,0
8,2017,1.0,0
9,2017,5.0,0
10,2017,2.0,0
11,2017,3.0,0
12,2017,0.0,0
1,2018,1.0,0
2,2018,3.0,0
3,2018,1.0,0
4,2018,0.0,0
5,2018,0.0,0
6,2018,1.0,0
7,2018,1.0,0
8,2018,1.0,0
9,2018,2.0,0
10,2018,5.0,0
11,2018,11.0,0
12,2018,16.0,0
1,2019,7.0,0
2,2019,5.0,0
3,2019,0.0,0
4,2019,1.0,0
5,2019,2.0,0
6,2019,1.0,0
7,2019,15.0,0
8,2019,23.0,0
9,2019,31.0,0
10,2019,11.0,0
11,2019,7.0,0
12,2019,0.0,0
1,2020,5.0,0
2,2020,0.0,0
3,2020,0.0,0
4,2020,0.0,0
5,2020,0.0,0
6,2020,0.0,0
7,2020,0.0,0
8,2020,0.0,0
9,2020,0.0,0
10,2020,0.0,0
11,2020,1.0,0
12,2020,2.0,0
1,2021,1.0,0
2,2021,0.0,0
3,2021,0.0,0
4,2021,0.0,0
5,2021,0.0,0
6,2021,0.0,0
7,2021,2.0,0
8,2021,0.0,0
9,2021,0.0,0
10,2021,1.0,0
11,2021,2.0,0
12,2021,3.0,0
1,2022,0.0,0
2,2022,2.0,0
3,2022,2.0,0
4,2022,0.0,0
5,2022,0.0,0
6,2022,3.0,0
7,2022,6.0,0
8,2022,6.0,0
9,2022,0.0,0
10,2022,1.0,0
11,2022,1.0,0
12,2022,0.0,0
1,2023,1.0,0
2,2023,0.0,0
3,2023,0.0,0
4,2023,0.0,0
5,2023,0.0,0
6,2023,0.0,0
7,2023,1.0,0
8,2023,0.0,0
9,2023,1.0,0
10,2023,0.0,0
11,2023,4.0,0
12,2023,0.0,0
1,2024,1.0,0
2,2024,3.0,0
3,2024,0.0,0
4,2024,1.0,0
5,2024,0.0,0
6,2024,1.0,0
7,2024,1.0,0
8,2024,6.0,0
9,2024,5.0,0
10,2024,9.0,0
11,2024,3.0,0
12,2024,3.0,0
1,2010,2.0,1
2,2010,0.0,1
3,2010,0.0,1
4,2010,0.0,1
5,2010,0.0,1
6,2010,0.0,1
7,2010,1.0,1
8,2010,2.0,1
9,2010,7.0,1
10,2010,1.0,1
11,2010,1.0,1
12,2010,1.0,1
1,2011,2.0,1
2,2011,3.0,1
3,2011,1.0,1
4,2011,0.0,1
5,2011,0.0,1
6,2011,4.0,1
7,2011,4.0,1
8,2011,6.0,1
9,2011,2.0,1
10,2011,0.0,1
11,2011,1.0,1
12,2011,0.0,1
1,2012,2.0,1
2,2012,2.0,1
3,2012,1.0,1
4,2012,0.0,1
5,2012,2.0,1
6,2012,2.0,1
7,2012,2.0,1
8,2012,10.0,1
9,2012,11.0,1
10,2012,5.0,1
11,2012,3.0,1
12,2012,5.0,1
1,2013,1.0,1
2,2013,1.0,1
3,2013,1.0,1
4,2013,0.0,1
5,2013,0.0,1
6,2013,0.0,1
7,2013,0.0,1
8,2013,1.0,1
9,2013,3.0,1
10,2013,2.0,1
11,2013,6.0,1
12,2013,1.0,1
1,2014,2.0,1
2,2014,2.0,1
3,2014,1.0,1
4,2014,0.0,1
5,2014,2.0,1
6,2014,2.0,1
7,2014,2.0,1
8,2014,10.0,1
9,2014,11.0,1
10,2014,5.0,1
11,2014,3.0,1
12,2014,5.0,1
1,2015,1.0,1
2,2015,4.0,1
3,2015,0.0,1
4,2015,0.0,1
5,2015,0.0,1
6,2015,1.0,1
7,2015,3.0,1
8,2015,9.0,1
9,2015,14.0,1
10,2015,30.0,1
11,2015,18.0,1
12,2015,1.0,1
1,2016,1.0,1
2,2016,2.0,1
3,2016,0.0,1
4,2016,0.0,1
5,2016,0.0,1
6,2016,1.0,1
7,2016,0.0,1
8,2016,3.0,1
9,2016,2.0,1
10,2016,1.0,1
11,2016,3.0,1
12,2016,1.0,1
1,2017,1.0,1
2,2017,0.0,1
3,2017,1.0,1
4,2017,1.0,1
5,2017,0.0,1
6,2017,0.0,1
7,2017,0.0,1
8,2017,5.0,1
9,2017,4.0,1
10,2017,2.0,1
11,2017,2.0,1
12,2017,1.0,1
1,2018,5.0,1
2,2018,2.0,1
3,2018,2.0,1
4,2018,0.0,1
5,2018,1.0,1
6,2018,0.0,1
7,2018,0.0,1
8,2018,6.0,1
9,2018,5.0,1
10,2018,9.0,1
11,2018,10.0,1
12,2018,3.0,1
1,2019,6.0,1
2,2019,2.0,1
3,2019,1.0,1
4,2019,0.0,1
5,2019,1.0,1
6,2019,2.0,1
7,2019,8.0,1
8,2019,24.0,1
9,2019,44.0,1
10,2019,13.0,1
11,2019,11.0,1
12,2019,2.0,1
1,2020,2.0,1
2,2020,1.0,1
3,2020,0.0,1
4,2020,0.0,1
5,2020,0.0,1
6,2020,1.0,1
7,2020,0.0,1
8,2020,0.0,1
9,2020,0.0,1
10,2020,0.0,1
11,2020,0.0,1
12,2020,1.0,1
1,2021,1.0,1
2,2021,6.0,1
3,2021,3.0,1
4,2021,0.0,1
5,2021,0.0,1
6,2021,0.0,1
7,2021,0.0,1
8,2021,0.0,1
9,2021,3.0,1
10,2021,2.0,1
11,2021,7.0,1
12,2021,2.0,1
1,2022,0.0,1
2,2022,1.0,1
3,2022,1.0,1
4,2022,0.0,1
5,2022,0.0,1
6,2022,0.0,1
7,2022,0.0,1
8,2022,3.0,1
9,2022,3.0,1
10,2022,2.0,1
11,2022,1.0,1
12,2022,0.0,1
1,2023,1.0,1
2,2023,1.0,1
3,2023,0.0,1
4,2023,0.0,1
5,2023,1.0,1
6,2023,0.0,1
7,2023,0.0,1
8,2023,1.0,1
9,2023,0.0,1
10,2023,0.0,1
11,2023,1.0,1
12,2023,0.0,1
1,2024,1.0,1
2,2024,1.0,1
3,2024,0.0,1
4,2024,0.0,1
5,2024,0.0,1
6,2024,0.0,1
7,2024,2.0,1
8,2024,7.0,1
9,2024,18.0,1
10,2024,13.0,1
11,2024,15.0,1
12,2024,10.0,1
1,2010,0.0,2
2,2010,0.0,2
3,2010,0.0,2
4,2010,0.0,2
5,2010,0.0,2
6,2010,0.0,2
7,2010,0.0,2
8,2010,0.0,2
9,2010,0.0,2
10,2010,0.0,2
11,2010,1.0,2
12,2010,1.0,2
1,2011,0.0,2
2,2011,0.0,2
3,2011,0.0,2
4,2011,0.0,2
5,2011,0.0,2
6,2011,0.0,2
7,2011,0.0,2
8,2011,1.0,2
9,2011,2.0,2
10,2011,1.0,2
11,2011,2.0,2
12,2011,0.0,2
1,2012,0.0,2
2,2012,0.0,2
3,2012,0.0,2
4,2012,0.0,2
5,2012,0.0,2
6,2012,1.0,2
7,2012,0.0,2
8,2012,0.0,2
9,2012,2.0,2
10,2012,1.0,2
11,2012,0.0,2
12,2012,1.0,2
1,2013,0.0,2
2,2013,0.0,2
3,2013,0.0,2
4,2013,0.0,2
5,2013,0.0,2
6,2013,0.0,2
7,2013,2.0,2
8,2013,2.0,2
9,2013,0.0,2
10,2013,1.0,2
11,2013,1.0,2
12,2013,0.0,2
1,2014,0.0,2
2,2014,0.0,2
3,2014,0.0,2
4,2014,0.0,2
5,2014,0.0,2
6,2014,1.0,2
7,2014,0.0,2
8,2014,0.0,2
9,2014,2.0,2
10,2014,1.0,2
11,2014,0.0,2
12,2014,1.0,2
1,2015,1.0,2
2,2015,0.0,2
3,2015,0.0,2
4,2015,0.0,2
5,2015,0.0,2
6,2015,0.0,2
7,2015,1.0,2
8,2015,1.0,2
9,2015,7.0,2
10,2015,8.0,2
11,2015,2.0,2
12,2015,0.0,2
1,2016,1.0,2
2,2016,0.0,2
3,2016,0.0,2
4,2016,0.0,2
5,2016,0.0,2
6,2016,0.0,2
7,2016,0.0,2
8,2016,1.0,2
9,2016,3.0,2
10,2016,0.0,2
11,2016,2.0,2
12,2016,2.0,2
1,2017,0.0,2
2,2017,0.0,2
3,2017,0.0,2
4,2017,0.0,2
5,2017,0.0,2
6,2017,1.0,2
7,2017,0.0,2
8,2017,0.0,2
9,2017,1.0,2
10,2017,0.0,2
11,2017,2.0,2
12,2017,1.0,2
1,2018,1.0,2
2,2018,1.0,2
3,2018,0.0,2
4,2018,0.0,2
5,2018,0.0,2
6,2018,0.0,2
7,2018,0.0,2
8,2018,1.0,2
9,2018,4.0,2
10,2018,7.0,2
11,2018,2.0,2
12,2018,0.0,2
1,2019,0.0,2
2,2019,0.0,2
3,2019,0.0,2
4,2019,0.0,2
5,2019,0.0,2
6,2019,0.0,2
7,2019,1.0,2
8,2019,5.0,2
9,2019,14.0,2
10,2019,3.0,2
11,2019,3.0,2
12,2019,0.0,2
1,2020,0.0,2
2,2020,1.0,2
3,2020,0.0,2
4,2020,0.0,2
5,2020,0.0,2
6,2020,0.0,2
7,2020,0.0,2
8,2020,0.0,2
9,2020,0.0,2
10,2020,1.0,2
11,2020,0.0,2
12,2020,0.0,2
1,2021,2.0,2
2,2021,1.0,2
3,2021,1.0,2
4,2021,1.0,2
5,2021,0.0,2
6,2021,0.0,2
7,2021,0.0,2
8,2021,0.0,2
9,2021,1.0,2
10,2021,0.0,2
11,2021,0.0,2
12,2021,1.0,2
1,2022,0.0,2
2,2022,0.0,2
3,2022,0.0,2
4,2022,0.0,2
5,2022,0.0,2
6,2022,0.0,2
7,2022,0.0,2
8,2022,0.0,2
9,2022,0.0,2
10,2022,0.0,2
11,2022,0.0,2
12,2022,0.0,2
1,2023,1.0,2
2,2023,0.0,2
3,2023,0.0,2
4,2023,0.0,2
5,2023,0.0,2
6,2023,0.0,2
7,2023,1.0,2
8,2023,0.0,2
9,2023,0.0,2
10,2023,0.0,2
11,2023,0.0,2
12,2023,0.0,2
1,2024,0.0,2
2,2024,0.0,2
3,2024,0.0,2
4,2024,0.0,2
5,2024,0.0,2
6,2024,0.0,2
7,2024,1.0,2
8,2024,0.0,2
9,2024,2.0,2
10,2024,5.0,2
11,2024,3.0,2
12,2024,2.0,2
1,2010,0.0,3
2,2010,0.0,3
3,2010,0.0,3
4,2010,0.0,3
5,2010,0.0,3
6,2010,0.0,3
7,2010,0.0,3
8,2010,0.0,3
9,2010,1.0,3
10,2010,5.0,3
11,2010,1.0,3
12,2010,1.0,3
1,2011,2.0,3
2,2011,2.0,3
3,2011,0.0,3
4,2011,0.0,3
5,2011,0.0,3
6,2011,0.0,3
7,2011,0.0,3
8,2011,0.0,3
9,2011,1.0,3
10,2011,0.0,3
11,2011,2.0,3
12,2011,0.0,3
1,2012,1.0,3
2,2012,0.0,3
3,2012,0.0,3
4,2012,0.0,3
5,2012,0.0,3
6,2012,1.0,3
7,2012,0.0,3
8,2012,1.0,3
9,2012,0.0,3
10,2012,0.0,3
11,2012,1.0,3
12,2012,0.0,3
1,2013,0.0,3
2,2013,0.0,3
3,2013,0.0,3
4,2013,0.0,3
5,2013,0.0,3
6,2013,0.0,3
7,2013,1.0,3
8,2013,2.0,3
9,2013,4.0,3
10,2013,0.0,3
11,2013,0.0,3
12,2013,1.0,3
1,2014,1.0,3
2,2014,0.0,3
3,2014,0.0,3
4,2014,0.0,3
5,2014,0.0,3
6,2014,1.0,3
7,2014,0.0,3
8,2014,1.0,3
9,2014,0.0,3
10,2014,0.0,3
11,2014,1.0,3
12,2014,0.0,3
1,2015,0.0,3
2,2015,0.0,3
3,2015,0.0,3
4,2015,1.0,3
5,2015,0.0,3
6,2015,0.0,3
7,2015,0.0,3
8,2015,3.0,3
9,2015,7.0,3
10,2015,9.0,3
11,2015,4.0,3
12,2015,2.0,3
1,2016,1.0,3
2,2016,0.0,3
3,2016,0.0,3
4,2016,1.0,3
5,2016,0.0,3
6,2016,0.0,3
7,2016,0.0,3
8,2016,2.0,3
9,2016,0.0,3
10,2016,0.0,3
11,2016,1.0,3
12,2016,0.0,3
1,2017,0.0,3
2,2017,1.0,3
3,2017,0.0,3
4,2017,0.0,3
5,2017,0.0,3
6,2017,0.0,3
7,2017,1.0,3
8,2017,1.0,3
9,2017,0.0,3
10,2017,0.0,3
11,2017,0.0,3
12,2017,0.0,3
1,2018,4.0,3
2,2018,1.0,3
3,2018,1.0,3
4,2018,0.0,3
5,2018,0.0,3
6,2018,0.0,3
7,2018,0.0,3
8,2018,2.0,3
9,2018,0.0,3
10,2018,2.0,3
11,2018,8.0,3
12,2018,3.0,3
1,2019,1.0,3
2,2019,1.0,3
3,2019,0.0,3
4,2019,0.0,3
5,2019,0.0,3
6,2019,2.0,3
7,2019,6.0,3
8,2019,27.0,3
9,2019,32.0,3
10,2019,5.0,3
11,2019,6.0,3
12,2019,3.0,3
1,2020,1.0,3
2,2020,2.0,3
3,2020,2.0,3
4,2020,0.0,3
5,2020,0.0,3
6,2020,0.0,3
7,2020,0.0,3
8,2020,0.0,3
9,2020,0.0,3
10,2020,0.0,3
11,2020,0.0,3
12,2020,1.0,3
1,2021,3.0,3
2,2021,1.0,3
3,2021,1.0,3
4,2021,0.0,3
5,2021,1.0,3
6,2021,0.0,3
7,2021,0.0,3
8,2021,0.0,3
9,2021,0.0,3
10,2021,1.0,3
11,2021,1.0,3
12,2021,0.0,3
1,2022,0.0,3
2,2022,0.0,3
3,2022,0.0,3
4,2022,0.0,3
5,2022,0.0,3
6,2022,1.0,3
7,2022,0.0,3
8,2022,1.0,3
9,2022,1.0,3
10,2022,0.0,3
11,2022,2.0,3
12,2022,1.0,3
1,2023,0.0,3
2,2023,1.0,3
3,2023,0.0,3
4,2023,0.0,3
5,2023,0.0,3
6,2023,1.0,3
7,2023,0.0,3
8,2023,0.0,3
9,2023,0.0,3
10,2023,0.0,3
11,2023,0.0,3
12,2023,0.0,3
1,2024,0.0,3
2,2024,0.0,3
3,2024,0.0,3
4,2024,0.0,3
5,2024,0.0,3
6,2024,0.0,3
7,2024,0.0,3
8,2024,2.0,3
9,2024,1.0,3
10,2024,3.0,3
11,2024,4.0,3
12,2024,16.0,3
1,2010,0.0,4
2,2010,0.0,4
3,2010,0.0,4
4,2010,0.0,4
5,2010,0.0,4
6,2010,0.0,4
7,2010,0.0,4
8,2010,1.0,4
9,2010,1.0,4
10,2010,2.0,4
11,2010,0.0,4
12,2010,2.0,4
1,2011,0.0,4
2,2011,0.0,4
3,2011,0.0,4
4,2011,0.0,4
5,2011,0.0,4
6,2011,0.0,4
7,2011,1.0,4
8,2011,1.0,4
9,2011,1.0,4
10,2011,1.0,4
11,2011,0.0,4
12,2011,0.0,4
1,2012,3.0,4
2,2012,0.0,4
3,2012,0.0,4
4,2012,2.0,4
5,2012,0.0,4
6,2012,0.0,4
7,2012,1.0,4
8,2012,3.0,4
9,2012,2.0,4
10,2012,4.0,4
11,2012,2.0,4
12,2012,0.0,4
1,2013,1.0,4
2,2013,1.0,4
3,2013,0.0,4
4,2013,0.0,4
5,2013,0.0,4
6,2013,2.0,4
7,2013,0.0,4
8,2013,2.0,4
9,2013,1.0,4
10,2013,5.0,4
11,2013,0.0,4
12,2013,1.0,4
1,2014,3.0,4
2,2014,0.0,4
3,2014,0.0,4
4,2014,2.0,4
5,2014,0.0,4
6,2014,0.0,4
7,2014,1.0,4
8,2014,3.0,4
9,2014,2.0,4
10,2014,4.0,4
11,2014,2.0,4
12,2014,0.0,4
1,2015,1.0,4
2,2015,0.0,4
3,2015,0.0,4
4,2015,0.0,4
5,2015,0.0,4
6,2015,0.0,4
7,2015,0.0,4
8,2015,2.0,4
9,2015,4.0,4
10,2015,0.0,4
11,2015,5.0,4
12,2015,2.0,4
1,2016,1.0,4
2,2016,0.0,4
3,2016,0.0,4
4,2016,0.0,4
5,2016,0.0,4
6,2016,2.0,4
7,2016,0.0,4
8,2016,0.0,4
9,2016,0.0,4
10,2016,2.0,4
11,2016,2.0,4
12,2016,0.0,4
1,2017,0.0,4
2,2017,0.0,4
3,2017,0.0,4
4,2017,0.0,4
5,2017,0.0,4
6,2017,0.0,4
7,2017,0.0,4
8,2017,1.0,4
9,2017,2.0,4
10,2017,1.0,4
11,2017,1.0,4
12,2017,1.0,4
1,2018,1.0,4
2,2018,0.0,4
3,2018,0.0,4
4,2018,0.0,4
5,2018,0.0,4
6,2018,0.0,4
7,2018,0.0,4
8,2018,2.0,4
9,2018,2.0,4
10,2018,0.0,4
11,2018,2.0,4
12,2018,0.0,4
1,2019,1.0,4
2,2019,1.0,4
3,2019,0.0,4
4,2019,0.0,4
5,2019,1.0,4
6,2019,3.0,4
7,2019,6.0,4
8,2019,7.0,4
9,2019,11.0,4
10,2019,1.0,4
11,2019,1.0,4
12,2019,0.0,4
1,2020,1.0,4
2,2020,1.0,4
3,2020,0.0,4
4,2020,0.0,4
5,2020,0.0,4
6,2020,0.0,4
7,2020,0.0,4
8,2020,0.0,4
9,2020,0.0,4
10,2020,0.0,4
11,2020,0.0,4
12,2020,0.0,4
1,2021,2.0,4
2,2021,0.0,4
3,2021,0.0,4
4,2021,0.0,4
5,2021,3.0,4
6,2021,1.0,4
7,2021,4.0,4
8,2021,0.0,4
9,2021,0.0,4
10,2021,1.0,4
11,2021,7.0,4
12,2021,0.0,4
1,2022,0.0,4
2,2022,0.0,4
3,2022,0.0,4
4,2022,1.0,4
5,2022,0.0,4
6,2022,0.0,4
7,2022,0.0,4
8,2022,0.0,4
9,2022,0.0,4
10,2022,1.0,4
11,2022,1.0,4
12,2022,0.0,4
1,2023,0.0,4
2,2023,1.0,4
3,2023,0.0,4
4,2023,0.0,4
5,2023,0.0,4
6,2023,0.0,4
7,2023,1.0,4
8,2023,0.0,4
9,2023,0.0,4
10,2023,0.0,4
11,2023,0.0,4
12,2023,0.0,4
1,2024,0.0,4
2,2024,1.0,4
3,2024,0.0,4
4,2024,0.0,4
5,2024,0.0,4
6,2024,0.0,4
7,2024,0.0,4
8,2024,3.0,4
9,2024,5.0,4
10,2024,6.0,4
11,2024,4.0,4
12,2024,1.0,4
1,2010,0.0,5
2,2010,0.0,5
3,2010,0.0,5
4,2010,0.0,5
5,2010,0.0,5
6,2010,0.0,5
7,2010,0.0,5
8,2010,1.0,5
9,2010,0.0,5
10,2010,1.0,5
11,2010,0.0,5
12,2010,0.0,5
1,2011,1.0,5
2,2011,0.0,5
3,2011,0.0,5
4,2011,0.0,5
5,2011,0.0,5
6,2011,0.0,5
7,2011,0.0,5
8,2011,0.0,5
9,2011,1.0,5
10,2011,0.0,5
11,2011,0.0,5
12,2011,0.0,5
1,2012,0.0,5
2,2012,0.0,5
3,2012,0.0,5
4,2012,0.0,5
5,2012,0.0,5
6,2012,1.0,5
7,2012,1.0,5
8,2012,0.0,5
9,2012,2.0,5
10,2012,0.0,5
11,2012,0.0,5
12,2012,1.0,5
1,2013,0.0,5
2,2013,0.0,5
3,2013,0.0,5
4,2013,0.0,5
5,2013,0.0,5
6,2013,0.0,5
7,2013,0.0,5
8,2013,1.0,5
9,2013,3.0,5
10,2013,1.0,5
11,2013,0.0,5
12,2013,0.0,5
1,2014,0.0,5
2,2014,0.0,5
3,2014,0.0,5
4,2014,0.0,5
5,2014,0.0,5
6,2014,1.0,5
7,2014,1.0,5
8,2014,0.0,5
9,2014,2.0,5
10,2014,0.0,5
11,2014,0.0,5
12,2014,1.0,5
1,2015,2.0,5
2,2015,1.0,5
3,2015,0.0,5
4,2015,1.0,5
5,2015,0.0,5
6,2015,0.0,5
7,2015,6.0,5
8,2015,8.0,5
9,2015,5.0,5
10,2015,10.0,5
11,2015,4.0,5
12,2015,0.0,5
1,2016,3.0,5
2,2016,0.0,5
3,2016,0.0,5
4,2016,0.0,5
5,2016,0.0,5
6,2016,0.0,5
7,2016,2.0,5
8,2016,0.0,5
9,2016,1.0,5
10,2016,0.0,5
11,2016,1.0,5
12,2016,0.0,5
1,2017,0.0,5
2,2017,0.0,5
3,2017,0.0,5
4,2017,0.0,5
5,2017,0.0,5
6,2017,0.0,5
7,2017,1.0,5
8,2017,1.0,5
9,2017,2.0,5
10,2017,0.0,5
11,2017,0.0,5
12,2017,2.0,5
1,2018,1.0,5
2,2018,2.0,5
3,2018,0.0,5
4,2018,0.0,5
5,2018,0.0,5
6,2018,0.0,5
7,2018,0.0,5
8,2018,0.0,5
9,2018,0.0,5
10,2018,0.0,5
11,2018,3.0,5
12,2018,3.0,5
1,2019,1.0,5
2,2019,0.0,5
3,2019,0.0,5
4,2019,1.0,5
5,2019,0.0,5
6,2019,1.0,5
7,2019,5.0,5
8,2019,6.0,5
9,2019,17.0,5
10,2019,7.0,5
11,2019,9.0,5
12,2019,3.0,5
1,2020,2.0,5
2,2020,1.0,5
3,2020,2.0,5
4,2020,0.0,5
5,2020,0.0,5
6,2020,0.0,5
7,2020,0.0,5
8,2020,0.0,5
9,2020,0.0,5
10,2020,2.0,5
11,2020,0.0,5
12,2020,0.0,5
1,2021,0.0,5
2,2021,0.0,5
3,2021,0.0,5
4,2021,0.0,5
5,2021,0.0,5
6,2021,0.0,5
7,2021,0.0,5
8,2021,1.0,5
9,2021,1.0,5
10,2021,3.0,5
11,2021,1.0,5
12,2021,1.0,5
1,2022,0.0,5
2,2022,2.0,5
3,2022,0.0,5
4,2022,0.0,5
5,2022,0.0,5
6,2022,0.0,5
7,2022,0.0,5
8,2022,0.0,5
9,2022,0.0,5
10,2022,0.0,5
11,2022,1.0,5
12,2022,0.0,5
1,2023,0.0,5
2,2023,0.0,5
3,2023,1.0,5
4,2023,0.0,5
5,2023,0.0,5
6,2023,0.0,5
7,2023,0.0,5
8,2023,0.0,5
9,2023,1.0,5
10,2023,0.0,5
11,2023,0.0,5
12,2023,0.0,5
1,2024,0.0,5
2,2024,0.0,5
3,2024,0.0,5
4,2024,0.0,5
5,2024,1.0,5
6,2024,0.0,5
7,2024,0.0,5
8,2024,3.0,5
9,2024,2.0,5
10,2024,3.0,5
11,2024,6.0,5
12,2024,1.0,5
1,2010,0.0,6
2,2010,0.0,6
3,2010,0.0,6
4,2010,0.0,6
5,2010,0.0,6
6,2010,0.0,6
7,2010,0.0,6
8,2010,0.0,6
9,2010,0.0,6
10,2010,1.0,6
11,2010,0.0,6
12,2010,0.0,6
1,2011,0.0,6
2,2011,0.0,6
3,2011,0.0,6
4,2011,0.0,6
5,2011,1.0,6
6,2011,0.0,6
7,2011,0.0,6
8,2011,4.0,6
9,2011,0.0,6
10,2011,0.0,6
11,2011,0.0,6
12,2011,0.0,6
1,2012,0.0,6
2,2012,0.0,6
3,2012,0.0,6
4,2012,0.0,6
5,2012,0.0,6
6,2012,0.0,6
7,2012,2.0,6
8,2012,0.0,6
9,2012,0.0,6
10,2012,0.0,6
11,2012,0.0,6
12,2012,0.0,6
1,2013,0.0,6
2,2013,0.0,6
3,2013,0.0,6
4,2013,0.0,6
5,2013,0.0,6
6,2013,0.0,6
7,2013,0.0,6
8,2013,0.0,6
9,2013,0.0,6
10,2013,0.0,6
11,2013,0.0,6
12,2013,1.0,6
1,2014,0.0,6
2,2014,0.0,6
3,2014,0.0,6
4,2014,0.0,6
5,2014,0.0,6
6,2014,0.0,6
7,2014,2.0,6
8,2014,0.0,6
9,2014,0.0,6
10,2014,0.0,6
11,2014,0.0,6
12,2014,0.0,6
1,2015,1.0,6
2,2015,0.0,6
3,2015,0.0,6
4,2015,0.0,6
5,2015,0.0,6
6,2015,0.0,6
7,2015,0.0,6
8,2015,0.0,6
9,2015,1.0,6
10,2015,4.0,6
11,2015,2.0,6
12,2015,0.0,6
1,2016,0.0,6
2,2016,1.0,6
3,2016,0.0,6
4,2016,0.0,6
5,2016,0.0,6
6,2016,0.0,6
7,2016,2.0,6
8,2016,0.0,6
9,2016,2.0,6
10,2016,0.0,6
11,2016,0.0,6
12,2016,0.0,6
1,2017,0.0,6
2,2017,0.0,6
3,2017,0.0,6
4,2017,0.0,6
5,2017,0.0,6
6,2017,0.0,6
7,2017,0.0,6
8,2017,1.0,6
9,2017,1.0,6
10,2017,1.0,6
11,2017,0.0,6
12,2017,0.0,6
1,2018,1.0,6
2,2018,1.0,6
3,2018,0.0,6
4,2018,0.0,6
5,2018,0.0,6
6,2018,0.0,6
7,2018,0.0,6
8,2018,0.0,6
9,2018,0.0,6
10,2018,0.0,6
11,2018,1.0,6
12,2018,0.0,6
1,2019,0.0,6
2,2019,0.0,6
3,2019,1.0,6
4,2019,0.0,6
5,2019,0.0,6
6,2019,0.0,6
7,2019,0.0,6
8,2019,6.0,6
9,2019,6.0,6
10,2019,6.0,6
11,2019,2.0,6
12,2019,2.0,6
1,2020,1.0,6
2,2020,0.0,6
3,2020,1.0,6
4,2020,0.0,6
5,2020,0.0,6
6,2020,0.0,6
7,2020,0.0,6
8,2020,0.0,6
9,2020,0.0,6
10,2020,0.0,6
11,2020,1.0,6
12,2020,0.0,6
1,2021,0.0,6
2,2021,1.0,6
3,2021,1.0,6
4,2021,0.0,6
5,2021,0.0,6
6,2021,1.0,6
7,2021,0.0,6
8,2021,0.0,6
9,2021,0.0,6
10,2021,0.0,6
11,2021,0.0,6
12,2021,0.0,6
1,2022,0.0,6
2,2022,0.0,6
3,2022,0.0,6
4,2022,0.0,6
5,2022,0.0,6
6,2022,0.0,6
7,2022,0.0,6
8,2022,0.0,6
9,2022,1.0,6
10,2022,0.0,6
11,2022,0.0,6
12,2022,0.0,6
1,2023,0.0,6
2,2023,0.0,6
3,2023,0.0,6
4,2023,0.0,6
5,2023,0.0,6
6,2023,0.0,6
7,2023,0.0,6
8,2023,0.0,6
9,2023,1.0,6
10,2023,0.0,6
11,2023,0.0,6
12,2023,0.0,6
1,2024,0.0,6
2,2024,1.0,6
3,2024,0.0,6
4,2024,0.0,6
5,2024,0.0,6
6,2024,0.0,6
7,2024,1.0,6
8,2024,0.0,6
9,2024,1.0,6
10,2024,4.0,6
11,2024,0.0,6
12,2024,2.0,6
1,2010,0.0,7
2,2010,0.0,7
3,2010,0.0,7
4,2010,0.0,7
5,2010,0.0,7
6,2010,0.0,7
7,2010,0.0,7
8,2010,1.0,7
9,2010,0.0,7
10,2010,2.0,7
11,2010,0.0,7
12,2010,2.0,7
1,2011,1.0,7
2,2011,0.0,7
3,2011,0.0,7
4,2011,2.0,7
5,2011,0.0,7
6,2011,0.0,7
7,2011,1.0,7
8,2011,0.0,7
9,2011,0.0,7
10,2011,0.0,7
11,2011,0.0,7
12,2011,0.0,7
1,2012,0.0,7
2,2012,1.0,7
3,2012,1.0,7
4,2012,0.0,7
5,2012,0.0,7
6,2012,0.0,7
7,2012,0.0,7
8,2012,0.0,7
9,2012,0.0,7
10,2012,0.0,7
11,2012,1.0,7
12,2012,0.0,7
1,2013,0.0,7
2,2013,0.0,7
3,2013,0.0,7
4,2013,0.0,7
5,2013,0.0,7
6,2013,0.0,7
7,2013,1.0,7
8,2013,2.0,7
9,2013,3.0,7
10,2013,0.0,7
11,2013,0.0,7
12,2013,0.0,7
1,2014,0.0,7
2,2014,1.0,7
3,2014,1.0,7
4,2014,0.0,7
5,2014,0.0,7
6,2014,0.0,7
7,2014,0.0,7
8,2014,0.0,7
9,2014,0.0,7
10,2014,0.0,7
11,2014,1.0,7
12,2014,0.0,7
1,2015,2.0,7
2,2015,0.0,7
3,2015,0.0,7
4,2015,0.0,7
5,2015,2.0,7
6,2015,0.0,7
7,2015,0.0,7
8,2015,1.0,7
9,2015,2.0,7
10,2015,2.0,7
11,2015,7.0,7
12,2015,1.0,7
1,2016,4.0,7
2,2016,0.0,7
3,2016,1.0,7
4,2016,1.0,7
5,2016,0.0,7
6,2016,0.0,7
7,2016,0.0,7
8,2016,1.0,7
9,2016,0.0,7
10,2016,0.0,7
11,2016,2.0,7
12,2016,5.0,7
1,2017,0.0,7
2,2017,1.0,7
3,2017,0.0,7
4,2017,0.0,7
5,2017,0.0,7
6,2017,0.0,7
7,2017,2.0,7
8,2017,0.0,7
9,2017,1.0,7
10,2017,1.0,7
11,2017,0.0,7
12,2017,0.0,7
1,2018,2.0,7
2,2018,0.0,7
3,2018,1.0,7
4,2018,0.0,7
5,2018,0.0,7
6,2018,0.0,7
7,2018,0.0,7
8,2018,1.0,7
9,2018,2.0,7
10,2018,1.0,7
11,2018,2.0,7
12,2018,1.0,7
1,2019,0.0,7
2,2019,0.0,7
3,2019,0.0,7
4,2019,0.0,7
5,2019,0.0,7
6,2019,1.0,7
7,2019,10.0,7
8,2019,11.0,7
9,2019,19.0,7
10,2019,6.0,7
11,2019,2.0,7
12,2019,0.0,7
1,2020,3.0,7
2,2020,0.0,7
3,2020,0.0,7
4,2020,0.0,7
5,2020,0.0,7
6,2020,0.0,7
7,2020,0.0,7
8,2020,0.0,7
9,2020,0.0,7
10,2020,0.0,7
11,2020,0.0,7
12,2020,1.0,7
1,2021,0.0,7
2,2021,0.0,7
3,2021,0.0,7
4,2021,0.0,7
5,2021,0.0,7
6,2021,0.0,7
7,2021,0.0,7
8,2021,0.0,7
9,2021,0.0,7
10,2021,0.0,7
11,2021,0.0,7
12,2021,0.0,7
1,2022,1.0,7
2,2022,0.0,7
3,2022,0.0,7
4,2022,0.0,7
5,2022,0.0,7
6,2022,0.0,7
7,2022,0.0,7
8,2022,0.0,7
9,2022,1.0,7
10,2022,0.0,7
11,2022,0.0,7
12,2022,2.0,7
1,2023,0.0,7
2,2023,0.0,7
3,2023,0.0,7
4,2023,0.0,7
5,2023,0.0,7
6,2023,1.0,7
7,2023,0.0,7
8,2023,0.0,7
9,2023,0.0,7
10,2023,0.0,7
11,2023,0.0,7
12,2023,0.0,7
1,2024,1.0,7
2,2024,1.0,7
3,2024,1.0,7
4,2024,0.0,7
5,2024,0.0,7
6,2024,0.0,7
7,2024,0.0,7
8,2024,2.0,7
9,2024,2.0,7
10,2024,4.0,7
11,2024,6.0,7
12,2024,5.0,7
1,2010,0.0,8
2,2010,0.0,8
3,2010,0.0,8
4,2010,0.0,8
5,2010,0.0,8
6,2010,0.0,8
7,2010,0.0,8
8,2010,0.0,8
9,2010,0.0,8
10,2010,3.0,8
11,2010,1.0,8
12,2010,0.0,8
1,2011,0.0,8
2,2011,0.0,8
3,2011,0.0,8
4,2011,0.0,8
5,2011,0.0,8
6,2011,0.0,8
7,2011,0.0,8
8,2011,1.0,8
9,2011,0.0,8
10,2011,0.0,8
11,2011,0.0,8
12,2011,1.0,8
1,2012,2.0,8
2,2012,0.0,8
3,2012,0.0,8
4,2012,0.0,8
5,2012,0.0,8
6,2012,0.0,8
7,2012,0.0,8
8,2012,1.0,8
9,2012,2.0,8
10,2012,0.0,8
11,2012,0.0,8
12,2012,0.0,8
1,2013,0.0,8
2,2013,0.0,8
3,2013,0.0,8
4,2013,0.0,8
5,2013,0.0,8
6,2013,0.0,8
7,2013,0.0,8
8,2013,0.0,8
9,2013,0.0,8
10,2013,0.0,8
11,2013,0.0,8
12,2013,2.0,8
1,2014,2.0,8
2,2014,0.0,8
3,2014,0.0,8
4,2014,0.0,8
5,2014,0.0,8
6,2014,0.0,8
7,2014,0.0,8
8,2014,1.0,8
9,2014,2.0,8
10,2014,0.0,8
11,2014,0.0,8
12,2014,0.0,8
1,2015,2.0,8
2,2015,0.0,8
3,2015,1.0,8
4,2015,1.0,8
5,2015,0.0,8
6,2015,0.0,8
7,2015,1.0,8
8,2015,0.0,8
9,2015,7.0,8
10,2015,9.0,8
11,2015,3.0,8
12,2015,1.0,8
1,2016,0.0,8
2,2016,1.0,8
3,2016,1.0,8
4,2016,0.0,8
5,2016,0.0,8
6,2016,0.0,8
7,2016,0.0,8
8,2016,1.0,8
9,2016,1.0,8
10,2016,1.0,8
11,2016,2.0,8
12,2016,0.0,8
1,2017,2.0,8
2,2017,0.0,8
3,2017,0.0,8
4,2017,0.0,8
5,2017,0.0,8
6,2017,0.0,8
7,2017,0.0,8
8,2017,0.0,8
9,2017,0.0,8
10,2017,0.0,8
11,2017,0.0,8
12,2017,0.0,8
1,2018,0.0,8
2,2018,1.0,8
3,2018,0.0,8
4,2018,0.0,8
5,2018,0.0,8
6,2018,0.0,8
7,2018,0.0,8
8,2018,1.0,8
9,2018,1.0,8
10,2018,3.0,8
11,2018,2.0,8
12,2018,0.0,8
1,2019,0.0,8
2,2019,0.0,8
3,2019,1.0,8
4,2019,0.0,8
5,2019,0.0,8
6,2019,9.0,8
7,2019,12.0,8
8,2019,10.0,8
9,2019,9.0,8
10,2019,2.0,8
11,2019,3.0,8
12,2019,0.0,8
1,2020,1.0,8
2,2020,0.0,8
3,2020,0.0,8
4,2020,0.0,8
5,2020,0.0,8
6,2020,0.0,8
7,2020,0.0,8
8,2020,0.0,8
9,2020,0.0,8
10,2020,0.0,8
11,2020,0.0,8
12,2020,1.0,8
1,2021,1.0,8
2,2021,0.0,8
3,2021,1.0,8
4,2021,1.0,8
5,2021,0.0,8
6,2021,0.0,8
7,2021,0.0,8
8,2021,0.0,8
9,2021,0.0,8
10,2021,0.0,8
11,2021,1.0,8
12,2021,0.0,8
1,2022,0.0,8
2,2022,0.0,8
3,2022,0.0,8
4,2022,0.0,8
5,2022,0.0,8
6,2022,0.0,8
7,2022,0.0,8
8,2022,1.0,8
9,2022,0.0,8
10,2022,0.0,8
11,2022,1.0,8
12,2022,0.0,8
1,2023,0.0,8
2,2023,0.0,8
3,2023,0.0,8
4,2023,0.0,8
5,2023,0.0,8
6,2023,1.0,8
7,2023,0.0,8
8,2023,1.0,8
9,2023,0.0,8
10,2023,0.0,8
11,2023,0.0,8
12,2023,0.0,8
1,2024,0.0,8
2,2024,0.0,8
3,2024,0.0,8
4,2024,0.0,8
5,2024,0.0,8
6,2024,0.0,8
7,2024,0.0,8
8,2024,0.0,8
9,2024,2.0,8
10,2024,3.0,8
11,2024,1.0,8
12,2024,0.0,8
1,2010,0.0,9
2,2010,0.0,9
3,2010,0.0,9
4,2010,0.0,9
5,2010,0.0,9
6,2010,0.0,9
7,2010,0.0,9
8,2010,1.0,9
9,2010,0.0,9
10,2010,0.0,9
11,2010,1.0,9
12,2010,0.0,9
1,2011,0.0,9
2,2011,0.0,9
3,2011,0.0,9
4,2011,0.0,9
5,2011,0.0,9
6,2011,0.0,9
7,2011,0.0,9
8,2011,0.0,9
9,2011,0.0,9
10,2011,0.0,9
11,2011,0.0,9
12,2011,1.0,9
1,2012,0.0,9
2,2012,0.0,9
3,2012,0.0,9
4,2012,0.0,9
5,2012,0.0,9
6,2012,0.0,9
7,2012,0.0,9
8,2012,0.0,9
9,2012,0.0,9
10,2012,2.0,9
11,2012,1.0,9
12,2012,1.0,9
1,2013,0.0,9
2,2013,1.0,9
3,2013,0.0,9
4,2013,0.0,9
5,2013,0.0,9
6,2013,0.0,9
7,2013,1.0,9
8,2013,0.0,9
9,2013,2.0,9
10,2013,0.0,9
11,2013,0.0,9
12,2013,0.0,9
1,2014,0.0,9
2,2014,0.0,9
3,2014,0.0,9
4,2014,0.0,9
5,2014,0.0,9
6,2014,0.0,9
7,2014,0.0,9
8,2014,0.0,9
9,2014,0.0,9
10,2014,2.0,9
11,2014,1.0,9
12,2014,1.0,9
1,2015,1.0,9
2,2015,1.0,9
3,2015,2.0,9
4,2015,1.0,9
5,2015,1.0,9
6,2015,0.0,9
7,2015,2.0,9
8,2015,3.0,9
9,2015,3.0,9
10,2015,3.0,9
11,2015,1.0,9
12,2015,1.0,9
1,2016,0.0,9
2,2016,1.0,9
3,2016,0.0,9
4,2016,0.0,9
5,2016,0.0,9
6,2016,0.0,9
7,2016,1.0,9
8,2016,0.0,9
9,2016,0.0,9
10,2016,0.0,9
11,2016,0.0,9
12,2016,2.0,9
1,2017,0.0,9
2,2017,1.0,9
3,2017,0.0,9
4,2017,0.0,9
5,2017,0.0,9
6,2017,0.0,9
7,2017,0.0,9
8,2017,0.0,9
9,2017,0.0,9
10,2017,2.0,9
11,2017,0.0,9
12,2017,0.0,9
1,2018,0.0,9
2,2018,0.0,9
3,2018,0.0,9
4,2018,0.0,9
5,2018,0.0,9
6,2018,1.0,9
7,2018,0.0,9
8,2018,0.0,9
9,2018,1.0,9
10,2018,3.0,9
11,2018,1.0,9
12,2018,0.0,9
1,2019,1.0,9
2,2019,0.0,9
3,2019,0.0,9
4,2019,0.0,9
5,2019,0.0,9
6,2019,0.0,9
7,2019,1.0,9
8,2019,4.0,9
9,2019,2.0,9
10,2019,5.0,9
11,2019,0.0,9
12,2019,2.0,9
1,2020,2.0,9
2,2020,2.0,9
3,2020,1.0,9
4,2020,0.0,9
5,2020,0.0,9
6,2020,0.0,9
7,2020,0.0,9
8,2020,0.0,9
9,2020,0.0,9
10,2020,0.0,9
11,2020,0.0,9
12,2020,1.0,9
1,2021,5.0,9
2,2021,1.0,9
3,2021,0.0,9
4,2021,0.0,9
5,2021,0.0,9
6,2021,0.0,9
7,2021,0.0,9
8,2021,0.0,9
9,2021,0.0,9
10,2021,0.0,9
11,2021,0.0,9
12,2021,0.0,9
1,2022,0.0,9
2,2022,0.0,9
3,2022,0.0,9
4,2022,0.0,9
5,2022,0.0,9
6,2022,0.0,9
7,2022,0.0,9
8,2022,0.0,9
9,2022,0.0,9
10,2022,1.0,9
11,2022,0.0,9
12,2022,0.0,9
1,2023,0.0,9
2,2023,1.0,9
3,2023,0.0,9
4,2023,0.0,9
5,2023,0.0,9
6,2023,0.0,9
7,2023,0.0,9
8,2023,0.0,9
9,2023,0.0,9
10,2023,0.0,9
11,2023,0.0,9
12,2023,0.0,9
1,2024,0.0,9
2,2024,0.0,9
3,2024,0.0,9
4,2024,0.0,9
5,2024,0.0,9
6,2024,1.0,9
7,2024,0.0,9
8,2024,3.0,9
9,2024,6.0,9
10,2024,3.0,9
11,2024,5.0,9
12,2024,3.0,9
1,2010,0.0,10
2,2010,0.0,10
3,2010,0.0,10
4,2010,0.0,10
5,2010,0.0,10
6,2010,0.0,10
7,2010,0.0,10
8,2010,1.0,10
9,2010,2.0,10
10,2010,1.0,10
11,2010,1.0,10
12,2010,0.0,10
1,2011,0.0,10
2,2011,1.0,10
3,2011,0.0,10
4,2011,0.0,10
5,2011,0.0,10
6,2011,0.0,10
7,2011,1.0,10
8,2011,0.0,10
9,2011,1.0,10
10,2011,0.0,10
11,2011,0.0,10
12,2011,0.0,10
1,2012,0.0,10
2,2012,0.0,10
3,2012,2.0,10
4,2012,0.0,10
5,2012,0.0,10
6,2012,0.0,10
7,2012,2.0,10
8,2012,1.0,10
9,2012,2.0,10
10,2012,1.0,10
11,2012,0.0,10
12,2012,3.0,10
1,2013,0.0,10
2,2013,0.0,10
3,2013,0.0,10
4,2013,0.0,10
5,2013,0.0,10
6,2013,0.0,10
7,2013,1.0,10
8,2013,0.0,10
9,2013,0.0,10
10,2013,1.0,10
11,2013,1.0,10
12,2013,0.0,10
1,2014,0.0,10
2,2014,0.0,10
3,2014,2.0,10
4,2014,0.0,10
5,2014,0.0,10
6,2014,0.0,10
7,2014,2.0,10
8,2014,1.0,10
9,2014,2.0,10
10,2014,1.0,10
11,2014,0.0,10
12,2014,3.0,10
1,2015,3.0,10
2,2015,1.0,10
3,2015,1.0,10
4,2015,0.0,10
5,2015,0.0,10
6,2015,0.0,10
7,2015,1.0,10
8,2015,2.0,10
9,2015,8.0,10
10,2015,13.0,10
11,2015,3.0,10
12,2015,0.0,10
1,2016,0.0,10
2,2016,0.0,10
3,2016,1.0,10
4,2016,0.0,10
5,2016,0.0,10
6,2016,0.0,10
7,2016,0.0,10
8,2016,0.0,10
9,2016,0.0,10
10,2016,3.0,10
11,2016,4.0,10
12,2016,3.0,10
1,2017,0.0,10
2,2017,0.0,10
3,2017,0.0,10
4,2017,0.0,10
5,2017,0.0,10
6,2017,0.0,10
7,2017,1.0,10
8,2017,1.0,10
9,2017,1.0,10
10,2017,0.0,10
11,2017,1.0,10
12,2017,0.0,10
1,2018,1.0,10
2,2018,1.0,10
3,2018,1.0,10
4,2018,0.0,10
5,2018,0.0,10
6,2018,0.0,10
7,2018,0.0,10
8,2018,0.0,10
9,2018,1.0,10
10,2018,1.0,10
11,2018,1.0,10
12,2018,0.0,10
1,2019,0.0,10
2,2019,0.0,10
3,2019,0.0,10
4,2019,1.0,10
5,2019,1.0,10
6,2019,2.0,10
7,2019,9.0,10
8,2019,8.0,10
9,2019,11.0,10
10,2019,6.0,10
11,2019,2.0,10
12,2019,1.0,10
1,2020,6.0,10
2,2020,2.0,10
3,2020,0.0,10
4,2020,0.0,10
5,2020,0.0,10
6,2020,0.0,10
7,2020,0.0,10
8,2020,0.0,10
9,2020,0.0,10
10,2020,0.0,10
11,2020,0.0,10
12,2020,0.0,10
1,2021,0.0,10
2,2021,0.0,10
3,2021,1.0,10
4,2021,0.0,10
5,2021,0.0,10
6,2021,0.0,10
7,2021,0.0,10
8,2021,0.0,10
9,2021,0.0,10
10,2021,0.0,10
11,2021,0.0,10
12,2021,0.0,10
1,2022,0.0,10
2,2022,0.0,10
3,2022,0.0,10
4,2022,0.0,10
5,2022,0.0,10
6,2022,0.0,10
7,2022,0.0,10
8,2022,0.0,10
9,2022,1.0,10
10,2022,0.0,10
11,2022,0.0,10
12,2022,0.0,10
1,2023,0.0,10
2,2023,1.0,10
3,2023,0.0,10
4,2023,0.0,10
5,2023,0.0,10
6,2023,0.0,10
7,2023,1.0,10
8,2023,0.0,10
9,2023,0.0,10
10,2023,0.0,10
11,2023,0.0,10
12,2023,0.0,10
1,2024,0.0,10
2,2024,0.0,10
3,2024,0.0,10
4,2024,0.0,10
5,2024,0.0,10
6,2024,2.0,10
7,2024,0.0,10
8,2024,3.0,10
9,2024,10.0,10
10,2024,23.0,10
11,2024,16.0,10
12,2024,8.0,10
1,2010,0.0,11
2,2010,0.0,11
3,2010,0.0,11
4,2010,0.0,11
5,2010,0.0,11
6,2010,0.0,11
7,2010,0.0,11
8,2010,2.0,11
9,2010,4.0,11
10,2010,5.0,11
11,2010,3.0,11
12,2010,1.0,11
1,2011,3.0,11
2,2011,0.0,11
3,2011,1.0,11
4,2011,1.0,11
5,2011,1.0,11
6,2011,4.0,11
7,2011,7.0,11
8,2011,4.0,11
9,2011,5.0,11
10,2011,1.0,11
11,2011,2.0,11
12,2011,0.0,11
1,2012,2.0,11
2,2012,3.0,11
3,2012,2.0,11
4,2012,2.0,11
5,2012,1.0,11
6,2012,0.0,11
7,2012,3.0,11
8,2012,1.0,11
9,2012,1.0,11
10,2012,4.0,11
11,2012,0.0,11
12,2012,0.0,11
1,2013,0.0,11
2,2013,0.0,11
3,2013,0.0,11
4,2013,0.0,11
5,2013,2.0,11
6,2013,2.0,11
7,2013,14.0,11
8,2013,9.0,11
9,2013,20.0,11
10,2013,5.0,11
11,2013,6.0,11
12,2013,7.0,11
1,2014,2.0,11
2,2014,3.0,11
3,2014,2.0,11
4,2014,2.0,11
5,2014,1.0,11
6,2014,0.0,11
7,2014,3.0,11
8,2014,1.0,11
9,2014,1.0,11
10,2014,4.0,11
11,2014,0.0,11
12,2014,0.0,11
1,2015,3.0,11
2,2015,2.0,11
3,2015,2.0,11
4,2015,0.0,11
5,2015,0.0,11
6,2015,1.0,11
7,2015,1.0,11
8,2015,8.0,11
9,2015,15.0,11
10,2015,26.0,11
11,2015,10.0,11
12,2015,2.0,11
1,2016,2.0,11
2,2016,1.0,11
3,2016,0.0,11
4,2016,0.0,11
5,2016,1.0,11
6,2016,2.0,11
7,2016,2.0,11
8,2016,3.0,11
9,2016,6.0,11
10,2016,1.0,11
11,2016,1.0,11
12,2016,1.0,11
1,2017,1.0,11
2,2017,1.0,11
3,2017,1.0,11
4,2017,0.0,11
5,2017,0.0,11
6,2017,0.0,11
7,2017,2.0,11
8,2017,11.0,11
9,2017,9.0,11
10,2017,12.0,11
11,2017,5.0,11
12,2017,1.0,11
1,2018,3.0,11
2,2018,3.0,11
3,2018,1.0,11
4,2018,3.0,11
5,2018,1.0,11
6,2018,0.0,11
7,2018,0.0,11
8,2018,1.0,11
9,2018,3.0,11
10,2018,7.0,11
11,2018,5.0,11
12,2018,11.0,11
1,2019,12.0,11
2,2019,13.0,11
3,2019,5.0,11
4,2019,1.0,11
5,2019,2.0,11
6,2019,5.0,11
7,2019,22.0,11
8,2019,39.0,11
9,2019,29.0,11
10,2019,15.0,11
11,2019,11.0,11
12,2019,4.0,11
1,2020,2.0,11
2,2020,1.0,11
3,2020,0.0,11
4,2020,0.0,11
5,2020,0.0,11
6,2020,0.0,11
7,2020,0.0,11
8,2020,1.0,11
9,2020,0.0,11
10,2020,1.0,11
11,2020,1.0,11
12,2020,2.0,11
1,2021,1.0,11
2,2021,0.0,11
3,2021,2.0,11
4,2021,0.0,11
5,2021,1.0,11
6,2021,1.0,11
7,2021,0.0,11
8,2021,1.0,11
9,2021,1.0,11
10,2021,0.0,11
11,2021,2.0,11
12,2021,0.0,11
1,2022,1.0,11
2,2022,1.0,11
3,2022,0.0,11
4,2022,0.0,11
5,2022,3.0,11
6,2022,0.0,11
7,2022,3.0,11
8,2022,3.0,11
9,2022,1.0,11
10,2022,0.0,11
11,2022,3.0,11
12,2022,0.0,11
1,2023,1.0,11
2,2023,0.0,11
3,2023,2.0,11
4,2023,1.0,11
5,2023,4.0,11
6,2023,1.0,11
7,2023,0.0,11
8,2023,2.0,11
9,2023,2.0,11
10,2023,5.0,11
11,2023,0.0,11
12,2023,2.0,11
1,2024,3.0,11
2,2024,3.0,11
3,2024,0.0,11
4,2024,1.0,11
5,2024,0.0,11
6,2024,1.0,11
7,2024,3.0,11
8,2024,3.0,11
9,2024,10.0,11
10,2024,15.0,11
11,2024,14.0,11
12,2024,13.0,11
1,2010,0.0,12
2,2010,1.0,12
3,2010,0.0,12
4,2010,0.0,12
5,2010,0.0,12
6,2010,0.0,12
7,2010,0.0,12
8,2010,2.0,12
9,2010,4.0,12
10,2010,4.0,12
11,2010,2.0,12
12,2010,2.0,12
1,2011,5.0,12
2,2011,4.0,12
3,2011,1.0,12
4,2011,0.0,12
5,2011,1.0,12
6,2011,5.0,12
7,2011,7.0,12
8,2011,13.0,12
9,2011,8.0,12
10,2011,6.0,12
11,2011,7.0,12
12,2011,0.0,12
1,2012,5.0,12
2,2012,0.0,12
3,2012,0.0,12
4,2012,5.0,12
5,2012,0.0,12
6,2012,2.0,12
7,2012,2.0,12
8,2012,5.0,12
9,2012,4.0,12
10,2012,14.0,12
11,2012,1.0,12
12,2012,1.0,12
1,2013,0.0,12
2,2013,0.0,12
3,2013,0.0,12
4,2013,0.0,12
5,2013,0.0,12
6,2013,5.0,12
7,2013,4.0,12
8,2013,10.0,12
9,2013,7.0,12
10,2013,11.0,12
11,2013,6.0,12
12,2013,3.0,12
1,2014,5.0,12
2,2014,0.0,12
3,2014,0.0,12
4,2014,5.0,12
5,2014,0.0,12
6,2014,2.0,12
7,2014,2.0,12
8,2014,5.0,12
9,2014,4.0,12
10,2014,14.0,12
11,2014,1.0,12
12,2014,1.0,12
1,2015,3.0,12
2,2015,0.0,12
3,2015,1.0,12
4,2015,0.0,12
5,2015,0.0,12
6,2015,1.0,12
7,2015,4.0,12
8,2015,14.0,12
9,2015,24.0,12
10,2015,14.0,12
11,2015,10.0,12
12,2015,3.0,12
1,2016,2.0,12
2,2016,0.0,12
3,2016,0.0,12
4,2016,1.0,12
5,2016,1.0,12
6,2016,0.0,12
7,2016,1.0,12
8,2016,8.0,12
9,2016,13.0,12
10,2016,16.0,12
11,2016,6.0,12
12,2016,4.0,12
1,2017,3.0,12
2,2017,3.0,12
3,2017,1.0,12
4,2017,1.0,12
5,2017,0.0,12
6,2017,0.0,12
7,2017,1.0,12
8,2017,7.0,12
9,2017,5.0,12
10,2017,3.0,12
11,2017,6.0,12
12,2017,2.0,12
1,2018,6.0,12
2,2018,0.0,12
3,2018,3.0,12
4,2018,0.0,12
5,2018,1.0,12
6,2018,0.0,12
7,2018,1.0,12
8,2018,5.0,12
9,2018,3.0,12
10,2018,5.0,12
11,2018,5.0,12
12,2018,8.0,12
1,2019,8.0,12
2,2019,14.0,12
3,2019,7.0,12
4,2019,5.0,12
5,2019,2.0,12
6,2019,15.0,12
7,2019,79.0,12
8,2019,144.0,12
9,2019,68.0,12
10,2019,22.0,12
11,2019,12.0,12
12,2019,7.0,12
1,2020,7.0,12
2,2020,6.0,12
3,2020,4.0,12
4,2020,0.0,12
5,2020,1.0,12
6,2020,0.0,12
7,2020,1.0,12
8,2020,0.0,12
9,2020,0.0,12
10,2020,0.0,12
11,2020,2.0,12
12,2020,2.0,12
1,2021,2.0,12
2,2021,1.0,12
3,2021,0.0,12
4,2021,0.0,12
5,2021,1.0,12
6,2021,0.0,12
7,2021,2.0,12
8,2021,0.0,12
9,2021,0.0,12
10,2021,1.0,12
11,2021,13.0,12
12,2021,8.0,12
1,2022,0.0,12
2,2022,0.0,12
3,2022,1.0,12
4,2022,1.0,12
5,2022,1.0,12
6,2022,3.0,12
7,2022,4.0,12
8,2022,2.0,12
9,2022,1.0,12
10,2022,1.0,12
11,2022,2.0,12
12,2022,1.0,12
1,2023,2.0,12
2,2023,0.0,12
3,2023,2.0,12
4,2023,1.0,12
5,2023,2.0,12
6,2023,0.0,12
7,2023,0.0,12
8,2023,3.0,12
9,2023,0.0,12
10,2023,0.0,12
11,2023,0.0,12
12,2023,2.0,12
1,2024,2.0,12
2,2024,1.0,12
3,2024,0.0,12
4,2024,0.0,12
5,2024,0.0,12
6,2024,1.0,12
7,2024,6.0,12
8,2024,15.0,12
9,2024,12.0,12
10,2024,16.0,12
11,2024,19.0,12
12,2024,18.0,12
1,2010,0.0,13
2,2010,0.0,13
3,2010,0.0,13
4,2010,0.0,13
5,2010,0.0,13
6,2010,0.0,13
7,2010,0.0,13
8,2010,0.0,13
9,2010,0.0,13
10,2010,0.0,13
11,2010,0.0,13
12,2010,0.0,13
1,2011,0.0,13
2,2011,0.0,13
3,2011,1.0,13
4,2011,0.0,13
5,2011,0.0,13
6,2011,0.0,13
7,2011,0.0,13
8,2011,5.0,13
9,2011,1.0,13
10,2011,1.0,13
11,2011,0.0,13
12,2011,0.0,13
1,2012,0.0,13
2,2012,0.0,13
3,2012,0.0,13
4,2012,0.0,13
5,2012,0.0,13
6,2012,0.0,13
7,2012,0.0,13
8,2012,1.0,13
9,2012,4.0,13
10,2012,0.0,13
11,2012,2.0,13
12,2012,0.0,13
1,2013,2.0,13
2,2013,1.0,13
3,2013,5.0,13
4,2013,1.0,13
5,2013,0.0,13
6,2013,2.0,13
7,2013,0.0,13
8,2013,0.0,13
9,2013,0.0,13
10,2013,0.0,13
11,2013,0.0,13
12,2013,0.0,13
1,2014,0.0,13
2,2014,0.0,13
3,2014,0.0,13
4,2014,0.0,13
5,2014,0.0,13
6,2014,0.0,13
7,2014,0.0,13
8,2014,1.0,13
9,2014,4.0,13
10,2014,0.0,13
11,2014,2.0,13
12,2014,0.0,13
1,2015,0.0,13
2,2015,0.0,13
3,2015,0.0,13
4,2015,0.0,13
5,2015,0.0,13
6,2015,0.0,13
7,2015,1.0,13
8,2015,2.0,13
9,2015,0.0,13
10,2015,5.0,13
11,2015,4.0,13
12,2015,0.0,13
1,2016,0.0,13
2,2016,0.0,13
3,2016,0.0,13
4,2016,0.0,13
5,2016,0.0,13
6,2016,0.0,13
7,2016,0.0,13
8,2016,2.0,13
9,2016,0.0,13
10,2016,0.0,13
11,2016,0.0,13
12,2016,1.0,13
1,2017,1.0,13
2,2017,0.0,13
3,2017,0.0,13
4,2017,0.0,13
5,2017,0.0,13
6,2017,0.0,13
7,2017,0.0,13
8,2017,0.0,13
9,2017,0.0,13
10,2017,0.0,13
11,2017,0.0,13
12,2017,0.0,13
1,2018,0.0,13
2,2018,0.0,13
3,2018,0.0,13
4,2018,0.0,13
5,2018,0.0,13
6,2018,0.0,13
7,2018,1.0,13
8,2018,0.0,13
9,2018,0.0,13
10,2018,0.0,13
11,2018,2.0,13
12,2018,1.0,13
1,2019,1.0,13
2,2019,1.0,13
3,2019,0.0,13
4,2019,0.0,13
5,2019,0.0,13
6,2019,0.0,13
7,2019,3.0,13
8,2019,6.0,13
9,2019,6.0,13
10,2019,1.0,13
11,2019,1.0,13
12,2019,1.0,13
1,2020,1.0,13
2,2020,0.0,13
3,2020,0.0,13
4,2020,0.0,13
5,2020,0.0,13
6,2020,1.0,13
7,2020,0.0,13
8,2020,0.0,13
9,2020,0.0,13
10,2020,0.0,13
11,2020,3.0,13
12,2020,0.0,13
1,2021,1.0,13
2,2021,0.0,13
3,2021,0.0,13
4,2021,0.0,13
5,2021,0.0,13
6,2021,0.0,13
7,2021,0.0,13
8,2021,0.0,13
9,2021,0.0,13
10,2021,0.0,13
11,2021,0.0,13
12,2021,0.0,13
1,2022,0.0,13
2,2022,0.0,13
3,2022,0.0,13
4,2022,0.0,13
5,2022,0.0,13
6,2022,0.0,13
7,2022,0.0,13
8,2022,0.0,13
9,2022,4.0,13
10,2022,0.0,13
11,2022,0.0,13
12,2022,0.0,13
1,2023,0.0,13
2,2023,0.0,13
3,2023,0.0,13
4,2023,0.0,13
5,2023,0.0,13
6,2023,0.0,13
7,2023,0.0,13
8,2023,0.0,13
9,2023,0.0,13
10,2023,2.0,13
11,2023,0.0,13
12,2023,0.0,13
1,2024,0.0,13
2,2024,0.0,13
3,2024,0.0,13
4,2024,0.0,13
5,2024,0.0,13
6,2024,0.0,13
7,2024,0.0,13
8,2024,0.0,13
9,2024,0.0,13
10,2024,0.0,13
11,2024,2.0,13
12,2024,2.0,13
1,2010,0.0,14
2,2010,0.0,14
3,2010,0.0,14
4,2010,0.0,14
5,2010,0.0,14
6,2010,0.0,14
7,2010,0.0,14
8,2010,0.0,14
9,2010,0.0,14
10,2010,0.0,14
11,2010,0.0,14
12,2010,0.0,14
1,2011,1.0,14
2,2011,0.0,14
3,2011,0.0,14
4,2011,0.0,14
5,2011,0.0,14
6,2011,0.0,14
7,2011,0.0,14
8,2011,2.0,14
9,2011,3.0,14
10,2011,0.0,14
11,2011,0.0,14
12,2011,0.0,14
1,2012,0.0,14
2,2012,0.0,14
3,2012,0.0,14
4,2012,0.0,14
5,2012,0.0,14
6,2012,0.0,14
7,2012,0.0,14
8,2012,0.0,14
9,2012,1.0,14
10,2012,0.0,14
11,2012,0.0,14
12,2012,0.0,14
1,2013,1.0,14
2,2013,0.0,14
3,2013,0.0,14
4,2013,0.0,14
5,2013,0.0,14
6,2013,0.0,14
7,2013,1.0,14
8,2013,0.0,14
9,2013,0.0,14
10,2013,0.0,14
11,2013,1.0,14
12,2013,0.0,14
1,2014,0.0,14
2,2014,0.0,14
3,2014,0.0,14
4,2014,0.0,14
5,2014,0.0,14
6,2014,0.0,14
7,2014,0.0,14
8,2014,0.0,14
9,2014,1.0,14
10,2014,0.0,14
11,2014,0.0,14
12,2014,0.0,14
1,2015,1.0,14
2,2015,0.0,14
3,2015,1.0,14
4,2015,0.0,14
5,2015,0.0,14
6,2015,1.0,14
7,2015,1.0,14
8,2015,2.0,14
9,2015,3.0,14
10,2015,10.0,14
11,2015,1.0,14
12,2015,0.0,14
1,2016,2.0,14
2,2016,0.0,14
3,2016,0.0,14
4,2016,0.0,14
5,2016,0.0,14
6,2016,0.0,14
7,2016,0.0,14
8,2016,0.0,14
9,2016,0.0,14
10,2016,0.0,14
11,2016,0.0,14
12,2016,0.0,14
1,2017,0.0,14
2,2017,1.0,14
3,2017,0.0,14
4,2017,0.0,14
5,2017,0.0,14
6,2017,0.0,14
7,2017,0.0,14
8,2017,1.0,14
9,2017,1.0,14
10,2017,0.0,14
11,2017,0.0,14
12,2017,0.0,14
1,2018,0.0,14
2,2018,0.0,14
3,2018,0.0,14
4,2018,0.0,14
5,2018,0.0,14
6,2018,0.0,14
7,2018,0.0,14
8,2018,0.0,14
9,2018,1.0,14
10,2018,2.0,14
11,2018,1.0,14
12,2018,1.0,14
1,2019,0.0,14
2,2019,1.0,14
3,2019,0.0,14
4,2019,0.0,14
5,2019,0.0,14
6,2019,0.0,14
7,2019,10.0,14
8,2019,25.0,14
9,2019,17.0,14
10,2019,4.0,14
11,2019,4.0,14
12,2019,0.0,14
1,2020,2.0,14
2,2020,0.0,14
3,2020,0.0,14
4,2020,0.0,14
5,2020,0.0,14
6,2020,0.0,14
7,2020,0.0,14
8,2020,0.0,14
9,2020,0.0,14
10,2020,0.0,14
11,2020,0.0,14
12,2020,2.0,14
1,2021,2.0,14
2,2021,0.0,14
3,2021,0.0,14
4,2021,0.0,14
5,2021,3.0,14
6,2021,1.0,14
7,2021,4.0,14
8,2021,0.0,14
9,2021,0.0,14
10,2021,1.0,14
11,2021,7.0,14
12,2021,0.0,14
1,2022,0.0,14
2,2022,0.0,14
3,2022,0.0,14
4,2022,0.0,14
5,2022,0.0,14
6,2022,0.0,14
7,2022,0.0,14
8,2022,1.0,14
9,2022,0.0,14
10,2022,1.0,14
11,2022,0.0,14
12,2022,0.0,14
1,2023,0.0,14
2,2023,0.0,14
3,2023,0.0,14
4,2023,0.0,14
5,2023,0.0,14
6,2023,0.0,14
7,2023,0.0,14
8,2023,0.0,14
9,2023,0.0,14
10,2023,0.0,14
11,2023,1.0,14
12,2023,0.0,14
1,2024,0.0,14
2,2024,0.0,14
3,2024,0.0,14
4,2024,0.0,14
5,2024,0.0,14
6,2024,0.0,14
7,2024,1.0,14
8,2024,0.0,14
9,2024,1.0,14
10,2024,0.0,14
11,2024,5.0,14
12,2024,0.0,14
1,2010,0.0,15
2,2010,0.0,15
3,2010,1.0,15
4,2010,0.0,15
5,2010,0.0,15
6,2010,1.0,15
7,2010,3.0,15
8,2010,3.0,15
9,2010,8.0,15
10,2010,6.0,15
11,2010,2.0,15
12,2010,1.0,15
1,2011,2.0,15
2,2011,0.0,15
3,2011,0.0,15
4,2011,0.0,15
5,2011,1.0,15
6,2011,1.0,15
7,2011,2.0,15
8,2011,2.0,15
9,2011,1.0,15
10,2011,1.0,15
11,2011,1.0,15
12,2011,0.0,15
1,2012,6.0,15
2,2012,1.0,15
3,2012,2.0,15
4,2012,1.0,15
5,2012,0.0,15
6,2012,0.0,15
7,2012,2.0,15
8,2012,3.0,15
9,2012,11.0,15
10,2012,8.0,15
11,2012,0.0,15
12,2012,0.0,15
1,2013,2.0,15
2,2013,1.0,15
3,2013,0.0,15
4,2013,0.0,15
5,2013,0.0,15
6,2013,0.0,15
7,2013,1.0,15
8,2013,4.0,15
9,2013,5.0,15
10,2013,6.0,15
11,2013,2.0,15
12,2013,1.0,15
1,2014,6.0,15
2,2014,1.0,15
3,2014,2.0,15
4,2014,1.0,15
5,2014,0.0,15
6,2014,0.0,15
7,2014,2.0,15
8,2014,3.0,15
9,2014,11.0,15
10,2014,8.0,15
11,2014,0.0,15
12,2014,0.0,15
1,2015,3.0,15
2,2015,8.0,15
3,2015,0.0,15
4,2015,2.0,15
5,2015,2.0,15
6,2015,1.0,15
7,2015,6.0,15
8,2015,13.0,15
9,2015,14.0,15
10,2015,19.0,15
11,2015,11.0,15
12,2015,1.0,15
1,2016,1.0,15
2,2016,1.0,15
3,2016,0.0,15
4,2016,0.0,15
5,2016,0.0,15
6,2016,0.0,15
7,2016,0.0,15
8,2016,1.0,15
9,2016,3.0,15
10,2016,1.0,15
11,2016,1.0,15
12,2016,0.0,15
1,2017,0.0,15
2,2017,0.0,15
3,2017,0.0,15
4,2017,1.0,15
5,2017,0.0,15
6,2017,0.0,15
7,2017,2.0,15
8,2017,0.0,15
9,2017,0.0,15
10,2017,3.0,15
11,2017,1.0,15
12,2017,2.0,15
1,2018,0.0,15
2,2018,1.0,15
3,2018,0.0,15
4,2018,0.0,15
5,2018,0.0,15
6,2018,0.0,15
7,2018,1.0,15
8,2018,6.0,15
9,2018,1.0,15
10,2018,4.0,15
11,2018,1.0,15
12,2018,2.0,15
1,2019,6.0,15
2,2019,5.0,15
3,2019,0.0,15
4,2019,0.0,15
5,2019,10.0,15
6,2019,39.0,15
7,2019,60.0,15
8,2019,49.0,15
9,2019,36.0,15
10,2019,17.0,15
11,2019,6.0,15
12,2019,8.0,15
1,2020,3.0,15
2,2020,3.0,15
3,2020,0.0,15
4,2020,0.0,15
5,2020,0.0,15
6,2020,1.0,15
7,2020,0.0,15
8,2020,0.0,15
9,2020,0.0,15
10,2020,1.0,15
11,2020,1.0,15
12,2020,0.0,15
1,2021,3.0,15
2,2021,2.0,15
3,2021,0.0,15
4,2021,0.0,15
5,2021,0.0,15
6,2021,0.0,15
7,2021,1.0,15
8,2021,1.0,15
9,2021,0.0,15
10,2021,4.0,15
11,2021,2.0,15
12,2021,0.0,15
1,2022,1.0,15
2,2022,0.0,15
3,2022,0.0,15
4,2022,0.0,15
5,2022,0.0,15
6,2022,1.0,15
7,2022,0.0,15
8,2022,5.0,15
9,2022,1.0,15
10,2022,1.0,15
11,2022,0.0,15
12,2022,2.0,15
1,2023,0.0,15
2,2023,0.0,15
3,2023,0.0,15
4,2023,0.0,15
5,2023,1.0,15
6,2023,1.0,15
7,2023,0.0,15
8,2023,2.0,15
9,2023,3.0,15
10,2023,2.0,15
11,2023,1.0,15
12,2023,0.0,15
1,2024,2.0,15
2,2024,0.0,15
3,2024,0.0,15
4,2024,1.0,15
5,2024,2.0,15
6,2024,1.0,15
7,2024,0.0,15
8,2024,1.0,15
9,2024,3.0,15
10,2024,2.0,15
11,2024,1.0,15
12,2024,3.0,15
1,2010,1.0,16
2,2010,0.0,16
3,2010,0.0,16
4,2010,0.0,16
5,2010,0.0,16
6,2010,0.0,16
7,2010,3.0,16
8,2010,7.0,16
9,2010,9.0,16
10,2010,5.0,16
11,2010,0.0,16
12,2010,2.0,16
1,2011,0.0,16
2,2011,0.0,16
3,2011,1.0,16
4,2011,0.0,16
5,2011,0.0,16
6,2011,1.0,16
7,2011,0.0,16
8,2011,1.0,16
9,2011,0.0,16
10,2011,0.0,16
11,2011,1.0,16
12,2011,0.0,16
1,2012,0.0,16
2,2012,0.0,16
3,2012,0.0,16
4,2012,0.0,16
5,2012,1.0,16
6,2012,1.0,16
7,2012,1.0,16
8,2012,1.0,16
9,2012,2.0,16
10,2012,0.0,16
11,2012,0.0,16
12,2012,1.0,16
1,2013,0.0,16
2,2013,1.0,16
3,2013,0.0,16
4,2013,0.0,16
5,2013,0.0,16
6,2013,0.0,16
7,2013,1.0,16
8,2013,0.0,16
9,2013,1.0,16
10,2013,0.0,16
11,2013,0.0,16
12,2013,2.0,16
1,2014,0.0,16
2,2014,0.0,16
3,2014,0.0,16
4,2014,0.0,16
5,2014,1.0,16
6,2014,1.0,16
7,2014,1.0,16
8,2014,1.0,16
9,2014,2.0,16
10,2014,0.0,16
11,2014,0.0,16
12,2014,1.0,16
1,2015,0.0,16
2,2015,3.0,16
3,2015,2.0,16
4,2015,3.0,16
5,2015,1.0,16
6,2015,8.0,16
7,2015,3.0,16
8,2015,5.0,16
9,2015,13.0,16
10,2015,15.0,16
11,2015,7.0,16
12,2015,1.0,16
1,2016,2.0,16
2,2016,0.0,16
3,2016,0.0,16
4,2016,1.0,16
5,2016,0.0,16
6,2016,0.0,16
7,2016,0.0,16
8,2016,3.0,16
9,2016,3.0,16
10,2016,1.0,16
11,2016,2.0,16
12,2016,2.0,16
1,2017,1.0,16
2,2017,1.0,16
3,2017,0.0,16
4,2017,1.0,16
5,2017,0.0,16
6,2017,2.0,16
7,2017,3.0,16
8,2017,0.0,16
9,2017,0.0,16
10,2017,2.0,16
11,2017,1.0,16
12,2017,1.0,16
1,2018,1.0,16
2,2018,0.0,16
3,2018,2.0,16
4,2018,1.0,16
5,2018,0.0,16
6,2018,0.0,16
7,2018,1.0,16
8,2018,1.0,16
9,2018,1.0,16
10,2018,1.0,16
11,2018,11.0,16
12,2018,1.0,16
1,2019,2.0,16
2,2019,3.0,16
3,2019,0.0,16
4,2019,2.0,16
5,2019,1.0,16
6,2019,2.0,16
7,2019,19.0,16
8,2019,21.0,16
9,2019,29.0,16
10,2019,14.0,16
11,2019,7.0,16
12,2019,5.0,16
1,2020,1.0,16
2,2020,2.0,16
3,2020,0.0,16
4,2020,0.0,16
5,2020,0.0,16
6,2020,0.0,16
7,2020,0.0,16
8,2020,0.0,16
9,2020,0.0,16
10,2020,0.0,16
11,2020,1.0,16
12,2020,0.0,16
1,2021,1.0,16
2,2021,4.0,16
3,2021,1.0,16
4,2021,0.0,16
5,2021,0.0,16
6,2021,0.0,16
7,2021,0.0,16
8,2021,2.0,16
9,2021,2.0,16
10,2021,1.0,16
11,2021,0.0,16
12,2021,0.0,16
1,2022,1.0,16
2,2022,1.0,16
3,2022,1.0,16
4,2022,0.0,16
5,2022,0.0,16
6,2022,1.0,16
7,2022,0.0,16
8,2022,0.0,16
9,2022,0.0,16
10,2022,1.0,16
11,2022,0.0,16
12,2022,0.0,16
1,2023,3.0,16
2,2023,0.0,16
3,2023,1.0,16
4,2023,1.0,16
5,2023,0.0,16
6,2023,0.0,16
7,2023,0.0,16
8,2023,2.0,16
9,2023,2.0,16
10,2023,2.0,16
11,2023,2.0,16
12,2023,2.0,16
1,2024,0.0,16
2,2024,0.0,16
3,2024,0.0,16
4,2024,0.0,16
5,2024,0.0,16
6,2024,1.0,16
7,2024,3.0,16
8,2024,3.0,16
9,2024,3.0,16
10,2024,6.0,16
11,2024,15.0,16
12,2024,7.0,16
1,2010,0.0,17
2,2010,0.0,17
3,2010,0.0,17
4,2010,0.0,17
5,2010,0.0,17
6,2010,0.0,17
7,2010,2.0,17
8,2010,5.0,17
9,2010,3.0,17
10,2010,3.0,17
11,2010,2.0,17
12,2010,1.0,17
1,2011,1.0,17
2,2011,3.0,17
3,2011,2.0,17
4,2011,0.0,17
5,2011,0.0,17
6,2011,0.0,17
7,2011,0.0,17
8,2011,2.0,17
9,2011,0.0,17
10,2011,1.0,17
11,2011,1.0,17
12,2011,0.0,17
1,2012,3.0,17
2,2012,0.0,17
3,2012,0.0,17
4,2012,1.0,17
5,2012,0.0,17
6,2012,3.0,17
7,2012,6.0,17
8,2012,4.0,17
9,2012,7.0,17
10,2012,8.0,17
11,2012,5.0,17
12,2012,2.0,17
1,2013,0.0,17
2,2013,0.0,17
3,2013,0.0,17
4,2013,0.0,17
5,2013,2.0,17
6,2013,0.0,17
7,2013,1.0,17
8,2013,8.0,17
9,2013,13.0,17
10,2013,9.0,17
11,2013,3.0,17
12,2013,2.0,17
1,2014,3.0,17
2,2014,0.0,17
3,2014,0.0,17
4,2014,1.0,17
5,2014,0.0,17
6,2014,3.0,17
7,2014,6.0,17
8,2014,4.0,17
9,2014,7.0,17
10,2014,8.0,17
11,2014,5.0,17
12,2014,2.0,17
1,2015,3.0,17
2,2015,0.0,17
3,2015,2.0,17
4,2015,0.0,17
5,2015,0.0,17
6,2015,2.0,17
7,2015,6.0,17
8,2015,9.0,17
9,2015,20.0,17
10,2015,43.0,17
11,2015,25.0,17
12,2015,7.0,17
1,2016,3.0,17
2,2016,1.0,17
3,2016,2.0,17
4,2016,1.0,17
5,2016,0.0,17
6,2016,0.0,17
7,2016,2.0,17
8,2016,5.0,17
9,2016,0.0,17
10,2016,4.0,17
11,2016,2.0,17
12,2016,2.0,17
1,2017,1.0,17
2,2017,0.0,17
3,2017,1.0,17
4,2017,1.0,17
5,2017,3.0,17
6,2017,1.0,17
7,2017,5.0,17
8,2017,12.0,17
9,2017,9.0,17
10,2017,4.0,17
11,2017,5.0,17
12,2017,5.0,17
1,2018,4.0,17
2,2018,0.0,17
3,2018,0.0,17
4,2018,1.0,17
5,2018,0.0,17
6,2018,2.0,17
7,2018,0.0,17
8,2018,0.0,17
9,2018,0.0,17
10,2018,4.0,17
11,2018,3.0,17
12,2018,4.0,17
1,2019,6.0,17
2,2019,10.0,17
3,2019,11.0,17
4,2019,4.0,17
5,2019,13.0,17
6,2019,13.0,17
7,2019,85.0,17
8,2019,109.0,17
9,2019,65.0,17
10,2019,32.0,17
11,2019,7.0,17
12,2019,6.0,17
1,2020,7.0,17
2,2020,0.0,17
3,2020,0.0,17
4,2020,0.0,17
5,2020,0.0,17
6,2020,0.0,17
7,2020,1.0,17
8,2020,0.0,17
9,2020,0.0,17
10,2020,1.0,17
11,2020,4.0,17
12,2020,3.0,17
1,2021,11.0,17
2,2021,1.0,17
3,2021,4.0,17
4,2021,0.0,17
5,2021,1.0,17
6,2021,0.0,17
7,2021,1.0,17
8,2021,0.0,17
9,2021,0.0,17
10,2021,0.0,17
11,2021,1.0,17
12,2021,1.0,17
1,2022,0.0,17
2,2022,0.0,17
3,2022,0.0,17
4,2022,0.0,17
5,2022,0.0,17
6,2022,2.0,17
7,2022,3.0,17
8,2022,4.0,17
9,2022,3.0,17
10,2022,0.0,17
11,2022,1.0,17
12,2022,1.0,17
1,2023,0.0,17
2,2023,0.0,17
3,2023,0.0,17
4,2023,2.0,17
5,2023,0.0,17
6,2023,1.0,17
7,2023,3.0,17
8,2023,1.0,17
9,2023,4.0,17
10,2023,5.0,17
11,2023,3.0,17
12,2023,3.0,17
1,2024,5.0,17
2,2024,0.0,17
3,2024,5.0,17
4,2024,1.0,17
5,2024,0.0,17
6,2024,2.0,17
7,2024,4.0,17
8,2024,7.0,17
9,2024,11.0,17
10,2024,26.0,17
11,2024,22.0,17
12,2024,22.0,17
1,2010,0.0,18
2,2010,0.0,18
3,2010,0.0,18
4,2010,1.0,18
5,2010,0.0,18
6,2010,0.0,18
7,2010,1.0,18
8,2010,7.0,18
9,2010,16.0,18
10,2010,12.0,18
11,2010,8.0,18
12,2010,5.0,18
1,2011,3.0,18
2,2011,1.0,18
3,2011,0.0,18
4,2011,1.0,18
5,2011,0.0,18
6,2011,3.0,18
7,2011,11.0,18
8,2011,4.0,18
9,2011,2.0,18
10,2011,6.0,18
11,2011,1.0,18
12,2011,1.0,18
1,2012,1.0,18
2,2012,1.0,18
3,2012,2.0,18
4,2012,0.0,18
5,2012,1.0,18
6,2012,1.0,18
7,2012,0.0,18
8,2012,0.0,18
9,2012,3.0,18
10,2012,4.0,18
11,2012,3.0,18
12,2012,3.0,18
1,2013,0.0,18
2,2013,1.0,18
3,2013,0.0,18
4,2013,0.0,18
5,2013,0.0,18
6,2013,1.0,18
7,2013,1.0,18
8,2013,2.0,18
9,2013,8.0,18
10,2013,4.0,18
11,2013,3.0,18
12,2013,3.0,18
1,2014,1.0,18
2,2014,1.0,18
3,2014,2.0,18
4,2014,0.0,18
5,2014,1.0,18
6,2014,1.0,18
7,2014,0.0,18
8,2014,0.0,18
9,2014,3.0,18
10,2014,4.0,18
11,2014,3.0,18
12,2014,3.0,18
1,2015,11.0,18
2,2015,3.0,18
3,2015,1.0,18
4,2015,0.0,18
5,2015,0.0,18
6,2015,1.0,18
7,2015,1.0,18
8,2015,5.0,18
9,2015,8.0,18
10,2015,19.0,18
11,2015,11.0,18
12,2015,4.0,18
1,2016,2.0,18
2,2016,2.0,18
3,2016,1.0,18
4,2016,0.0,18
5,2016,1.0,18
6,2016,0.0,18
7,2016,2.0,18
8,2016,3.0,18
9,2016,1.0,18
10,2016,3.0,18
11,2016,4.0,18
12,2016,1.0,18
1,2017,0.0,18
2,2017,1.0,18
3,2017,0.0,18
4,2017,0.0,18
5,2017,0.0,18
6,2017,0.0,18
7,2017,2.0,18
8,2017,0.0,18
9,2017,2.0,18
10,2017,1.0,18
11,2017,3.0,18
12,2017,4.0,18
1,2018,5.0,18
2,2018,1.0,18
3,2018,3.0,18
4,2018,0.0,18
5,2018,0.0,18
6,2018,0.0,18
7,2018,0.0,18
8,2018,2.0,18
9,2018,2.0,18
10,2018,7.0,18
11,2018,3.0,18
12,2018,3.0,18
1,2019,10.0,18
2,2019,2.0,18
3,2019,1.0,18
4,2019,1.0,18
5,2019,4.0,18
6,2019,1.0,18
7,2019,30.0,18
8,2019,31.0,18
9,2019,25.0,18
10,2019,27.0,18
11,2019,22.0,18
12,2019,5.0,18
1,2020,2.0,18
2,2020,3.0,18
3,2020,0.0,18
4,2020,0.0,18
5,2020,0.0,18
6,2020,0.0,18
7,2020,0.0,18
8,2020,0.0,18
9,2020,0.0,18
10,2020,0.0,18
11,2020,0.0,18
12,2020,0.0,18
1,2021,2.0,18
2,2021,0.0,18
3,2021,0.0,18
4,2021,0.0,18
5,2021,0.0,18
6,2021,1.0,18
7,2021,0.0,18
8,2021,0.0,18
9,2021,1.0,18
10,2021,3.0,18
11,2021,8.0,18
12,2021,1.0,18
1,2022,4.0,18
2,2022,0.0,18
3,2022,0.0,18
4,2022,0.0,18
5,2022,0.0,18
6,2022,2.0,18
7,2022,6.0,18
8,2022,6.0,18
9,2022,1.0,18
10,2022,2.0,18
11,2022,1.0,18
12,2022,1.0,18
1,2023,1.0,18
2,2023,2.0,18
3,2023,0.0,18
4,2023,1.0,18
5,2023,0.0,18
6,2023,0.0,18
7,2023,0.0,18
8,2023,1.0,18
9,2023,1.0,18
10,2023,1.0,18
11,2023,1.0,18
12,2023,2.0,18
1,2024,1.0,18
2,2024,0.0,18
3,2024,0.0,18
4,2024,2.0,18
5,2024,0.0,18
6,2024,0.0,18
7,2024,0.0,18
8,2024,1.0,18
9,2024,8.0,18
10,2024,13.0,18
11,2024,8.0,18
12,2024,11.0,18
1,2010,0.0,19
2,2010,0.0,19
3,2010,0.0,19
4,2010,0.0,19
5,2010,0.0,19
6,2010,0.0,19
7,2010,0.0,19
8,2010,0.0,19
9,2010,0.0,19
10,2010,2.0,19
11,2010,0.0,19
12,2010,0.0,19
1,2011,0.0,19
2,2011,0.0,19
3,2011,0.0,19
4,2011,0.0,19
5,2011,0.0,19
6,2011,0.0,19
7,2011,0.0,19
8,2011,0.0,19
9,2011,0.0,19
10,2011,1.0,19
11,2011,1.0,19
12,2011,0.0,19
1,2012,0.0,19
2,2012,0.0,19
3,2012,0.0,19
4,2012,0.0,19
5,2012,0.0,19
6,2012,0.0,19
7,2012,0.0,19
8,2012,1.0,19
9,2012,0.0,19
10,2012,0.0,19
11,2012,0.0,19
12,2012,0.0,19
1,2013,0.0,19
2,2013,0.0,19
3,2013,0.0,19
4,2013,0.0,19
5,2013,0.0,19
6,2013,0.0,19
7,2013,0.0,19
8,2013,0.0,19
9,2013,1.0,19
10,2013,1.0,19
11,2013,0.0,19
12,2013,0.0,19
1,2014,0.0,19
2,2014,0.0,19
3,2014,0.0,19
4,2014,0.0,19
5,2014,0.0,19
6,2014,0.0,19
7,2014,0.0,19
8,2014,1.0,19
9,2014,0.0,19
10,2014,0.0,19
11,2014,0.0,19
12,2014,0.0,19
1,2015,0.0,19
2,2015,0.0,19
3,2015,0.0,19
4,2015,1.0,19
5,2015,0.0,19
6,2015,0.0,19
7,2015,3.0,19
8,2015,0.0,19
9,2015,4.0,19
10,2015,2.0,19
11,2015,1.0,19
12,2015,2.0,19
1,2016,1.0,19
2,2016,0.0,19
3,2016,0.0,19
4,2016,0.0,19
5,2016,0.0,19
6,2016,0.0,19
7,2016,0.0,19
8,2016,0.0,19
9,2016,0.0,19
10,2016,0.0,19
11,2016,0.0,19
12,2016,0.0,19
1,2017,0.0,19
2,2017,0.0,19
3,2017,0.0,19
4,2017,0.0,19
5,2017,0.0,19
6,2017,0.0,19
7,2017,0.0,19
8,2017,0.0,19
9,2017,0.0,19
10,2017,0.0,19
11,2017,1.0,19
12,2017,1.0,19
1,2018,1.0,19
2,2018,0.0,19
3,2018,0.0,19
4,2018,0.0,19
5,2018,0.0,19
6,2018,0.0,19
7,2018,0.0,19
8,2018,0.0,19
9,2018,0.0,19
10,2018,0.0,19
11,2018,0.0,19
12,2018,0.0,19
1,2019,0.0,19
2,2019,0.0,19
3,2019,0.0,19
4,2019,0.0,19
5,2019,0.0,19
6,2019,0.0,19
7,2019,1.0,19
8,2019,1.0,19
9,2019,4.0,19
10,2019,2.0,19
11,2019,2.0,19
12,2019,0.0,19
1,2020,1.0,19
2,2020,2.0,19
3,2020,2.0,19
4,2020,0.0,19
5,2020,0.0,19
6,2020,0.0,19
7,2020,0.0,19
8,2020,0.0,19
9,2020,0.0,19
10,2020,0.0,19
11,2020,0.0,19
12,2020,0.0,19
1,2021,0.0,19
2,2021,1.0,19
3,2021,0.0,19
4,2021,0.0,19
5,2021,0.0,19
6,2021,0.0,19
7,2021,0.0,19
8,2021,0.0,19
9,2021,1.0,19
10,2021,0.0,19
11,2021,0.0,19
12,2021,0.0,19
1,2022,0.0,19
2,2022,0.0,19
3,2022,0.0,19
4,2022,0.0,19
5,2022,1.0,19
6,2022,1.0,19
7,2022,0.0,19
8,2022,4.0,19
9,2022,0.0,19
10,2022,0.0,19
11,2022,1.0,19
12,2022,0.0,19
1,2023,0.0,19
2,2023,0.0,19
3,2023,0.0,19
4,2023,0.0,19
5,2023,0.0,19
6,2023,0.0,19
7,2023,0.0,19
8,2023,0.0,19
9,2023,0.0,19
10,2023,0.0,19
11,2023,0.0,19
12,2023,0.0,19
1,2024,0.0,19
2,2024,0.0,19
3,2024,0.0,19
4,2024,0.0,19
5,2024,0.0,19
6,2024,0.0,19
7,2024,0.0,19
8,2024,0.0,19
9,2024,2.0,19
10,2024,2.0,19
11,2024,1.0,19
12,2024,1.0,19
1,2010,0.0,20
2,2010,0.0,20
3,2010,0.0,20
4,2010,0.0,20
5,2010,0.0,20
6,2010,0.0,20
7,2010,0.0,20
8,2010,0.0,20
9,2010,0.0,20
10,2010,1.0,20
11,2010,0.0,20
12,2010,0.0,20
1,2011,0.0,20
2,2011,0.0,20
3,2011,0.0,20
4,2011,0.0,20
5,2011,0.0,20
6,2011,0.0,20
7,2011,2.0,20
8,2011,0.0,20
9,2011,0.0,20
10,2011,0.0,20
11,2011,0.0,20
12,2011,0.0,20
1,2012,0.0,20
2,2012,0.0,20
3,2012,0.0,20
4,2012,0.0,20
5,2012,0.0,20
6,2012,0.0,20
7,2012,0.0,20
8,2012,0.0,20
9,2012,0.0,20
10,2012,0.0,20
11,2012,0.0,20
12,2012,0.0,20
1,2013,1.0,20
2,2013,0.0,20
3,2013,0.0,20
4,2013,0.0,20
5,2013,0.0,20
6,2013,0.0,20
7,2013,1.0,20
8,2013,0.0,20
9,2013,0.0,20
10,2013,0.0,20
11,2013,0.0,20
12,2013,1.0,20
1,2014,0.0,20
2,2014,0.0,20
3,2014,0.0,20
4,2014,0.0,20
5,2014,0.0,20
6,2014,0.0,20
7,2014,0.0,20
8,2014,0.0,20
9,2014,0.0,20
10,2014,0.0,20
11,2014,0.0,20
12,2014,0.0,20
1,2015,0.0,20
2,2015,0.0,20
3,2015,1.0,20
4,2015,0.0,20
5,2015,0.0,20
6,2015,0.0,20
7,2015,0.0,20
8,2015,2.0,20
9,2015,6.0,20
10,2015,13.0,20
11,2015,6.0,20
12,2015,0.0,20
1,2016,1.0,20
2,2016,0.0,20
3,2016,0.0,20
4,2016,0.0,20
5,2016,0.0,20
6,2016,0.0,20
7,2016,0.0,20
8,2016,0.0,20
9,2016,0.0,20
10,2016,0.0,20
11,2016,0.0,20
12,2016,1.0,20
1,2017,0.0,20
2,2017,0.0,20
3,2017,0.0,20
4,2017,0.0,20
5,2017,0.0,20
6,2017,0.0,20
7,2017,1.0,20
8,2017,1.0,20
9,2017,1.0,20
10,2017,0.0,20
11,2017,1.0,20
12,2017,0.0,20
1,2018,4.0,20
2,2018,0.0,20
3,2018,0.0,20
4,2018,0.0,20
5,2018,0.0,20
6,2018,0.0,20
7,2018,0.0,20
8,2018,0.0,20
9,2018,0.0,20
10,2018,1.0,20
11,2018,3.0,20
12,2018,0.0,20
1,2019,0.0,20
2,2019,0.0,20
3,2019,0.0,20
4,2019,0.0,20
5,2019,1.0,20
6,2019,0.0,20
7,2019,0.0,20
8,2019,2.0,20
9,2019,8.0,20
10,2019,2.0,20
11,2019,2.0,20
12,2019,0.0,20
1,2020,0.0,20
2,2020,0.0,20
3,2020,0.0,20
4,2020,0.0,20
5,2020,0.0,20
6,2020,0.0,20
7,2020,0.0,20
8,2020,0.0,20
9,2020,0.0,20
10,2020,0.0,20
11,2020,0.0,20
12,2020,0.0,20
1,2021,0.0,20
2,2021,0.0,20
3,2021,0.0,20
4,2021,0.0,20
5,2021,0.0,20
6,2021,0.0,20
7,2021,0.0,20
8,2021,0.0,20
9,2021,0.0,20
10,2021,0.0,20
11,2021,0.0,20
12,2021,0.0,20
1,2022,0.0,20
2,2022,0.0,20
3,2022,0.0,20
4,2022,1.0,20
5,2022,0.0,20
6,2022,0.0,20
7,2022,2.0,20
8,2022,2.0,20
9,2022,2.0,20
10,2022,1.0,20
11,2022,0.0,20
12,2022,0.0,20
1,2023,0.0,20
2,2023,0.0,20
3,2023,0.0,20
4,2023,0.0,20
5,2023,0.0,20
6,2023,0.0,20
7,2023,1.0,20
8,2023,0.0,20
9,2023,0.0,20
10,2023,0.0,20
11,2023,0.0,20
12,2023,0.0,20
1,2024,0.0,20
2,2024,0.0,20
3,2024,0.0,20
4,2024,0.0,20
5,2024,0.0,20
6,2024,0.0,20
7,2024,1.0,20
8,2024,1.0,20
9,2024,1.0,20
10,2024,1.0,20
11,2024,0.0,20
12,2024,1.0,20
1,2010,0.0,21
2,2010,1.0,21
3,2010,0.0,21
4,2010,0.0,21
5,2010,0.0,21
6,2010,1.0,21
7,2010,1.0,21
8,2010,1.0,21
9,2010,9.0,21
10,2010,11.0,21
11,2010,5.0,21
12,2010,1.0,21
1,2011,6.0,21
2,2011,2.0,21
3,2011,1.0,21
4,2011,0.0,21
5,2011,0.0,21
6,2011,0.0,21
7,2011,1.0,21
8,2011,3.0,21
9,2011,4.0,21
10,2011,0.0,21
11,2011,0.0,21
12,2011,1.0,21
1,2012,2.0,21
2,2012,2.0,21
3,2012,4.0,21
4,2012,2.0,21
5,2012,0.0,21
6,2012,7.0,21
7,2012,25.0,21
8,2012,9.0,21
9,2012,19.0,21
10,2012,11.0,21
11,2012,4.0,21
12,2012,1.0,21
1,2013,3.0,21
2,2013,0.0,21
3,2013,2.0,21
4,2013,0.0,21
5,2013,0.0,21
6,2013,1.0,21
7,2013,4.0,21
8,2013,3.0,21
9,2013,6.0,21
10,2013,7.0,21
11,2013,7.0,21
12,2013,3.0,21
1,2014,2.0,21
2,2014,2.0,21
3,2014,4.0,21
4,2014,2.0,21
5,2014,0.0,21
6,2014,7.0,21
7,2014,25.0,21
8,2014,9.0,21
9,2014,19.0,21
10,2014,11.0,21
11,2014,4.0,21
12,2014,1.0,21
1,2015,10.0,21
2,2015,13.0,21
3,2015,5.0,21
4,2015,2.0,21
5,2015,1.0,21
6,2015,1.0,21
7,2015,2.0,21
8,2015,15.0,21
9,2015,30.0,21
10,2015,69.0,21
11,2015,21.0,21
12,2015,13.0,21
1,2016,7.0,21
2,2016,6.0,21
3,2016,1.0,21
4,2016,0.0,21
5,2016,1.0,21
6,2016,0.0,21
7,2016,2.0,21
8,2016,3.0,21
9,2016,1.0,21
10,2016,1.0,21
11,2016,4.0,21
12,2016,3.0,21
1,2017,3.0,21
2,2017,5.0,21
3,2017,5.0,21
4,2017,4.0,21
5,2017,0.0,21
6,2017,1.0,21
7,2017,5.0,21
8,2017,11.0,21
9,2017,16.0,21
10,2017,9.0,21
11,2017,11.0,21
12,2017,5.0,21
1,2018,7.0,21
2,2018,3.0,21
3,2018,1.0,21
4,2018,0.0,21
5,2018,2.0,21
6,2018,4.0,21
7,2018,1.0,21
8,2018,3.0,21
9,2018,5.0,21
10,2018,24.0,21
11,2018,20.0,21
12,2018,14.0,21
1,2019,10.0,21
2,2019,9.0,21
3,2019,10.0,21
4,2019,3.0,21
5,2019,4.0,21
6,2019,13.0,21
7,2019,45.0,21
8,2019,52.0,21
9,2019,61.0,21
10,2019,25.0,21
11,2019,25.0,21
12,2019,15.0,21
1,2020,14.0,21
2,2020,7.0,21
3,2020,0.0,21
4,2020,0.0,21
5,2020,0.0,21
6,2020,1.0,21
7,2020,0.0,21
8,2020,0.0,21
9,2020,0.0,21
10,2020,1.0,21
11,2020,3.0,21
12,2020,2.0,21
1,2021,2.0,21
2,2021,2.0,21
3,2021,1.0,21
4,2021,2.0,21
5,2021,1.0,21
6,2021,0.0,21
7,2021,0.0,21
8,2021,1.0,21
9,2021,1.0,21
10,2021,2.0,21
11,2021,4.0,21
12,2021,0.0,21
1,2022,0.0,21
2,2022,1.0,21
3,2022,0.0,21
4,2022,0.0,21
5,2022,1.0,21
6,2022,1.0,21
7,2022,4.0,21
8,2022,1.0,21
9,2022,3.0,21
10,2022,2.0,21
11,2022,4.0,21
12,2022,6.0,21
1,2023,6.0,21
2,2023,1.0,21
3,2023,3.0,21
4,2023,5.0,21
5,2023,5.0,21
6,2023,5.0,21
7,2023,3.0,21
8,2023,3.0,21
9,2023,10.0,21
10,2023,16.0,21
11,2023,8.0,21
12,2023,5.0,21
1,2024,9.0,21
2,2024,7.0,21
3,2024,4.0,21
4,2024,4.0,21
5,2024,2.0,21
6,2024,1.0,21
7,2024,11.0,21
8,2024,5.0,21
9,2024,8.0,21
10,2024,39.0,21
11,2024,46.0,21
12,2024,40.0,21
1,2010,0.0,22
2,2010,0.0,22
3,2010,0.0,22
4,2010,0.0,22
5,2010,0.0,22
6,2010,0.0,22
7,2010,0.0,22
8,2010,1.0,22
9,2010,1.0,22
10,2010,2.0,22
11,2010,1.0,22
12,2010,1.0,22
1,2011,4.0,22
2,2011,1.0,22
3,2011,0.0,22
4,2011,1.0,22
5,2011,0.0,22
6,2011,0.0,22
7,2011,1.0,22
8,2011,1.0,22
9,2011,5.0,22
10,2011,2.0,22
11,2011,0.0,22
12,2011,0.0,22
1,2012,0.0,22
2,2012,0.0,22
3,2012,0.0,22
4,2012,0.0,22
5,2012,0.0,22
6,2012,1.0,22
7,2012,5.0,22
8,2012,8.0,22
9,2012,6.0,22
10,2012,5.0,22
11,2012,1.0,22
12,2012,0.0,22
1,2013,1.0,22
2,2013,0.0,22
3,2013,1.0,22
4,2013,0.0,22
5,2013,3.0,22
6,2013,1.0,22
7,2013,1.0,22
8,2013,1.0,22
9,2013,3.0,22
10,2013,3.0,22
11,2013,4.0,22
12,2013,3.0,22
1,2014,0.0,22
2,2014,0.0,22
3,2014,0.0,22
4,2014,0.0,22
5,2014,0.0,22
6,2014,1.0,22
7,2014,5.0,22
8,2014,8.0,22
9,2014,6.0,22
10,2014,5.0,22
11,2014,1.0,22
12,2014,0.0,22
1,2015,2.0,22
2,2015,0.0,22
3,2015,1.0,22
4,2015,0.0,22
5,2015,0.0,22
6,2015,0.0,22
7,2015,1.0,22
8,2015,2.0,22
9,2015,15.0,22
10,2015,11.0,22
11,2015,7.0,22
12,2015,5.0,22
1,2016,1.0,22
2,2016,0.0,22
3,2016,0.0,22
4,2016,0.0,22
5,2016,0.0,22
6,2016,1.0,22
7,2016,0.0,22
8,2016,0.0,22
9,2016,0.0,22
10,2016,0.0,22
11,2016,0.0,22
12,2016,2.0,22
1,2017,1.0,22
2,2017,0.0,22
3,2017,0.0,22
4,2017,0.0,22
5,2017,0.0,22
6,2017,0.0,22
7,2017,0.0,22
8,2017,0.0,22
9,2017,3.0,22
10,2017,2.0,22
11,2017,4.0,22
12,2017,2.0,22
1,2018,2.0,22
2,2018,0.0,22
3,2018,0.0,22
4,2018,0.0,22
5,2018,0.0,22
6,2018,0.0,22
7,2018,1.0,22
8,2018,6.0,22
9,2018,5.0,22
10,2018,4.0,22
11,2018,3.0,22
12,2018,2.0,22
1,2019,3.0,22
2,2019,3.0,22
3,2019,2.0,22
4,2019,1.0,22
5,2019,0.0,22
6,2019,1.0,22
7,2019,6.0,22
8,2019,22.0,22
9,2019,14.0,22
10,2019,4.0,22
11,2019,3.0,22
12,2019,4.0,22
1,2020,4.0,22
2,2020,1.0,22
3,2020,0.0,22
4,2020,0.0,22
5,2020,0.0,22
6,2020,0.0,22
7,2020,1.0,22
8,2020,0.0,22
9,2020,1.0,22
10,2020,0.0,22
11,2020,0.0,22
12,2020,0.0,22
1,2021,5.0,22
2,2021,3.0,22
3,2021,1.0,22
4,2021,0.0,22
5,2021,0.0,22
6,2021,0.0,22
7,2021,0.0,22
8,2021,0.0,22
9,2021,0.0,22
10,2021,1.0,22
11,2021,2.0,22
12,2021,0.0,22
1,2022,1.0,22
2,2022,0.0,22
3,2022,0.0,22
4,2022,0.0,22
5,2022,0.0,22
6,2022,0.0,22
7,2022,2.0,22
8,2022,2.0,22
9,2022,2.0,22
10,2022,0.0,22
11,2022,1.0,22
12,2022,1.0,22
1,2023,0.0,22
2,2023,0.0,22
3,2023,0.0,22
4,2023,0.0,22
5,2023,1.0,22
6,2023,0.0,22
7,2023,1.0,22
8,2023,1.0,22
9,2023,2.0,22
10,2023,1.0,22
11,2023,0.0,22
12,2023,1.0,22
1,2024,3.0,22
2,2024,0.0,22
3,2024,0.0,22
4,2024,0.0,22
5,2024,2.0,22
6,2024,0.0,22
7,2024,1.0,22
8,2024,2.0,22
9,2024,5.0,22
10,2024,9.0,22
11,2024,3.0,22
12,2024,3.0,22
1,2010,0.0,23
2,2010,0.0,23
3,2010,0.0,23
4,2010,0.0,23
5,2010,0.0,23
6,2010,0.0,23
7,2010,0.0,23
8,2010,1.0,23
9,2010,5.0,23
10,2010,0.0,23
11,2010,1.0,23
12,2010,1.0,23
1,2011,1.0,23
2,2011,2.0,23
3,2011,1.0,23
4,2011,1.0,23
5,2011,0.0,23
6,2011,0.0,23
7,2011,2.0,23
8,2011,9.0,23
9,2011,5.0,23
10,2011,2.0,23
11,2011,1.0,23
12,2011,0.0,23
1,2012,1.0,23
2,2012,0.0,23
3,2012,0.0,23
4,2012,0.0,23
5,2012,0.0,23
6,2012,4.0,23
7,2012,2.0,23
8,2012,7.0,23
9,2012,5.0,23
10,2012,4.0,23
11,2012,0.0,23
12,2012,5.0,23
1,2013,1.0,23
2,2013,0.0,23
3,2013,0.0,23
4,2013,0.0,23
5,2013,0.0,23
6,2013,0.0,23
7,2013,3.0,23
8,2013,3.0,23
9,2013,1.0,23
10,2013,7.0,23
11,2013,5.0,23
12,2013,0.0,23
1,2014,1.0,23
2,2014,0.0,23
3,2014,0.0,23
4,2014,0.0,23
5,2014,0.0,23
6,2014,4.0,23
7,2014,2.0,23
8,2014,7.0,23
9,2014,5.0,23
10,2014,4.0,23
11,2014,0.0,23
12,2014,5.0,23
1,2015,5.0,23
2,2015,2.0,23
3,2015,2.0,23
4,2015,1.0,23
5,2015,0.0,23
6,2015,1.0,23
7,2015,5.0,23
8,2015,10.0,23
9,2015,15.0,23
10,2015,22.0,23
11,2015,7.0,23
12,2015,7.0,23
1,2016,1.0,23
2,2016,2.0,23
3,2016,0.0,23
4,2016,0.0,23
5,2016,0.0,23
6,2016,2.0,23
7,2016,0.0,23
8,2016,0.0,23
9,2016,2.0,23
10,2016,0.0,23
11,2016,0.0,23
12,2016,0.0,23
1,2017,2.0,23
2,2017,0.0,23
3,2017,1.0,23
4,2017,0.0,23
5,2017,0.0,23
6,2017,0.0,23
7,2017,1.0,23
8,2017,1.0,23
9,2017,0.0,23
10,2017,2.0,23
11,2017,2.0,23
12,2017,3.0,23
1,2018,1.0,23
2,2018,0.0,23
3,2018,0.0,23
4,2018,2.0,23
5,2018,1.0,23
6,2018,1.0,23
7,2018,10.0,23
8,2018,6.0,23
9,2018,4.0,23
10,2018,3.0,23
11,2018,2.0,23
12,2018,11.0,23
1,2019,11.0,23
2,2019,7.0,23
3,2019,4.0,23
4,2019,2.0,23
5,2019,1.0,23
6,2019,7.0,23
7,2019,27.0,23
8,2019,48.0,23
9,2019,22.0,23
10,2019,12.0,23
11,2019,10.0,23
12,2019,13.0,23
1,2020,7.0,23
2,2020,1.0,23
3,2020,0.0,23
4,2020,0.0,23
5,2020,0.0,23
6,2020,0.0,23
7,2020,0.0,23
8,2020,0.0,23
9,2020,0.0,23
10,2020,0.0,23
11,2020,1.0,23
12,2020,2.0,23
1,2021,3.0,23
2,2021,0.0,23
3,2021,0.0,23
4,2021,0.0,23
5,2021,1.0,23
6,2021,0.0,23
7,2021,1.0,23
8,2021,0.0,23
9,2021,1.0,23
10,2021,0.0,23
11,2021,0.0,23
12,2021,2.0,23
1,2022,0.0,23
2,2022,0.0,23
3,2022,0.0,23
4,2022,0.0,23
5,2022,0.0,23
6,2022,1.0,23
7,2022,7.0,23
8,2022,6.0,23
9,2022,3.0,23
10,2022,3.0,23
11,2022,3.0,23
12,2022,0.0,23
1,2023,0.0,23
2,2023,3.0,23
3,2023,0.0,23
4,2023,0.0,23
5,2023,0.0,23
6,2023,0.0,23
7,2023,0.0,23
8,2023,2.0,23
9,2023,0.0,23
10,2023,2.0,23
11,2023,0.0,23
12,2023,1.0,23
1,2024,0.0,23
2,2024,1.0,23
3,2024,2.0,23
4,2024,0.0,23
5,2024,1.0,23
6,2024,2.0,23
7,2024,5.0,23
8,2024,8.0,23
9,2024,19.0,23
10,2024,17.0,23
11,2024,12.0,23
12,2024,8.0,23
1,2010,1.0,24
2,2010,0.0,24
3,2010,0.0,24
4,2010,0.0,24
5,2010,0.0,24
6,2010,0.0,24
7,2010,2.0,24
8,2010,6.0,24
9,2010,6.0,24
10,2010,3.0,24
11,2010,1.0,24
12,2010,0.0,24
1,2011,1.0,24
2,2011,2.0,24
3,2011,0.0,24
4,2011,0.0,24
5,2011,0.0,24
6,2011,0.0,24
7,2011,1.0,24
8,2011,5.0,24
9,2011,1.0,24
10,2011,0.0,24
11,2011,2.0,24
12,2011,4.0,24
1,2012,0.0,24
2,2012,1.0,24
3,2012,1.0,24
4,2012,0.0,24
5,2012,0.0,24
6,2012,2.0,24
7,2012,1.0,24
8,2012,4.0,24
9,2012,4.0,24
10,2012,6.0,24
11,2012,1.0,24
12,2012,3.0,24
1,2013,0.0,24
2,2013,0.0,24
3,2013,1.0,24
4,2013,0.0,24
5,2013,0.0,24
6,2013,0.0,24
7,2013,3.0,24
8,2013,2.0,24
9,2013,13.0,24
10,2013,6.0,24
11,2013,8.0,24
12,2013,5.0,24
1,2014,0.0,24
2,2014,1.0,24
3,2014,1.0,24
4,2014,0.0,24
5,2014,0.0,24
6,2014,2.0,24
7,2014,1.0,24
8,2014,4.0,24
9,2014,4.0,24
10,2014,6.0,24
11,2014,1.0,24
12,2014,3.0,24
1,2015,2.0,24
2,2015,9.0,24
3,2015,3.0,24
4,2015,1.0,24
5,2015,1.0,24
6,2015,1.0,24
7,2015,2.0,24
8,2015,20.0,24
9,2015,20.0,24
10,2015,23.0,24
11,2015,10.0,24
12,2015,2.0,24
1,2016,0.0,24
2,2016,2.0,24
3,2016,0.0,24
4,2016,0.0,24
5,2016,0.0,24
6,2016,0.0,24
7,2016,0.0,24
8,2016,1.0,24
9,2016,1.0,24
10,2016,3.0,24
11,2016,1.0,24
12,2016,4.0,24
1,2017,2.0,24
2,2017,0.0,24
3,2017,2.0,24
4,2017,0.0,24
5,2017,0.0,24
6,2017,2.0,24
7,2017,0.0,24
8,2017,2.0,24
9,2017,2.0,24
10,2017,1.0,24
11,2017,2.0,24
12,2017,3.0,24
1,2018,1.0,24
2,2018,0.0,24
3,2018,0.0,24
4,2018,0.0,24
5,2018,1.0,24
6,2018,1.0,24
7,2018,2.0,24
8,2018,5.0,24
9,2018,1.0,24
10,2018,4.0,24
11,2018,2.0,24
12,2018,7.0,24
1,2019,2.0,24
2,2019,3.0,24
3,2019,1.0,24
4,2019,1.0,24
5,2019,0.0,24
6,2019,0.0,24
7,2019,8.0,24
8,2019,14.0,24
9,2019,20.0,24
10,2019,12.0,24
11,2019,10.0,24
12,2019,8.0,24
1,2020,4.0,24
2,2020,0.0,24
3,2020,0.0,24
4,2020,0.0,24
5,2020,0.0,24
6,2020,0.0,24
7,2020,0.0,24
8,2020,0.0,24
9,2020,0.0,24
10,2020,1.0,24
11,2020,0.0,24
12,2020,0.0,24
1,2021,1.0,24
2,2021,2.0,24
3,2021,0.0,24
4,2021,0.0,24
5,2021,0.0,24
6,2021,0.0,24
7,2021,0.0,24
8,2021,1.0,24
9,2021,0.0,24
10,2021,3.0,24
11,2021,1.0,24
12,2021,0.0,24
1,2022,0.0,24
2,2022,1.0,24
3,2022,0.0,24
4,2022,1.0,24
5,2022,1.0,24
6,2022,0.0,24
7,2022,2.0,24
8,2022,2.0,24
9,2022,0.0,24
10,2022,5.0,24
11,2022,2.0,24
12,2022,1.0,24
1,2023,2.0,24
2,2023,1.0,24
3,2023,0.0,24
4,2023,1.0,24
5,2023,1.0,24
6,2023,0.0,24
7,2023,3.0,24
8,2023,3.0,24
9,2023,1.0,24
10,2023,3.0,24
11,2023,7.0,24
12,2023,1.0,24
1,2024,2.0,24
2,2024,1.0,24
3,2024,1.0,24
4,2024,0.0,24
5,2024,0.0,24
6,2024,1.0,24
7,2024,0.0,24
8,2024,2.0,24
9,2024,2.0,24
10,2024,13.0,24
11,2024,17.0,24
12,2024,14.0,24
1,2010,0.0,25
2,2010,0.0,25
3,2010,0.0,25
4,2010,0.0,25
5,2010,0.0,25
6,2010,0.0,25
7,2010,0.0,25
8,2010,2.0,25
9,2010,1.0,25
10,2010,0.0,25
11,2010,0.0,25
12,2010,0.0,25
1,2011,0.0,25
2,2011,0.0,25
3,2011,0.0,25
4,2011,0.0,25
5,2011,0.0,25
6,2011,0.0,25
7,2011,1.0,25
8,2011,3.0,25
9,2011,2.0,25
10,2011,0.0,25
11,2011,2.0,25
12,2011,0.0,25
1,2012,0.0,25
2,2012,2.0,25
3,2012,0.0,25
4,2012,2.0,25
5,2012,2.0,25
6,2012,2.0,25
7,2012,4.0,25
8,2012,6.0,25
9,2012,7.0,25
10,2012,6.0,25
11,2012,3.0,25
12,2012,1.0,25
1,2013,1.0,25
2,2013,0.0,25
3,2013,0.0,25
4,2013,0.0,25
5,2013,2.0,25
6,2013,0.0,25
7,2013,2.0,25
8,2013,0.0,25
9,2013,1.0,25
10,2013,2.0,25
11,2013,0.0,25
12,2013,2.0,25
1,2014,0.0,25
2,2014,2.0,25
3,2014,0.0,25
4,2014,2.0,25
5,2014,2.0,25
6,2014,2.0,25
7,2014,4.0,25
8,2014,6.0,25
9,2014,7.0,25
10,2014,6.0,25
11,2014,3.0,25
12,2014,1.0,25
1,2015,1.0,25
2,2015,2.0,25
3,2015,0.0,25
4,2015,1.0,25
5,2015,0.0,25
6,2015,2.0,25
7,2015,1.0,25
8,2015,7.0,25
9,2015,16.0,25
10,2015,22.0,25
11,2015,10.0,25
12,2015,3.0,25
1,2016,1.0,25
2,2016,0.0,25
3,2016,0.0,25
4,2016,0.0,25
5,2016,0.0,25
6,2016,0.0,25
7,2016,1.0,25
8,2016,0.0,25
9,2016,0.0,25
10,2016,0.0,25
11,2016,1.0,25
12,2016,0.0,25
1,2017,0.0,25
2,2017,0.0,25
3,2017,4.0,25
4,2017,0.0,25
5,2017,0.0,25
6,2017,0.0,25
7,2017,1.0,25
8,2017,1.0,25
9,2017,0.0,25
10,2017,0.0,25
11,2017,1.0,25
12,2017,3.0,25
1,2018,3.0,25
2,2018,0.0,25
3,2018,0.0,25
4,2018,0.0,25
5,2018,0.0,25
6,2018,0.0,25
7,2018,0.0,25
8,2018,1.0,25
9,2018,2.0,25
10,2018,0.0,25
11,2018,1.0,25
12,2018,4.0,25
1,2019,4.0,25
2,2019,2.0,25
3,2019,2.0,25
4,2019,1.0,25
5,2019,0.0,25
6,2019,2.0,25
7,2019,12.0,25
8,2019,5.0,25
9,2019,22.0,25
10,2019,6.0,25
11,2019,1.0,25
12,2019,2.0,25
1,2020,0.0,25
2,2020,1.0,25
3,2020,0.0,25
4,2020,0.0,25
5,2020,0.0,25
6,2020,0.0,25
7,2020,0.0,25
8,2020,0.0,25
9,2020,0.0,25
10,2020,0.0,25
11,2020,2.0,25
12,2020,1.0,25
1,2021,3.0,25
2,2021,1.0,25
3,2021,0.0,25
4,2021,0.0,25
5,2021,0.0,25
6,2021,0.0,25
7,2021,1.0,25
8,2021,0.0,25
9,2021,1.0,25
10,2021,0.0,25
11,2021,3.0,25
12,2021,0.0,25
1,2022,0.0,25
2,2022,1.0,25
3,2022,0.0,25
4,2022,0.0,25
5,2022,0.0,25
6,2022,0.0,25
7,2022,1.0,25
8,2022,0.0,25
9,2022,2.0,25
10,2022,0.0,25
11,2022,1.0,25
12,2022,2.0,25
1,2023,0.0,25
2,2023,1.0,25
3,2023,0.0,25
4,2023,0.0,25
5,2023,0.0,25
6,2023,3.0,25
7,2023,0.0,25
8,2023,0.0,25
9,2023,1.0,25
10,2023,0.0,25
11,2023,1.0,25
12,2023,2.0,25
1,2024,0.0,25
2,2024,0.0,25
3,2024,1.0,25
4,2024,1.0,25
5,2024,2.0,25
6,2024,0.0,25
7,2024,4.0,25
8,2024,5.0,25
9,2024,6.0,25
10,2024,4.0,25
11,2024,17.0,25
12,2024,12.0,25
1,2010,0.0,26
2,2010,0.0,26
3,2010,0.0,26
4,2010,0.0,26
5,2010,0.0,26
6,2010,0.0,26
7,2010,0.0,26
8,2010,3.0,26
9,2010,5.0,26
10,2010,1.0,26
11,2010,0.0,26
12,2010,0.0,26
1,2011,0.0,26
2,2011,3.0,26
3,2011,0.0,26
4,2011,0.0,26
5,2011,1.0,26
6,2011,0.0,26
7,2011,1.0,26
8,2011,2.0,26
9,2011,0.0,26
10,2011,3.0,26
11,2011,3.0,26
12,2011,0.0,26
1,2012,0.0,26
2,2012,1.0,26
3,2012,1.0,26
4,2012,0.0,26
5,2012,0.0,26
6,2012,1.0,26
7,2012,1.0,26
8,2012,2.0,26
9,2012,0.0,26
10,2012,1.0,26
11,2012,0.0,26
12,2012,1.0,26
1,2013,0.0,26
2,2013,0.0,26
3,2013,0.0,26
4,2013,0.0,26
5,2013,0.0,26
6,2013,1.0,26
7,2013,5.0,26
8,2013,2.0,26
9,2013,3.0,26
10,2013,4.0,26
11,2013,2.0,26
12,2013,1.0,26
1,2014,0.0,26
2,2014,1.0,26
3,2014,1.0,26
4,2014,0.0,26
5,2014,0.0,26
6,2014,1.0,26
7,2014,1.0,26
8,2014,2.0,26
9,2014,0.0,26
10,2014,1.0,26
11,2014,0.0,26
12,2014,1.0,26
1,2015,3.0,26
2,2015,2.0,26
3,2015,0.0,26
4,2015,1.0,26
5,2015,0.0,26
6,2015,0.0,26
7,2015,3.0,26
8,2015,6.0,26
9,2015,9.0,26
10,2015,13.0,26
11,2015,6.0,26
12,2015,2.0,26
1,2016,0.0,26
2,2016,1.0,26
3,2016,0.0,26
4,2016,0.0,26
5,2016,0.0,26
6,2016,2.0,26
7,2016,1.0,26
8,2016,1.0,26
9,2016,2.0,26
10,2016,5.0,26
11,2016,3.0,26
12,2016,1.0,26
1,2017,3.0,26
2,2017,0.0,26
3,2017,0.0,26
4,2017,0.0,26
5,2017,1.0,26
6,2017,1.0,26
7,2017,2.0,26
8,2017,1.0,26
9,2017,2.0,26
10,2017,1.0,26
11,2017,1.0,26
12,2017,0.0,26
1,2018,0.0,26
2,2018,1.0,26
3,2018,0.0,26
4,2018,2.0,26
5,2018,0.0,26
6,2018,1.0,26
7,2018,1.0,26
8,2018,0.0,26
9,2018,1.0,26
10,2018,5.0,26
11,2018,1.0,26
12,2018,5.0,26
1,2019,1.0,26
2,2019,0.0,26
3,2019,2.0,26
4,2019,1.0,26
5,2019,0.0,26
6,2019,3.0,26
7,2019,10.0,26
8,2019,18.0,26
9,2019,19.0,26
10,2019,5.0,26
11,2019,6.0,26
12,2019,3.0,26
1,2020,0.0,26
2,2020,1.0,26
3,2020,0.0,26
4,2020,0.0,26
5,2020,0.0,26
6,2020,0.0,26
7,2020,0.0,26
8,2020,0.0,26
9,2020,0.0,26
10,2020,1.0,26
11,2020,0.0,26
12,2020,0.0,26
1,2021,1.0,26
2,2021,0.0,26
3,2021,1.0,26
4,2021,0.0,26
5,2021,0.0,26
6,2021,0.0,26
7,2021,4.0,26
8,2021,0.0,26
9,2021,0.0,26
10,2021,0.0,26
11,2021,0.0,26
12,2021,0.0,26
1,2022,0.0,26
2,2022,0.0,26
3,2022,0.0,26
4,2022,0.0,26
5,2022,0.0,26
6,2022,0.0,26
7,2022,0.0,26
8,2022,0.0,26
9,2022,1.0,26
10,2022,0.0,26
11,2022,0.0,26
12,2022,0.0,26
1,2023,2.0,26
2,2023,0.0,26
3,2023,0.0,26
4,2023,0.0,26
5,2023,0.0,26
6,2023,1.0,26
7,2023,0.0,26
8,2023,3.0,26
9,2023,0.0,26
10,2023,2.0,26
11,2023,0.0,26
12,2023,0.0,26
1,2024,1.0,26
2,2024,0.0,26
3,2024,0.0,26
4,2024,0.0,26
5,2024,0.0,26
6,2024,1.0,26
7,2024,1.0,26
8,2024,0.0,26
9,2024,1.0,26
10,2024,0.0,26
11,2024,1.0,26
12,2024,1.0,26
1,2010,0.0,27
2,2010,0.0,27
3,2010,0.0,27
4,2010,0.0,27
5,2010,0.0,27
6,2010,0.0,27
7,2010,1.0,27
8,2010,2.0,27
9,2010,5.0,27
10,2010,4.0,27
11,2010,2.0,27
12,2010,0.0,27
1,2011,0.0,27
2,2011,0.0,27
3,2011,0.0,27
4,2011,0.0,27
5,2011,0.0,27
6,2011,0.0,27
7,2011,0.0,27
8,2011,3.0,27
9,2011,0.0,27
10,2011,1.0,27
11,2011,0.0,27
12,2011,1.0,27
1,2012,0.0,27
2,2012,2.0,27
3,2012,0.0,27
4,2012,0.0,27
5,2012,0.0,27
6,2012,2.0,27
7,2012,3.0,27
8,2012,2.0,27
9,2012,2.0,27
10,2012,3.0,27
11,2012,0.0,27
12,2012,1.0,27
1,2013,0.0,27
2,2013,0.0,27
3,2013,1.0,27
4,2013,0.0,27
5,2013,0.0,27
6,2013,1.0,27
7,2013,3.0,27
8,2013,3.0,27
9,2013,0.0,27
10,2013,0.0,27
11,2013,1.0,27
12,2013,0.0,27
1,2014,0.0,27
2,2014,2.0,27
3,2014,0.0,27
4,2014,0.0,27
5,2014,0.0,27
6,2014,2.0,27
7,2014,3.0,27
8,2014,2.0,27
9,2014,2.0,27
10,2014,3.0,27
11,2014,0.0,27
12,2014,1.0,27
1,2015,3.0,27
2,2015,2.0,27
3,2015,1.0,27
4,2015,0.0,27
5,2015,0.0,27
6,2015,0.0,27
7,2015,2.0,27
8,2015,20.0,27
9,2015,15.0,27
10,2015,24.0,27
11,2015,12.0,27
12,2015,2.0,27
1,2016,6.0,27
2,2016,4.0,27
3,2016,0.0,27
4,2016,0.0,27
5,2016,0.0,27
6,2016,1.0,27
7,2016,9.0,27
8,2016,2.0,27
9,2016,2.0,27
10,2016,1.0,27
11,2016,0.0,27
12,2016,3.0,27
1,2017,0.0,27
2,2017,1.0,27
3,2017,0.0,27
4,2017,0.0,27
5,2017,0.0,27
6,2017,0.0,27
7,2017,0.0,27
8,2017,1.0,27
9,2017,1.0,27
10,2017,3.0,27
11,2017,3.0,27
12,2017,2.0,27
1,2018,3.0,27
2,2018,1.0,27
3,2018,1.0,27
4,2018,1.0,27
5,2018,0.0,27
6,2018,1.0,27
7,2018,0.0,27
8,2018,0.0,27
9,2018,5.0,27
10,2018,4.0,27
11,2018,7.0,27
12,2018,4.0,27
1,2019,3.0,27
2,2019,3.0,27
3,2019,1.0,27
4,2019,0.0,27
5,2019,1.0,27
6,2019,16.0,27
7,2019,30.0,27
8,2019,36.0,27
9,2019,16.0,27
10,2019,6.0,27
11,2019,1.0,27
12,2019,3.0,27
1,2020,3.0,27
2,2020,1.0,27
3,2020,1.0,27
4,2020,0.0,27
5,2020,0.0,27
6,2020,0.0,27
7,2020,0.0,27
8,2020,1.0,27
9,2020,0.0,27
10,2020,0.0,27
11,2020,0.0,27
12,2020,0.0,27
1,2021,0.0,27
2,2021,0.0,27
3,2021,0.0,27
4,2021,0.0,27
5,2021,0.0,27
6,2021,2.0,27
7,2021,0.0,27
8,2021,0.0,27
9,2021,0.0,27
10,2021,0.0,27
11,2021,0.0,27
12,2021,0.0,27
1,2022,0.0,27
2,2022,0.0,27
3,2022,0.0,27
4,2022,0.0,27
5,2022,0.0,27
6,2022,0.0,27
7,2022,0.0,27
8,2022,3.0,27
9,2022,0.0,27
10,2022,1.0,27
11,2022,0.0,27
12,2022,1.0,27
1,2023,1.0,27
2,2023,0.0,27
3,2023,0.0,27
4,2023,0.0,27
5,2023,0.0,27
6,2023,1.0,27
7,2023,0.0,27
8,2023,0.0,27
9,2023,2.0,27
10,2023,0.0,27
11,2023,0.0,27
12,2023,0.0,27
1,2024,0.0,27
2,2024,1.0,27
3,2024,0.0,27
4,2024,1.0,27
5,2024,1.0,27
6,2024,0.0,27
7,2024,1.0,27
8,2024,0.0,27
9,2024,1.0,27
10,2024,1.0,27
11,2024,6.0,27
12,2024,7.0,27
1,2010,0.0,28
2,2010,0.0,28
3,2010,0.0,28
4,2010,0.0,28
5,2010,0.0,28
6,2010,0.0,28
7,2010,0.0,28
8,2010,1.0,28
9,2010,1.0,28
10,2010,4.0,28
11,2010,3.0,28
12,2010,2.0,28
1,2011,0.0,28
2,2011,0.0,28
3,2011,0.0,28
4,2011,0.0,28
5,2011,0.0,28
6,2011,0.0,28
7,2011,0.0,28
8,2011,0.0,28
9,2011,1.0,28
10,2011,2.0,28
11,2011,1.0,28
12,2011,0.0,28
1,2012,0.0,28
2,2012,1.0,28
3,2012,1.0,28
4,2012,0.0,28
5,2012,0.0,28
6,2012,0.0,28
7,2012,0.0,28
8,2012,2.0,28
9,2012,3.0,28
10,2012,0.0,28
11,2012,0.0,28
12,2012,1.0,28
1,2013,0.0,28
2,2013,1.0,28
3,2013,0.0,28
4,2013,0.0,28
5,2013,0.0,28
6,2013,0.0,28
7,2013,2.0,28
8,2013,2.0,28
9,2013,2.0,28
10,2013,2.0,28
11,2013,0.0,28
12,2013,0.0,28
1,2014,0.0,28
2,2014,1.0,28
3,2014,1.0,28
4,2014,0.0,28
5,2014,0.0,28
6,2014,0.0,28
7,2014,0.0,28
8,2014,2.0,28
9,2014,3.0,28
10,2014,0.0,28
11,2014,0.0,28
12,2014,1.0,28
1,2015,2.0,28
2,2015,2.0,28
3,2015,1.0,28
4,2015,0.0,28
5,2015,1.0,28
6,2015,2.0,28
7,2015,4.0,28
8,2015,5.0,28
9,2015,9.0,28
10,2015,7.0,28
11,2015,2.0,28
12,2015,0.0,28
1,2016,0.0,28
2,2016,0.0,28
3,2016,3.0,28
4,2016,1.0,28
5,2016,1.0,28
6,2016,0.0,28
7,2016,1.0,28
8,2016,1.0,28
9,2016,1.0,28
10,2016,0.0,28
11,2016,0.0,28
12,2016,0.0,28
1,2017,1.0,28
2,2017,0.0,28
3,2017,0.0,28
4,2017,0.0,28
5,2017,0.0,28
6,2017,1.0,28
7,2017,0.0,28
8,2017,2.0,28
9,2017,1.0,28
10,2017,1.0,28
11,2017,0.0,28
12,2017,0.0,28
1,2018,1.0,28
2,2018,0.0,28
3,2018,1.0,28
4,2018,0.0,28
5,2018,0.0,28
6,2018,0.0,28
7,2018,0.0,28
8,2018,6.0,28
9,2018,3.0,28
10,2018,7.0,28
11,2018,9.0,28
12,2018,1.0,28
1,2019,2.0,28
2,2019,1.0,28
3,2019,0.0,28
4,2019,7.0,28
5,2019,2.0,28
6,2019,7.0,28
7,2019,120.0,28
8,2019,47.0,28
9,2019,21.0,28
10,2019,9.0,28
11,2019,7.0,28
12,2019,1.0,28
1,2020,0.0,28
2,2020,0.0,28
3,2020,2.0,28
4,2020,0.0,28
5,2020,0.0,28
6,2020,1.0,28
7,2020,1.0,28
8,2020,0.0,28
9,2020,0.0,28
10,2020,0.0,28
11,2020,0.0,28
12,2020,0.0,28
1,2021,2.0,28
2,2021,0.0,28
3,2021,0.0,28
4,2021,0.0,28
5,2021,0.0,28
6,2021,0.0,28
7,2021,2.0,28
8,2021,0.0,28
9,2021,0.0,28
10,2021,0.0,28
11,2021,0.0,28
12,2021,0.0,28
1,2022,0.0,28
2,2022,0.0,28
3,2022,0.0,28
4,2022,0.0,28
5,2022,0.0,28
6,2022,0.0,28
7,2022,1.0,28
8,2022,0.0,28
9,2022,1.0,28
10,2022,0.0,28
11,2022,0.0,28
12,2022,3.0,28
1,2023,1.0,28
2,2023,0.0,28
3,2023,0.0,28
4,2023,1.0,28
5,2023,0.0,28
6,2023,2.0,28
7,2023,1.0,28
8,2023,2.0,28
9,2023,0.0,28
10,2023,0.0,28
11,2023,0.0,28
12,2023,0.0,28
1,2024,0.0,28
2,2024,1.0,28
3,2024,0.0,28
4,2024,0.0,28
5,2024,1.0,28
6,2024,1.0,28
7,2024,0.0,28
8,2024,1.0,28
9,2024,1.0,28
10,2024,5.0,28
11,2024,3.0,28
12,2024,2.0,28
1,2010,0.0,29
2,2010,0.0,29
3,2010,0.0,29
4,2010,0.0,29
5,2010,0.0,29
6,2010,0.0,29
7,2010,0.0,29
8,2010,6.0,29
9,2010,6.0,29
10,2010,7.0,29
11,2010,5.0,29
12,2010,1.0,29
1,2011,4.0,29
2,2011,2.0,29
3,2011,3.0,29
4,2011,0.0,29
5,2011,0.0,29
6,2011,1.0,29
7,2011,4.0,29
8,2011,5.0,29
9,2011,8.0,29
10,2011,5.0,29
11,2011,4.0,29
12,2011,1.0,29
1,2012,3.0,29
2,2012,1.0,29
3,2012,1.0,29
4,2012,0.0,29
5,2012,0.0,29
6,2012,0.0,29
7,2012,0.0,29
8,2012,1.0,29
9,2012,6.0,29
10,2012,2.0,29
11,2012,4.0,29
12,2012,1.0,29
1,2013,0.0,29
2,2013,0.0,29
3,2013,0.0,29
4,2013,0.0,29
5,2013,1.0,29
6,2013,0.0,29
7,2013,0.0,29
8,2013,1.0,29
9,2013,10.0,29
10,2013,5.0,29
11,2013,2.0,29
12,2013,1.0,29
1,2014,3.0,29
2,2014,1.0,29
3,2014,1.0,29
4,2014,0.0,29
5,2014,0.0,29
6,2014,0.0,29
7,2014,0.0,29
8,2014,1.0,29
9,2014,6.0,29
10,2014,2.0,29
11,2014,4.0,29
12,2014,1.0,29
1,2015,3.0,29
2,2015,2.0,29
3,2015,2.0,29
4,2015,3.0,29
5,2015,0.0,29
6,2015,3.0,29
7,2015,6.0,29
8,2015,18.0,29
9,2015,30.0,29
10,2015,22.0,29
11,2015,7.0,29
12,2015,2.0,29
1,2016,2.0,29
2,2016,2.0,29
3,2016,0.0,29
4,2016,0.0,29
5,2016,0.0,29
6,2016,0.0,29
7,2016,1.0,29
8,2016,1.0,29
9,2016,0.0,29
10,2016,2.0,29
11,2016,4.0,29
12,2016,1.0,29
1,2017,1.0,29
2,2017,1.0,29
3,2017,0.0,29
4,2017,1.0,29
5,2017,0.0,29
6,2017,0.0,29
7,2017,4.0,29
8,2017,2.0,29
9,2017,2.0,29
10,2017,2.0,29
11,2017,5.0,29
12,2017,4.0,29
1,2018,3.0,29
2,2018,5.0,29
3,2018,2.0,29
4,2018,1.0,29
5,2018,0.0,29
6,2018,1.0,29
7,2018,1.0,29
8,2018,1.0,29
9,2018,6.0,29
10,2018,11.0,29
11,2018,17.0,29
12,2018,11.0,29
1,2019,7.0,29
2,2019,6.0,29
3,2019,6.0,29
4,2019,1.0,29
5,2019,3.0,29
6,2019,8.0,29
7,2019,48.0,29
8,2019,93.0,29
9,2019,69.0,29
10,2019,27.0,29
11,2019,20.0,29
12,2019,2.0,29
1,2020,7.0,29
2,2020,2.0,29
3,2020,0.0,29
4,2020,0.0,29
5,2020,0.0,29
6,2020,0.0,29
7,2020,0.0,29
8,2020,0.0,29
9,2020,0.0,29
10,2020,0.0,29
11,2020,0.0,29
12,2020,1.0,29
1,2021,8.0,29
2,2021,4.0,29
3,2021,0.0,29
4,2021,0.0,29
5,2021,0.0,29
6,2021,0.0,29
7,2021,0.0,29
8,2021,1.0,29
9,2021,1.0,29
10,2021,3.0,29
11,2021,0.0,29
12,2021,2.0,29
1,2022,0.0,29
2,2022,0.0,29
3,2022,2.0,29
4,2022,1.0,29
5,2022,1.0,29
6,2022,2.0,29
7,2022,2.0,29
8,2022,3.0,29
9,2022,0.0,29
10,2022,6.0,29
11,2022,4.0,29
12,2022,0.0,29
1,2023,0.0,29
2,2023,1.0,29
3,2023,1.0,29
4,2023,0.0,29
5,2023,0.0,29
6,2023,1.0,29
7,2023,1.0,29
8,2023,3.0,29
9,2023,0.0,29
10,2023,2.0,29
11,2023,4.0,29
12,2023,4.0,29
1,2024,2.0,29
2,2024,0.0,29
3,2024,1.0,29
4,2024,3.0,29
5,2024,0.0,29
6,2024,3.0,29
7,2024,3.0,29
8,2024,5.0,29
9,2024,7.0,29
10,2024,21.0,29
11,2024,26.0,29
12,2024,23.0,29
1,2010,0.0,30
2,2010,0.0,30
3,2010,0.0,30
4,2010,0.0,30
5,2010,0.0,30
6,2010,0.0,30
7,2010,14.0,30
8,2010,3.0,30
9,2010,0.0,30
10,2010,0.0,30
11,2010,0.0,30
12,2010,0.0,30
1,2011,0.0,30
2,2011,0.0,30
3,2011,0.0,30
4,2011,0.0,30
5,2011,0.0,30
6,2011,0.0,30
7,2011,0.0,30
8,2011,0.0,30
9,2011,0.0,30
10,2011,1.0,30
11,2011,0.0,30
12,2011,0.0,30
1,2012,0.0,30
2,2012,0.0,30
3,2012,0.0,30
4,2012,0.0,30
5,2012,0.0,30
6,2012,2.0,30
7,2012,0.0,30
8,2012,0.0,30
9,2012,1.0,30
10,2012,0.0,30
11,2012,0.0,30
12,2012,0.0,30
1,2013,0.0,30
2,2013,0.0,30
3,2013,0.0,30
4,2013,0.0,30
5,2013,0.0,30
6,2013,0.0,30
7,2013,1.0,30
8,2013,0.0,30
9,2013,0.0,30
10,2013,0.0,30
11,2013,0.0,30
12,2013,0.0,30
1,2014,0.0,30
2,2014,0.0,30
3,2014,0.0,30
4,2014,0.0,30
5,2014,0.0,30
6,2014,2.0,30
7,2014,0.0,30
8,2014,0.0,30
9,2014,1.0,30
10,2014,0.0,30
11,2014,0.0,30
12,2014,0.0,30
1,2015,0.0,30
2,2015,0.0,30
3,2015,0.0,30
4,2015,1.0,30
5,2015,0.0,30
6,2015,0.0,30
7,2015,0.0,30
8,2015,0.0,30
9,2015,3.0,30
10,2015,2.0,30
11,2015,1.0,30
12,2015,1.0,30
1,2016,,30
2,2016,,30
3,2016,,30
4,2016,,30
5,2016,,30
6,2016,,30
7,2016,,30
8,2016,,30
9,2016,,30
10,2016,,30
11,2016,,30
12,2016,,30
1,2017,0.0,30
2,2017,0.0,30
3,2017,0.0,30
4,2017,0.0,30
5,2017,0.0,30
6,2017,0.0,30
7,2017,0.0,30
8,2017,0.0,30
9,2017,0.0,30
10,2017,0.0,30
11,2017,1.0,30
12,2017,0.0,30
1,2018,0.0,30
2,2018,0.0,30
3,2018,0.0,30
4,2018,0.0,30
5,2018,0.0,30
6,2018,0.0,30
7,2018,0.0,30
8,2018,1.0,30
9,2018,0.0,30
10,2018,0.0,30
11,2018,0.0,30
12,2018,1.0,30
1,2019,1.0,30
2,2019,1.0,30
3,2019,0.0,30
4,2019,0.0,30
5,2019,0.0,30
6,2019,0.0,30
7,2019,5.0,30
8,2019,3.0,30
9,2019,1.0,30
10,2019,2.0,30
11,2019,0.0,30
12,2019,0.0,30
1,2020,0.0,30
2,2020,0.0,30
3,2020,0.0,30
4,2020,0.0,30
5,2020,0.0,30
6,2020,0.0,30
7,2020,0.0,30
8,2020,0.0,30
9,2020,0.0,30
10,2020,0.0,30
11,2020,0.0,30
12,2020,0.0,30
1,2021,0.0,30
2,2021,0.0,30
3,2021,0.0,30
4,2021,0.0,30
5,2021,0.0,30
6,2021,0.0,30
7,2021,0.0,30
8,2021,0.0,30
9,2021,0.0,30
10,2021,0.0,30
11,2021,0.0,30
12,2021,0.0,30
1,2022,0.0,30
2,2022,0.0,30
3,2022,2.0,30
4,2022,1.0,30
5,2022,1.0,30
6,2022,2.0,30
7,2022,2.0,30
8,2022,3.0,30
9,2022,5.0,30
10,2022,0.0,30
11,2022,4.0,30
12,2022,0.0,30
1,2023,0.0,30
2,2023,0.0,30
3,2023,0.0,30
4,2023,0.0,30
5,2023,0.0,30
6,2023,0.0,30
7,2023,0.0,30
8,2023,1.0,30
9,2023,0.0,30
10,2023,0.0,30
11,2023,0.0,30
12,2023,0.0,30
1,2024,0.0,30
2,2024,0.0,30
3,2024,1.0,30
4,2024,0.0,30
5,2024,0.0,30
6,2024,0.0,30
7,2024,0.0,30
8,2024,0.0,30
9,2024,0.0,30
10,2024,0.0,30
11,2024,2.0,30
12,2024,2.0,30
1,2010,1.0,31
2,2010,0.0,31
3,2010,0.0,31
4,2010,0.0,31
5,2010,0.0,31
6,2010,0.0,31
7,2010,0.0,31
8,2010,8.0,31
9,2010,2.0,31
10,2010,2.0,31
11,2010,2.0,31
12,2010,5.0,31
1,2011,2.0,31
2,2011,4.0,31
3,2011,2.0,31
4,2011,0.0,31
5,2011,0.0,31
6,2011,1.0,31
7,2011,0.0,31
8,2011,11.0,31
9,2011,1.0,31
10,2011,1.0,31
11,2011,0.0,31
12,2011,0.0,31
1,2012,0.0,31
2,2012,1.0,31
3,2012,1.0,31
4,2012,0.0,31
5,2012,0.0,31
6,2012,1.0,31
7,2012,2.0,31
8,2012,3.0,31
9,2012,1.0,31
10,2012,1.0,31
11,2012,0.0,31
12,2012,1.0,31
1,2013,1.0,31
2,2013,0.0,31
3,2013,0.0,31
4,2013,1.0,31
5,2013,0.0,31
6,2013,2.0,31
7,2013,3.0,31
8,2013,8.0,31
9,2013,13.0,31
10,2013,3.0,31
11,2013,4.0,31
12,2013,1.0,31
1,2014,0.0,31
2,2014,1.0,31
3,2014,1.0,31
4,2014,0.0,31
5,2014,0.0,31
6,2014,1.0,31
7,2014,2.0,31
8,2014,3.0,31
9,2014,1.0,31
10,2014,1.0,31
11,2014,0.0,31
12,2014,1.0,31
1,2015,1.0,31
2,2015,1.0,31
3,2015,1.0,31
4,2015,0.0,31
5,2015,0.0,31
6,2015,0.0,31
7,2015,1.0,31
8,2015,11.0,31
9,2015,8.0,31
10,2015,11.0,31
11,2015,3.0,31
12,2015,0.0,31
1,2016,0.0,31
2,2016,0.0,31
3,2016,0.0,31
4,2016,0.0,31
5,2016,0.0,31
6,2016,0.0,31
7,2016,3.0,31
8,2016,1.0,31
9,2016,0.0,31
10,2016,2.0,31
11,2016,0.0,31
12,2016,4.0,31
1,2017,0.0,31
2,2017,0.0,31
3,2017,0.0,31
4,2017,0.0,31
5,2017,0.0,31
6,2017,1.0,31
7,2017,1.0,31
8,2017,1.0,31
9,2017,1.0,31
10,2017,3.0,31
11,2017,1.0,31
12,2017,0.0,31
1,2018,2.0,31
2,2018,1.0,31
3,2018,0.0,31
4,2018,0.0,31
5,2018,0.0,31
6,2018,2.0,31
7,2018,0.0,31
8,2018,0.0,31
9,2018,0.0,31
10,2018,4.0,31
11,2018,3.0,31
12,2018,8.0,31
1,2019,4.0,31
2,2019,4.0,31
3,2019,1.0,31
4,2019,0.0,31
5,2019,1.0,31
6,2019,0.0,31
7,2019,13.0,31
8,2019,24.0,31
9,2019,10.0,31
10,2019,9.0,31
11,2019,3.0,31
12,2019,3.0,31
1,2020,2.0,31
2,2020,3.0,31
3,2020,0.0,31
4,2020,0.0,31
5,2020,0.0,31
6,2020,0.0,31
7,2020,1.0,31
8,2020,0.0,31
9,2020,0.0,31
10,2020,0.0,31
11,2020,0.0,31
12,2020,1.0,31
1,2021,0.0,31
2,2021,0.0,31
3,2021,0.0,31
4,2021,0.0,31
5,2021,0.0,31
6,2021,0.0,31
7,2021,2.0,31
8,2021,1.0,31
9,2021,0.0,31
10,2021,0.0,31
11,2021,1.0,31
12,2021,1.0,31
1,2022,0.0,31
2,2022,0.0,31
3,2022,1.0,31
4,2022,1.0,31
5,2022,0.0,31
6,2022,0.0,31
7,2022,0.0,31
8,2022,0.0,31
9,2022,0.0,31
10,2022,2.0,31
11,2022,0.0,31
12,2022,0.0,31
1,2023,1.0,31
2,2023,0.0,31
3,2023,0.0,31
4,2023,0.0,31
5,2023,1.0,31
6,2023,0.0,31
7,2023,0.0,31
8,2023,0.0,31
9,2023,0.0,31
10,2023,1.0,31
11,2023,0.0,31
12,2023,0.0,31
1,2024,0.0,31
2,2024,0.0,31
3,2024,0.0,31
4,2024,0.0,31
5,2024,0.0,31
6,2024,1.0,31
7,2024,0.0,31
8,2024,3.0,31
9,2024,4.0,31
10,2024,4.0,31
11,2024,6.0,31
12,2024,0.0,31
1,2010,0.0,32
2,2010,0.0,32
3,2010,0.0,32
4,2010,0.0,32
5,2010,0.0,32
6,2010,0.0,32
7,2010,5.0,32
8,2010,20.0,32
9,2010,17.0,32
10,2010,11.0,32
11,2010,3.0,32
12,2010,2.0,32
1,2011,0.0,32
2,2011,2.0,32
3,2011,2.0,32
4,2011,0.0,32
5,2011,0.0,32
6,2011,0.0,32
7,2011,2.0,32
8,2011,4.0,32
9,2011,1.0,32
10,2011,1.0,32
11,2011,2.0,32
12,2011,0.0,32
1,2012,2.0,32
2,2012,0.0,32
3,2012,0.0,32
4,2012,0.0,32
5,2012,0.0,32
6,2012,0.0,32
7,2012,3.0,32
8,2012,5.0,32
9,2012,11.0,32
10,2012,3.0,32
11,2012,0.0,32
12,2012,7.0,32
1,2013,0.0,32
2,2013,0.0,32
3,2013,0.0,32
4,2013,0.0,32
5,2013,1.0,32
6,2013,0.0,32
7,2013,1.0,32
8,2013,2.0,32
9,2013,1.0,32
10,2013,0.0,32
11,2013,1.0,32
12,2013,1.0,32
1,2014,2.0,32
2,2014,0.0,32
3,2014,0.0,32
4,2014,0.0,32
5,2014,0.0,32
6,2014,0.0,32
7,2014,3.0,32
8,2014,5.0,32
9,2014,11.0,32
10,2014,3.0,32
11,2014,0.0,32
12,2014,7.0,32
1,2015,0.0,32
2,2015,0.0,32
3,2015,0.0,32
4,2015,1.0,32
5,2015,0.0,32
6,2015,1.0,32
7,2015,4.0,32
8,2015,10.0,32
9,2015,12.0,32
10,2015,19.0,32
11,2015,8.0,32
12,2015,3.0,32
1,2016,2.0,32
2,2016,1.0,32
3,2016,0.0,32
4,2016,0.0,32
5,2016,1.0,32
6,2016,0.0,32
7,2016,1.0,32
8,2016,0.0,32
9,2016,0.0,32
10,2016,1.0,32
11,2016,2.0,32
12,2016,2.0,32
1,2017,1.0,32
2,2017,1.0,32
3,2017,0.0,32
4,2017,0.0,32
5,2017,0.0,32
6,2017,0.0,32
7,2017,2.0,32
8,2017,4.0,32
9,2017,6.0,32
10,2017,5.0,32
11,2017,2.0,32
12,2017,1.0,32
1,2018,5.0,32
2,2018,2.0,32
3,2018,2.0,32
4,2018,0.0,32
5,2018,0.0,32
6,2018,1.0,32
7,2018,2.0,32
8,2018,0.0,32
9,2018,1.0,32
10,2018,4.0,32
11,2018,5.0,32
12,2018,6.0,32
1,2019,3.0,32
2,2019,2.0,32
3,2019,1.0,32
4,2019,1.0,32
5,2019,2.0,32
6,2019,6.0,32
7,2019,27.0,32
8,2019,17.0,32
9,2019,14.0,32
10,2019,6.0,32
11,2019,5.0,32
12,2019,0.0,32
1,2020,1.0,32
2,2020,0.0,32
3,2020,1.0,32
4,2020,0.0,32
5,2020,0.0,32
6,2020,0.0,32
7,2020,0.0,32
8,2020,0.0,32
9,2020,0.0,32
10,2020,0.0,32
11,2020,0.0,32
12,2020,0.0,32
1,2021,2.0,32
2,2021,3.0,32
3,2021,0.0,32
4,2021,0.0,32
5,2021,0.0,32
6,2021,0.0,32
7,2021,1.0,32
8,2021,2.0,32
9,2021,0.0,32
10,2021,1.0,32
11,2021,5.0,32
12,2021,0.0,32
1,2022,0.0,32
2,2022,0.0,32
3,2022,0.0,32
4,2022,0.0,32
5,2022,0.0,32
6,2022,1.0,32
7,2022,0.0,32
8,2022,0.0,32
9,2022,0.0,32
10,2022,1.0,32
11,2022,0.0,32
12,2022,0.0,32
1,2023,2.0,32
2,2023,1.0,32
3,2023,1.0,32
4,2023,0.0,32
5,2023,1.0,32
6,2023,0.0,32
7,2023,0.0,32
8,2023,2.0,32
9,2023,0.0,32
10,2023,1.0,32
11,2023,2.0,32
12,2023,1.0,32
1,2024,2.0,32
2,2024,0.0,32
3,2024,0.0,32
4,2024,0.0,32
5,2024,0.0,32
6,2024,1.0,32
7,2024,1.0,32
8,2024,1.0,32
9,2024,2.0,32
10,2024,6.0,32
11,2024,4.0,32
12,2024,4.0,32
1,2010,0.0,33
2,2010,0.0,33
3,2010,0.0,33
4,2010,0.0,33
5,2010,0.0,33
6,2010,0.0,33
7,2010,0.0,33
8,2010,0.0,33
9,2010,8.0,33
10,2010,6.0,33
11,2010,4.0,33
12,2010,9.0,33
1,2011,6.0,33
2,2011,3.0,33
3,2011,2.0,33
4,2011,1.0,33
5,2011,0.0,33
6,2011,0.0,33
7,2011,0.0,33
8,2011,1.0,33
9,2011,4.0,33
10,2011,3.0,33
11,2011,0.0,33
12,2011,0.0,33
1,2012,2.0,33
2,2012,4.0,33
3,2012,0.0,33
4,2012,0.0,33
5,2012,2.0,33
6,2012,1.0,33
7,2012,4.0,33
8,2012,7.0,33
9,2012,9.0,33
10,2012,3.0,33
11,2012,0.0,33
12,2012,0.0,33
1,2013,1.0,33
2,2013,0.0,33
3,2013,0.0,33
4,2013,0.0,33
5,2013,0.0,33
6,2013,0.0,33
7,2013,3.0,33
8,2013,2.0,33
9,2013,3.0,33
10,2013,3.0,33
11,2013,3.0,33
12,2013,0.0,33
1,2014,2.0,33
2,2014,4.0,33
3,2014,0.0,33
4,2014,0.0,33
5,2014,2.0,33
6,2014,1.0,33
7,2014,4.0,33
8,2014,7.0,33
9,2014,9.0,33
10,2014,3.0,33
11,2014,0.0,33
12,2014,0.0,33
1,2015,2.0,33
2,2015,0.0,33
3,2015,1.0,33
4,2015,0.0,33
5,2015,0.0,33
6,2015,0.0,33
7,2015,1.0,33
8,2015,3.0,33
9,2015,8.0,33
10,2015,12.0,33
11,2015,4.0,33
12,2015,0.0,33
1,2016,1.0,33
2,2016,2.0,33
3,2016,0.0,33
4,2016,1.0,33
5,2016,0.0,33
6,2016,0.0,33
7,2016,1.0,33
8,2016,1.0,33
9,2016,2.0,33
10,2016,4.0,33
11,2016,0.0,33
12,2016,1.0,33
1,2017,0.0,33
2,2017,0.0,33
3,2017,0.0,33
4,2017,0.0,33
5,2017,0.0,33
6,2017,0.0,33
7,2017,0.0,33
8,2017,4.0,33
9,2017,1.0,33
10,2017,3.0,33
11,2017,3.0,33
12,2017,7.0,33
1,2018,2.0,33
2,2018,0.0,33
3,2018,0.0,33
4,2018,0.0,33
5,2018,0.0,33
6,2018,0.0,33
7,2018,1.0,33
8,2018,1.0,33
9,2018,1.0,33
10,2018,0.0,33
11,2018,2.0,33
12,2018,3.0,33
1,2019,10.0,33
2,2019,1.0,33
3,2019,2.0,33
4,2019,0.0,33
5,2019,0.0,33
6,2019,3.0,33
7,2019,14.0,33
8,2019,18.0,33
9,2019,15.0,33
10,2019,11.0,33
11,2019,3.0,33
12,2019,5.0,33
1,2020,2.0,33
2,2020,0.0,33
3,2020,0.0,33
4,2020,0.0,33
5,2020,0.0,33
6,2020,0.0,33
7,2020,0.0,33
8,2020,1.0,33
9,2020,0.0,33
10,2020,0.0,33
11,2020,0.0,33
12,2020,0.0,33
1,2021,0.0,33
2,2021,0.0,33
3,2021,0.0,33
4,2021,0.0,33
5,2021,0.0,33
6,2021,0.0,33
7,2021,1.0,33
8,2021,0.0,33
9,2021,0.0,33
10,2021,1.0,33
11,2021,1.0,33
12,2021,1.0,33
1,2022,0.0,33
2,2022,1.0,33
3,2022,0.0,33
4,2022,1.0,33
5,2022,0.0,33
6,2022,0.0,33
7,2022,1.0,33
8,2022,1.0,33
9,2022,1.0,33
10,2022,1.0,33
11,2022,0.0,33
12,2022,0.0,33
1,2023,2.0,33
2,2023,0.0,33
3,2023,0.0,33
4,2023,0.0,33
5,2023,1.0,33
6,2023,0.0,33
7,2023,1.0,33
8,2023,0.0,33
9,2023,0.0,33
10,2023,0.0,33
11,2023,0.0,33
12,2023,1.0,33
1,2024,0.0,33
2,2024,0.0,33
3,2024,0.0,33
4,2024,0.0,33
5,2024,2.0,33
6,2024,0.0,33
7,2024,3.0,33
8,2024,1.0,33
9,2024,6.0,33
10,2024,12.0,33
11,2024,9.0,33
12,2024,9.0,33
1,2010,0.0,34
2,2010,0.0,34
3,2010,0.0,34
4,2010,0.0,34
5,2010,0.0,34
6,2010,0.0,34
7,2010,0.0,34
8,2010,0.0,34
9,2010,1.0,34
10,2010,0.0,34
11,2010,0.0,34
12,2010,1.0,34
1,2011,2.0,34
2,2011,0.0,34
3,2011,0.0,34
4,2011,0.0,34
5,2011,0.0,34
6,2011,0.0,34
7,2011,0.0,34
8,2011,3.0,34
9,2011,0.0,34
10,2011,0.0,34
11,2011,1.0,34
12,2011,0.0,34
1,2012,0.0,34
2,2012,0.0,34
3,2012,0.0,34
4,2012,0.0,34
5,2012,0.0,34
6,2012,0.0,34
7,2012,0.0,34
8,2012,0.0,34
9,2012,0.0,34
10,2012,1.0,34
11,2012,0.0,34
12,2012,1.0,34
1,2013,1.0,34
2,2013,0.0,34
3,2013,0.0,34
4,2013,0.0,34
5,2013,0.0,34
6,2013,0.0,34
7,2013,0.0,34
8,2013,0.0,34
9,2013,0.0,34
10,2013,0.0,34
11,2013,2.0,34
12,2013,0.0,34
1,2014,0.0,34
2,2014,0.0,34
3,2014,0.0,34
4,2014,0.0,34
5,2014,0.0,34
6,2014,0.0,34
7,2014,0.0,34
8,2014,0.0,34
9,2014,0.0,34
10,2014,1.0,34
11,2014,0.0,34
12,2014,1.0,34
1,2015,0.0,34
2,2015,0.0,34
3,2015,2.0,34
4,2015,0.0,34
5,2015,0.0,34
6,2015,0.0,34
7,2015,0.0,34
8,2015,2.0,34
9,2015,2.0,34
10,2015,3.0,34
11,2015,2.0,34
12,2015,0.0,34
1,2016,0.0,34
2,2016,0.0,34
3,2016,0.0,34
4,2016,0.0,34
5,2016,0.0,34
6,2016,0.0,34
7,2016,0.0,34
8,2016,0.0,34
9,2016,1.0,34
10,2016,0.0,34
11,2016,0.0,34
12,2016,0.0,34
1,2017,0.0,34
2,2017,0.0,34
3,2017,0.0,34
4,2017,0.0,34
5,2017,0.0,34
6,2017,0.0,34
7,2017,1.0,34
8,2017,0.0,34
9,2017,0.0,34
10,2017,2.0,34
11,2017,0.0,34
12,2017,1.0,34
1,2018,2.0,34
2,2018,0.0,34
3,2018,0.0,34
4,2018,0.0,34
5,2018,0.0,34
6,2018,0.0,34
7,2018,0.0,34
8,2018,0.0,34
9,2018,1.0,34
10,2018,2.0,34
11,2018,4.0,34
12,2018,1.0,34
1,2019,1.0,34
2,2019,1.0,34
3,2019,0.0,34
4,2019,0.0,34
5,2019,0.0,34
6,2019,0.0,34
7,2019,0.0,34
8,2019,6.0,34
9,2019,4.0,34
10,2019,1.0,34
11,2019,9.0,34
12,2019,6.0,34
1,2020,3.0,34
2,2020,2.0,34
3,2020,0.0,34
4,2020,0.0,34
5,2020,0.0,34
6,2020,0.0,34
7,2020,0.0,34
8,2020,0.0,34
9,2020,0.0,34
10,2020,0.0,34
11,2020,0.0,34
12,2020,0.0,34
1,2021,2.0,34
2,2021,1.0,34
3,2021,0.0,34
4,2021,0.0,34
5,2021,0.0,34
6,2021,0.0,34
7,2021,0.0,34
8,2021,0.0,34
9,2021,0.0,34
10,2021,0.0,34
11,2021,0.0,34
12,2021,0.0,34
1,2022,0.0,34
2,2022,0.0,34
3,2022,0.0,34
4,2022,0.0,34
5,2022,0.0,34
6,2022,0.0,34
7,2022,0.0,34
8,2022,0.0,34
9,2022,0.0,34
10,2022,0.0,34
11,2022,0.0,34
12,2022,1.0,34
1,2023,0.0,34
2,2023,0.0,34
3,2023,0.0,34
4,2023,0.0,34
5,2023,0.0,34
6,2023,0.0,34
7,2023,1.0,34
8,2023,0.0,34
9,2023,0.0,34
10,2023,1.0,34
11,2023,0.0,34
12,2023,0.0,34
1,2024,0.0,34
2,2024,0.0,34
3,2024,0.0,34
4,2024,0.0,34
5,2024,0.0,34
6,2024,0.0,34
7,2024,0.0,34
8,2024,0.0,34
9,2024,0.0,34
10,2024,2.0,34
11,2024,2.0,34
12,2024,2.0,34
1,2010,0.0,35
2,2010,0.0,35
3,2010,0.0,35
4,2010,0.0,35
5,2010,0.0,35
6,2010,0.0,35
7,2010,0.0,35
8,2010,0.0,35
9,2010,0.0,35
10,2010,0.0,35
11,2010,0.0,35
12,2010,0.0,35
1,2011,1.0,35
2,2011,0.0,35
3,2011,0.0,35
4,2011,0.0,35
5,2011,0.0,35
6,2011,0.0,35
7,2011,0.0,35
8,2011,0.0,35
9,2011,0.0,35
10,2011,0.0,35
11,2011,0.0,35
12,2011,0.0,35
1,2012,0.0,35
2,2012,0.0,35
3,2012,0.0,35
4,2012,0.0,35
5,2012,0.0,35
6,2012,0.0,35
7,2012,0.0,35
8,2012,0.0,35
9,2012,0.0,35
10,2012,1.0,35
11,2012,0.0,35
12,2012,0.0,35
1,2013,0.0,35
2,2013,0.0,35
3,2013,0.0,35
4,2013,0.0,35
5,2013,0.0,35
6,2013,0.0,35
7,2013,0.0,35
8,2013,0.0,35
9,2013,0.0,35
10,2013,0.0,35
11,2013,0.0,35
12,2013,0.0,35
1,2014,0.0,35
2,2014,0.0,35
3,2014,0.0,35
4,2014,0.0,35
5,2014,0.0,35
6,2014,0.0,35
7,2014,0.0,35
8,2014,0.0,35
9,2014,0.0,35
10,2014,1.0,35
11,2014,0.0,35
12,2014,0.0,35
1,2015,0.0,35
2,2015,0.0,35
3,2015,1.0,35
4,2015,0.0,35
5,2015,0.0,35
6,2015,0.0,35
7,2015,1.0,35
8,2015,0.0,35
9,2015,3.0,35
10,2015,2.0,35
11,2015,5.0,35
12,2015,0.0,35
1,2016,0.0,35
2,2016,0.0,35
3,2016,0.0,35
4,2016,0.0,35
5,2016,0.0,35
6,2016,0.0,35
7,2016,0.0,35
8,2016,0.0,35
9,2016,0.0,35
10,2016,1.0,35
11,2016,1.0,35
12,2016,0.0,35
1,2017,0.0,35
2,2017,0.0,35
3,2017,0.0,35
4,2017,0.0,35
5,2017,0.0,35
6,2017,0.0,35
7,2017,0.0,35
8,2017,0.0,35
9,2017,0.0,35
10,2017,0.0,35
11,2017,1.0,35
12,2017,0.0,35
1,2018,0.0,35
2,2018,0.0,35
3,2018,0.0,35
4,2018,0.0,35
5,2018,0.0,35
6,2018,0.0,35
7,2018,0.0,35
8,2018,0.0,35
9,2018,0.0,35
10,2018,0.0,35
11,2018,1.0,35
12,2018,1.0,35
1,2019,1.0,35
2,2019,0.0,35
3,2019,0.0,35
4,2019,0.0,35
5,2019,0.0,35
6,2019,0.0,35
7,2019,3.0,35
8,2019,2.0,35
9,2019,11.0,35
10,2019,4.0,35
11,2019,5.0,35
12,2019,4.0,35
1,2020,0.0,35
2,2020,3.0,35
3,2020,0.0,35
4,2020,0.0,35
5,2020,0.0,35
6,2020,0.0,35
7,2020,0.0,35
8,2020,0.0,35
9,2020,0.0,35
10,2020,0.0,35
11,2020,0.0,35
12,2020,0.0,35
1,2021,1.0,35
2,2021,0.0,35
3,2021,0.0,35
4,2021,0.0,35
5,2021,0.0,35
6,2021,0.0,35
7,2021,0.0,35
8,2021,0.0,35
9,2021,1.0,35
10,2021,0.0,35
11,2021,0.0,35
12,2021,2.0,35
1,2022,0.0,35
2,2022,0.0,35
3,2022,0.0,35
4,2022,0.0,35
5,2022,0.0,35
6,2022,0.0,35
7,2022,0.0,35
8,2022,0.0,35
9,2022,0.0,35
10,2022,1.0,35
11,2022,0.0,35
12,2022,2.0,35
1,2023,0.0,35
2,2023,0.0,35
3,2023,0.0,35
4,2023,0.0,35
5,2023,1.0,35
6,2023,0.0,35
7,2023,1.0,35
8,2023,0.0,35
9,2023,0.0,35
10,2023,0.0,35
11,2023,0.0,35
12,2023,0.0,35
1,2024,0.0,35
2,2024,0.0,35
3,2024,0.0,35
4,2024,0.0,35
5,2024,0.0,35
6,2024,0.0,35
7,2024,1.0,35
8,2024,0.0,35
9,2024,0.0,35
10,2024,0.0,35
11,2024,1.0,35
12,2024,0.0,35
1,2010,0.0,36
2,2010,0.0,36
3,2010,0.0,36
4,2010,0.0,36
5,2010,0.0,36
6,2010,0.0,36
7,2010,0.0,36
8,2010,0.0,36
9,2010,0.0,36
10,2010,0.0,36
11,2010,0.0,36
12,2010,0.0,36
1,2011,0.0,36
2,2011,1.0,36
3,2011,0.0,36
4,2011,0.0,36
5,2011,0.0,36
6,2011,0.0,36
7,2011,0.0,36
8,2011,3.0,36
9,2011,0.0,36
10,2011,0.0,36
11,2011,0.0,36
12,2011,0.0,36
1,2012,1.0,36
2,2012,0.0,36
3,2012,0.0,36
4,2012,0.0,36
5,2012,0.0,36
6,2012,0.0,36
7,2012,2.0,36
8,2012,1.0,36
9,2012,4.0,36
10,2012,4.0,36
11,2012,1.0,36
12,2012,0.0,36
1,2013,0.0,36
2,2013,0.0,36
3,2013,0.0,36
4,2013,0.0,36
5,2013,0.0,36
6,2013,1.0,36
7,2013,3.0,36
8,2013,0.0,36
9,2013,0.0,36
10,2013,1.0,36
11,2013,1.0,36
12,2013,2.0,36
1,2014,1.0,36
2,2014,0.0,36
3,2014,0.0,36
4,2014,0.0,36
5,2014,0.0,36
6,2014,0.0,36
7,2014,2.0,36
8,2014,1.0,36
9,2014,4.0,36
10,2014,4.0,36
11,2014,1.0,36
12,2014,0.0,36
1,2015,0.0,36
2,2015,0.0,36
3,2015,0.0,36
4,2015,0.0,36
5,2015,0.0,36
6,2015,0.0,36
7,2015,1.0,36
8,2015,1.0,36
9,2015,9.0,36
10,2015,7.0,36
11,2015,0.0,36
12,2015,1.0,36
1,2016,1.0,36
2,2016,0.0,36
3,2016,0.0,36
4,2016,0.0,36
5,2016,0.0,36
6,2016,0.0,36
7,2016,0.0,36
8,2016,0.0,36
9,2016,1.0,36
10,2016,2.0,36
11,2016,1.0,36
12,2016,1.0,36
1,2017,0.0,36
2,2017,0.0,36
3,2017,0.0,36
4,2017,0.0,36
5,2017,0.0,36
6,2017,1.0,36
7,2017,0.0,36
8,2017,0.0,36
9,2017,0.0,36
10,2017,0.0,36
11,2017,0.0,36
12,2017,0.0,36
1,2018,1.0,36
2,2018,1.0,36
3,2018,0.0,36
4,2018,0.0,36
5,2018,0.0,36
6,2018,0.0,36
7,2018,0.0,36
8,2018,2.0,36
9,2018,3.0,36
10,2018,0.0,36
11,2018,4.0,36
12,2018,0.0,36
1,2019,0.0,36
2,2019,1.0,36
3,2019,1.0,36
4,2019,0.0,36
5,2019,0.0,36
6,2019,0.0,36
7,2019,0.0,36
8,2019,7.0,36
9,2019,8.0,36
10,2019,1.0,36
11,2019,1.0,36
12,2019,1.0,36
1,2020,0.0,36
2,2020,1.0,36
3,2020,0.0,36
4,2020,0.0,36
5,2020,0.0,36
6,2020,0.0,36
7,2020,0.0,36
8,2020,0.0,36
9,2020,0.0,36
10,2020,0.0,36
11,2020,0.0,36
12,2020,0.0,36
1,2021,1.0,36
2,2021,1.0,36
3,2021,0.0,36
4,2021,0.0,36
5,2021,0.0,36
6,2021,0.0,36
7,2021,1.0,36
8,2021,0.0,36
9,2021,0.0,36
10,2021,1.0,36
11,2021,0.0,36
12,2021,0.0,36
1,2022,0.0,36
2,2022,0.0,36
3,2022,0.0,36
4,2022,0.0,36
5,2022,0.0,36
6,2022,1.0,36
7,2022,1.0,36
8,2022,0.0,36
9,2022,0.0,36
10,2022,1.0,36
11,2022,0.0,36
12,2022,0.0,36
1,2023,1.0,36
2,2023,0.0,36
3,2023,0.0,36
4,2023,0.0,36
5,2023,0.0,36
6,2023,0.0,36
7,2023,0.0,36
8,2023,1.0,36
9,2023,0.0,36
10,2023,0.0,36
11,2023,0.0,36
12,2023,0.0,36
1,2024,0.0,36
2,2024,0.0,36
3,2024,0.0,36
4,2024,1.0,36
5,2024,0.0,36
6,2024,0.0,36
7,2024,0.0,36
8,2024,6.0,36
9,2024,4.0,36
10,2024,5.0,36
11,2024,2.0,36
12,2024,1.0,36
1,2010,0.0,37
2,2010,0.0,37
3,2010,0.0,37
4,2010,1.0,37
5,2010,0.0,37
6,2010,0.0,37
7,2010,0.0,37
8,2010,0.0,37
9,2010,0.0,37
10,2010,0.0,37
11,2010,0.0,37
12,2010,0.0,37
1,2011,0.0,37
2,2011,0.0,37
3,2011,0.0,37
4,2011,0.0,37
5,2011,0.0,37
6,2011,0.0,37
7,2011,0.0,37
8,2011,0.0,37
9,2011,0.0,37
10,2011,0.0,37
11,2011,0.0,37
12,2011,1.0,37
1,2012,0.0,37
2,2012,0.0,37
3,2012,0.0,37
4,2012,0.0,37
5,2012,0.0,37
6,2012,0.0,37
7,2012,2.0,37
8,2012,1.0,37
9,2012,3.0,37
10,2012,0.0,37
11,2012,0.0,37
12,2012,0.0,37
1,2013,0.0,37
2,2013,1.0,37
3,2013,1.0,37
4,2013,0.0,37
5,2013,0.0,37
6,2013,0.0,37
7,2013,0.0,37
8,2013,1.0,37
9,2013,0.0,37
10,2013,0.0,37
11,2013,0.0,37
12,2013,0.0,37
1,2014,0.0,37
2,2014,0.0,37
3,2014,0.0,37
4,2014,0.0,37
5,2014,0.0,37
6,2014,0.0,37
7,2014,2.0,37
8,2014,1.0,37
9,2014,3.0,37
10,2014,0.0,37
11,2014,0.0,37
12,2014,0.0,37
1,2015,0.0,37
2,2015,0.0,37
3,2015,0.0,37
4,2015,0.0,37
5,2015,0.0,37
6,2015,0.0,37
7,2015,2.0,37
8,2015,3.0,37
9,2015,1.0,37
10,2015,2.0,37
11,2015,0.0,37
12,2015,0.0,37
1,2016,1.0,37
2,2016,0.0,37
3,2016,0.0,37
4,2016,0.0,37
5,2016,0.0,37
6,2016,0.0,37
7,2016,0.0,37
8,2016,0.0,37
9,2016,1.0,37
10,2016,0.0,37
11,2016,0.0,37
12,2016,3.0,37
1,2017,0.0,37
2,2017,1.0,37
3,2017,0.0,37
4,2017,0.0,37
5,2017,0.0,37
6,2017,0.0,37
7,2017,0.0,37
8,2017,0.0,37
9,2017,0.0,37
10,2017,0.0,37
11,2017,0.0,37
12,2017,0.0,37
1,2018,0.0,37
2,2018,0.0,37
3,2018,0.0,37
4,2018,0.0,37
5,2018,0.0,37
6,2018,0.0,37
7,2018,0.0,37
8,2018,0.0,37
9,2018,0.0,37
10,2018,0.0,37
11,2018,1.0,37
12,2018,0.0,37
1,2019,0.0,37
2,2019,0.0,37
3,2019,0.0,37
4,2019,0.0,37
5,2019,0.0,37
6,2019,0.0,37
7,2019,2.0,37
8,2019,3.0,37
9,2019,6.0,37
10,2019,1.0,37
11,2019,1.0,37
12,2019,0.0,37
1,2020,4.0,37
2,2020,0.0,37
3,2020,0.0,37
4,2020,0.0,37
5,2020,0.0,37
6,2020,0.0,37
7,2020,0.0,37
8,2020,0.0,37
9,2020,0.0,37
10,2020,0.0,37
11,2020,1.0,37
12,2020,0.0,37
1,2021,1.0,37
2,2021,0.0,37
3,2021,0.0,37
4,2021,0.0,37
5,2021,0.0,37
6,2021,0.0,37
7,2021,0.0,37
8,2021,0.0,37
9,2021,0.0,37
10,2021,1.0,37
11,2021,0.0,37
12,2021,0.0,37
1,2022,0.0,37
2,2022,0.0,37
3,2022,0.0,37
4,2022,0.0,37
5,2022,0.0,37
6,2022,0.0,37
7,2022,0.0,37
8,2022,0.0,37
9,2022,1.0,37
10,2022,1.0,37
11,2022,0.0,37
12,2022,0.0,37
1,2023,0.0,37
2,2023,0.0,37
3,2023,1.0,37
4,2023,0.0,37
5,2023,1.0,37
6,2023,0.0,37
7,2023,0.0,37
8,2023,1.0,37
9,2023,0.0,37
10,2023,0.0,37
11,2023,0.0,37
12,2023,0.0,37
1,2024,0.0,37
2,2024,0.0,37
3,2024,0.0,37
4,2024,0.0,37
5,2024,0.0,37
6,2024,1.0,37
7,2024,0.0,37
8,2024,1.0,37
9,2024,1.0,37
10,2024,2.0,37
11,2024,0.0,37
12,2024,1.0,37
1,2010,0.0,38
2,2010,0.0,38
3,2010,0.0,38
4,2010,0.0,38
5,2010,0.0,38
6,2010,0.0,38
7,2010,0.0,38
8,2010,2.0,38
9,2010,1.0,38
10,2010,2.0,38
11,2010,0.0,38
12,2010,0.0,38
1,2011,0.0,38
2,2011,0.0,38
3,2011,0.0,38
4,2011,0.0,38
5,2011,0.0,38
6,2011,0.0,38
7,2011,0.0,38
8,2011,1.0,38
9,2011,1.0,38
10,2011,0.0,38
11,2011,0.0,38
12,2011,0.0,38
1,2012,0.0,38
2,2012,0.0,38
3,2012,0.0,38
4,2012,0.0,38
5,2012,0.0,38
6,2012,0.0,38
7,2012,0.0,38
8,2012,0.0,38
9,2012,0.0,38
10,2012,1.0,38
11,2012,0.0,38
12,2012,0.0,38
1,2013,0.0,38
2,2013,0.0,38
3,2013,0.0,38
4,2013,0.0,38
5,2013,0.0,38
6,2013,0.0,38
7,2013,0.0,38
8,2013,2.0,38
9,2013,1.0,38
10,2013,0.0,38
11,2013,3.0,38
12,2013,0.0,38
1,2014,0.0,38
2,2014,0.0,38
3,2014,0.0,38
4,2014,0.0,38
5,2014,0.0,38
6,2014,0.0,38
7,2014,0.0,38
8,2014,0.0,38
9,2014,0.0,38
10,2014,1.0,38
11,2014,1.0,38
12,2014,0.0,38
1,2015,1.0,38
2,2015,3.0,38
3,2015,2.0,38
4,2015,1.0,38
5,2015,0.0,38
6,2015,0.0,38
7,2015,1.0,38
8,2015,3.0,38
9,2015,6.0,38
10,2015,8.0,38
11,2015,6.0,38
12,2015,1.0,38
1,2016,0.0,38
2,2016,0.0,38
3,2016,0.0,38
4,2016,0.0,38
5,2016,0.0,38
6,2016,0.0,38
7,2016,0.0,38
8,2016,0.0,38
9,2016,0.0,38
10,2016,0.0,38
11,2016,0.0,38
12,2016,1.0,38
1,2017,0.0,38
2,2017,0.0,38
3,2017,0.0,38
4,2017,0.0,38
5,2017,1.0,38
6,2017,0.0,38
7,2017,0.0,38
8,2017,0.0,38
9,2017,1.0,38
10,2017,2.0,38
11,2017,2.0,38
12,2017,0.0,38
1,2018,0.0,38
2,2018,0.0,38
3,2018,0.0,38
4,2018,2.0,38
5,2018,0.0,38
6,2018,0.0,38
7,2018,1.0,38
8,2018,0.0,38
9,2018,1.0,38
10,2018,1.0,38
11,2018,0.0,38
12,2018,2.0,38
1,2019,0.0,38
2,2019,0.0,38
3,2019,0.0,38
4,2019,1.0,38
5,2019,0.0,38
6,2019,1.0,38
7,2019,2.0,38
8,2019,6.0,38
9,2019,21.0,38
10,2019,6.0,38
11,2019,5.0,38
12,2019,1.0,38
1,2020,0.0,38
2,2020,0.0,38
3,2020,0.0,38
4,2020,0.0,38
5,2020,0.0,38
6,2020,0.0,38
7,2020,0.0,38
8,2020,0.0,38
9,2020,0.0,38
10,2020,0.0,38
11,2020,0.0,38
12,2020,0.0,38
1,2021,0.0,38
2,2021,1.0,38
3,2021,0.0,38
4,2021,0.0,38
5,2021,0.0,38
6,2021,0.0,38
7,2021,1.0,38
8,2021,0.0,38
9,2021,0.0,38
10,2021,0.0,38
11,2021,0.0,38
12,2021,0.0,38
1,2022,0.0,38
2,2022,0.0,38
3,2022,0.0,38
4,2022,0.0,38
5,2022,1.0,38
6,2022,0.0,38
7,2022,0.0,38
8,2022,1.0,38
9,2022,0.0,38
10,2022,0.0,38
11,2022,3.0,38
12,2022,1.0,38
1,2023,1.0,38
2,2023,1.0,38
3,2023,0.0,38
4,2023,0.0,38
5,2023,0.0,38
6,2023,0.0,38
7,2023,0.0,38
8,2023,0.0,38
9,2023,0.0,38
10,2023,0.0,38
11,2023,0.0,38
12,2023,0.0,38
1,2024,0.0,38
2,2024,1.0,38
3,2024,0.0,38
4,2024,1.0,38
5,2024,0.0,38
6,2024,0.0,38
7,2024,0.0,38
8,2024,0.0,38
9,2024,0.0,38
10,2024,4.0,38
11,2024,8.0,38
12,2024,6.0,38
1,2010,0.0,39
2,2010,0.0,39
3,2010,0.0,39
4,2010,0.0,39
5,2010,0.0,39
6,2010,0.0,39
7,2010,0.0,39
8,2010,0.0,39
9,2010,2.0,39
10,2010,0.0,39
11,2010,0.0,39
12,2010,0.0,39
1,2011,0.0,39
2,2011,0.0,39
3,2011,0.0,39
4,2011,0.0,39
5,2011,0.0,39
6,2011,0.0,39
7,2011,1.0,39
8,2011,0.0,39
9,2011,0.0,39
10,2011,0.0,39
11,2011,1.0,39
12,2011,1.0,39
1,2012,0.0,39
2,2012,1.0,39
3,2012,0.0,39
4,2012,0.0,39
5,2012,0.0,39
6,2012,0.0,39
7,2012,0.0,39
8,2012,0.0,39
9,2012,1.0,39
10,2012,0.0,39
11,2012,1.0,39
12,2012,1.0,39
1,2013,0.0,39
2,2013,0.0,39
3,2013,0.0,39
4,2013,0.0,39
5,2013,0.0,39
6,2013,0.0,39
7,2013,0.0,39
8,2013,2.0,39
9,2013,1.0,39
10,2013,0.0,39
11,2013,1.0,39
12,2013,1.0,39
1,2014,0.0,39
2,2014,1.0,39
3,2014,0.0,39
4,2014,0.0,39
5,2014,0.0,39
6,2014,0.0,39
7,2014,0.0,39
8,2014,0.0,39
9,2014,1.0,39
10,2014,0.0,39
11,2014,1.0,39
12,2014,1.0,39
1,2015,0.0,39
2,2015,0.0,39
3,2015,0.0,39
4,2015,0.0,39
5,2015,0.0,39
6,2015,0.0,39
7,2015,0.0,39
8,2015,1.0,39
9,2015,2.0,39
10,2015,4.0,39
11,2015,3.0,39
12,2015,1.0,39
1,2016,3.0,39
2,2016,1.0,39
3,2016,0.0,39
4,2016,0.0,39
5,2016,0.0,39
6,2016,0.0,39
7,2016,0.0,39
8,2016,0.0,39
9,2016,0.0,39
10,2016,0.0,39
11,2016,0.0,39
12,2016,0.0,39
1,2017,0.0,39
2,2017,0.0,39
3,2017,0.0,39
4,2017,0.0,39
5,2017,0.0,39
6,2017,0.0,39
7,2017,1.0,39
8,2017,0.0,39
9,2017,0.0,39
10,2017,1.0,39
11,2017,2.0,39
12,2017,1.0,39
1,2018,1.0,39
2,2018,0.0,39
3,2018,0.0,39
4,2018,0.0,39
5,2018,0.0,39
6,2018,1.0,39
7,2018,1.0,39
8,2018,1.0,39
9,2018,4.0,39
10,2018,2.0,39
11,2018,3.0,39
12,2018,1.0,39
1,2019,1.0,39
2,2019,1.0,39
3,2019,1.0,39
4,2019,0.0,39
5,2019,0.0,39
6,2019,2.0,39
7,2019,1.0,39
8,2019,3.0,39
9,2019,3.0,39
10,2019,4.0,39
11,2019,1.0,39
12,2019,4.0,39
1,2020,1.0,39
2,2020,0.0,39
3,2020,0.0,39
4,2020,0.0,39
5,2020,0.0,39
6,2020,0.0,39
7,2020,0.0,39
8,2020,0.0,39
9,2020,0.0,39
10,2020,0.0,39
11,2020,0.0,39
12,2020,0.0,39
1,2021,0.0,39
2,2021,2.0,39
3,2021,0.0,39
4,2021,0.0,39
5,2021,0.0,39
6,2021,0.0,39
7,2021,2.0,39
8,2021,0.0,39
9,2021,0.0,39
10,2021,0.0,39
11,2021,0.0,39
12,2021,0.0,39
1,2022,0.0,39
2,2022,0.0,39
3,2022,0.0,39
4,2022,0.0,39
5,2022,0.0,39
6,2022,0.0,39
7,2022,1.0,39
8,2022,0.0,39
9,2022,0.0,39
10,2022,0.0,39
11,2022,0.0,39
12,2022,1.0,39
1,2023,0.0,39
2,2023,0.0,39
3,2023,0.0,39
4,2023,0.0,39
5,2023,1.0,39
6,2023,0.0,39
7,2023,0.0,39
8,2023,0.0,39
9,2023,0.0,39
10,2023,0.0,39
11,2023,0.0,39
12,2023,0.0,39
1,2024,0.0,39
2,2024,0.0,39
3,2024,0.0,39
4,2024,0.0,39
5,2024,0.0,39
6,2024,0.0,39
7,2024,0.0,39
8,2024,0.0,39
9,2024,0.0,39
10,2024,4.0,39
11,2024,3.0,39
12,2024,6.0,39
1,2010,0.0,40
2,2010,0.0,40
3,2010,0.0,40
4,2010,0.0,40
5,2010,0.0,40
6,2010,0.0,40
7,2010,0.0,40
8,2010,0.0,40
9,2010,0.0,40
10,2010,0.0,40
11,2010,0.0,40
12,2010,1.0,40
1,2011,0.0,40
2,2011,1.0,40
3,2011,2.0,40
4,2011,0.0,40
5,2011,1.0,40
6,2011,1.0,40
7,2011,2.0,40
8,2011,3.0,40
9,2011,1.0,40
10,2011,0.0,40
11,2011,0.0,40
12,2011,0.0,40
1,2012,1.0,40
2,2012,0.0,40
3,2012,0.0,40
4,2012,0.0,40
5,2012,0.0,40
6,2012,1.0,40
7,2012,0.0,40
8,2012,0.0,40
9,2012,1.0,40
10,2012,0.0,40
11,2012,0.0,40
12,2012,0.0,40
1,2013,1.0,40
2,2013,0.0,40
3,2013,0.0,40
4,2013,0.0,40
5,2013,0.0,40
6,2013,1.0,40
7,2013,0.0,40
8,2013,0.0,40
9,2013,1.0,40
10,2013,0.0,40
11,2013,0.0,40
12,2013,0.0,40
1,2014,1.0,40
2,2014,0.0,40
3,2014,0.0,40
4,2014,0.0,40
5,2014,0.0,40
6,2014,1.0,40
7,2014,0.0,40
8,2014,0.0,40
9,2014,1.0,40
10,2014,0.0,40
11,2014,0.0,40
12,2014,0.0,40
1,2015,2.0,40
2,2015,0.0,40
3,2015,0.0,40
4,2015,0.0,40
5,2015,0.0,40
6,2015,0.0,40
7,2015,1.0,40
8,2015,0.0,40
9,2015,3.0,40
10,2015,4.0,40
11,2015,4.0,40
12,2015,1.0,40
1,2016,0.0,40
2,2016,0.0,40
3,2016,0.0,40
4,2016,0.0,40
5,2016,0.0,40
6,2016,0.0,40
7,2016,1.0,40
8,2016,0.0,40
9,2016,1.0,40
10,2016,0.0,40
11,2016,0.0,40
12,2016,0.0,40
1,2017,0.0,40
2,2017,0.0,40
3,2017,0.0,40
4,2017,0.0,40
5,2017,0.0,40
6,2017,0.0,40
7,2017,0.0,40
8,2017,0.0,40
9,2017,0.0,40
10,2017,0.0,40
11,2017,0.0,40
12,2017,1.0,40
1,2018,0.0,40
2,2018,2.0,40
3,2018,0.0,40
4,2018,0.0,40
5,2018,0.0,40
6,2018,0.0,40
7,2018,0.0,40
8,2018,0.0,40
9,2018,0.0,40
10,2018,0.0,40
11,2018,0.0,40
12,2018,0.0,40
1,2019,1.0,40
2,2019,1.0,40
3,2019,0.0,40
4,2019,0.0,40
5,2019,0.0,40
6,2019,0.0,40
7,2019,9.0,40
8,2019,2.0,40
9,2019,8.0,40
10,2019,4.0,40
11,2019,2.0,40
12,2019,1.0,40
1,2020,1.0,40
2,2020,0.0,40
3,2020,0.0,40
4,2020,0.0,40
5,2020,0.0,40
6,2020,0.0,40
7,2020,0.0,40
8,2020,0.0,40
9,2020,0.0,40
10,2020,0.0,40
11,2020,1.0,40
12,2020,0.0,40
1,2021,0.0,40
2,2021,0.0,40
3,2021,0.0,40
4,2021,0.0,40
5,2021,0.0,40
6,2021,0.0,40
7,2021,0.0,40
8,2021,0.0,40
9,2021,0.0,40
10,2021,1.0,40
11,2021,0.0,40
12,2021,0.0,40
1,2022,0.0,40
2,2022,1.0,40
3,2022,0.0,40
4,2022,0.0,40
5,2022,0.0,40
6,2022,0.0,40
7,2022,0.0,40
8,2022,0.0,40
9,2022,0.0,40
10,2022,0.0,40
11,2022,0.0,40
12,2022,0.0,40
1,2023,0.0,40
2,2023,0.0,40
3,2023,0.0,40
4,2023,0.0,40
5,2023,0.0,40
6,2023,0.0,40
7,2023,1.0,40
8,2023,1.0,40
9,2023,0.0,40
10,2023,0.0,40
11,2023,2.0,40
12,2023,0.0,40
1,2024,0.0,40
2,2024,0.0,40
3,2024,0.0,40
4,2024,0.0,40
5,2024,0.0,40
6,2024,0.0,40
7,2024,1.0,40
8,2024,1.0,40
9,2024,0.0,40
10,2024,1.0,40
11,2024,3.0,40
12,2024,1.0,40
1,2010,0.0,41
2,2010,0.0,41
3,2010,0.0,41
4,2010,0.0,41
5,2010,0.0,41
6,2010,0.0,41
7,2010,0.0,41
8,2010,0.0,41
9,2010,0.0,41
10,2010,0.0,41
11,2010,0.0,41
12,2010,0.0,41
1,2011,0.0,41
2,2011,1.0,41
3,2011,0.0,41
4,2011,1.0,41
5,2011,0.0,41
6,2011,0.0,41
7,2011,0.0,41
8,2011,0.0,41
9,2011,0.0,41
10,2011,0.0,41
11,2011,0.0,41
12,2011,0.0,41
1,2012,0.0,41
2,2012,0.0,41
3,2012,0.0,41
4,2012,0.0,41
5,2012,0.0,41
6,2012,0.0,41
7,2012,0.0,41
8,2012,1.0,41
9,2012,0.0,41
10,2012,0.0,41
11,2012,1.0,41
12,2012,0.0,41
1,2013,0.0,41
2,2013,0.0,41
3,2013,0.0,41
4,2013,0.0,41
5,2013,0.0,41
6,2013,0.0,41
7,2013,0.0,41
8,2013,0.0,41
9,2013,1.0,41
10,2013,0.0,41
11,2013,0.0,41
12,2013,0.0,41
1,2014,0.0,41
2,2014,0.0,41
3,2014,0.0,41
4,2014,0.0,41
5,2014,0.0,41
6,2014,0.0,41
7,2014,0.0,41
8,2014,1.0,41
9,2014,0.0,41
10,2014,0.0,41
11,2014,1.0,41
12,2014,0.0,41
1,2015,0.0,41
2,2015,1.0,41
3,2015,0.0,41
4,2015,0.0,41
5,2015,0.0,41
6,2015,0.0,41
7,2015,2.0,41
8,2015,1.0,41
9,2015,2.0,41
10,2015,2.0,41
11,2015,7.0,41
12,2015,0.0,41
1,2016,2.0,41
2,2016,0.0,41
3,2016,0.0,41
4,2016,0.0,41
5,2016,0.0,41
6,2016,0.0,41
7,2016,0.0,41
8,2016,0.0,41
9,2016,0.0,41
10,2016,0.0,41
11,2016,0.0,41
12,2016,0.0,41
1,2017,0.0,41
2,2017,0.0,41
3,2017,0.0,41
4,2017,0.0,41
5,2017,0.0,41
6,2017,0.0,41
7,2017,0.0,41
8,2017,0.0,41
9,2017,0.0,41
10,2017,1.0,41
11,2017,0.0,41
12,2017,0.0,41
1,2018,0.0,41
2,2018,0.0,41
3,2018,2.0,41
4,2018,0.0,41
5,2018,0.0,41
6,2018,0.0,41
7,2018,0.0,41
8,2018,0.0,41
9,2018,0.0,41
10,2018,1.0,41
11,2018,0.0,41
12,2018,4.0,41
1,2019,0.0,41
2,2019,2.0,41
3,2019,1.0,41
4,2019,0.0,41
5,2019,0.0,41
6,2019,0.0,41
7,2019,4.0,41
8,2019,2.0,41
9,2019,6.0,41
10,2019,5.0,41
11,2019,7.0,41
12,2019,1.0,41
1,2020,0.0,41
2,2020,1.0,41
3,2020,1.0,41
4,2020,0.0,41
5,2020,0.0,41
6,2020,0.0,41
7,2020,0.0,41
8,2020,0.0,41
9,2020,0.0,41
10,2020,0.0,41
11,2020,0.0,41
12,2020,0.0,41
1,2021,0.0,41
2,2021,0.0,41
3,2021,0.0,41
4,2021,0.0,41
5,2021,0.0,41
6,2021,0.0,41
7,2021,0.0,41
8,2021,0.0,41
9,2021,0.0,41
10,2021,0.0,41
11,2021,0.0,41
12,2021,0.0,41
1,2022,0.0,41
2,2022,0.0,41
3,2022,0.0,41
4,2022,0.0,41
5,2022,0.0,41
6,2022,0.0,41
7,2022,0.0,41
8,2022,1.0,41
9,2022,1.0,41
10,2022,0.0,41
11,2022,1.0,41
12,2022,0.0,41
1,2023,0.0,41
2,2023,0.0,41
3,2023,0.0,41
4,2023,0.0,41
5,2023,0.0,41
6,2023,0.0,41
7,2023,2.0,41
8,2023,0.0,41
9,2023,0.0,41
10,2023,0.0,41
11,2023,0.0,41
12,2023,0.0,41
1,2024,1.0,41
2,2024,2.0,41
3,2024,0.0,41
4,2024,0.0,41
5,2024,0.0,41
6,2024,0.0,41
7,2024,0.0,41
8,2024,1.0,41
9,2024,0.0,41
10,2024,0.0,41
11,2024,1.0,41
12,2024,0.0,41
1,2010,0.0,42
2,2010,0.0,42
3,2010,0.0,42
4,2010,0.0,42
5,2010,0.0,42
6,2010,0.0,42
7,2010,1.0,42
8,2010,5.0,42
9,2010,3.0,42
10,2010,0.0,42
11,2010,0.0,42
12,2010,0.0,42
1,2011,1.0,42
2,2011,0.0,42
3,2011,1.0,42
4,2011,0.0,42
5,2011,0.0,42
6,2011,0.0,42
7,2011,0.0,42
8,2011,0.0,42
9,2011,0.0,42
10,2011,2.0,42
11,2011,0.0,42
12,2011,0.0,42
1,2012,0.0,42
2,2012,0.0,42
3,2012,0.0,42
4,2012,0.0,42
5,2012,0.0,42
6,2012,0.0,42
7,2012,0.0,42
8,2012,0.0,42
9,2012,0.0,42
10,2012,2.0,42
11,2012,0.0,42
12,2012,1.0,42
1,2013,0.0,42
2,2013,0.0,42
3,2013,0.0,42
4,2013,0.0,42
5,2013,0.0,42
6,2013,0.0,42
7,2013,1.0,42
8,2013,0.0,42
9,2013,8.0,42
10,2013,1.0,42
11,2013,0.0,42
12,2013,0.0,42
1,2014,0.0,42
2,2014,0.0,42
3,2014,0.0,42
4,2014,0.0,42
5,2014,0.0,42
6,2014,0.0,42
7,2014,0.0,42
8,2014,0.0,42
9,2014,0.0,42
10,2014,2.0,42
11,2014,0.0,42
12,2014,1.0,42
1,2015,0.0,42
2,2015,0.0,42
3,2015,1.0,42
4,2015,0.0,42
5,2015,0.0,42
6,2015,3.0,42
7,2015,7.0,42
8,2015,5.0,42
9,2015,5.0,42
10,2015,1.0,42
11,2015,0.0,42
12,2015,0.0,42
1,2016,1.0,42
2,2016,1.0,42
3,2016,0.0,42
4,2016,0.0,42
5,2016,0.0,42
6,2016,0.0,42
7,2016,0.0,42
8,2016,0.0,42
9,2016,0.0,42
10,2016,0.0,42
11,2016,0.0,42
12,2016,0.0,42
1,2017,1.0,42
2,2017,0.0,42
3,2017,0.0,42
4,2017,0.0,42
5,2017,0.0,42
6,2017,0.0,42
7,2017,1.0,42
8,2017,1.0,42
9,2017,0.0,42
10,2017,0.0,42
11,2017,2.0,42
12,2017,0.0,42
1,2018,1.0,42
2,2018,0.0,42
3,2018,0.0,42
4,2018,0.0,42
5,2018,0.0,42
6,2018,0.0,42
7,2018,0.0,42
8,2018,0.0,42
9,2018,1.0,42
10,2018,5.0,42
11,2018,0.0,42
12,2018,0.0,42
1,2019,1.0,42
2,2019,0.0,42
3,2019,1.0,42
4,2019,0.0,42
5,2019,1.0,42
6,2019,0.0,42
7,2019,1.0,42
8,2019,0.0,42
9,2019,6.0,42
10,2019,0.0,42
11,2019,1.0,42
12,2019,1.0,42
1,2020,1.0,42
2,2020,1.0,42
3,2020,0.0,42
4,2020,0.0,42
5,2020,0.0,42
6,2020,0.0,42
7,2020,0.0,42
8,2020,0.0,42
9,2020,0.0,42
10,2020,0.0,42
11,2020,1.0,42
12,2020,0.0,42
1,2021,3.0,42
2,2021,0.0,42
3,2021,0.0,42
4,2021,1.0,42
5,2021,0.0,42
6,2021,0.0,42
7,2021,0.0,42
8,2021,0.0,42
9,2021,0.0,42
10,2021,0.0,42
11,2021,0.0,42
12,2021,0.0,42
1,2022,0.0,42
2,2022,1.0,42
3,2022,0.0,42
4,2022,1.0,42
5,2022,0.0,42
6,2022,0.0,42
7,2022,1.0,42
8,2022,4.0,42
9,2022,2.0,42
10,2022,1.0,42
11,2022,0.0,42
12,2022,0.0,42
1,2023,0.0,42
2,2023,0.0,42
3,2023,1.0,42
4,2023,0.0,42
5,2023,0.0,42
6,2023,0.0,42
7,2023,0.0,42
8,2023,0.0,42
9,2023,0.0,42
10,2023,2.0,42
11,2023,0.0,42
12,2023,0.0,42
1,2024,0.0,42
2,2024,0.0,42
3,2024,0.0,42
4,2024,0.0,42
5,2024,0.0,42
6,2024,0.0,42
7,2024,1.0,42
8,2024,1.0,42
9,2024,1.0,42
10,2024,3.0,42
11,2024,5.0,42
12,2024,4.0,42
1,2010,0.0,43
2,2010,0.0,43
3,2010,0.0,43
4,2010,0.0,43
5,2010,0.0,43
6,2010,0.0,43
7,2010,0.0,43
8,2010,2.0,43
9,2010,0.0,43
10,2010,0.0,43
11,2010,0.0,43
12,2010,0.0,43
1,2011,0.0,43
2,2011,0.0,43
3,2011,0.0,43
4,2011,0.0,43
5,2011,0.0,43
6,2011,0.0,43
7,2011,0.0,43
8,2011,2.0,43
9,2011,0.0,43
10,2011,0.0,43
11,2011,0.0,43
12,2011,0.0,43
1,2012,0.0,43
2,2012,0.0,43
3,2012,0.0,43
4,2012,1.0,43
5,2012,0.0,43
6,2012,0.0,43
7,2012,0.0,43
8,2012,0.0,43
9,2012,0.0,43
10,2012,0.0,43
11,2012,0.0,43
12,2012,0.0,43
1,2013,0.0,43
2,2013,0.0,43
3,2013,0.0,43
4,2013,0.0,43
5,2013,0.0,43
6,2013,0.0,43
7,2013,0.0,43
8,2013,0.0,43
9,2013,0.0,43
10,2013,1.0,43
11,2013,1.0,43
12,2013,0.0,43
1,2014,0.0,43
2,2014,0.0,43
3,2014,0.0,43
4,2014,1.0,43
5,2014,0.0,43
6,2014,0.0,43
7,2014,0.0,43
8,2014,0.0,43
9,2014,0.0,43
10,2014,0.0,43
11,2014,0.0,43
12,2014,0.0,43
1,2015,0.0,43
2,2015,0.0,43
3,2015,0.0,43
4,2015,0.0,43
5,2015,0.0,43
6,2015,0.0,43
7,2015,1.0,43
8,2015,0.0,43
9,2015,2.0,43
10,2015,0.0,43
11,2015,1.0,43
12,2015,0.0,43
1,2016,0.0,43
2,2016,0.0,43
3,2016,0.0,43
4,2016,0.0,43
5,2016,0.0,43
6,2016,0.0,43
7,2016,1.0,43
8,2016,0.0,43
9,2016,0.0,43
10,2016,0.0,43
11,2016,0.0,43
12,2016,0.0,43
1,2017,0.0,43
2,2017,0.0,43
3,2017,0.0,43
4,2017,0.0,43
5,2017,0.0,43
6,2017,0.0,43
7,2017,0.0,43
8,2017,0.0,43
9,2017,0.0,43
10,2017,1.0,43
11,2017,0.0,43
12,2017,1.0,43
1,2018,0.0,43
2,2018,1.0,43
3,2018,0.0,43
4,2018,0.0,43
5,2018,0.0,43
6,2018,0.0,43
7,2018,0.0,43
8,2018,0.0,43
9,2018,0.0,43
10,2018,0.0,43
11,2018,0.0,43
12,2018,1.0,43
1,2019,0.0,43
2,2019,0.0,43
3,2019,0.0,43
4,2019,0.0,43
5,2019,0.0,43
6,2019,1.0,43
7,2019,1.0,43
8,2019,2.0,43
9,2019,3.0,43
10,2019,1.0,43
11,2019,0.0,43
12,2019,0.0,43
1,2020,0.0,43
2,2020,0.0,43
3,2020,0.0,43
4,2020,0.0,43
5,2020,0.0,43
6,2020,0.0,43
7,2020,0.0,43
8,2020,0.0,43
9,2020,0.0,43
10,2020,0.0,43
11,2020,1.0,43
12,2020,1.0,43
1,2021,2.0,43
2,2021,0.0,43
3,2021,0.0,43
4,2021,0.0,43
5,2021,0.0,43
6,2021,0.0,43
7,2021,0.0,43
8,2021,0.0,43
9,2021,0.0,43
10,2021,0.0,43
11,2021,0.0,43
12,2021,0.0,43
1,2022,0.0,43
2,2022,0.0,43
3,2022,1.0,43
4,2022,0.0,43
5,2022,0.0,43
6,2022,0.0,43
7,2022,0.0,43
8,2022,1.0,43
9,2022,0.0,43
10,2022,0.0,43
11,2022,0.0,43
12,2022,0.0,43
1,2023,1.0,43
2,2023,0.0,43
3,2023,0.0,43
4,2023,0.0,43
5,2023,0.0,43
6,2023,0.0,43
7,2023,0.0,43
8,2023,0.0,43
9,2023,0.0,43
10,2023,0.0,43
11,2023,0.0,43
12,2023,1.0,43
1,2024,0.0,43
2,2024,0.0,43
3,2024,0.0,43
4,2024,0.0,43
5,2024,1.0,43
6,2024,0.0,43
7,2024,0.0,43
8,2024,1.0,43
9,2024,3.0,43
10,2024,3.0,43
11,2024,3.0,43
12,2024,0.0,43
1,2010,0.0,44
2,2010,0.0,44
3,2010,0.0,44
4,2010,0.0,44
5,2010,0.0,44
6,2010,0.0,44
7,2010,1.0,44
8,2010,2.0,44
9,2010,7.0,44
10,2010,7.0,44
11,2010,6.0,44
12,2010,2.0,44
1,2011,6.0,44
2,2011,3.0,44
3,2011,4.0,44
4,2011,1.0,44
5,2011,0.0,44
6,2011,1.0,44
7,2011,2.0,44
8,2011,6.0,44
9,2011,3.0,44
10,2011,3.0,44
11,2011,5.0,44
12,2011,1.0,44
1,2012,2.0,44
2,2012,1.0,44
3,2012,0.0,44
4,2012,0.0,44
5,2012,2.0,44
6,2012,0.0,44
7,2012,2.0,44
8,2012,2.0,44
9,2012,4.0,44
10,2012,2.0,44
11,2012,2.0,44
12,2012,2.0,44
1,2013,0.0,44
2,2013,0.0,44
3,2013,1.0,44
4,2013,0.0,44
5,2013,0.0,44
6,2013,0.0,44
7,2013,2.0,44
8,2013,8.0,44
9,2013,6.0,44
10,2013,5.0,44
11,2013,3.0,44
12,2013,0.0,44
1,2014,2.0,44
2,2014,1.0,44
3,2014,0.0,44
4,2014,0.0,44
5,2014,2.0,44
6,2014,0.0,44
7,2014,2.0,44
8,2014,2.0,44
9,2014,4.0,44
10,2014,2.0,44
11,2014,2.0,44
12,2014,2.0,44
1,2015,1.0,44
2,2015,2.0,44
3,2015,1.0,44
4,2015,0.0,44
5,2015,0.0,44
6,2015,0.0,44
7,2015,1.0,44
8,2015,2.0,44
9,2015,10.0,44
10,2015,14.0,44
11,2015,8.0,44
12,2015,5.0,44
1,2016,2.0,44
2,2016,1.0,44
3,2016,0.0,44
4,2016,0.0,44
5,2016,0.0,44
6,2016,0.0,44
7,2016,1.0,44
8,2016,1.0,44
9,2016,2.0,44
10,2016,2.0,44
11,2016,0.0,44
12,2016,4.0,44
1,2017,2.0,44
2,2017,1.0,44
3,2017,0.0,44
4,2017,2.0,44
5,2017,0.0,44
6,2017,0.0,44
7,2017,2.0,44
8,2017,1.0,44
9,2017,2.0,44
10,2017,4.0,44
11,2017,7.0,44
12,2017,1.0,44
1,2018,3.0,44
2,2018,6.0,44
3,2018,0.0,44
4,2018,0.0,44
5,2018,0.0,44
6,2018,1.0,44
7,2018,3.0,44
8,2018,1.0,44
9,2018,2.0,44
10,2018,3.0,44
11,2018,3.0,44
12,2018,4.0,44
1,2019,3.0,44
2,2019,2.0,44
3,2019,2.0,44
4,2019,1.0,44
5,2019,2.0,44
6,2019,0.0,44
7,2019,18.0,44
8,2019,19.0,44
9,2019,35.0,44
10,2019,15.0,44
11,2019,7.0,44
12,2019,1.0,44
1,2020,1.0,44
2,2020,4.0,44
3,2020,1.0,44
4,2020,0.0,44
5,2020,0.0,44
6,2020,0.0,44
7,2020,0.0,44
8,2020,0.0,44
9,2020,1.0,44
10,2020,0.0,44
11,2020,3.0,44
12,2020,0.0,44
1,2021,1.0,44
2,2021,0.0,44
3,2021,2.0,44
4,2021,0.0,44
5,2021,0.0,44
6,2021,1.0,44
7,2021,2.0,44
8,2021,0.0,44
9,2021,0.0,44
10,2021,1.0,44
11,2021,2.0,44
12,2021,1.0,44
1,2022,1.0,44
2,2022,1.0,44
3,2022,0.0,44
4,2022,1.0,44
5,2022,1.0,44
6,2022,0.0,44
7,2022,0.0,44
8,2022,2.0,44
9,2022,3.0,44
10,2022,2.0,44
11,2022,0.0,44
12,2022,0.0,44
1,2023,1.0,44
2,2023,0.0,44
3,2023,0.0,44
4,2023,0.0,44
5,2023,1.0,44
6,2023,0.0,44
7,2023,1.0,44
8,2023,0.0,44
9,2023,2.0,44
10,2023,1.0,44
11,2023,1.0,44
12,2023,0.0,44
1,2024,1.0,44
2,2024,0.0,44
3,2024,0.0,44
4,2024,2.0,44
5,2024,0.0,44
6,2024,0.0,44
7,2024,0.0,44
8,2024,0.0,44
9,2024,2.0,44
10,2024,1.0,44
11,2024,7.0,44
12,2024,11.0,44
1,2010,0.0,45
2,2010,0.0,45
3,2010,0.0,45
4,2010,0.0,45
5,2010,0.0,45
6,2010,0.0,45
7,2010,0.0,45
8,2010,0.0,45
9,2010,0.0,45
10,2010,2.0,45
11,2010,1.0,45
12,2010,0.0,45
1,2011,0.0,45
2,2011,0.0,45
3,2011,0.0,45
4,2011,0.0,45
5,2011,0.0,45
6,2011,0.0,45
7,2011,1.0,45
8,2011,0.0,45
9,2011,1.0,45
10,2011,0.0,45
11,2011,0.0,45
12,2011,0.0,45
1,2012,0.0,45
2,2012,0.0,45
3,2012,0.0,45
4,2012,0.0,45
5,2012,1.0,45
6,2012,0.0,45
7,2012,1.0,45
8,2012,0.0,45
9,2012,1.0,45
10,2012,0.0,45
11,2012,0.0,45
12,2012,0.0,45
1,2013,0.0,45
2,2013,0.0,45
3,2013,0.0,45
4,2013,0.0,45
5,2013,0.0,45
6,2013,0.0,45
7,2013,2.0,45
8,2013,0.0,45
9,2013,0.0,45
10,2013,0.0,45
11,2013,2.0,45
12,2013,0.0,45
1,2014,0.0,45
2,2014,0.0,45
3,2014,0.0,45
4,2014,0.0,45
5,2014,1.0,45
6,2014,0.0,45
7,2014,1.0,45
8,2014,0.0,45
9,2014,1.0,45
10,2014,0.0,45
11,2014,0.0,45
12,2014,0.0,45
1,2015,0.0,45
2,2015,0.0,45
3,2015,0.0,45
4,2015,0.0,45
5,2015,0.0,45
6,2015,2.0,45
7,2015,0.0,45
8,2015,5.0,45
9,2015,3.0,45
10,2015,5.0,45
11,2015,4.0,45
12,2015,0.0,45
1,2016,0.0,45
2,2016,0.0,45
3,2016,0.0,45
4,2016,0.0,45
5,2016,0.0,45
6,2016,0.0,45
7,2016,0.0,45
8,2016,0.0,45
9,2016,1.0,45
10,2016,0.0,45
11,2016,0.0,45
12,2016,0.0,45
1,2017,0.0,45
2,2017,0.0,45
3,2017,0.0,45
4,2017,0.0,45
5,2017,0.0,45
6,2017,0.0,45
7,2017,2.0,45
8,2017,0.0,45
9,2017,0.0,45
10,2017,0.0,45
11,2017,0.0,45
12,2017,3.0,45
1,2018,1.0,45
2,2018,1.0,45
3,2018,0.0,45
4,2018,0.0,45
5,2018,0.0,45
6,2018,0.0,45
7,2018,0.0,45
8,2018,0.0,45
9,2018,0.0,45
10,2018,0.0,45
11,2018,0.0,45
12,2018,2.0,45
1,2019,1.0,45
2,2019,3.0,45
3,2019,0.0,45
4,2019,0.0,45
5,2019,0.0,45
6,2019,0.0,45
7,2019,3.0,45
8,2019,7.0,45
9,2019,11.0,45
10,2019,1.0,45
11,2019,1.0,45
12,2019,0.0,45
1,2020,0.0,45
2,2020,0.0,45
3,2020,0.0,45
4,2020,0.0,45
5,2020,0.0,45
6,2020,0.0,45
7,2020,0.0,45
8,2020,0.0,45
9,2020,0.0,45
10,2020,0.0,45
11,2020,0.0,45
12,2020,0.0,45
1,2021,1.0,45
2,2021,0.0,45
3,2021,0.0,45
4,2021,0.0,45
5,2021,0.0,45
6,2021,0.0,45
7,2021,1.0,45
8,2021,0.0,45
9,2021,0.0,45
10,2021,1.0,45
11,2021,0.0,45
12,2021,1.0,45
1,2022,0.0,45
2,2022,0.0,45
3,2022,0.0,45
4,2022,0.0,45
5,2022,0.0,45
6,2022,0.0,45
7,2022,0.0,45
8,2022,2.0,45
9,2022,1.0,45
10,2022,0.0,45
11,2022,0.0,45
12,2022,0.0,45
1,2023,0.0,45
2,2023,0.0,45
3,2023,1.0,45
4,2023,0.0,45
5,2023,0.0,45
6,2023,0.0,45
7,2023,0.0,45
8,2023,0.0,45
9,2023,0.0,45
10,2023,0.0,45
11,2023,0.0,45
12,2023,0.0,45
1,2024,0.0,45
2,2024,0.0,45
3,2024,0.0,45
4,2024,0.0,45
5,2024,0.0,45
6,2024,0.0,45
7,2024,0.0,45
8,2024,1.0,45
9,2024,1.0,45
10,2024,6.0,45
11,2024,2.0,45
12,2024,3.0,45
1,2010,0.0,46
2,2010,0.0,46
3,2010,0.0,46
4,2010,0.0,46
5,2010,0.0,46
6,2010,0.0,46
7,2010,2.0,46
8,2010,0.0,46
9,2010,5.0,46
10,2010,0.0,46
11,2010,0.0,46
12,2010,0.0,46
1,2011,0.0,46
2,2011,0.0,46
3,2011,0.0,46
4,2011,0.0,46
5,2011,0.0,46
6,2011,0.0,46
7,2011,0.0,46
8,2011,0.0,46
9,2011,0.0,46
10,2011,1.0,46
11,2011,0.0,46
12,2011,0.0,46
1,2012,0.0,46
2,2012,0.0,46
3,2012,0.0,46
4,2012,0.0,46
5,2012,0.0,46
6,2012,0.0,46
7,2012,0.0,46
8,2012,0.0,46
9,2012,0.0,46
10,2012,0.0,46
11,2012,0.0,46
12,2012,0.0,46
1,2013,0.0,46
2,2013,0.0,46
3,2013,0.0,46
4,2013,0.0,46
5,2013,0.0,46
6,2013,0.0,46
7,2013,1.0,46
8,2013,0.0,46
9,2013,0.0,46
10,2013,0.0,46
11,2013,0.0,46
12,2013,0.0,46
1,2014,0.0,46
2,2014,0.0,46
3,2014,0.0,46
4,2014,0.0,46
5,2014,0.0,46
6,2014,0.0,46
7,2014,0.0,46
8,2014,0.0,46
9,2014,0.0,46
10,2014,0.0,46
11,2014,0.0,46
12,2014,0.0,46
1,2015,6.0,46
2,2015,2.0,46
3,2015,2.0,46
4,2015,1.0,46
5,2015,0.0,46
6,2015,0.0,46
7,2015,3.0,46
8,2015,3.0,46
9,2015,7.0,46
10,2015,7.0,46
11,2015,3.0,46
12,2015,0.0,46
1,2016,1.0,46
2,2016,0.0,46
3,2016,0.0,46
4,2016,0.0,46
5,2016,0.0,46
6,2016,0.0,46
7,2016,0.0,46
8,2016,0.0,46
9,2016,0.0,46
10,2016,1.0,46
11,2016,0.0,46
12,2016,2.0,46
1,2017,0.0,46
2,2017,0.0,46
3,2017,0.0,46
4,2017,0.0,46
5,2017,0.0,46
6,2017,1.0,46
7,2017,0.0,46
8,2017,0.0,46
9,2017,0.0,46
10,2017,0.0,46
11,2017,2.0,46
12,2017,0.0,46
1,2018,1.0,46
2,2018,0.0,46
3,2018,0.0,46
4,2018,0.0,46
5,2018,0.0,46
6,2018,0.0,46
7,2018,0.0,46
8,2018,1.0,46
9,2018,0.0,46
10,2018,1.0,46
11,2018,0.0,46
12,2018,0.0,46
1,2019,1.0,46
2,2019,1.0,46
3,2019,1.0,46
4,2019,0.0,46
5,2019,0.0,46
6,2019,0.0,46
7,2019,0.0,46
8,2019,7.0,46
9,2019,12.0,46
10,2019,3.0,46
11,2019,0.0,46
12,2019,1.0,46
1,2020,1.0,46
2,2020,0.0,46
3,2020,0.0,46
4,2020,0.0,46
5,2020,0.0,46
6,2020,0.0,46
7,2020,0.0,46
8,2020,0.0,46
9,2020,0.0,46
10,2020,0.0,46
11,2020,0.0,46
12,2020,0.0,46
1,2021,0.0,46
2,2021,0.0,46
3,2021,0.0,46
4,2021,0.0,46
5,2021,0.0,46
6,2021,0.0,46
7,2021,0.0,46
8,2021,0.0,46
9,2021,0.0,46
10,2021,0.0,46
11,2021,1.0,46
12,2021,1.0,46
1,2022,0.0,46
2,2022,0.0,46
3,2022,0.0,46
4,2022,0.0,46
5,2022,0.0,46
6,2022,0.0,46
7,2022,0.0,46
8,2022,1.0,46
9,2022,2.0,46
10,2022,0.0,46
11,2022,0.0,46
12,2022,0.0,46
1,2023,0.0,46
2,2023,0.0,46
3,2023,0.0,46
4,2023,0.0,46
5,2023,0.0,46
6,2023,0.0,46
7,2023,0.0,46
8,2023,0.0,46
9,2023,0.0,46
10,2023,1.0,46
11,2023,0.0,46
12,2023,0.0,46
1,2024,0.0,46
2,2024,0.0,46
3,2024,0.0,46
4,2024,0.0,46
5,2024,0.0,46
6,2024,0.0,46
7,2024,0.0,46
8,2024,1.0,46
9,2024,0.0,46
10,2024,1.0,46
11,2024,4.0,46
12,2024,4.0,46
1,2010,0.0,47
2,2010,0.0,47
3,2010,0.0,47
4,2010,0.0,47
5,2010,0.0,47
6,2010,1.0,47
7,2010,0.0,47
8,2010,0.0,47
9,2010,0.0,47
10,2010,1.0,47
11,2010,0.0,47
12,2010,0.0,47
1,2011,0.0,47
2,2011,0.0,47
3,2011,0.0,47
4,2011,1.0,47
5,2011,0.0,47
6,2011,0.0,47
7,2011,0.0,47
8,2011,1.0,47
9,2011,2.0,47
10,2011,0.0,47
11,2011,0.0,47
12,2011,0.0,47
1,2012,0.0,47
2,2012,0.0,47
3,2012,0.0,47
4,2012,0.0,47
5,2012,0.0,47
6,2012,0.0,47
7,2012,0.0,47
8,2012,0.0,47
9,2012,0.0,47
10,2012,2.0,47
11,2012,0.0,47
12,2012,1.0,47
1,2013,0.0,47
2,2013,0.0,47
3,2013,0.0,47
4,2013,0.0,47
5,2013,0.0,47
6,2013,0.0,47
7,2013,0.0,47
8,2013,3.0,47
9,2013,0.0,47
10,2013,0.0,47
11,2013,0.0,47
12,2013,0.0,47
1,2014,0.0,47
2,2014,0.0,47
3,2014,0.0,47
4,2014,0.0,47
5,2014,0.0,47
6,2014,0.0,47
7,2014,0.0,47
8,2014,0.0,47
9,2014,0.0,47
10,2014,2.0,47
11,2014,0.0,47
12,2014,1.0,47
1,2015,0.0,47
2,2015,2.0,47
3,2015,0.0,47
4,2015,0.0,47
5,2015,0.0,47
6,2015,0.0,47
7,2015,10.0,47
8,2015,5.0,47
9,2015,3.0,47
10,2015,3.0,47
11,2015,1.0,47
12,2015,0.0,47
1,2016,1.0,47
2,2016,0.0,47
3,2016,0.0,47
4,2016,0.0,47
5,2016,0.0,47
6,2016,0.0,47
7,2016,0.0,47
8,2016,0.0,47
9,2016,0.0,47
10,2016,1.0,47
11,2016,1.0,47
12,2016,0.0,47
1,2017,0.0,47
2,2017,0.0,47
3,2017,0.0,47
4,2017,0.0,47
5,2017,0.0,47
6,2017,0.0,47
7,2017,0.0,47
8,2017,0.0,47
9,2017,0.0,47
10,2017,0.0,47
11,2017,1.0,47
12,2017,0.0,47
1,2018,0.0,47
2,2018,0.0,47
3,2018,0.0,47
4,2018,0.0,47
5,2018,0.0,47
6,2018,0.0,47
7,2018,0.0,47
8,2018,0.0,47
9,2018,0.0,47
10,2018,1.0,47
11,2018,0.0,47
12,2018,0.0,47
1,2019,0.0,47
2,2019,0.0,47
3,2019,1.0,47
4,2019,0.0,47
5,2019,0.0,47
6,2019,0.0,47
7,2019,0.0,47
8,2019,1.0,47
9,2019,2.0,47
10,2019,3.0,47
11,2019,0.0,47
12,2019,0.0,47
1,2020,1.0,47
2,2020,0.0,47
3,2020,0.0,47
4,2020,0.0,47
5,2020,0.0,47
6,2020,0.0,47
7,2020,0.0,47
8,2020,0.0,47
9,2020,0.0,47
10,2020,0.0,47
11,2020,1.0,47
12,2020,1.0,47
1,2021,0.0,47
2,2021,0.0,47
3,2021,2.0,47
4,2021,0.0,47
5,2021,0.0,47
6,2021,0.0,47
7,2021,0.0,47
8,2021,0.0,47
9,2021,0.0,47
10,2021,1.0,47
11,2021,0.0,47
12,2021,0.0,47
1,2022,0.0,47
2,2022,0.0,47
3,2022,0.0,47
4,2022,0.0,47
5,2022,0.0,47
6,2022,0.0,47
7,2022,0.0,47
8,2022,0.0,47
9,2022,0.0,47
10,2022,0.0,47
11,2022,0.0,47
12,2022,0.0,47
1,2023,1.0,47
2,2023,0.0,47
3,2023,0.0,47
4,2023,0.0,47
5,2023,0.0,47
6,2023,0.0,47
7,2023,0.0,47
8,2023,0.0,47
9,2023,0.0,47
10,2023,0.0,47
11,2023,2.0,47
12,2023,0.0,47
1,2024,0.0,47
2,2024,0.0,47
3,2024,0.0,47
4,2024,0.0,47
5,2024,0.0,47
6,2024,0.0,47
7,2024,0.0,47
8,2024,0.0,47
9,2024,0.0,47
10,2024,1.0,47
11,2024,2.0,47
12,2024,0.0,47
1,2010,0.0,48
2,2010,0.0,48
3,2010,0.0,48
4,2010,0.0,48
5,2010,0.0,48
6,2010,0.0,48
7,2010,0.0,48
8,2010,0.0,48
9,2010,0.0,48
10,2010,1.0,48
11,2010,0.0,48
12,2010,0.0,48
1,2011,1.0,48
2,2011,0.0,48
3,2011,0.0,48
4,2011,0.0,48
5,2011,0.0,48
6,2011,0.0,48
7,2011,0.0,48
8,2011,1.0,48
9,2011,1.0,48
10,2011,1.0,48
11,2011,2.0,48
12,2011,0.0,48
1,2012,0.0,48
2,2012,0.0,48
3,2012,0.0,48
4,2012,0.0,48
5,2012,0.0,48
6,2012,0.0,48
7,2012,0.0,48
8,2012,0.0,48
9,2012,0.0,48
10,2012,1.0,48
11,2012,0.0,48
12,2012,0.0,48
1,2013,0.0,48
2,2013,0.0,48
3,2013,0.0,48
4,2013,0.0,48
5,2013,0.0,48
6,2013,0.0,48
7,2013,2.0,48
8,2013,4.0,48
9,2013,0.0,48
10,2013,2.0,48
11,2013,0.0,48
12,2013,0.0,48
1,2014,0.0,48
2,2014,0.0,48
3,2014,0.0,48
4,2014,0.0,48
5,2014,0.0,48
6,2014,0.0,48
7,2014,0.0,48
8,2014,0.0,48
9,2014,0.0,48
10,2014,1.0,48
11,2014,0.0,48
12,2014,0.0,48
1,2015,2.0,48
2,2015,0.0,48
3,2015,2.0,48
4,2015,0.0,48
5,2015,0.0,48
6,2015,0.0,48
7,2015,0.0,48
8,2015,2.0,48
9,2015,5.0,48
10,2015,12.0,48
11,2015,6.0,48
12,2015,1.0,48
1,2016,0.0,48
2,2016,0.0,48
3,2016,0.0,48
4,2016,0.0,48
5,2016,0.0,48
6,2016,0.0,48
7,2016,0.0,48
8,2016,0.0,48
9,2016,0.0,48
10,2016,0.0,48
11,2016,1.0,48
12,2016,0.0,48
1,2017,2.0,48
2,2017,0.0,48
3,2017,0.0,48
4,2017,0.0,48
5,2017,0.0,48
6,2017,0.0,48
7,2017,0.0,48
8,2017,1.0,48
9,2017,0.0,48
10,2017,0.0,48
11,2017,0.0,48
12,2017,1.0,48
1,2018,0.0,48
2,2018,0.0,48
3,2018,0.0,48
4,2018,0.0,48
5,2018,0.0,48
6,2018,0.0,48
7,2018,0.0,48
8,2018,1.0,48
9,2018,1.0,48
10,2018,0.0,48
11,2018,0.0,48
12,2018,1.0,48
1,2019,1.0,48
2,2019,1.0,48
3,2019,0.0,48
4,2019,0.0,48
5,2019,0.0,48
6,2019,0.0,48
7,2019,2.0,48
8,2019,6.0,48
9,2019,8.0,48
10,2019,3.0,48
11,2019,9.0,48
12,2019,0.0,48
1,2020,3.0,48
2,2020,2.0,48
3,2020,0.0,48
4,2020,0.0,48
5,2020,0.0,48
6,2020,0.0,48
7,2020,0.0,48
8,2020,0.0,48
9,2020,0.0,48
10,2020,0.0,48
11,2020,0.0,48
12,2020,0.0,48
1,2021,2.0,48
2,2021,0.0,48
3,2021,0.0,48
4,2021,0.0,48
5,2021,0.0,48
6,2021,0.0,48
7,2021,1.0,48
8,2021,0.0,48
9,2021,0.0,48
10,2021,0.0,48
11,2021,0.0,48
12,2021,0.0,48
1,2022,0.0,48
2,2022,0.0,48
3,2022,0.0,48
4,2022,0.0,48
5,2022,0.0,48
6,2022,0.0,48
7,2022,1.0,48
8,2022,0.0,48
9,2022,1.0,48
10,2022,0.0,48
11,2022,0.0,48
12,2022,0.0,48
1,2023,0.0,48
2,2023,0.0,48
3,2023,1.0,48
4,2023,0.0,48
5,2023,0.0,48
6,2023,0.0,48
7,2023,0.0,48
8,2023,0.0,48
9,2023,1.0,48
10,2023,1.0,48
11,2023,0.0,48
12,2023,0.0,48
1,2024,0.0,48
2,2024,0.0,48
3,2024,0.0,48
4,2024,0.0,48
5,2024,0.0,48
6,2024,0.0,48
7,2024,0.0,48
8,2024,0.0,48
9,2024,2.0,48
10,2024,2.0,48
11,2024,5.0,48
12,2024,4.0,48
1,2010,0.0,49
2,2010,0.0,49
3,2010,0.0,49
4,2010,0.0,49
5,2010,0.0,49
6,2010,0.0,49
7,2010,0.0,49
8,2010,0.0,49
9,2010,0.0,49
10,2010,2.0,49
11,2010,1.0,49
12,2010,1.0,49
1,2011,1.0,49
2,2011,0.0,49
3,2011,0.0,49
4,2011,0.0,49
5,2011,0.0,49
6,2011,0.0,49
7,2011,0.0,49
8,2011,0.0,49
9,2011,3.0,49
10,2011,0.0,49
11,2011,0.0,49
12,2011,0.0,49
1,2012,0.0,49
2,2012,0.0,49
3,2012,0.0,49
4,2012,0.0,49
5,2012,0.0,49
6,2012,0.0,49
7,2012,0.0,49
8,2012,0.0,49
9,2012,1.0,49
10,2012,2.0,49
11,2012,0.0,49
12,2012,0.0,49
1,2013,1.0,49
2,2013,0.0,49
3,2013,0.0,49
4,2013,0.0,49
5,2013,0.0,49
6,2013,0.0,49
7,2013,0.0,49
8,2013,0.0,49
9,2013,0.0,49
10,2013,0.0,49
11,2013,0.0,49
12,2013,0.0,49
1,2014,0.0,49
2,2014,0.0,49
3,2014,0.0,49
4,2014,0.0,49
5,2014,0.0,49
6,2014,0.0,49
7,2014,0.0,49
8,2014,0.0,49
9,2014,1.0,49
10,2014,2.0,49
11,2014,0.0,49
12,2014,0.0,49
1,2015,0.0,49
2,2015,2.0,49
3,2015,1.0,49
4,2015,0.0,49
5,2015,0.0,49
6,2015,2.0,49
7,2015,4.0,49
8,2015,3.0,49
9,2015,5.0,49
10,2015,16.0,49
11,2015,4.0,49
12,2015,2.0,49
1,2016,1.0,49
2,2016,1.0,49
3,2016,0.0,49
4,2016,0.0,49
5,2016,0.0,49
6,2016,0.0,49
7,2016,0.0,49
8,2016,0.0,49
9,2016,0.0,49
10,2016,0.0,49
11,2016,0.0,49
12,2016,1.0,49
1,2017,2.0,49
2,2017,0.0,49
3,2017,0.0,49
4,2017,0.0,49
5,2017,0.0,49
6,2017,0.0,49
7,2017,1.0,49
8,2017,0.0,49
9,2017,0.0,49
10,2017,0.0,49
11,2017,0.0,49
12,2017,2.0,49
1,2018,2.0,49
2,2018,1.0,49
3,2018,0.0,49
4,2018,0.0,49
5,2018,0.0,49
6,2018,0.0,49
7,2018,0.0,49
8,2018,0.0,49
9,2018,0.0,49
10,2018,0.0,49
11,2018,0.0,49
12,2018,1.0,49
1,2019,2.0,49
2,2019,1.0,49
3,2019,1.0,49
4,2019,1.0,49
5,2019,0.0,49
6,2019,1.0,49
7,2019,13.0,49
8,2019,15.0,49
9,2019,8.0,49
10,2019,4.0,49
11,2019,1.0,49
12,2019,0.0,49
1,2020,0.0,49
2,2020,2.0,49
3,2020,0.0,49
4,2020,0.0,49
5,2020,0.0,49
6,2020,0.0,49
7,2020,0.0,49
8,2020,0.0,49
9,2020,0.0,49
10,2020,0.0,49
11,2020,0.0,49
12,2020,3.0,49
1,2021,3.0,49
2,2021,0.0,49
3,2021,0.0,49
4,2021,0.0,49
5,2021,0.0,49
6,2021,0.0,49
7,2021,0.0,49
8,2021,0.0,49
9,2021,1.0,49
10,2021,1.0,49
11,2021,0.0,49
12,2021,0.0,49
1,2022,0.0,49
2,2022,0.0,49
3,2022,0.0,49
4,2022,1.0,49
5,2022,0.0,49
6,2022,0.0,49
7,2022,0.0,49
8,2022,0.0,49
9,2022,0.0,49
10,2022,2.0,49
11,2022,1.0,49
12,2022,0.0,49
1,2023,0.0,49
2,2023,0.0,49
3,2023,0.0,49
4,2023,0.0,49
5,2023,0.0,49
6,2023,0.0,49
7,2023,0.0,49
8,2023,0.0,49
9,2023,1.0,49
10,2023,0.0,49
11,2023,2.0,49
12,2023,0.0,49
1,2024,,49
2,2024,,49
3,2024,,49
4,2024,,49
5,2024,,49
6,2024,,49
7,2024,,49
8,2024,,49
9,2024,,49
10,2024,,49
11,2024,,49
12,2024,,49
1,2010,0.0,50
2,2010,0.0,50
3,2010,0.0,50
4,2010,0.0,50
5,2010,0.0,50
6,2010,0.0,50
7,2010,0.0,50
8,2010,1.0,50
9,2010,1.0,50
10,2010,1.0,50
11,2010,0.0,50
12,2010,1.0,50
1,2011,2.0,50
2,2011,1.0,50
3,2011,0.0,50
4,2011,0.0,50
5,2011,0.0,50
6,2011,0.0,50
7,2011,0.0,50
8,2011,1.0,50
9,2011,0.0,50
10,2011,0.0,50
11,2011,0.0,50
12,2011,0.0,50
1,2012,0.0,50
2,2012,0.0,50
3,2012,0.0,50
4,2012,0.0,50
5,2012,0.0,50
6,2012,0.0,50
7,2012,0.0,50
8,2012,0.0,50
9,2012,0.0,50
10,2012,2.0,50
11,2012,0.0,50
12,2012,0.0,50
1,2013,0.0,50
2,2013,0.0,50
3,2013,1.0,50
4,2013,0.0,50
5,2013,0.0,50
6,2013,0.0,50
7,2013,0.0,50
8,2013,1.0,50
9,2013,0.0,50
10,2013,1.0,50
11,2013,0.0,50
12,2013,1.0,50
1,2014,0.0,50
2,2014,0.0,50
3,2014,0.0,50
4,2014,0.0,50
5,2014,0.0,50
6,2014,0.0,50
7,2014,0.0,50
8,2014,0.0,50
9,2014,0.0,50
10,2014,2.0,50
11,2014,0.0,50
12,2014,0.0,50
1,2015,0.0,50
2,2015,0.0,50
3,2015,2.0,50
4,2015,0.0,50
5,2015,0.0,50
6,2015,0.0,50
7,2015,2.0,50
8,2015,0.0,50
9,2015,5.0,50
10,2015,3.0,50
11,2015,1.0,50
12,2015,0.0,50
1,2016,1.0,50
2,2016,0.0,50
3,2016,0.0,50
4,2016,0.0,50
5,2016,0.0,50
6,2016,0.0,50
7,2016,0.0,50
8,2016,0.0,50
9,2016,0.0,50
10,2016,0.0,50
11,2016,0.0,50
12,2016,0.0,50
1,2017,0.0,50
2,2017,0.0,50
3,2017,0.0,50
4,2017,0.0,50
5,2017,0.0,50
6,2017,0.0,50
7,2017,0.0,50
8,2017,0.0,50
9,2017,0.0,50
10,2017,0.0,50
11,2017,1.0,50
12,2017,1.0,50
1,2018,0.0,50
2,2018,0.0,50
3,2018,0.0,50
4,2018,0.0,50
5,2018,0.0,50
6,2018,0.0,50
7,2018,0.0,50
8,2018,0.0,50
9,2018,1.0,50
10,2018,2.0,50
11,2018,3.0,50
12,2018,1.0,50
1,2019,2.0,50
2,2019,1.0,50
3,2019,0.0,50
4,2019,1.0,50
5,2019,1.0,50
6,2019,0.0,50
7,2019,1.0,50
8,2019,0.0,50
9,2019,0.0,50
10,2019,1.0,50
11,2019,0.0,50
12,2019,0.0,50
1,2020,0.0,50
2,2020,0.0,50
3,2020,0.0,50
4,2020,0.0,50
5,2020,0.0,50
6,2020,0.0,50
7,2020,0.0,50
8,2020,0.0,50
9,2020,0.0,50
10,2020,0.0,50
11,2020,0.0,50
12,2020,0.0,50
1,2021,0.0,50
2,2021,0.0,50
3,2021,0.0,50
4,2021,0.0,50
5,2021,0.0,50
6,2021,0.0,50
7,2021,0.0,50
8,2021,0.0,50
9,2021,0.0,50
10,2021,0.0,50
11,2021,0.0,50
12,2021,0.0,50
1,2022,0.0,50
2,2022,0.0,50
3,2022,0.0,50
4,2022,0.0,50
5,2022,0.0,50
6,2022,0.0,50
7,2022,0.0,50
8,2022,1.0,50
9,2022,0.0,50
10,2022,1.0,50
11,2022,0.0,50
12,2022,0.0,50
1,2023,0.0,50
2,2023,0.0,50
3,2023,0.0,50
4,2023,0.0,50
5,2023,0.0,50
6,2023,1.0,50
7,2023,1.0,50
8,2023,0.0,50
9,2023,0.0,50
10,2023,0.0,50
11,2023,1.0,50
12,2023,0.0,50
1,2024,0.0,50
2,2024,0.0,50
3,2024,0.0,50
4,2024,0.0,50
5,2024,0.0,50
6,2024,0.0,50
7,2024,0.0,50
8,2024,0.0,50
9,2024,5.0,50
10,2024,2.0,50
11,2024,4.0,50
12,2024,1.0,50
1,2010,0.0,51
2,2010,0.0,51
3,2010,0.0,51
4,2010,0.0,51
5,2010,0.0,51
6,2010,0.0,51
7,2010,0.0,51
8,2010,2.0,51
9,2010,2.0,51
10,2010,0.0,51
11,2010,0.0,51
12,2010,0.0,51
1,2011,1.0,51
2,2011,0.0,51
3,2011,0.0,51
4,2011,0.0,51
5,2011,0.0,51
6,2011,0.0,51
7,2011,0.0,51
8,2011,0.0,51
9,2011,0.0,51
10,2011,0.0,51
11,2011,0.0,51
12,2011,0.0,51
1,2012,0.0,51
2,2012,0.0,51
3,2012,1.0,51
4,2012,0.0,51
5,2012,0.0,51
6,2012,0.0,51
7,2012,1.0,51
8,2012,0.0,51
9,2012,2.0,51
10,2012,1.0,51
11,2012,0.0,51
12,2012,0.0,51
1,2013,0.0,51
2,2013,0.0,51
3,2013,0.0,51
4,2013,0.0,51
5,2013,0.0,51
6,2013,0.0,51
7,2013,0.0,51
8,2013,0.0,51
9,2013,0.0,51
10,2013,0.0,51
11,2013,2.0,51
12,2013,0.0,51
1,2014,0.0,51
2,2014,0.0,51
3,2014,1.0,51
4,2014,0.0,51
5,2014,0.0,51
6,2014,0.0,51
7,2014,1.0,51
8,2014,0.0,51
9,2014,2.0,51
10,2014,1.0,51
11,2014,0.0,51
12,2014,0.0,51
1,2015,0.0,51
2,2015,1.0,51
3,2015,3.0,51
4,2015,0.0,51
5,2015,0.0,51
6,2015,0.0,51
7,2015,3.0,51
8,2015,5.0,51
9,2015,4.0,51
10,2015,7.0,51
11,2015,1.0,51
12,2015,0.0,51
1,2016,0.0,51
2,2016,0.0,51
3,2016,1.0,51
4,2016,0.0,51
5,2016,0.0,51
6,2016,0.0,51
7,2016,0.0,51
8,2016,0.0,51
9,2016,0.0,51
10,2016,0.0,51
11,2016,0.0,51
12,2016,0.0,51
1,2017,0.0,51
2,2017,0.0,51
3,2017,0.0,51
4,2017,0.0,51
5,2017,0.0,51
6,2017,0.0,51
7,2017,2.0,51
8,2017,0.0,51
9,2017,1.0,51
10,2017,1.0,51
11,2017,2.0,51
12,2017,1.0,51
1,2018,0.0,51
2,2018,0.0,51
3,2018,0.0,51
4,2018,0.0,51
5,2018,0.0,51
6,2018,0.0,51
7,2018,1.0,51
8,2018,0.0,51
9,2018,0.0,51
10,2018,3.0,51
11,2018,4.0,51
12,2018,0.0,51
1,2019,1.0,51
2,2019,0.0,51
3,2019,0.0,51
4,2019,0.0,51
5,2019,0.0,51
6,2019,0.0,51
7,2019,0.0,51
8,2019,2.0,51
9,2019,2.0,51
10,2019,2.0,51
11,2019,2.0,51
12,2019,0.0,51
1,2020,0.0,51
2,2020,0.0,51
3,2020,0.0,51
4,2020,0.0,51
5,2020,1.0,51
6,2020,0.0,51
7,2020,0.0,51
8,2020,0.0,51
9,2020,0.0,51
10,2020,0.0,51
11,2020,0.0,51
12,2020,0.0,51
1,2021,0.0,51
2,2021,1.0,51
3,2021,0.0,51
4,2021,0.0,51
5,2021,0.0,51
6,2021,0.0,51
7,2021,0.0,51
8,2021,0.0,51
9,2021,0.0,51
10,2021,0.0,51
11,2021,0.0,51
12,2021,0.0,51
1,2022,0.0,51
2,2022,0.0,51
3,2022,0.0,51
4,2022,0.0,51
5,2022,1.0,51
6,2022,0.0,51
7,2022,0.0,51
8,2022,0.0,51
9,2022,0.0,51
10,2022,1.0,51
11,2022,0.0,51
12,2022,0.0,51
1,2023,0.0,51
2,2023,2.0,51
3,2023,1.0,51
4,2023,0.0,51
5,2023,0.0,51
6,2023,0.0,51
7,2023,0.0,51
8,2023,0.0,51
9,2023,0.0,51
10,2023,0.0,51
11,2023,1.0,51
12,2023,0.0,51
1,2024,0.0,51
2,2024,0.0,51
3,2024,0.0,51
4,2024,0.0,51
5,2024,0.0,51
6,2024,0.0,51
7,2024,1.0,51
8,2024,0.0,51
9,2024,1.0,51
10,2024,1.0,51
11,2024,0.0,51
12,2024,2.0,51
1,2010,0.0,52
2,2010,0.0,52
3,2010,0.0,52
4,2010,0.0,52
5,2010,0.0,52
6,2010,0.0,52
7,2010,0.0,52
8,2010,1.0,52
9,2010,1.0,52
10,2010,0.0,52
11,2010,0.0,52
12,2010,0.0,52
1,2011,1.0,52
2,2011,3.0,52
3,2011,0.0,52
4,2011,0.0,52
5,2011,0.0,52
6,2011,0.0,52
7,2011,1.0,52
8,2011,1.0,52
9,2011,0.0,52
10,2011,1.0,52
11,2011,0.0,52
12,2011,0.0,52
1,2012,0.0,52
2,2012,0.0,52
3,2012,0.0,52
4,2012,0.0,52
5,2012,0.0,52
6,2012,0.0,52
7,2012,0.0,52
8,2012,0.0,52
9,2012,2.0,52
10,2012,1.0,52
11,2012,1.0,52
12,2012,1.0,52
1,2013,1.0,52
2,2013,0.0,52
3,2013,0.0,52
4,2013,0.0,52
5,2013,0.0,52
6,2013,1.0,52
7,2013,0.0,52
8,2013,0.0,52
9,2013,1.0,52
10,2013,0.0,52
11,2013,0.0,52
12,2013,0.0,52
1,2014,0.0,52
2,2014,0.0,52
3,2014,0.0,52
4,2014,0.0,52
5,2014,0.0,52
6,2014,0.0,52
7,2014,0.0,52
8,2014,0.0,52
9,2014,2.0,52
10,2014,1.0,52
11,2014,1.0,52
12,2014,1.0,52
1,2015,0.0,52
2,2015,1.0,52
3,2015,0.0,52
4,2015,0.0,52
5,2015,0.0,52
6,2015,0.0,52
7,2015,0.0,52
8,2015,1.0,52
9,2015,4.0,52
10,2015,9.0,52
11,2015,5.0,52
12,2015,0.0,52
1,2016,1.0,52
2,2016,0.0,52
3,2016,0.0,52
4,2016,0.0,52
5,2016,0.0,52
6,2016,0.0,52
7,2016,1.0,52
8,2016,0.0,52
9,2016,0.0,52
10,2016,0.0,52
11,2016,1.0,52
12,2016,0.0,52
1,2017,2.0,52
2,2017,1.0,52
3,2017,0.0,52
4,2017,0.0,52
5,2017,0.0,52
6,2017,0.0,52
7,2017,0.0,52
8,2017,0.0,52
9,2017,0.0,52
10,2017,0.0,52
11,2017,0.0,52
12,2017,1.0,52
1,2018,0.0,52
2,2018,3.0,52
3,2018,2.0,52
4,2018,1.0,52
5,2018,0.0,52
6,2018,0.0,52
7,2018,0.0,52
8,2018,0.0,52
9,2018,1.0,52
10,2018,0.0,52
11,2018,2.0,52
12,2018,1.0,52
1,2019,0.0,52
2,2019,0.0,52
3,2019,0.0,52
4,2019,0.0,52
5,2019,0.0,52
6,2019,0.0,52
7,2019,8.0,52
8,2019,6.0,52
9,2019,9.0,52
10,2019,5.0,52
11,2019,3.0,52
12,2019,0.0,52
1,2020,2.0,52
2,2020,0.0,52
3,2020,0.0,52
4,2020,0.0,52
5,2020,0.0,52
6,2020,0.0,52
7,2020,0.0,52
8,2020,0.0,52
9,2020,1.0,52
10,2020,10.0,52
11,2020,12.0,52
12,2020,1.0,52
1,2021,1.0,52
2,2021,0.0,52
3,2021,0.0,52
4,2021,0.0,52
5,2021,0.0,52
6,2021,4.0,52
7,2021,0.0,52
8,2021,0.0,52
9,2021,0.0,52
10,2021,0.0,52
11,2021,3.0,52
12,2021,1.0,52
1,2022,0.0,52
2,2022,1.0,52
3,2022,0.0,52
4,2022,0.0,52
5,2022,0.0,52
6,2022,0.0,52
7,2022,0.0,52
8,2022,0.0,52
9,2022,0.0,52
10,2022,0.0,52
11,2022,0.0,52
12,2022,0.0,52
1,2023,2.0,52
2,2023,1.0,52
3,2023,0.0,52
4,2023,0.0,52
5,2023,0.0,52
6,2023,0.0,52
7,2023,0.0,52
8,2023,1.0,52
9,2023,1.0,52
10,2023,8.0,52
11,2023,1.0,52
12,2023,0.0,52
1,2024,0.0,52
2,2024,0.0,52
3,2024,1.0,52
4,2024,0.0,52
5,2024,0.0,52
6,2024,0.0,52
7,2024,0.0,52
8,2024,0.0,52
9,2024,1.0,52
10,2024,1.0,52
11,2024,4.0,52
12,2024,7.0,52
1,2010,0.0,53
2,2010,0.0,53
3,2010,0.0,53
4,2010,0.0,53
5,2010,0.0,53
6,2010,0.0,53
7,2010,0.0,53
8,2010,0.0,53
9,2010,0.0,53
10,2010,2.0,53
11,2010,1.0,53
12,2010,0.0,53
1,2011,0.0,53
2,2011,0.0,53
3,2011,0.0,53
4,2011,0.0,53
5,2011,0.0,53
6,2011,0.0,53
7,2011,1.0,53
8,2011,4.0,53
9,2011,1.0,53
10,2011,1.0,53
11,2011,0.0,53
12,2011,0.0,53
1,2012,0.0,53
2,2012,0.0,53
3,2012,0.0,53
4,2012,0.0,53
5,2012,0.0,53
6,2012,0.0,53
7,2012,0.0,53
8,2012,0.0,53
9,2012,0.0,53
10,2012,0.0,53
11,2012,0.0,53
12,2012,0.0,53
1,2013,0.0,53
2,2013,1.0,53
3,2013,0.0,53
4,2013,0.0,53
5,2013,0.0,53
6,2013,0.0,53
7,2013,0.0,53
8,2013,0.0,53
9,2013,0.0,53
10,2013,0.0,53
11,2013,0.0,53
12,2013,0.0,53
1,2014,0.0,53
2,2014,0.0,53
3,2014,0.0,53
4,2014,0.0,53
5,2014,0.0,53
6,2014,0.0,53
7,2014,0.0,53
8,2014,0.0,53
9,2014,0.0,53
10,2014,0.0,53
11,2014,0.0,53
12,2014,0.0,53
1,2015,1.0,53
2,2015,0.0,53
3,2015,0.0,53
4,2015,0.0,53
5,2015,0.0,53
6,2015,1.0,53
7,2015,1.0,53
8,2015,3.0,53
9,2015,7.0,53
10,2015,7.0,53
11,2015,5.0,53
12,2015,0.0,53
1,2016,0.0,53
2,2016,0.0,53
3,2016,0.0,53
4,2016,0.0,53
5,2016,0.0,53
6,2016,0.0,53
7,2016,0.0,53
8,2016,0.0,53
9,2016,0.0,53
10,2016,1.0,53
11,2016,0.0,53
12,2016,0.0,53
1,2017,0.0,53
2,2017,0.0,53
3,2017,0.0,53
4,2017,0.0,53
5,2017,0.0,53
6,2017,0.0,53
7,2017,0.0,53
8,2017,0.0,53
9,2017,2.0,53
10,2017,0.0,53
11,2017,0.0,53
12,2017,0.0,53
1,2018,0.0,53
2,2018,0.0,53
3,2018,0.0,53
4,2018,0.0,53
5,2018,0.0,53
6,2018,0.0,53
7,2018,0.0,53
8,2018,0.0,53
9,2018,1.0,53
10,2018,1.0,53
11,2018,1.0,53
12,2018,1.0,53
1,2019,1.0,53
2,2019,0.0,53
3,2019,0.0,53
4,2019,0.0,53
5,2019,0.0,53
6,2019,1.0,53
7,2019,6.0,53
8,2019,1.0,53
9,2019,9.0,53
10,2019,3.0,53
11,2019,0.0,53
12,2019,1.0,53
1,2020,1.0,53
2,2020,0.0,53
3,2020,0.0,53
4,2020,0.0,53
5,2020,0.0,53
6,2020,0.0,53
7,2020,0.0,53
8,2020,0.0,53
9,2020,0.0,53
10,2020,0.0,53
11,2020,0.0,53
12,2020,0.0,53
1,2021,0.0,53
2,2021,0.0,53
3,2021,0.0,53
4,2021,1.0,53
5,2021,0.0,53
6,2021,0.0,53
7,2021,0.0,53
8,2021,0.0,53
9,2021,0.0,53
10,2021,0.0,53
11,2021,0.0,53
12,2021,1.0,53
1,2022,0.0,53
2,2022,0.0,53
3,2022,1.0,53
4,2022,0.0,53
5,2022,0.0,53
6,2022,0.0,53
7,2022,0.0,53
8,2022,1.0,53
9,2022,1.0,53
10,2022,0.0,53
11,2022,1.0,53
12,2022,1.0,53
1,2023,0.0,53
2,2023,0.0,53
3,2023,0.0,53
4,2023,0.0,53
5,2023,0.0,53
6,2023,0.0,53
7,2023,0.0,53
8,2023,2.0,53
9,2023,0.0,53
10,2023,0.0,53
11,2023,0.0,53
12,2023,1.0,53
1,2024,0.0,53
2,2024,0.0,53
3,2024,0.0,53
4,2024,1.0,53
5,2024,0.0,53
6,2024,0.0,53
7,2024,0.0,53
8,2024,1.0,53
9,2024,2.0,53
10,2024,4.0,53
11,2024,2.0,53
12,2024,4.0,53
1,2010,0.0,54
2,2010,0.0,54
3,2010,0.0,54
4,2010,0.0,54
5,2010,0.0,54
6,2010,0.0,54
7,2010,0.0,54
8,2010,1.0,54
9,2010,4.0,54
10,2010,2.0,54
11,2010,0.0,54
12,2010,0.0,54
1,2011,0.0,54
2,2011,0.0,54
3,2011,0.0,54
4,2011,0.0,54
5,2011,0.0,54
6,2011,0.0,54
7,2011,0.0,54
8,2011,1.0,54
9,2011,2.0,54
10,2011,1.0,54
11,2011,0.0,54
12,2011,0.0,54
1,2012,1.0,54
2,2012,0.0,54
3,2012,0.0,54
4,2012,0.0,54
5,2012,0.0,54
6,2012,0.0,54
7,2012,0.0,54
8,2012,0.0,54
9,2012,0.0,54
10,2012,0.0,54
11,2012,0.0,54
12,2012,0.0,54
1,2013,0.0,54
2,2013,0.0,54
3,2013,0.0,54
4,2013,0.0,54
5,2013,0.0,54
6,2013,0.0,54
7,2013,0.0,54
8,2013,1.0,54
9,2013,1.0,54
10,2013,0.0,54
11,2013,0.0,54
12,2013,0.0,54
1,2014,1.0,54
2,2014,0.0,54
3,2014,0.0,54
4,2014,0.0,54
5,2014,0.0,54
6,2014,0.0,54
7,2014,0.0,54
8,2014,0.0,54
9,2014,0.0,54
10,2014,0.0,54
11,2014,0.0,54
12,2014,0.0,54
1,2015,0.0,54
2,2015,1.0,54
3,2015,0.0,54
4,2015,0.0,54
5,2015,0.0,54
6,2015,0.0,54
7,2015,2.0,54
8,2015,3.0,54
9,2015,3.0,54
10,2015,3.0,54
11,2015,1.0,54
12,2015,0.0,54
1,2016,0.0,54
2,2016,0.0,54
3,2016,0.0,54
4,2016,0.0,54
5,2016,0.0,54
6,2016,0.0,54
7,2016,0.0,54
8,2016,0.0,54
9,2016,0.0,54
10,2016,0.0,54
11,2016,0.0,54
12,2016,0.0,54
1,2017,0.0,54
2,2017,0.0,54
3,2017,0.0,54
4,2017,0.0,54
5,2017,0.0,54
6,2017,0.0,54
7,2017,0.0,54
8,2017,0.0,54
9,2017,0.0,54
10,2017,0.0,54
11,2017,0.0,54
12,2017,0.0,54
1,2018,0.0,54
2,2018,0.0,54
3,2018,0.0,54
4,2018,0.0,54
5,2018,0.0,54
6,2018,0.0,54
7,2018,0.0,54
8,2018,0.0,54
9,2018,1.0,54
10,2018,0.0,54
11,2018,1.0,54
12,2018,0.0,54
1,2019,1.0,54
2,2019,1.0,54
3,2019,0.0,54
4,2019,0.0,54
5,2019,0.0,54
6,2019,0.0,54
7,2019,1.0,54
8,2019,2.0,54
9,2019,4.0,54
10,2019,1.0,54
11,2019,0.0,54
12,2019,0.0,54
1,2020,0.0,54
2,2020,0.0,54
3,2020,1.0,54
4,2020,0.0,54
5,2020,0.0,54
6,2020,0.0,54
7,2020,0.0,54
8,2020,0.0,54
9,2020,0.0,54
10,2020,0.0,54
11,2020,0.0,54
12,2020,0.0,54
1,2021,0.0,54
2,2021,0.0,54
3,2021,0.0,54
4,2021,0.0,54
5,2021,0.0,54
6,2021,0.0,54
7,2021,0.0,54
8,2021,0.0,54
9,2021,0.0,54
10,2021,0.0,54
11,2021,0.0,54
12,2021,0.0,54
1,2022,1.0,54
2,2022,0.0,54
3,2022,0.0,54
4,2022,0.0,54
5,2022,0.0,54
6,2022,2.0,54
7,2022,0.0,54
8,2022,1.0,54
9,2022,1.0,54
10,2022,1.0,54
11,2022,0.0,54
12,2022,0.0,54
1,2023,0.0,54
2,2023,0.0,54
3,2023,0.0,54
4,2023,0.0,54
5,2023,0.0,54
6,2023,0.0,54
7,2023,0.0,54
8,2023,0.0,54
9,2023,0.0,54
10,2023,0.0,54
11,2023,0.0,54
12,2023,0.0,54
1,2024,0.0,54
2,2024,0.0,54
3,2024,0.0,54
4,2024,0.0,54
5,2024,0.0,54
6,2024,0.0,54
7,2024,0.0,54
8,2024,0.0,54
9,2024,2.0,54
10,2024,1.0,54
11,2024,4.0,54
12,2024,1.0,54
1,2010,0.0,55
2,2010,0.0,55
3,2010,0.0,55
4,2010,0.0,55
5,2010,0.0,55
6,2010,0.0,55
7,2010,0.0,55
8,2010,1.0,55
9,2010,1.0,55
10,2010,1.0,55
11,2010,0.0,55
12,2010,0.0,55
1,2011,5.0,55
2,2011,1.0,55
3,2011,0.0,55
4,2011,2.0,55
5,2011,0.0,55
6,2011,0.0,55
7,2011,3.0,55
8,2011,0.0,55
9,2011,0.0,55
10,2011,0.0,55
11,2011,0.0,55
12,2011,0.0,55
1,2012,0.0,55
2,2012,0.0,55
3,2012,0.0,55
4,2012,0.0,55
5,2012,1.0,55
6,2012,0.0,55
7,2012,1.0,55
8,2012,0.0,55
9,2012,1.0,55
10,2012,0.0,55
11,2012,0.0,55
12,2012,0.0,55
1,2013,0.0,55
2,2013,0.0,55
3,2013,0.0,55
4,2013,0.0,55
5,2013,0.0,55
6,2013,0.0,55
7,2013,0.0,55
8,2013,0.0,55
9,2013,1.0,55
10,2013,0.0,55
11,2013,0.0,55
12,2013,0.0,55
1,2014,0.0,55
2,2014,0.0,55
3,2014,0.0,55
4,2014,0.0,55
5,2014,1.0,55
6,2014,0.0,55
7,2014,1.0,55
8,2014,0.0,55
9,2014,1.0,55
10,2014,0.0,55
11,2014,0.0,55
12,2014,0.0,55
1,2015,0.0,55
2,2015,0.0,55
3,2015,0.0,55
4,2015,0.0,55
5,2015,0.0,55
6,2015,0.0,55
7,2015,0.0,55
8,2015,2.0,55
9,2015,0.0,55
10,2015,5.0,55
11,2015,1.0,55
12,2015,2.0,55
1,2016,0.0,55
2,2016,0.0,55
3,2016,0.0,55
4,2016,0.0,55
5,2016,0.0,55
6,2016,0.0,55
7,2016,0.0,55
8,2016,0.0,55
9,2016,0.0,55
10,2016,0.0,55
11,2016,0.0,55
12,2016,0.0,55
1,2017,0.0,55
2,2017,0.0,55
3,2017,0.0,55
4,2017,0.0,55
5,2017,0.0,55
6,2017,1.0,55
7,2017,0.0,55
8,2017,0.0,55
9,2017,0.0,55
10,2017,0.0,55
11,2017,0.0,55
12,2017,0.0,55
1,2018,1.0,55
2,2018,0.0,55
3,2018,0.0,55
4,2018,0.0,55
5,2018,0.0,55
6,2018,0.0,55
7,2018,0.0,55
8,2018,0.0,55
9,2018,0.0,55
10,2018,1.0,55
11,2018,1.0,55
12,2018,1.0,55
1,2019,0.0,55
2,2019,0.0,55
3,2019,0.0,55
4,2019,0.0,55
5,2019,0.0,55
6,2019,0.0,55
7,2019,0.0,55
8,2019,9.0,55
9,2019,10.0,55
10,2019,2.0,55
11,2019,4.0,55
12,2019,3.0,55
1,2020,1.0,55
2,2020,0.0,55
3,2020,0.0,55
4,2020,0.0,55
5,2020,0.0,55
6,2020,0.0,55
7,2020,0.0,55
8,2020,0.0,55
9,2020,0.0,55
10,2020,2.0,55
11,2020,0.0,55
12,2020,1.0,55
1,2021,0.0,55
2,2021,0.0,55
3,2021,0.0,55
4,2021,0.0,55
5,2021,0.0,55
6,2021,0.0,55
7,2021,0.0,55
8,2021,0.0,55
9,2021,0.0,55
10,2021,0.0,55
11,2021,0.0,55
12,2021,0.0,55
1,2022,0.0,55
2,2022,0.0,55
3,2022,0.0,55
4,2022,0.0,55
5,2022,0.0,55
6,2022,0.0,55
7,2022,0.0,55
8,2022,0.0,55
9,2022,0.0,55
10,2022,0.0,55
11,2022,0.0,55
12,2022,0.0,55
1,2023,0.0,55
2,2023,1.0,55
3,2023,0.0,55
4,2023,0.0,55
5,2023,0.0,55
6,2023,0.0,55
7,2023,0.0,55
8,2023,0.0,55
9,2023,0.0,55
10,2023,0.0,55
11,2023,1.0,55
12,2023,0.0,55
1,2024,0.0,55
2,2024,0.0,55
3,2024,0.0,55
4,2024,0.0,55
5,2024,0.0,55
6,2024,0.0,55
7,2024,1.0,55
8,2024,0.0,55
9,2024,1.0,55
10,2024,0.0,55
11,2024,1.0,55
12,2024,0.0,55
1,2010,0.0,56
2,2010,1.0,56
3,2010,0.0,56
4,2010,0.0,56
5,2010,0.0,56
6,2010,0.0,56
7,2010,0.0,56
8,2010,0.0,56
9,2010,0.0,56
10,2010,0.0,56
11,2010,1.0,56
12,2010,0.0,56
1,2011,0.0,56
2,2011,1.0,56
3,2011,0.0,56
4,2011,0.0,56
5,2011,0.0,56
6,2011,2.0,56
7,2011,4.0,56
8,2011,5.0,56
9,2011,2.0,56
10,2011,0.0,56
11,2011,0.0,56
12,2011,0.0,56
1,2012,0.0,56
2,2012,0.0,56
3,2012,0.0,56
4,2012,0.0,56
5,2012,0.0,56
6,2012,0.0,56
7,2012,0.0,56
8,2012,0.0,56
9,2012,1.0,56
10,2012,0.0,56
11,2012,0.0,56
12,2012,1.0,56
1,2013,0.0,56
2,2013,1.0,56
3,2013,0.0,56
4,2013,0.0,56
5,2013,0.0,56
6,2013,0.0,56
7,2013,0.0,56
8,2013,1.0,56
9,2013,1.0,56
10,2013,0.0,56
11,2013,0.0,56
12,2013,0.0,56
1,2014,0.0,56
2,2014,0.0,56
3,2014,0.0,56
4,2014,0.0,56
5,2014,0.0,56
6,2014,0.0,56
7,2014,0.0,56
8,2014,0.0,56
9,2014,1.0,56
10,2014,0.0,56
11,2014,0.0,56
12,2014,1.0,56
1,2015,0.0,56
2,2015,0.0,56
3,2015,0.0,56
4,2015,1.0,56
5,2015,0.0,56
6,2015,0.0,56
7,2015,1.0,56
8,2015,0.0,56
9,2015,4.0,56
10,2015,2.0,56
11,2015,3.0,56
12,2015,0.0,56
1,2016,3.0,56
2,2016,0.0,56
3,2016,0.0,56
4,2016,0.0,56
5,2016,0.0,56
6,2016,0.0,56
7,2016,0.0,56
8,2016,0.0,56
9,2016,1.0,56
10,2016,1.0,56
11,2016,1.0,56
12,2016,0.0,56
1,2017,1.0,56
2,2017,0.0,56
3,2017,0.0,56
4,2017,0.0,56
5,2017,0.0,56
6,2017,0.0,56
7,2017,0.0,56
8,2017,0.0,56
9,2017,0.0,56
10,2017,0.0,56
11,2017,0.0,56
12,2017,0.0,56
1,2018,0.0,56
2,2018,1.0,56
3,2018,0.0,56
4,2018,1.0,56
5,2018,0.0,56
6,2018,0.0,56
7,2018,0.0,56
8,2018,1.0,56
9,2018,0.0,56
10,2018,0.0,56
11,2018,0.0,56
12,2018,2.0,56
1,2019,1.0,56
2,2019,0.0,56
3,2019,0.0,56
4,2019,0.0,56
5,2019,0.0,56
6,2019,0.0,56
7,2019,1.0,56
8,2019,3.0,56
9,2019,7.0,56
10,2019,3.0,56
11,2019,3.0,56
12,2019,2.0,56
1,2020,1.0,56
2,2020,0.0,56
3,2020,0.0,56
4,2020,1.0,56
5,2020,0.0,56
6,2020,0.0,56
7,2020,0.0,56
8,2020,0.0,56
9,2020,0.0,56
10,2020,0.0,56
11,2020,0.0,56
12,2020,0.0,56
1,2021,0.0,56
2,2021,0.0,56
3,2021,1.0,56
4,2021,0.0,56
5,2021,0.0,56
6,2021,0.0,56
7,2021,0.0,56
8,2021,0.0,56
9,2021,0.0,56
10,2021,0.0,56
11,2021,0.0,56
12,2021,0.0,56
1,2022,0.0,56
2,2022,0.0,56
3,2022,0.0,56
4,2022,0.0,56
5,2022,0.0,56
6,2022,0.0,56
7,2022,0.0,56
8,2022,0.0,56
9,2022,0.0,56
10,2022,0.0,56
11,2022,0.0,56
12,2022,0.0,56
1,2023,0.0,56
2,2023,0.0,56
3,2023,0.0,56
4,2023,0.0,56
5,2023,0.0,56
6,2023,0.0,56
7,2023,0.0,56
8,2023,0.0,56
9,2023,2.0,56
10,2023,0.0,56
11,2023,0.0,56
12,2023,0.0,56
1,2024,3.0,56
2,2024,0.0,56
3,2024,0.0,56
4,2024,0.0,56
5,2024,0.0,56
6,2024,0.0,56
7,2024,0.0,56
8,2024,0.0,56
9,2024,0.0,56
10,2024,3.0,56
11,2024,0.0,56
12,2024,2.0,56
1,2010,0.0,57
2,2010,0.0,57
3,2010,0.0,57
4,2010,0.0,57
5,2010,0.0,57
6,2010,0.0,57
7,2010,0.0,57
8,2010,0.0,57
9,2010,1.0,57
10,2010,1.0,57
11,2010,0.0,57
12,2010,0.0,57
1,2011,0.0,57
2,2011,0.0,57
3,2011,0.0,57
4,2011,0.0,57
5,2011,0.0,57
6,2011,0.0,57
7,2011,0.0,57
8,2011,0.0,57
9,2011,1.0,57
10,2011,1.0,57
11,2011,0.0,57
12,2011,0.0,57
1,2012,0.0,57
2,2012,0.0,57
3,2012,0.0,57
4,2012,0.0,57
5,2012,2.0,57
6,2012,0.0,57
7,2012,0.0,57
8,2012,0.0,57
9,2012,0.0,57
10,2012,0.0,57
11,2012,0.0,57
12,2012,0.0,57
1,2013,0.0,57
2,2013,0.0,57
3,2013,1.0,57
4,2013,0.0,57
5,2013,0.0,57
6,2013,0.0,57
7,2013,0.0,57
8,2013,0.0,57
9,2013,0.0,57
10,2013,1.0,57
11,2013,0.0,57
12,2013,0.0,57
1,2014,0.0,57
2,2014,0.0,57
3,2014,0.0,57
4,2014,0.0,57
5,2014,0.0,57
6,2014,0.0,57
7,2014,1.0,57
8,2014,0.0,57
9,2014,0.0,57
10,2014,0.0,57
11,2014,0.0,57
12,2014,0.0,57
1,2015,1.0,57
2,2015,0.0,57
3,2015,0.0,57
4,2015,0.0,57
5,2015,0.0,57
6,2015,0.0,57
7,2015,2.0,57
8,2015,0.0,57
9,2015,4.0,57
10,2015,6.0,57
11,2015,2.0,57
12,2015,0.0,57
1,2016,0.0,57
2,2016,0.0,57
3,2016,0.0,57
4,2016,0.0,57
5,2016,0.0,57
6,2016,0.0,57
7,2016,0.0,57
8,2016,0.0,57
9,2016,0.0,57
10,2016,1.0,57
11,2016,0.0,57
12,2016,1.0,57
1,2017,0.0,57
2,2017,0.0,57
3,2017,0.0,57
4,2017,0.0,57
5,2017,0.0,57
6,2017,0.0,57
7,2017,0.0,57
8,2017,1.0,57
9,2017,0.0,57
10,2017,0.0,57
11,2017,0.0,57
12,2017,0.0,57
1,2018,1.0,57
2,2018,0.0,57
3,2018,0.0,57
4,2018,0.0,57
5,2018,0.0,57
6,2018,0.0,57
7,2018,0.0,57
8,2018,0.0,57
9,2018,1.0,57
10,2018,0.0,57
11,2018,2.0,57
12,2018,0.0,57
1,2019,0.0,57
2,2019,0.0,57
3,2019,0.0,57
4,2019,0.0,57
5,2019,0.0,57
6,2019,0.0,57
7,2019,1.0,57
8,2019,2.0,57
9,2019,5.0,57
10,2019,1.0,57
11,2019,1.0,57
12,2019,0.0,57
1,2020,0.0,57
2,2020,1.0,57
3,2020,0.0,57
4,2020,0.0,57
5,2020,0.0,57
6,2020,0.0,57
7,2020,0.0,57
8,2020,0.0,57
9,2020,0.0,57
10,2020,0.0,57
11,2020,1.0,57
12,2020,1.0,57
1,2021,0.0,57
2,2021,0.0,57
3,2021,0.0,57
4,2021,0.0,57
5,2021,0.0,57
6,2021,0.0,57
7,2021,0.0,57
8,2021,0.0,57
9,2021,0.0,57
10,2021,0.0,57
11,2021,0.0,57
12,2021,0.0,57
1,2022,0.0,57
2,2022,0.0,57
3,2022,0.0,57
4,2022,0.0,57
5,2022,0.0,57
6,2022,0.0,57
7,2022,0.0,57
8,2022,1.0,57
9,2022,0.0,57
10,2022,2.0,57
11,2022,1.0,57
12,2022,0.0,57
1,2023,0.0,57
2,2023,1.0,57
3,2023,0.0,57
4,2023,0.0,57
5,2023,0.0,57
6,2023,0.0,57
7,2023,0.0,57
8,2023,0.0,57
9,2023,0.0,57
10,2023,0.0,57
11,2023,0.0,57
12,2023,0.0,57
1,2024,0.0,57
2,2024,0.0,57
3,2024,0.0,57
4,2024,0.0,57
5,2024,0.0,57
6,2024,0.0,57
7,2024,0.0,57
8,2024,0.0,57
9,2024,1.0,57
10,2024,2.0,57
11,2024,2.0,57
12,2024,4.0,57
1,2010,0.0,58
2,2010,0.0,58
3,2010,0.0,58
4,2010,0.0,58
5,2010,0.0,58
6,2010,0.0,58
7,2010,0.0,58
8,2010,1.0,58
9,2010,1.0,58
10,2010,0.0,58
11,2010,0.0,58
12,2010,1.0,58
1,2011,3.0,58
2,2011,3.0,58
3,2011,0.0,58
4,2011,0.0,58
5,2011,0.0,58
6,2011,0.0,58
7,2011,0.0,58
8,2011,6.0,58
9,2011,1.0,58
10,2011,0.0,58
11,2011,0.0,58
12,2011,0.0,58
1,2012,0.0,58
2,2012,0.0,58
3,2012,0.0,58
4,2012,0.0,58
5,2012,0.0,58
6,2012,1.0,58
7,2012,1.0,58
8,2012,0.0,58
9,2012,1.0,58
10,2012,1.0,58
11,2012,0.0,58
12,2012,0.0,58
1,2013,0.0,58
2,2013,0.0,58
3,2013,0.0,58
4,2013,0.0,58
5,2013,0.0,58
6,2013,0.0,58
7,2013,1.0,58
8,2013,0.0,58
9,2013,0.0,58
10,2013,0.0,58
11,2013,0.0,58
12,2013,0.0,58
1,2014,0.0,58
2,2014,0.0,58
3,2014,0.0,58
4,2014,0.0,58
5,2014,0.0,58
6,2014,1.0,58
7,2014,1.0,58
8,2014,0.0,58
9,2014,1.0,58
10,2014,1.0,58
11,2014,0.0,58
12,2014,0.0,58
1,2015,1.0,58
2,2015,0.0,58
3,2015,0.0,58
4,2015,0.0,58
5,2015,0.0,58
6,2015,0.0,58
7,2015,1.0,58
8,2015,2.0,58
9,2015,13.0,58
10,2015,8.0,58
11,2015,13.0,58
12,2015,1.0,58
1,2016,1.0,58
2,2016,0.0,58
3,2016,0.0,58
4,2016,0.0,58
5,2016,0.0,58
6,2016,1.0,58
7,2016,0.0,58
8,2016,0.0,58
9,2016,0.0,58
10,2016,0.0,58
11,2016,3.0,58
12,2016,0.0,58
1,2017,0.0,58
2,2017,1.0,58
3,2017,0.0,58
4,2017,0.0,58
5,2017,0.0,58
6,2017,0.0,58
7,2017,0.0,58
8,2017,1.0,58
9,2017,2.0,58
10,2017,1.0,58
11,2017,2.0,58
12,2017,1.0,58
1,2018,0.0,58
2,2018,0.0,58
3,2018,0.0,58
4,2018,0.0,58
5,2018,0.0,58
6,2018,0.0,58
7,2018,0.0,58
8,2018,0.0,58
9,2018,0.0,58
10,2018,1.0,58
11,2018,2.0,58
12,2018,0.0,58
1,2019,0.0,58
2,2019,0.0,58
3,2019,1.0,58
4,2019,0.0,58
5,2019,0.0,58
6,2019,0.0,58
7,2019,3.0,58
8,2019,5.0,58
9,2019,22.0,58
10,2019,11.0,58
11,2019,6.0,58
12,2019,6.0,58
1,2020,2.0,58
2,2020,3.0,58
3,2020,0.0,58
4,2020,0.0,58
5,2020,0.0,58
6,2020,0.0,58
7,2020,0.0,58
8,2020,0.0,58
9,2020,0.0,58
10,2020,0.0,58
11,2020,0.0,58
12,2020,0.0,58
1,2021,0.0,58
2,2021,0.0,58
3,2021,0.0,58
4,2021,0.0,58
5,2021,0.0,58
6,2021,0.0,58
7,2021,0.0,58
8,2021,1.0,58
9,2021,0.0,58
10,2021,0.0,58
11,2021,0.0,58
12,2021,1.0,58
1,2022,0.0,58
2,2022,0.0,58
3,2022,0.0,58
4,2022,0.0,58
5,2022,0.0,58
6,2022,0.0,58
7,2022,0.0,58
8,2022,1.0,58
9,2022,0.0,58
10,2022,0.0,58
11,2022,0.0,58
12,2022,0.0,58
1,2023,1.0,58
2,2023,1.0,58
3,2023,0.0,58
4,2023,0.0,58
5,2023,0.0,58
6,2023,0.0,58
7,2023,0.0,58
8,2023,0.0,58
9,2023,0.0,58
10,2023,0.0,58
11,2023,0.0,58
12,2023,0.0,58
1,2024,0.0,58
2,2024,0.0,58
3,2024,0.0,58
4,2024,0.0,58
5,2024,0.0,58
6,2024,0.0,58
7,2024,1.0,58
8,2024,0.0,58
9,2024,0.0,58
10,2024,1.0,58
11,2024,6.0,58
12,2024,4.0,58
1,2010,0.0,59
2,2010,0.0,59
3,2010,0.0,59
4,2010,0.0,59
5,2010,0.0,59
6,2010,0.0,59
7,2010,0.0,59
8,2010,1.0,59
9,2010,1.0,59
10,2010,2.0,59
11,2010,0.0,59
12,2010,0.0,59
1,2011,0.0,59
2,2011,0.0,59
3,2011,0.0,59
4,2011,1.0,59
5,2011,0.0,59
6,2011,0.0,59
7,2011,0.0,59
8,2011,0.0,59
9,2011,0.0,59
10,2011,0.0,59
11,2011,0.0,59
12,2011,0.0,59
1,2012,1.0,59
2,2012,0.0,59
3,2012,0.0,59
4,2012,0.0,59
5,2012,0.0,59
6,2012,0.0,59
7,2012,0.0,59
8,2012,0.0,59
9,2012,0.0,59
10,2012,0.0,59
11,2012,0.0,59
12,2012,0.0,59
1,2013,1.0,59
2,2013,0.0,59
3,2013,0.0,59
4,2013,1.0,59
5,2013,0.0,59
6,2013,0.0,59
7,2013,1.0,59
8,2013,0.0,59
9,2013,0.0,59
10,2013,0.0,59
11,2013,0.0,59
12,2013,1.0,59
1,2014,1.0,59
2,2014,0.0,59
3,2014,0.0,59
4,2014,0.0,59
5,2014,0.0,59
6,2014,0.0,59
7,2014,0.0,59
8,2014,0.0,59
9,2014,0.0,59
10,2014,0.0,59
11,2014,0.0,59
12,2014,0.0,59
1,2015,0.0,59
2,2015,0.0,59
3,2015,1.0,59
4,2015,0.0,59
5,2015,0.0,59
6,2015,0.0,59
7,2015,1.0,59
8,2015,1.0,59
9,2015,5.0,59
10,2015,6.0,59
11,2015,1.0,59
12,2015,0.0,59
1,2016,0.0,59
2,2016,1.0,59
3,2016,0.0,59
4,2016,0.0,59
5,2016,0.0,59
6,2016,0.0,59
7,2016,0.0,59
8,2016,0.0,59
9,2016,0.0,59
10,2016,0.0,59
11,2016,0.0,59
12,2016,1.0,59
1,2017,3.0,59
2,2017,1.0,59
3,2017,1.0,59
4,2017,0.0,59
5,2017,1.0,59
6,2017,0.0,59
7,2017,0.0,59
8,2017,0.0,59
9,2017,0.0,59
10,2017,0.0,59
11,2017,1.0,59
12,2017,0.0,59
1,2018,0.0,59
2,2018,0.0,59
3,2018,0.0,59
4,2018,0.0,59
5,2018,0.0,59
6,2018,0.0,59
7,2018,0.0,59
8,2018,0.0,59
9,2018,0.0,59
10,2018,0.0,59
11,2018,1.0,59
12,2018,2.0,59
1,2019,0.0,59
2,2019,0.0,59
3,2019,0.0,59
4,2019,0.0,59
5,2019,0.0,59
6,2019,0.0,59
7,2019,2.0,59
8,2019,2.0,59
9,2019,0.0,59
10,2019,1.0,59
11,2019,1.0,59
12,2019,0.0,59
1,2020,2.0,59
2,2020,2.0,59
3,2020,0.0,59
4,2020,0.0,59
5,2020,0.0,59
6,2020,0.0,59
7,2020,0.0,59
8,2020,0.0,59
9,2020,0.0,59
10,2020,0.0,59
11,2020,0.0,59
12,2020,0.0,59
1,2021,1.0,59
2,2021,0.0,59
3,2021,0.0,59
4,2021,0.0,59
5,2021,0.0,59
6,2021,0.0,59
7,2021,0.0,59
8,2021,0.0,59
9,2021,0.0,59
10,2021,0.0,59
11,2021,0.0,59
12,2021,0.0,59
1,2022,0.0,59
2,2022,0.0,59
3,2022,0.0,59
4,2022,0.0,59
5,2022,0.0,59
6,2022,1.0,59
7,2022,0.0,59
8,2022,0.0,59
9,2022,1.0,59
10,2022,0.0,59
11,2022,0.0,59
12,2022,1.0,59
1,2023,0.0,59
2,2023,0.0,59
3,2023,0.0,59
4,2023,0.0,59
5,2023,0.0,59
6,2023,0.0,59
7,2023,0.0,59
8,2023,0.0,59
9,2023,0.0,59
10,2023,0.0,59
11,2023,0.0,59
12,2023,0.0,59
1,2024,0.0,59
2,2024,0.0,59
3,2024,1.0,59
4,2024,0.0,59
5,2024,0.0,59
6,2024,0.0,59
7,2024,0.0,59
8,2024,2.0,59
9,2024,1.0,59
10,2024,1.0,59
11,2024,5.0,59
12,2024,0.0,59
1,2010,0.0,60
2,2010,0.0,60
3,2010,0.0,60
4,2010,0.0,60
5,2010,0.0,60
6,2010,0.0,60
7,2010,0.0,60
8,2010,0.0,60
9,2010,1.0,60
10,2010,0.0,60
11,2010,0.0,60
12,2010,0.0,60
1,2011,0.0,60
2,2011,0.0,60
3,2011,0.0,60
4,2011,0.0,60
5,2011,0.0,60
6,2011,0.0,60
7,2011,0.0,60
8,2011,0.0,60
9,2011,1.0,60
10,2011,0.0,60
11,2011,1.0,60
12,2011,1.0,60
1,2012,1.0,60
2,2012,0.0,60
3,2012,0.0,60
4,2012,0.0,60
5,2012,0.0,60
6,2012,0.0,60
7,2012,1.0,60
8,2012,0.0,60
9,2012,0.0,60
10,2012,0.0,60
11,2012,0.0,60
12,2012,0.0,60
1,2013,0.0,60
2,2013,0.0,60
3,2013,1.0,60
4,2013,0.0,60
5,2013,0.0,60
6,2013,0.0,60
7,2013,0.0,60
8,2013,0.0,60
9,2013,0.0,60
10,2013,1.0,60
11,2013,0.0,60
12,2013,0.0,60
1,2014,1.0,60
2,2014,0.0,60
3,2014,0.0,60
4,2014,0.0,60
5,2014,0.0,60
6,2014,0.0,60
7,2014,1.0,60
8,2014,0.0,60
9,2014,0.0,60
10,2014,0.0,60
11,2014,0.0,60
12,2014,0.0,60
1,2015,0.0,60
2,2015,1.0,60
3,2015,1.0,60
4,2015,0.0,60
5,2015,0.0,60
6,2015,1.0,60
7,2015,0.0,60
8,2015,0.0,60
9,2015,1.0,60
10,2015,5.0,60
11,2015,1.0,60
12,2015,0.0,60
1,2016,0.0,60
2,2016,0.0,60
3,2016,0.0,60
4,2016,0.0,60
5,2016,0.0,60
6,2016,0.0,60
7,2016,0.0,60
8,2016,0.0,60
9,2016,0.0,60
10,2016,1.0,60
11,2016,0.0,60
12,2016,1.0,60
1,2017,0.0,60
2,2017,0.0,60
3,2017,0.0,60
4,2017,0.0,60
5,2017,0.0,60
6,2017,0.0,60
7,2017,0.0,60
8,2017,1.0,60
9,2017,0.0,60
10,2017,0.0,60
11,2017,0.0,60
12,2017,0.0,60
1,2018,0.0,60
2,2018,1.0,60
3,2018,0.0,60
4,2018,0.0,60
5,2018,0.0,60
6,2018,0.0,60
7,2018,0.0,60
8,2018,2.0,60
9,2018,1.0,60
10,2018,2.0,60
11,2018,5.0,60
12,2018,0.0,60
1,2019,0.0,60
2,2019,0.0,60
3,2019,0.0,60
4,2019,0.0,60
5,2019,1.0,60
6,2019,0.0,60
7,2019,0.0,60
8,2019,3.0,60
9,2019,9.0,60
10,2019,2.0,60
11,2019,3.0,60
12,2019,0.0,60
1,2020,0.0,60
2,2020,1.0,60
3,2020,0.0,60
4,2020,0.0,60
5,2020,0.0,60
6,2020,0.0,60
7,2020,0.0,60
8,2020,0.0,60
9,2020,0.0,60
10,2020,0.0,60
11,2020,1.0,60
12,2020,1.0,60
1,2021,0.0,60
2,2021,0.0,60
3,2021,0.0,60
4,2021,0.0,60
5,2021,0.0,60
6,2021,0.0,60
7,2021,0.0,60
8,2021,0.0,60
9,2021,0.0,60
10,2021,0.0,60
11,2021,0.0,60
12,2021,0.0,60
1,2022,0.0,60
2,2022,0.0,60
3,2022,0.0,60
4,2022,0.0,60
5,2022,0.0,60
6,2022,0.0,60
7,2022,0.0,60
8,2022,1.0,60
9,2022,0.0,60
10,2022,2.0,60
11,2022,1.0,60
12,2022,0.0,60
1,2023,0.0,60
2,2023,1.0,60
3,2023,0.0,60
4,2023,0.0,60
5,2023,0.0,60
6,2023,0.0,60
7,2023,0.0,60
8,2023,0.0,60
9,2023,0.0,60
10,2023,0.0,60
11,2023,0.0,60
12,2023,0.0,60
1,2024,0.0,60
2,2024,0.0,60
3,2024,0.0,60
4,2024,0.0,60
5,2024,0.0,60
6,2024,0.0,60
7,2024,0.0,60
8,2024,0.0,60
9,2024,1.0,60
10,2024,2.0,60
11,2024,2.0,60
12,2024,4.0,60
1,2010,0.0,61
2,2010,0.0,61
3,2010,0.0,61
4,2010,0.0,61
5,2010,0.0,61
6,2010,0.0,61
7,2010,0.0,61
8,2010,1.0,61
9,2010,1.0,61
10,2010,1.0,61
11,2010,0.0,61
12,2010,0.0,61
1,2011,2.0,61
2,2011,0.0,61
3,2011,1.0,61
4,2011,0.0,61
5,2011,0.0,61
6,2011,0.0,61
7,2011,0.0,61
8,2011,2.0,61
9,2011,0.0,61
10,2011,0.0,61
11,2011,0.0,61
12,2011,0.0,61
1,2012,0.0,61
2,2012,0.0,61
3,2012,0.0,61
4,2012,1.0,61
5,2012,0.0,61
6,2012,0.0,61
7,2012,0.0,61
8,2012,0.0,61
9,2012,1.0,61
10,2012,2.0,61
11,2012,0.0,61
12,2012,0.0,61
1,2013,0.0,61
2,2013,0.0,61
3,2013,0.0,61
4,2013,0.0,61
5,2013,0.0,61
6,2013,0.0,61
7,2013,0.0,61
8,2013,5.0,61
9,2013,0.0,61
10,2013,0.0,61
11,2013,1.0,61
12,2013,0.0,61
1,2014,0.0,61
2,2014,0.0,61
3,2014,0.0,61
4,2014,1.0,61
5,2014,0.0,61
6,2014,0.0,61
7,2014,0.0,61
8,2014,0.0,61
9,2014,1.0,61
10,2014,2.0,61
11,2014,0.0,61
12,2014,0.0,61
1,2015,1.0,61
2,2015,0.0,61
3,2015,0.0,61
4,2015,0.0,61
5,2015,0.0,61
6,2015,0.0,61
7,2015,4.0,61
8,2015,2.0,61
9,2015,4.0,61
10,2015,6.0,61
11,2015,6.0,61
12,2015,0.0,61
1,2016,0.0,61
2,2016,0.0,61
3,2016,0.0,61
4,2016,0.0,61
5,2016,0.0,61
6,2016,0.0,61
7,2016,0.0,61
8,2016,1.0,61
9,2016,1.0,61
10,2016,3.0,61
11,2016,2.0,61
12,2016,0.0,61
1,2017,3.0,61
2,2017,1.0,61
3,2017,0.0,61
4,2017,0.0,61
5,2017,0.0,61
6,2017,0.0,61
7,2017,0.0,61
8,2017,2.0,61
9,2017,0.0,61
10,2017,0.0,61
11,2017,2.0,61
12,2017,0.0,61
1,2018,0.0,61
2,2018,0.0,61
3,2018,0.0,61
4,2018,0.0,61
5,2018,0.0,61
6,2018,0.0,61
7,2018,1.0,61
8,2018,0.0,61
9,2018,0.0,61
10,2018,0.0,61
11,2018,0.0,61
12,2018,0.0,61
1,2019,0.0,61
2,2019,0.0,61
3,2019,0.0,61
4,2019,0.0,61
5,2019,0.0,61
6,2019,1.0,61
7,2019,3.0,61
8,2019,1.0,61
9,2019,6.0,61
10,2019,8.0,61
11,2019,2.0,61
12,2019,0.0,61
1,2020,1.0,61
2,2020,0.0,61
3,2020,0.0,61
4,2020,0.0,61
5,2020,0.0,61
6,2020,0.0,61
7,2020,0.0,61
8,2020,0.0,61
9,2020,0.0,61
10,2020,0.0,61
11,2020,0.0,61
12,2020,0.0,61
1,2021,2.0,61
2,2021,1.0,61
3,2021,0.0,61
4,2021,0.0,61
5,2021,0.0,61
6,2021,0.0,61
7,2021,0.0,61
8,2021,0.0,61
9,2021,0.0,61
10,2021,0.0,61
11,2021,0.0,61
12,2021,0.0,61
1,2022,0.0,61
2,2022,0.0,61
3,2022,0.0,61
4,2022,1.0,61
5,2022,0.0,61
6,2022,0.0,61
7,2022,0.0,61
8,2022,0.0,61
9,2022,0.0,61
10,2022,1.0,61
11,2022,0.0,61
12,2022,1.0,61
1,2023,0.0,61
2,2023,0.0,61
3,2023,0.0,61
4,2023,0.0,61
5,2023,0.0,61
6,2023,0.0,61
7,2023,0.0,61
8,2023,0.0,61
9,2023,0.0,61
10,2023,0.0,61
11,2023,0.0,61
12,2023,0.0,61
1,2024,0.0,61
2,2024,0.0,61
3,2024,0.0,61
4,2024,0.0,61
5,2024,0.0,61
6,2024,0.0,61
7,2024,0.0,61
8,2024,0.0,61
9,2024,1.0,61
10,2024,1.0,61
11,2024,3.0,61
12,2024,3.0,61
1,2010,0.0,62
2,2010,0.0,62
3,2010,0.0,62
4,2010,0.0,62
5,2010,0.0,62
6,2010,0.0,62
7,2010,0.0,62
8,2010,0.0,62
9,2010,1.0,62
10,2010,0.0,62
11,2010,0.0,62
12,2010,0.0,62
1,2011,0.0,62
2,2011,0.0,62
3,2011,1.0,62
4,2011,0.0,62
5,2011,0.0,62
6,2011,0.0,62
7,2011,0.0,62
8,2011,0.0,62
9,2011,0.0,62
10,2011,0.0,62
11,2011,0.0,62
12,2011,0.0,62
1,2012,0.0,62
2,2012,0.0,62
3,2012,1.0,62
4,2012,0.0,62
5,2012,0.0,62
6,2012,0.0,62
7,2012,1.0,62
8,2012,1.0,62
9,2012,1.0,62
10,2012,1.0,62
11,2012,0.0,62
12,2012,0.0,62
1,2013,0.0,62
2,2013,0.0,62
3,2013,0.0,62
4,2013,0.0,62
5,2013,0.0,62
6,2013,0.0,62
7,2013,2.0,62
8,2013,0.0,62
9,2013,1.0,62
10,2013,0.0,62
11,2013,0.0,62
12,2013,0.0,62
1,2014,0.0,62
2,2014,0.0,62
3,2014,1.0,62
4,2014,0.0,62
5,2014,0.0,62
6,2014,0.0,62
7,2014,1.0,62
8,2014,1.0,62
9,2014,1.0,62
10,2014,1.0,62
11,2014,0.0,62
12,2014,0.0,62
1,2015,1.0,62
2,2015,0.0,62
3,2015,1.0,62
4,2015,1.0,62
5,2015,0.0,62
6,2015,2.0,62
7,2015,3.0,62
8,2015,1.0,62
9,2015,0.0,62
10,2015,2.0,62
11,2015,1.0,62
12,2015,0.0,62
1,2016,0.0,62
2,2016,1.0,62
3,2016,0.0,62
4,2016,0.0,62
5,2016,0.0,62
6,2016,0.0,62
7,2016,0.0,62
8,2016,0.0,62
9,2016,0.0,62
10,2016,1.0,62
11,2016,0.0,62
12,2016,0.0,62
1,2017,0.0,62
2,2017,0.0,62
3,2017,0.0,62
4,2017,0.0,62
5,2017,1.0,62
6,2017,0.0,62
7,2017,0.0,62
8,2017,1.0,62
9,2017,1.0,62
10,2017,0.0,62
11,2017,0.0,62
12,2017,1.0,62
1,2018,0.0,62
2,2018,0.0,62
3,2018,0.0,62
4,2018,0.0,62
5,2018,0.0,62
6,2018,0.0,62
7,2018,0.0,62
8,2018,0.0,62
9,2018,0.0,62
10,2018,0.0,62
11,2018,0.0,62
12,2018,0.0,62
1,2019,0.0,62
2,2019,0.0,62
3,2019,0.0,62
4,2019,0.0,62
5,2019,0.0,62
6,2019,0.0,62
7,2019,4.0,62
8,2019,5.0,62
9,2019,7.0,62
10,2019,3.0,62
11,2019,1.0,62
12,2019,0.0,62
1,2020,1.0,62
2,2020,0.0,62
3,2020,0.0,62
4,2020,0.0,62
5,2020,0.0,62
6,2020,0.0,62
7,2020,0.0,62
8,2020,0.0,62
9,2020,0.0,62
10,2020,0.0,62
11,2020,2.0,62
12,2020,3.0,62
1,2021,3.0,62
2,2021,1.0,62
3,2021,0.0,62
4,2021,0.0,62
5,2021,0.0,62
6,2021,0.0,62
7,2021,0.0,62
8,2021,0.0,62
9,2021,0.0,62
10,2021,0.0,62
11,2021,0.0,62
12,2021,0.0,62
1,2022,0.0,62
2,2022,0.0,62
3,2022,0.0,62
4,2022,0.0,62
5,2022,0.0,62
6,2022,0.0,62
7,2022,0.0,62
8,2022,0.0,62
9,2022,1.0,62
10,2022,1.0,62
11,2022,0.0,62
12,2022,0.0,62
1,2023,1.0,62
2,2023,1.0,62
3,2023,0.0,62
4,2023,0.0,62
5,2023,0.0,62
6,2023,0.0,62
7,2023,0.0,62
8,2023,0.0,62
9,2023,0.0,62
10,2023,1.0,62
11,2023,0.0,62
12,2023,0.0,62
1,2024,0.0,62
2,2024,0.0,62
3,2024,0.0,62
4,2024,0.0,62
5,2024,0.0,62
6,2024,0.0,62
7,2024,0.0,62
8,2024,0.0,62
9,2024,0.0,62
10,2024,0.0,62
11,2024,1.0,62
12,2024,0.0,62
1,2010,0.0,63
2,2010,0.0,63
3,2010,0.0,63
4,2010,0.0,63
5,2010,0.0,63
6,2010,0.0,63
7,2010,0.0,63
8,2010,0.0,63
9,2010,0.0,63
10,2010,1.0,63
11,2010,0.0,63
12,2010,1.0,63
1,2011,4.0,63
2,2011,1.0,63
3,2011,2.0,63
4,2011,3.0,63
5,2011,0.0,63
6,2011,0.0,63
7,2011,0.0,63
8,2011,1.0,63
9,2011,0.0,63
10,2011,0.0,63
11,2011,0.0,63
12,2011,0.0,63
1,2012,0.0,63
2,2012,0.0,63
3,2012,1.0,63
4,2012,0.0,63
5,2012,0.0,63
6,2012,0.0,63
7,2012,4.0,63
8,2012,3.0,63
9,2012,1.0,63
10,2012,1.0,63
11,2012,0.0,63
12,2012,0.0,63
1,2013,0.0,63
2,2013,0.0,63
3,2013,0.0,63
4,2013,0.0,63
5,2013,0.0,63
6,2013,0.0,63
7,2013,0.0,63
8,2013,1.0,63
9,2013,1.0,63
10,2013,0.0,63
11,2013,0.0,63
12,2013,0.0,63
1,2014,0.0,63
2,2014,0.0,63
3,2014,1.0,63
4,2014,0.0,63
5,2014,0.0,63
6,2014,0.0,63
7,2014,4.0,63
8,2014,3.0,63
9,2014,1.0,63
10,2014,1.0,63
11,2014,0.0,63
12,2014,0.0,63
1,2015,0.0,63
2,2015,0.0,63
3,2015,0.0,63
4,2015,0.0,63
5,2015,0.0,63
6,2015,0.0,63
7,2015,0.0,63
8,2015,0.0,63
9,2015,3.0,63
10,2015,4.0,63
11,2015,1.0,63
12,2015,0.0,63
1,2016,1.0,63
2,2016,0.0,63
3,2016,0.0,63
4,2016,0.0,63
5,2016,0.0,63
6,2016,0.0,63
7,2016,0.0,63
8,2016,0.0,63
9,2016,0.0,63
10,2016,0.0,63
11,2016,0.0,63
12,2016,0.0,63
1,2017,1.0,63
2,2017,0.0,63
3,2017,0.0,63
4,2017,0.0,63
5,2017,0.0,63
6,2017,0.0,63
7,2017,0.0,63
8,2017,0.0,63
9,2017,0.0,63
10,2017,1.0,63
11,2017,0.0,63
12,2017,1.0,63
1,2018,0.0,63
2,2018,0.0,63
3,2018,0.0,63
4,2018,0.0,63
5,2018,1.0,63
6,2018,0.0,63
7,2018,0.0,63
8,2018,0.0,63
9,2018,3.0,63
10,2018,0.0,63
11,2018,0.0,63
12,2018,5.0,63
1,2019,2.0,63
2,2019,2.0,63
3,2019,1.0,63
4,2019,0.0,63
5,2019,1.0,63
6,2019,0.0,63
7,2019,3.0,63
8,2019,12.0,63
9,2019,27.0,63
10,2019,10.0,63
11,2019,11.0,63
12,2019,0.0,63
1,2020,1.0,63
2,2020,1.0,63
3,2020,0.0,63
4,2020,0.0,63
5,2020,0.0,63
6,2020,0.0,63
7,2020,0.0,63
8,2020,0.0,63
9,2020,0.0,63
10,2020,0.0,63
11,2020,0.0,63
12,2020,0.0,63
1,2021,1.0,63
2,2021,0.0,63
3,2021,1.0,63
4,2021,0.0,63
5,2021,0.0,63
6,2021,0.0,63
7,2021,0.0,63
8,2021,0.0,63
9,2021,0.0,63
10,2021,0.0,63
11,2021,0.0,63
12,2021,0.0,63
1,2022,0.0,63
2,2022,0.0,63
3,2022,0.0,63
4,2022,0.0,63
5,2022,0.0,63
6,2022,0.0,63
7,2022,0.0,63
8,2022,0.0,63
9,2022,0.0,63
10,2022,0.0,63
11,2022,0.0,63
12,2022,0.0,63
1,2023,1.0,63
2,2023,0.0,63
3,2023,0.0,63
4,2023,0.0,63
5,2023,0.0,63
6,2023,0.0,63
7,2023,0.0,63
8,2023,1.0,63
9,2023,2.0,63
10,2023,2.0,63
11,2023,3.0,63
12,2023,1.0,63
1,2024,1.0,63
2,2024,0.0,63
3,2024,0.0,63
4,2024,0.0,63
5,2024,0.0,63
6,2024,0.0,63
7,2024,0.0,63
8,2024,2.0,63
9,2024,0.0,63
10,2024,1.0,63
11,2024,1.0,63
12,2024,1.0,63
1,2010,0.0,64
2,2010,0.0,64
3,2010,0.0,64
4,2010,0.0,64
5,2010,0.0,64
6,2010,0.0,64
7,2010,0.0,64
8,2010,0.0,64
9,2010,0.0,64
10,2010,2.0,64
11,2010,1.0,64
12,2010,0.0,64
1,2011,0.0,64
2,2011,0.0,64
3,2011,0.0,64
4,2011,0.0,64
5,2011,0.0,64
6,2011,0.0,64
7,2011,0.0,64
8,2011,3.0,64
9,2011,0.0,64
10,2011,0.0,64
11,2011,0.0,64
12,2011,0.0,64
1,2012,0.0,64
2,2012,0.0,64
3,2012,0.0,64
4,2012,0.0,64
5,2012,0.0,64
6,2012,0.0,64
7,2012,0.0,64
8,2012,0.0,64
9,2012,1.0,64
10,2012,1.0,64
11,2012,1.0,64
12,2012,1.0,64
1,2013,0.0,64
2,2013,1.0,64
3,2013,0.0,64
4,2013,0.0,64
5,2013,0.0,64
6,2013,0.0,64
7,2013,0.0,64
8,2013,1.0,64
9,2013,1.0,64
10,2013,0.0,64
11,2013,0.0,64
12,2013,0.0,64
1,2014,0.0,64
2,2014,0.0,64
3,2014,0.0,64
4,2014,0.0,64
5,2014,0.0,64
6,2014,0.0,64
7,2014,0.0,64
8,2014,0.0,64
9,2014,1.0,64
10,2014,1.0,64
11,2014,1.0,64
12,2014,1.0,64
1,2015,0.0,64
2,2015,1.0,64
3,2015,1.0,64
4,2015,0.0,64
5,2015,0.0,64
6,2015,0.0,64
7,2015,2.0,64
8,2015,4.0,64
9,2015,7.0,64
10,2015,14.0,64
11,2015,4.0,64
12,2015,1.0,64
1,2016,2.0,64
2,2016,0.0,64
3,2016,1.0,64
4,2016,0.0,64
5,2016,0.0,64
6,2016,0.0,64
7,2016,0.0,64
8,2016,1.0,64
9,2016,0.0,64
10,2016,1.0,64
11,2016,0.0,64
12,2016,0.0,64
1,2017,0.0,64
2,2017,1.0,64
3,2017,0.0,64
4,2017,0.0,64
5,2017,0.0,64
6,2017,1.0,64
7,2017,1.0,64
8,2017,3.0,64
9,2017,1.0,64
10,2017,1.0,64
11,2017,2.0,64
12,2017,0.0,64
1,2018,0.0,64
2,2018,0.0,64
3,2018,0.0,64
4,2018,0.0,64
5,2018,0.0,64
6,2018,0.0,64
7,2018,0.0,64
8,2018,0.0,64
9,2018,1.0,64
10,2018,4.0,64
11,2018,3.0,64
12,2018,1.0,64
1,2019,2.0,64
2,2019,0.0,64
3,2019,0.0,64
4,2019,1.0,64
5,2019,0.0,64
6,2019,0.0,64
7,2019,1.0,64
8,2019,4.0,64
9,2019,20.0,64
10,2019,7.0,64
11,2019,3.0,64
12,2019,3.0,64
1,2020,1.0,64
2,2020,1.0,64
3,2020,1.0,64
4,2020,0.0,64
5,2020,0.0,64
6,2020,0.0,64
7,2020,0.0,64
8,2020,1.0,64
9,2020,0.0,64
10,2020,0.0,64
11,2020,0.0,64
12,2020,0.0,64
1,2021,0.0,64
2,2021,2.0,64
3,2021,0.0,64
4,2021,0.0,64
5,2021,0.0,64
6,2021,0.0,64
7,2021,1.0,64
8,2021,0.0,64
9,2021,0.0,64
10,2021,0.0,64
11,2021,0.0,64
12,2021,1.0,64
1,2022,0.0,64
2,2022,0.0,64
3,2022,0.0,64
4,2022,0.0,64
5,2022,0.0,64
6,2022,0.0,64
7,2022,0.0,64
8,2022,0.0,64
9,2022,2.0,64
10,2022,0.0,64
11,2022,1.0,64
12,2022,0.0,64
1,2023,0.0,64
2,2023,0.0,64
3,2023,0.0,64
4,2023,0.0,64
5,2023,0.0,64
6,2023,0.0,64
7,2023,0.0,64
8,2023,0.0,64
9,2023,0.0,64
10,2023,0.0,64
11,2023,0.0,64
12,2023,1.0,64
1,2024,0.0,64
2,2024,0.0,64
3,2024,0.0,64
4,2024,1.0,64
5,2024,0.0,64
6,2024,1.0,64
7,2024,0.0,64
8,2024,2.0,64
9,2024,6.0,64
10,2024,4.0,64
11,2024,5.0,64
12,2024,7.0,64
1,2010,0.0,65
2,2010,0.0,65
3,2010,0.0,65
4,2010,0.0,65
5,2010,0.0,65
6,2010,0.0,65
7,2010,0.0,65
8,2010,0.0,65
9,2010,2.0,65
10,2010,0.0,65
11,2010,1.0,65
12,2010,2.0,65
1,2011,0.0,65
2,2011,0.0,65
3,2011,0.0,65
4,2011,0.0,65
5,2011,0.0,65
6,2011,0.0,65
7,2011,0.0,65
8,2011,0.0,65
9,2011,0.0,65
10,2011,0.0,65
11,2011,0.0,65
12,2011,1.0,65
1,2012,0.0,65
2,2012,0.0,65
3,2012,0.0,65
4,2012,0.0,65
5,2012,0.0,65
6,2012,0.0,65
7,2012,0.0,65
8,2012,0.0,65
9,2012,1.0,65
10,2012,2.0,65
11,2012,1.0,65
12,2012,1.0,65
1,2013,1.0,65
2,2013,1.0,65
3,2013,0.0,65
4,2013,0.0,65
5,2013,0.0,65
6,2013,0.0,65
7,2013,0.0,65
8,2013,0.0,65
9,2013,1.0,65
10,2013,0.0,65
11,2013,0.0,65
12,2013,1.0,65
1,2014,0.0,65
2,2014,0.0,65
3,2014,0.0,65
4,2014,0.0,65
5,2014,0.0,65
6,2014,0.0,65
7,2014,0.0,65
8,2014,0.0,65
9,2014,1.0,65
10,2014,2.0,65
11,2014,1.0,65
12,2014,1.0,65
1,2015,1.0,65
2,2015,0.0,65
3,2015,0.0,65
4,2015,0.0,65
5,2015,0.0,65
6,2015,0.0,65
7,2015,2.0,65
8,2015,7.0,65
9,2015,7.0,65
10,2015,8.0,65
11,2015,2.0,65
12,2015,0.0,65
1,2016,1.0,65
2,2016,1.0,65
3,2016,0.0,65
4,2016,0.0,65
5,2016,0.0,65
6,2016,0.0,65
7,2016,0.0,65
8,2016,0.0,65
9,2016,1.0,65
10,2016,3.0,65
11,2016,6.0,65
12,2016,3.0,65
1,2017,0.0,65
2,2017,0.0,65
3,2017,0.0,65
4,2017,0.0,65
5,2017,0.0,65
6,2017,1.0,65
7,2017,1.0,65
8,2017,0.0,65
9,2017,2.0,65
10,2017,2.0,65
11,2017,1.0,65
12,2017,4.0,65
1,2018,0.0,65
2,2018,0.0,65
3,2018,0.0,65
4,2018,0.0,65
5,2018,0.0,65
6,2018,0.0,65
7,2018,0.0,65
8,2018,0.0,65
9,2018,0.0,65
10,2018,2.0,65
11,2018,8.0,65
12,2018,9.0,65
1,2019,0.0,65
2,2019,0.0,65
3,2019,1.0,65
4,2019,1.0,65
5,2019,0.0,65
6,2019,0.0,65
7,2019,2.0,65
8,2019,11.0,65
9,2019,12.0,65
10,2019,10.0,65
11,2019,3.0,65
12,2019,3.0,65
1,2020,0.0,65
2,2020,1.0,65
3,2020,0.0,65
4,2020,0.0,65
5,2020,0.0,65
6,2020,0.0,65
7,2020,0.0,65
8,2020,0.0,65
9,2020,0.0,65
10,2020,0.0,65
11,2020,0.0,65
12,2020,0.0,65
1,2021,0.0,65
2,2021,0.0,65
3,2021,2.0,65
4,2021,0.0,65
5,2021,1.0,65
6,2021,0.0,65
7,2021,0.0,65
8,2021,1.0,65
9,2021,0.0,65
10,2021,1.0,65
11,2021,11.0,65
12,2021,1.0,65
1,2022,0.0,65
2,2022,0.0,65
3,2022,0.0,65
4,2022,0.0,65
5,2022,0.0,65
6,2022,0.0,65
7,2022,0.0,65
8,2022,1.0,65
9,2022,0.0,65
10,2022,0.0,65
11,2022,0.0,65
12,2022,0.0,65
1,2023,0.0,65
2,2023,0.0,65
3,2023,0.0,65
4,2023,0.0,65
5,2023,0.0,65
6,2023,0.0,65
7,2023,0.0,65
8,2023,0.0,65
9,2023,0.0,65
10,2023,0.0,65
11,2023,1.0,65
12,2023,0.0,65
1,2024,0.0,65
2,2024,0.0,65
3,2024,1.0,65
4,2024,0.0,65
5,2024,0.0,65
6,2024,0.0,65
7,2024,0.0,65
8,2024,2.0,65
9,2024,1.0,65
10,2024,3.0,65
11,2024,4.0,65
12,2024,7.0,65
1,2010,0.0,66
2,2010,0.0,66
3,2010,0.0,66
4,2010,0.0,66
5,2010,0.0,66
6,2010,0.0,66
7,2010,0.0,66
8,2010,0.0,66
9,2010,0.0,66
10,2010,3.0,66
11,2010,0.0,66
12,2010,0.0,66
1,2011,0.0,66
2,2011,0.0,66
3,2011,0.0,66
4,2011,0.0,66
5,2011,0.0,66
6,2011,0.0,66
7,2011,0.0,66
8,2011,0.0,66
9,2011,1.0,66
10,2011,0.0,66
11,2011,0.0,66
12,2011,0.0,66
1,2012,0.0,66
2,2012,0.0,66
3,2012,0.0,66
4,2012,0.0,66
5,2012,0.0,66
6,2012,0.0,66
7,2012,0.0,66
8,2012,0.0,66
9,2012,0.0,66
10,2012,1.0,66
11,2012,0.0,66
12,2012,0.0,66
1,2013,0.0,66
2,2013,0.0,66
3,2013,0.0,66
4,2013,0.0,66
5,2013,0.0,66
6,2013,1.0,66
7,2013,1.0,66
8,2013,1.0,66
9,2013,1.0,66
10,2013,0.0,66
11,2013,0.0,66
12,2013,0.0,66
1,2014,0.0,66
2,2014,0.0,66
3,2014,0.0,66
4,2014,0.0,66
5,2014,0.0,66
6,2014,0.0,66
7,2014,0.0,66
8,2014,0.0,66
9,2014,0.0,66
10,2014,1.0,66
11,2014,0.0,66
12,2014,0.0,66
1,2015,0.0,66
2,2015,0.0,66
3,2015,0.0,66
4,2015,0.0,66
5,2015,1.0,66
6,2015,0.0,66
7,2015,0.0,66
8,2015,0.0,66
9,2015,4.0,66
10,2015,4.0,66
11,2015,2.0,66
12,2015,2.0,66
1,2016,0.0,66
2,2016,1.0,66
3,2016,0.0,66
4,2016,0.0,66
5,2016,0.0,66
6,2016,0.0,66
7,2016,1.0,66
8,2016,1.0,66
9,2016,0.0,66
10,2016,1.0,66
11,2016,0.0,66
12,2016,1.0,66
1,2017,0.0,66
2,2017,0.0,66
3,2017,2.0,66
4,2017,0.0,66
5,2017,0.0,66
6,2017,0.0,66
7,2017,0.0,66
8,2017,0.0,66
9,2017,0.0,66
10,2017,0.0,66
11,2017,0.0,66
12,2017,0.0,66
1,2018,0.0,66
2,2018,0.0,66
3,2018,0.0,66
4,2018,0.0,66
5,2018,0.0,66
6,2018,0.0,66
7,2018,0.0,66
8,2018,0.0,66
9,2018,2.0,66
10,2018,4.0,66
11,2018,4.0,66
12,2018,0.0,66
1,2019,0.0,66
2,2019,1.0,66
3,2019,0.0,66
4,2019,0.0,66
5,2019,0.0,66
6,2019,0.0,66
7,2019,1.0,66
8,2019,3.0,66
9,2019,4.0,66
10,2019,2.0,66
11,2019,3.0,66
12,2019,3.0,66
1,2020,1.0,66
2,2020,0.0,66
3,2020,1.0,66
4,2020,0.0,66
5,2020,0.0,66
6,2020,0.0,66
7,2020,0.0,66
8,2020,0.0,66
9,2020,0.0,66
10,2020,0.0,66
11,2020,0.0,66
12,2020,0.0,66
1,2021,2.0,66
2,2021,4.0,66
3,2021,2.0,66
4,2021,0.0,66
5,2021,1.0,66
6,2021,1.0,66
7,2021,0.0,66
8,2021,0.0,66
9,2021,0.0,66
10,2021,0.0,66
11,2021,0.0,66
12,2021,0.0,66
1,2022,0.0,66
2,2022,1.0,66
3,2022,0.0,66
4,2022,0.0,66
5,2022,0.0,66
6,2022,0.0,66
7,2022,0.0,66
8,2022,0.0,66
9,2022,1.0,66
10,2022,0.0,66
11,2022,0.0,66
12,2022,0.0,66
1,2023,0.0,66
2,2023,0.0,66
3,2023,0.0,66
4,2023,0.0,66
5,2023,0.0,66
6,2023,0.0,66
7,2023,0.0,66
8,2023,0.0,66
9,2023,0.0,66
10,2023,0.0,66
11,2023,1.0,66
12,2023,0.0,66
1,2024,2.0,66
2,2024,0.0,66
3,2024,0.0,66
4,2024,1.0,66
5,2024,0.0,66
6,2024,0.0,66
7,2024,0.0,66
8,2024,0.0,66
9,2024,3.0,66
10,2024,7.0,66
11,2024,7.0,66
12,2024,9.0,66
1,2010,0.0,67
2,2010,0.0,67
3,2010,0.0,67
4,2010,0.0,67
5,2010,0.0,67
6,2010,0.0,67
7,2010,0.0,67
8,2010,4.0,67
9,2010,2.0,67
10,2010,0.0,67
11,2010,0.0,67
12,2010,0.0,67
1,2011,0.0,67
2,2011,0.0,67
3,2011,0.0,67
4,2011,0.0,67
5,2011,0.0,67
6,2011,0.0,67
7,2011,0.0,67
8,2011,1.0,67
9,2011,0.0,67
10,2011,0.0,67
11,2011,0.0,67
12,2011,0.0,67
1,2012,1.0,67
2,2012,0.0,67
3,2012,0.0,67
4,2012,0.0,67
5,2012,0.0,67
6,2012,0.0,67
7,2012,0.0,67
8,2012,0.0,67
9,2012,0.0,67
10,2012,0.0,67
11,2012,0.0,67
12,2012,0.0,67
1,2013,0.0,67
2,2013,0.0,67
3,2013,0.0,67
4,2013,0.0,67
5,2013,0.0,67
6,2013,0.0,67
7,2013,2.0,67
8,2013,0.0,67
9,2013,0.0,67
10,2013,0.0,67
11,2013,1.0,67
12,2013,0.0,67
1,2014,1.0,67
2,2014,0.0,67
3,2014,0.0,67
4,2014,0.0,67
5,2014,0.0,67
6,2014,0.0,67
7,2014,0.0,67
8,2014,0.0,67
9,2014,0.0,67
10,2014,0.0,67
11,2014,0.0,67
12,2014,0.0,67
1,2015,0.0,67
2,2015,0.0,67
3,2015,0.0,67
4,2015,0.0,67
5,2015,0.0,67
6,2015,0.0,67
7,2015,2.0,67
8,2015,2.0,67
9,2015,1.0,67
10,2015,4.0,67
11,2015,2.0,67
12,2015,0.0,67
1,2016,0.0,67
2,2016,1.0,67
3,2016,0.0,67
4,2016,0.0,67
5,2016,0.0,67
6,2016,0.0,67
7,2016,0.0,67
8,2016,0.0,67
9,2016,0.0,67
10,2016,0.0,67
11,2016,0.0,67
12,2016,0.0,67
1,2017,0.0,67
2,2017,0.0,67
3,2017,0.0,67
4,2017,0.0,67
5,2017,0.0,67
6,2017,0.0,67
7,2017,0.0,67
8,2017,1.0,67
9,2017,0.0,67
10,2017,0.0,67
11,2017,1.0,67
12,2017,0.0,67
1,2018,2.0,67
2,2018,0.0,67
3,2018,0.0,67
4,2018,0.0,67
5,2018,0.0,67
6,2018,0.0,67
7,2018,0.0,67
8,2018,0.0,67
9,2018,0.0,67
10,2018,2.0,67
11,2018,5.0,67
12,2018,3.0,67
1,2019,2.0,67
2,2019,0.0,67
3,2019,1.0,67
4,2019,0.0,67
5,2019,0.0,67
6,2019,0.0,67
7,2019,2.0,67
8,2019,2.0,67
9,2019,3.0,67
10,2019,1.0,67
11,2019,4.0,67
12,2019,0.0,67
1,2020,0.0,67
2,2020,0.0,67
3,2020,0.0,67
4,2020,0.0,67
5,2020,0.0,67
6,2020,0.0,67
7,2020,0.0,67
8,2020,0.0,67
9,2020,0.0,67
10,2020,0.0,67
11,2020,0.0,67
12,2020,1.0,67
1,2021,1.0,67
2,2021,1.0,67
3,2021,0.0,67
4,2021,0.0,67
5,2021,0.0,67
6,2021,0.0,67
7,2021,0.0,67
8,2021,0.0,67
9,2021,0.0,67
10,2021,0.0,67
11,2021,0.0,67
12,2021,1.0,67
1,2022,0.0,67
2,2022,0.0,67
3,2022,0.0,67
4,2022,0.0,67
5,2022,0.0,67
6,2022,0.0,67
7,2022,0.0,67
8,2022,1.0,67
9,2022,0.0,67
10,2022,1.0,67
11,2022,0.0,67
12,2022,0.0,67
1,2023,0.0,67
2,2023,0.0,67
3,2023,0.0,67
4,2023,0.0,67
5,2023,1.0,67
6,2023,0.0,67
7,2023,0.0,67
8,2023,0.0,67
9,2023,0.0,67
10,2023,0.0,67
11,2023,0.0,67
12,2023,0.0,67
1,2024,2.0,67
2,2024,0.0,67
3,2024,0.0,67
4,2024,1.0,67
5,2024,0.0,67
6,2024,0.0,67
7,2024,0.0,67
8,2024,0.0,67
9,2024,1.0,67
10,2024,1.0,67
11,2024,3.0,67
12,2024,2.0,67
1,2010,0.0,68
2,2010,0.0,68
3,2010,0.0,68
4,2010,0.0,68
5,2010,0.0,68
6,2010,0.0,68
7,2010,0.0,68
8,2010,1.0,68
9,2010,3.0,68
10,2010,0.0,68
11,2010,0.0,68
12,2010,0.0,68
1,2011,0.0,68
2,2011,0.0,68
3,2011,0.0,68
4,2011,0.0,68
5,2011,0.0,68
6,2011,0.0,68
7,2011,0.0,68
8,2011,1.0,68
9,2011,0.0,68
10,2011,0.0,68
11,2011,1.0,68
12,2011,0.0,68
1,2012,0.0,68
2,2012,0.0,68
3,2012,0.0,68
4,2012,0.0,68
5,2012,1.0,68
6,2012,0.0,68
7,2012,1.0,68
8,2012,0.0,68
9,2012,0.0,68
10,2012,0.0,68
11,2012,0.0,68
12,2012,0.0,68
1,2013,0.0,68
2,2013,0.0,68
3,2013,0.0,68
4,2013,0.0,68
5,2013,0.0,68
6,2013,0.0,68
7,2013,0.0,68
8,2013,0.0,68
9,2013,0.0,68
10,2013,0.0,68
11,2013,0.0,68
12,2013,0.0,68
1,2014,0.0,68
2,2014,0.0,68
3,2014,0.0,68
4,2014,0.0,68
5,2014,1.0,68
6,2014,0.0,68
7,2014,1.0,68
8,2014,0.0,68
9,2014,0.0,68
10,2014,0.0,68
11,2014,0.0,68
12,2014,0.0,68
1,2015,0.0,68
2,2015,0.0,68
3,2015,0.0,68
4,2015,0.0,68
5,2015,0.0,68
6,2015,0.0,68
7,2015,1.0,68
8,2015,0.0,68
9,2015,3.0,68
10,2015,1.0,68
11,2015,1.0,68
12,2015,1.0,68
1,2016,1.0,68
2,2016,1.0,68
3,2016,0.0,68
4,2016,0.0,68
5,2016,0.0,68
6,2016,0.0,68
7,2016,1.0,68
8,2016,0.0,68
9,2016,0.0,68
10,2016,0.0,68
11,2016,0.0,68
12,2016,0.0,68
1,2017,1.0,68
2,2017,0.0,68
3,2017,0.0,68
4,2017,0.0,68
5,2017,0.0,68
6,2017,0.0,68
7,2017,0.0,68
8,2017,0.0,68
9,2017,0.0,68
10,2017,0.0,68
11,2017,2.0,68
12,2017,1.0,68
1,2018,1.0,68
2,2018,1.0,68
3,2018,0.0,68
4,2018,0.0,68
5,2018,0.0,68
6,2018,0.0,68
7,2018,0.0,68
8,2018,0.0,68
9,2018,0.0,68
10,2018,0.0,68
11,2018,2.0,68
12,2018,0.0,68
1,2019,1.0,68
2,2019,0.0,68
3,2019,0.0,68
4,2019,0.0,68
5,2019,0.0,68
6,2019,0.0,68
7,2019,1.0,68
8,2019,1.0,68
9,2019,4.0,68
10,2019,2.0,68
11,2019,0.0,68
12,2019,0.0,68
1,2020,0.0,68
2,2020,0.0,68
3,2020,0.0,68
4,2020,0.0,68
5,2020,0.0,68
6,2020,0.0,68
7,2020,0.0,68
8,2020,0.0,68
9,2020,0.0,68
10,2020,0.0,68
11,2020,2.0,68
12,2020,0.0,68
1,2021,0.0,68
2,2021,0.0,68
3,2021,0.0,68
4,2021,0.0,68
5,2021,0.0,68
6,2021,0.0,68
7,2021,0.0,68
8,2021,0.0,68
9,2021,0.0,68
10,2021,0.0,68
11,2021,0.0,68
12,2021,0.0,68
1,2022,0.0,68
2,2022,0.0,68
3,2022,0.0,68
4,2022,0.0,68
5,2022,0.0,68
6,2022,0.0,68
7,2022,0.0,68
8,2022,0.0,68
9,2022,0.0,68
10,2022,0.0,68
11,2022,0.0,68
12,2022,0.0,68
1,2023,0.0,68
2,2023,0.0,68
3,2023,0.0,68
4,2023,0.0,68
5,2023,0.0,68
6,2023,0.0,68
7,2023,0.0,68
8,2023,0.0,68
9,2023,0.0,68
10,2023,0.0,68
11,2023,1.0,68
12,2023,0.0,68
1,2024,0.0,68
2,2024,1.0,68
3,2024,0.0,68
4,2024,0.0,68
5,2024,0.0,68
6,2024,0.0,68
7,2024,0.0,68
8,2024,0.0,68
9,2024,0.0,68
10,2024,2.0,68
11,2024,1.0,68
12,2024,4.0,68
1,2010,0.0,69
2,2010,0.0,69
3,2010,0.0,69
4,2010,0.0,69
5,2010,0.0,69
6,2010,0.0,69
7,2010,0.0,69
8,2010,2.0,69
9,2010,1.0,69
10,2010,1.0,69
11,2010,4.0,69
12,2010,1.0,69
1,2011,2.0,69
2,2011,2.0,69
3,2011,3.0,69
4,2011,2.0,69
5,2011,0.0,69
6,2011,1.0,69
7,2011,0.0,69
8,2011,0.0,69
9,2011,0.0,69
10,2011,0.0,69
11,2011,0.0,69
12,2011,0.0,69
1,2012,2.0,69
2,2012,0.0,69
3,2012,0.0,69
4,2012,1.0,69
5,2012,0.0,69
6,2012,0.0,69
7,2012,1.0,69
8,2012,0.0,69
9,2012,2.0,69
10,2012,6.0,69
11,2012,1.0,69
12,2012,1.0,69
1,2013,0.0,69
2,2013,0.0,69
3,2013,0.0,69
4,2013,0.0,69
5,2013,0.0,69
6,2013,1.0,69
7,2013,2.0,69
8,2013,2.0,69
9,2013,1.0,69
10,2013,0.0,69
11,2013,0.0,69
12,2013,1.0,69
1,2014,2.0,69
2,2014,0.0,69
3,2014,0.0,69
4,2014,1.0,69
5,2014,0.0,69
6,2014,0.0,69
7,2014,1.0,69
8,2014,0.0,69
9,2014,2.0,69
10,2014,6.0,69
11,2014,1.0,69
12,2014,1.0,69
1,2015,2.0,69
2,2015,3.0,69
3,2015,1.0,69
4,2015,0.0,69
5,2015,0.0,69
6,2015,0.0,69
7,2015,2.0,69
8,2015,8.0,69
9,2015,9.0,69
10,2015,10.0,69
11,2015,8.0,69
12,2015,2.0,69
1,2016,3.0,69
2,2016,1.0,69
3,2016,0.0,69
4,2016,0.0,69
5,2016,1.0,69
6,2016,0.0,69
7,2016,0.0,69
8,2016,1.0,69
9,2016,2.0,69
10,2016,3.0,69
11,2016,2.0,69
12,2016,0.0,69
1,2017,0.0,69
2,2017,1.0,69
3,2017,0.0,69
4,2017,0.0,69
5,2017,0.0,69
6,2017,0.0,69
7,2017,0.0,69
8,2017,0.0,69
9,2017,2.0,69
10,2017,0.0,69
11,2017,0.0,69
12,2017,0.0,69
1,2018,1.0,69
2,2018,0.0,69
3,2018,0.0,69
4,2018,0.0,69
5,2018,0.0,69
6,2018,0.0,69
7,2018,0.0,69
8,2018,0.0,69
9,2018,0.0,69
10,2018,0.0,69
11,2018,2.0,69
12,2018,1.0,69
1,2019,1.0,69
2,2019,2.0,69
3,2019,1.0,69
4,2019,2.0,69
5,2019,1.0,69
6,2019,2.0,69
7,2019,13.0,69
8,2019,39.0,69
9,2019,29.0,69
10,2019,4.0,69
11,2019,7.0,69
12,2019,3.0,69
1,2020,1.0,69
2,2020,0.0,69
3,2020,0.0,69
4,2020,0.0,69
5,2020,0.0,69
6,2020,0.0,69
7,2020,0.0,69
8,2020,0.0,69
9,2020,0.0,69
10,2020,0.0,69
11,2020,0.0,69
12,2020,0.0,69
1,2021,1.0,69
2,2021,1.0,69
3,2021,0.0,69
4,2021,0.0,69
5,2021,0.0,69
6,2021,0.0,69
7,2021,0.0,69
8,2021,0.0,69
9,2021,0.0,69
10,2021,0.0,69
11,2021,0.0,69
12,2021,0.0,69
1,2022,0.0,69
2,2022,0.0,69
3,2022,0.0,69
4,2022,0.0,69
5,2022,1.0,69
6,2022,0.0,69
7,2022,0.0,69
8,2022,0.0,69
9,2022,0.0,69
10,2022,3.0,69
11,2022,0.0,69
12,2022,1.0,69
1,2023,1.0,69
2,2023,0.0,69
3,2023,0.0,69
4,2023,0.0,69
5,2023,0.0,69
6,2023,0.0,69
7,2023,0.0,69
8,2023,0.0,69
9,2023,0.0,69
10,2023,0.0,69
11,2023,0.0,69
12,2023,1.0,69
1,2024,1.0,69
2,2024,0.0,69
3,2024,0.0,69
4,2024,1.0,69
5,2024,0.0,69
6,2024,0.0,69
7,2024,0.0,69
8,2024,0.0,69
9,2024,2.0,69
10,2024,2.0,69
11,2024,6.0,69
12,2024,7.0,69
1,2010,0.0,70
2,2010,0.0,70
3,2010,0.0,70
4,2010,0.0,70
5,2010,0.0,70
6,2010,0.0,70
7,2010,0.0,70
8,2010,1.0,70
9,2010,2.0,70
10,2010,5.0,70
11,2010,1.0,70
12,2010,0.0,70
1,2011,0.0,70
2,2011,0.0,70
3,2011,0.0,70
4,2011,0.0,70
5,2011,1.0,70
6,2011,0.0,70
7,2011,1.0,70
8,2011,1.0,70
9,2011,0.0,70
10,2011,1.0,70
11,2011,0.0,70
12,2011,0.0,70
1,2012,0.0,70
2,2012,0.0,70
3,2012,0.0,70
4,2012,1.0,70
5,2012,0.0,70
6,2012,1.0,70
7,2012,2.0,70
8,2012,5.0,70
9,2012,5.0,70
10,2012,3.0,70
11,2012,0.0,70
12,2012,0.0,70
1,2013,0.0,70
2,2013,0.0,70
3,2013,0.0,70
4,2013,0.0,70
5,2013,1.0,70
6,2013,0.0,70
7,2013,1.0,70
8,2013,3.0,70
9,2013,3.0,70
10,2013,2.0,70
11,2013,0.0,70
12,2013,0.0,70
1,2014,0.0,70
2,2014,0.0,70
3,2014,0.0,70
4,2014,1.0,70
5,2014,0.0,70
6,2014,1.0,70
7,2014,2.0,70
8,2014,5.0,70
9,2014,5.0,70
10,2014,3.0,70
11,2014,0.0,70
12,2014,0.0,70
1,2015,0.0,70
2,2015,0.0,70
3,2015,0.0,70
4,2015,0.0,70
5,2015,1.0,70
6,2015,1.0,70
7,2015,1.0,70
8,2015,1.0,70
9,2015,4.0,70
10,2015,7.0,70
11,2015,6.0,70
12,2015,3.0,70
1,2016,1.0,70
2,2016,0.0,70
3,2016,0.0,70
4,2016,0.0,70
5,2016,0.0,70
6,2016,0.0,70
7,2016,1.0,70
8,2016,0.0,70
9,2016,1.0,70
10,2016,0.0,70
11,2016,1.0,70
12,2016,0.0,70
1,2017,1.0,70
2,2017,0.0,70
3,2017,0.0,70
4,2017,0.0,70
5,2017,0.0,70
6,2017,0.0,70
7,2017,0.0,70
8,2017,1.0,70
9,2017,2.0,70
10,2017,1.0,70
11,2017,4.0,70
12,2017,0.0,70
1,2018,1.0,70
2,2018,1.0,70
3,2018,0.0,70
4,2018,0.0,70
5,2018,0.0,70
6,2018,1.0,70
7,2018,1.0,70
8,2018,1.0,70
9,2018,2.0,70
10,2018,2.0,70
11,2018,6.0,70
12,2018,5.0,70
1,2019,0.0,70
2,2019,0.0,70
3,2019,0.0,70
4,2019,0.0,70
5,2019,0.0,70
6,2019,0.0,70
7,2019,0.0,70
8,2019,0.0,70
9,2019,1.0,70
10,2019,0.0,70
11,2019,0.0,70
12,2019,0.0,70
1,2020,2.0,70
2,2020,0.0,70
3,2020,1.0,70
4,2020,0.0,70
5,2020,0.0,70
6,2020,0.0,70
7,2020,0.0,70
8,2020,0.0,70
9,2020,0.0,70
10,2020,1.0,70
11,2020,2.0,70
12,2020,0.0,70
1,2021,1.0,70
2,2021,0.0,70
3,2021,0.0,70
4,2021,0.0,70
5,2021,0.0,70
6,2021,1.0,70
7,2021,1.0,70
8,2021,0.0,70
9,2021,1.0,70
10,2021,0.0,70
11,2021,3.0,70
12,2021,1.0,70
1,2022,0.0,70
2,2022,0.0,70
3,2022,0.0,70
4,2022,0.0,70
5,2022,0.0,70
6,2022,1.0,70
7,2022,0.0,70
8,2022,0.0,70
9,2022,0.0,70
10,2022,0.0,70
11,2022,0.0,70
12,2022,0.0,70
1,2023,0.0,70
2,2023,0.0,70
3,2023,0.0,70
4,2023,0.0,70
5,2023,0.0,70
6,2023,0.0,70
7,2023,1.0,70
8,2023,0.0,70
9,2023,0.0,70
10,2023,1.0,70
11,2023,0.0,70
12,2023,0.0,70
1,2024,1.0,70
2,2024,0.0,70
3,2024,0.0,70
4,2024,0.0,70
5,2024,0.0,70
6,2024,1.0,70
7,2024,2.0,70
8,2024,3.0,70
9,2024,3.0,70
10,2024,3.0,70
11,2024,1.0,70
12,2024,4.0,70
1,2010,0.0,71
2,2010,0.0,71
3,2010,0.0,71
4,2010,0.0,71
5,2010,0.0,71
6,2010,0.0,71
7,2010,0.0,71
8,2010,2.0,71
9,2010,1.0,71
10,2010,1.0,71
11,2010,0.0,71
12,2010,0.0,71
1,2011,1.0,71
2,2011,0.0,71
3,2011,0.0,71
4,2011,0.0,71
5,2011,0.0,71
6,2011,0.0,71
7,2011,0.0,71
8,2011,1.0,71
9,2011,4.0,71
10,2011,4.0,71
11,2011,0.0,71
12,2011,0.0,71
1,2012,0.0,71
2,2012,0.0,71
3,2012,0.0,71
4,2012,2.0,71
5,2012,1.0,71
6,2012,2.0,71
7,2012,2.0,71
8,2012,13.0,71
9,2012,10.0,71
10,2012,6.0,71
11,2012,0.0,71
12,2012,0.0,71
1,2013,1.0,71
2,2013,0.0,71
3,2013,0.0,71
4,2013,0.0,71
5,2013,1.0,71
6,2013,0.0,71
7,2013,3.0,71
8,2013,4.0,71
9,2013,4.0,71
10,2013,3.0,71
11,2013,1.0,71
12,2013,1.0,71
1,2014,0.0,71
2,2014,0.0,71
3,2014,0.0,71
4,2014,2.0,71
5,2014,1.0,71
6,2014,2.0,71
7,2014,2.0,71
8,2014,13.0,71
9,2014,10.0,71
10,2014,6.0,71
11,2014,0.0,71
12,2014,0.0,71
1,2015,5.0,71
2,2015,1.0,71
3,2015,0.0,71
4,2015,0.0,71
5,2015,1.0,71
6,2015,2.0,71
7,2015,2.0,71
8,2015,6.0,71
9,2015,15.0,71
10,2015,19.0,71
11,2015,13.0,71
12,2015,4.0,71
1,2016,2.0,71
2,2016,0.0,71
3,2016,2.0,71
4,2016,0.0,71
5,2016,0.0,71
6,2016,0.0,71
7,2016,2.0,71
8,2016,1.0,71
9,2016,1.0,71
10,2016,1.0,71
11,2016,1.0,71
12,2016,1.0,71
1,2017,1.0,71
2,2017,0.0,71
3,2017,0.0,71
4,2017,1.0,71
5,2017,0.0,71
6,2017,0.0,71
7,2017,2.0,71
8,2017,4.0,71
9,2017,3.0,71
10,2017,1.0,71
11,2017,4.0,71
12,2017,4.0,71
1,2018,2.0,71
2,2018,2.0,71
3,2018,0.0,71
4,2018,0.0,71
5,2018,0.0,71
6,2018,2.0,71
7,2018,1.0,71
8,2018,2.0,71
9,2018,5.0,71
10,2018,7.0,71
11,2018,16.0,71
12,2018,8.0,71
1,2019,14.0,71
2,2019,3.0,71
3,2019,4.0,71
4,2019,0.0,71
5,2019,3.0,71
6,2019,6.0,71
7,2019,56.0,71
8,2019,58.0,71
9,2019,48.0,71
10,2019,8.0,71
11,2019,16.0,71
12,2019,6.0,71
1,2020,6.0,71
2,2020,1.0,71
3,2020,1.0,71
4,2020,0.0,71
5,2020,0.0,71
6,2020,0.0,71
7,2020,0.0,71
8,2020,0.0,71
9,2020,0.0,71
10,2020,1.0,71
11,2020,2.0,71
12,2020,0.0,71
1,2021,1.0,71
2,2021,1.0,71
3,2021,0.0,71
4,2021,0.0,71
5,2021,0.0,71
6,2021,1.0,71
7,2021,2.0,71
8,2021,0.0,71
9,2021,1.0,71
10,2021,1.0,71
11,2021,3.0,71
12,2021,2.0,71
1,2022,0.0,71
2,2022,0.0,71
3,2022,0.0,71
4,2022,0.0,71
5,2022,0.0,71
6,2022,1.0,71
7,2022,1.0,71
8,2022,3.0,71
9,2022,1.0,71
10,2022,0.0,71
11,2022,1.0,71
12,2022,0.0,71
1,2023,0.0,71
2,2023,1.0,71
3,2023,0.0,71
4,2023,0.0,71
5,2023,0.0,71
6,2023,0.0,71
7,2023,1.0,71
8,2023,1.0,71
9,2023,0.0,71
10,2023,0.0,71
11,2023,1.0,71
12,2023,0.0,71
1,2024,0.0,71
2,2024,0.0,71
3,2024,0.0,71
4,2024,0.0,71
5,2024,0.0,71
6,2024,0.0,71
7,2024,1.0,71
8,2024,1.0,71
9,2024,0.0,71
10,2024,0.0,71
11,2024,1.0,71
12,2024,0.0,71
1,2010,0.0,72
2,2010,0.0,72
3,2010,0.0,72
4,2010,0.0,72
5,2010,0.0,72
6,2010,0.0,72
7,2010,0.0,72
8,2010,1.0,72
9,2010,0.0,72
10,2010,1.0,72
11,2010,0.0,72
12,2010,1.0,72
1,2011,2.0,72
2,2011,2.0,72
3,2011,1.0,72
4,2011,0.0,72
5,2011,0.0,72
6,2011,0.0,72
7,2011,0.0,72
8,2011,0.0,72
9,2011,0.0,72
10,2011,0.0,72
11,2011,0.0,72
12,2011,0.0,72
1,2012,0.0,72
2,2012,0.0,72
3,2012,0.0,72
4,2012,0.0,72
5,2012,0.0,72
6,2012,0.0,72
7,2012,0.0,72
8,2012,0.0,72
9,2012,1.0,72
10,2012,0.0,72
11,2012,1.0,72
12,2012,0.0,72
1,2013,0.0,72
2,2013,0.0,72
3,2013,0.0,72
4,2013,0.0,72
5,2013,0.0,72
6,2013,0.0,72
7,2013,0.0,72
8,2013,1.0,72
9,2013,1.0,72
10,2013,1.0,72
11,2013,1.0,72
12,2013,0.0,72
1,2014,0.0,72
2,2014,0.0,72
3,2014,0.0,72
4,2014,0.0,72
5,2014,0.0,72
6,2014,0.0,72
7,2014,0.0,72
8,2014,1.0,72
9,2014,0.0,72
10,2014,1.0,72
11,2014,0.0,72
12,2014,0.0,72
1,2015,1.0,72
2,2015,1.0,72
3,2015,0.0,72
4,2015,0.0,72
5,2015,0.0,72
6,2015,1.0,72
7,2015,0.0,72
8,2015,0.0,72
9,2015,2.0,72
10,2015,3.0,72
11,2015,1.0,72
12,2015,0.0,72
1,2016,1.0,72
2,2016,0.0,72
3,2016,0.0,72
4,2016,0.0,72
5,2016,0.0,72
6,2016,0.0,72
7,2016,0.0,72
8,2016,1.0,72
9,2016,0.0,72
10,2016,0.0,72
11,2016,0.0,72
12,2016,1.0,72
1,2017,0.0,72
2,2017,0.0,72
3,2017,0.0,72
4,2017,1.0,72
5,2017,0.0,72
6,2017,0.0,72
7,2017,0.0,72
8,2017,2.0,72
9,2017,0.0,72
10,2017,0.0,72
11,2017,0.0,72
12,2017,2.0,72
1,2018,0.0,72
2,2018,0.0,72
3,2018,0.0,72
4,2018,0.0,72
5,2018,0.0,72
6,2018,0.0,72
7,2018,0.0,72
8,2018,0.0,72
9,2018,0.0,72
10,2018,2.0,72
11,2018,4.0,72
12,2018,1.0,72
1,2019,0.0,72
2,2019,0.0,72
3,2019,0.0,72
4,2019,0.0,72
5,2019,0.0,72
6,2019,0.0,72
7,2019,1.0,72
8,2019,0.0,72
9,2019,0.0,72
10,2019,0.0,72
11,2019,0.0,72
12,2019,0.0,72
1,2020,0.0,72
2,2020,0.0,72
3,2020,0.0,72
4,2020,0.0,72
5,2020,0.0,72
6,2020,0.0,72
7,2020,0.0,72
8,2020,0.0,72
9,2020,0.0,72
10,2020,0.0,72
11,2020,0.0,72
12,2020,0.0,72
1,2021,0.0,72
2,2021,0.0,72
3,2021,0.0,72
4,2021,0.0,72
5,2021,0.0,72
6,2021,0.0,72
7,2021,0.0,72
8,2021,0.0,72
9,2021,0.0,72
10,2021,1.0,72
11,2021,0.0,72
12,2021,0.0,72
1,2022,0.0,72
2,2022,0.0,72
3,2022,0.0,72
4,2022,0.0,72
5,2022,0.0,72
6,2022,0.0,72
7,2022,0.0,72
8,2022,0.0,72
9,2022,1.0,72
10,2022,0.0,72
11,2022,0.0,72
12,2022,0.0,72
1,2023,0.0,72
2,2023,0.0,72
3,2023,0.0,72
4,2023,0.0,72
5,2023,0.0,72
6,2023,0.0,72
7,2023,0.0,72
8,2023,0.0,72
9,2023,0.0,72
10,2023,0.0,72
11,2023,0.0,72
12,2023,0.0,72
1,2024,1.0,72
2,2024,0.0,72
3,2024,0.0,72
4,2024,0.0,72
5,2024,0.0,72
6,2024,0.0,72
7,2024,0.0,72
8,2024,0.0,72
9,2024,0.0,72
10,2024,1.0,72
11,2024,1.0,72
12,2024,0.0,72
1,2010,0.0,73
2,2010,0.0,73
3,2010,0.0,73
4,2010,0.0,73
5,2010,0.0,73
6,2010,0.0,73
7,2010,0.0,73
8,2010,1.0,73
9,2010,0.0,73
10,2010,0.0,73
11,2010,1.0,73
12,2010,0.0,73
1,2011,1.0,73
2,2011,0.0,73
3,2011,0.0,73
4,2011,0.0,73
5,2011,2.0,73
6,2011,2.0,73
7,2011,1.0,73
8,2011,0.0,73
9,2011,0.0,73
10,2011,0.0,73
11,2011,0.0,73
12,2011,0.0,73
1,2012,0.0,73
2,2012,0.0,73
3,2012,0.0,73
4,2012,0.0,73
5,2012,0.0,73
6,2012,0.0,73
7,2012,0.0,73
8,2012,1.0,73
9,2012,0.0,73
10,2012,1.0,73
11,2012,0.0,73
12,2012,0.0,73
1,2013,0.0,73
2,2013,0.0,73
3,2013,0.0,73
4,2013,0.0,73
5,2013,0.0,73
6,2013,0.0,73
7,2013,1.0,73
8,2013,1.0,73
9,2013,1.0,73
10,2013,1.0,73
11,2013,0.0,73
12,2013,0.0,73
1,2014,0.0,73
2,2014,0.0,73
3,2014,0.0,73
4,2014,0.0,73
5,2014,0.0,73
6,2014,0.0,73
7,2014,0.0,73
8,2014,1.0,73
9,2014,0.0,73
10,2014,0.0,73
11,2014,1.0,73
12,2014,0.0,73
1,2015,1.0,73
2,2015,0.0,73
3,2015,0.0,73
4,2015,0.0,73
5,2015,0.0,73
6,2015,0.0,73
7,2015,1.0,73
8,2015,0.0,73
9,2015,0.0,73
10,2015,0.0,73
11,2015,0.0,73
12,2015,0.0,73
1,2016,1.0,73
2,2016,0.0,73
3,2016,0.0,73
4,2016,1.0,73
5,2016,0.0,73
6,2016,0.0,73
7,2016,2.0,73
8,2016,0.0,73
9,2016,0.0,73
10,2016,0.0,73
11,2016,0.0,73
12,2016,0.0,73
1,2017,0.0,73
2,2017,0.0,73
3,2017,0.0,73
4,2017,0.0,73
5,2017,0.0,73
6,2017,0.0,73
7,2017,1.0,73
8,2017,0.0,73
9,2017,1.0,73
10,2017,0.0,73
11,2017,0.0,73
12,2017,0.0,73
1,2018,0.0,73
2,2018,0.0,73
3,2018,0.0,73
4,2018,0.0,73
5,2018,0.0,73
6,2018,0.0,73
7,2018,0.0,73
8,2018,0.0,73
9,2018,1.0,73
10,2018,1.0,73
11,2018,2.0,73
12,2018,3.0,73
1,2019,0.0,73
2,2019,1.0,73
3,2019,0.0,73
4,2019,0.0,73
5,2019,0.0,73
6,2019,0.0,73
7,2019,20.0,73
8,2019,15.0,73
9,2019,10.0,73
10,2019,6.0,73
11,2019,5.0,73
12,2019,2.0,73
1,2020,3.0,73
2,2020,0.0,73
3,2020,0.0,73
4,2020,0.0,73
5,2020,0.0,73
6,2020,0.0,73
7,2020,0.0,73
8,2020,0.0,73
9,2020,0.0,73
10,2020,0.0,73
11,2020,0.0,73
12,2020,0.0,73
1,2021,0.0,73
2,2021,0.0,73
3,2021,0.0,73
4,2021,0.0,73
5,2021,0.0,73
6,2021,0.0,73
7,2021,2.0,73
8,2021,1.0,73
9,2021,0.0,73
10,2021,0.0,73
11,2021,1.0,73
12,2021,0.0,73
1,2022,0.0,73
2,2022,0.0,73
3,2022,1.0,73
4,2022,0.0,73
5,2022,0.0,73
6,2022,0.0,73
7,2022,1.0,73
8,2022,0.0,73
9,2022,2.0,73
10,2022,1.0,73
11,2022,0.0,73
12,2022,0.0,73
1,2023,0.0,73
2,2023,0.0,73
3,2023,0.0,73
4,2023,0.0,73
5,2023,0.0,73
6,2023,0.0,73
7,2023,0.0,73
8,2023,0.0,73
9,2023,0.0,73
10,2023,0.0,73
11,2023,1.0,73
12,2023,0.0,73
1,2024,0.0,73
2,2024,0.0,73
3,2024,0.0,73
4,2024,0.0,73
5,2024,0.0,73
6,2024,0.0,73
7,2024,0.0,73
8,2024,2.0,73
9,2024,1.0,73
10,2024,2.0,73
11,2024,3.0,73
12,2024,2.0,73
1,2010,0.0,74
2,2010,0.0,74
3,2010,0.0,74
4,2010,0.0,74
5,2010,0.0,74
6,2010,0.0,74
7,2010,0.0,74
8,2010,0.0,74
9,2010,2.0,74
10,2010,3.0,74
11,2010,0.0,74
12,2010,0.0,74
1,2011,0.0,74
2,2011,1.0,74
3,2011,0.0,74
4,2011,1.0,74
5,2011,0.0,74
6,2011,0.0,74
7,2011,0.0,74
8,2011,0.0,74
9,2011,0.0,74
10,2011,0.0,74
11,2011,0.0,74
12,2011,0.0,74
1,2012,0.0,74
2,2012,0.0,74
3,2012,0.0,74
4,2012,0.0,74
5,2012,1.0,74
6,2012,1.0,74
7,2012,0.0,74
8,2012,7.0,74
9,2012,3.0,74
10,2012,1.0,74
11,2012,0.0,74
12,2012,0.0,74
1,2013,0.0,74
2,2013,0.0,74
3,2013,0.0,74
4,2013,0.0,74
5,2013,0.0,74
6,2013,0.0,74
7,2013,0.0,74
8,2013,0.0,74
9,2013,0.0,74
10,2013,1.0,74
11,2013,0.0,74
12,2013,0.0,74
1,2014,0.0,74
2,2014,0.0,74
3,2014,0.0,74
4,2014,0.0,74
5,2014,1.0,74
6,2014,1.0,74
7,2014,0.0,74
8,2014,7.0,74
9,2014,3.0,74
10,2014,1.0,74
11,2014,0.0,74
12,2014,0.0,74
1,2015,0.0,74
2,2015,0.0,74
3,2015,0.0,74
4,2015,0.0,74
5,2015,0.0,74
6,2015,0.0,74
7,2015,0.0,74
8,2015,0.0,74
9,2015,1.0,74
10,2015,0.0,74
11,2015,0.0,74
12,2015,0.0,74
1,2016,0.0,74
2,2016,0.0,74
3,2016,0.0,74
4,2016,0.0,74
5,2016,1.0,74
6,2016,1.0,74
7,2016,0.0,74
8,2016,7.0,74
9,2016,3.0,74
10,2016,1.0,74
11,2016,0.0,74
12,2016,0.0,74
1,2017,0.0,74
2,2017,0.0,74
3,2017,0.0,74
4,2017,0.0,74
5,2017,0.0,74
6,2017,0.0,74
7,2017,1.0,74
8,2017,1.0,74
9,2017,0.0,74
10,2017,0.0,74
11,2017,0.0,74
12,2017,1.0,74
1,2018,1.0,74
2,2018,1.0,74
3,2018,0.0,74
4,2018,0.0,74
5,2018,0.0,74
6,2018,1.0,74
7,2018,0.0,74
8,2018,0.0,74
9,2018,0.0,74
10,2018,3.0,74
11,2018,2.0,74
12,2018,2.0,74
1,2019,0.0,74
2,2019,0.0,74
3,2019,0.0,74
4,2019,0.0,74
5,2019,0.0,74
6,2019,0.0,74
7,2019,1.0,74
8,2019,0.0,74
9,2019,0.0,74
10,2019,0.0,74
11,2019,0.0,74
12,2019,0.0,74
1,2020,0.0,74
2,2020,1.0,74
3,2020,0.0,74
4,2020,0.0,74
5,2020,0.0,74
6,2020,0.0,74
7,2020,0.0,74
8,2020,0.0,74
9,2020,0.0,74
10,2020,0.0,74
11,2020,0.0,74
12,2020,0.0,74
1,2021,0.0,74
2,2021,0.0,74
3,2021,0.0,74
4,2021,0.0,74
5,2021,0.0,74
6,2021,0.0,74
7,2021,1.0,74
8,2021,0.0,74
9,2021,0.0,74
10,2021,0.0,74
11,2021,0.0,74
12,2021,1.0,74
1,2022,0.0,74
2,2022,0.0,74
3,2022,0.0,74
4,2022,0.0,74
5,2022,0.0,74
6,2022,0.0,74
7,2022,1.0,74
8,2022,3.0,74
9,2022,0.0,74
10,2022,0.0,74
11,2022,1.0,74
12,2022,0.0,74
1,2023,0.0,74
2,2023,0.0,74
3,2023,0.0,74
4,2023,0.0,74
5,2023,0.0,74
6,2023,0.0,74
7,2023,1.0,74
8,2023,0.0,74
9,2023,0.0,74
10,2023,0.0,74
11,2023,0.0,74
12,2023,0.0,74
1,2024,0.0,74
2,2024,0.0,74
3,2024,0.0,74
4,2024,0.0,74
5,2024,0.0,74
6,2024,0.0,74
7,2024,2.0,74
8,2024,0.0,74
9,2024,1.0,74
10,2024,3.0,74
11,2024,6.0,74
12,2024,3.0,74
