BARANGAY,YEAR,MONTH,Cases,RAINFALL,TMAX,TMIN,WIND_SPEED,WIND_DIRECTION,RH,TAVG
BUROL,2010,1,0,5.8,30.28461538461539,24.661538461538463,4.0,110.0,76.38461538461539,27.47307692307692
BUROL,2011,1,10,69.7,30.0,24.7,3.0,110.0,76.0,27.35
BUROL,2012,1,0,25.2,30.8,25.3,3.0,140.0,78.0,28.05
BUROL,2013,1,2,37.6,30.2,24.2,4.0,140.0,78.0,27.2
BUROL,2014,1,0,0.4,29.5,23.4,3.0,140.0,72.0,26.45
BUROL,2015,1,1,31.8,29.5,23.6,2.0,140.0,79.0,26.55
BUROL,2016,1,0,1.4,31.3,25.3,3.0,90.0,78.0,28.3
BUROL,2017,1,0,52.5,29.7,25.0,3.0,90.0,77.0,27.35
BUROL,2018,1,1,16.4,30.3,25.4,3.0,90.0,77.0,27.85
BUROL,2019,1,7,5.7,30.6,24.9,3.0,90.0,72.0,27.75
BUROL,2020,1,5,4.2,31.0,24.9,3.0,90.0,78.0,27.95
BUROL,2021,1,1,84.6,30.3,24.6,2.0,320.0,77.0,27.450000000000003
BUROL,2022,1,0,15.8,30.8,24.7,3.0,90.0,74.0,27.75
BUROL,2023,1,1,72.6,29.7,24.6,3.0,90.0,77.0,27.15
BUROL I,2010,1,2,5.8,30.28461538461539,24.661538461538463,4.0,110.0,76.38461538461539,27.47307692307692
BUROL I,2011,1,2,69.7,30.0,24.7,3.0,110.0,76.0,27.35
BUROL I,2012,1,2,25.2,30.8,25.3,3.0,140.0,78.0,28.05
BUROL I,2013,1,1,37.6,30.2,24.2,4.0,140.0,78.0,27.2
BUROL I,2014,1,2,0.4,29.5,23.4,3.0,140.0,72.0,26.45
BUROL I,2015,1,1,31.8,29.5,23.6,2.0,140.0,79.0,26.55
BUROL I,2016,1,1,1.4,31.3,25.3,3.0,90.0,78.0,28.3
BUROL I,2017,1,1,52.5,29.7,25.0,3.0,90.0,77.0,27.35
BUROL I,2018,1,5,16.4,30.3,25.4,3.0,90.0,77.0,27.85
BUROL I,2019,1,6,5.7,30.6,24.9,3.0,90.0,72.0,27.75
BUROL I,2020,1,2,4.2,31.0,24.9,3.0,90.0,78.0,27.95
BUROL I,2021,1,1,84.6,30.3,24.6,2.0,320.0,77.0,27.450000000000003
BUROL I,2022,1,0,15.8,30.8,24.7,3.0,90.0,74.0,27.75
BUROL I,2023,1,1,72.6,29.7,24.6,3.0,90.0,77.0,27.15
BUROL II,2011,1,0,69.7,30.0,24.7,3.0,110.0,76.0,27.35
BUROL II,2012,1,0,25.2,30.8,25.3,3.0,140.0,78.0,28.05
BUROL II,2013,1,0,37.6,30.2,24.2,4.0,140.0,78.0,27.2
BUROL II,2014,1,0,0.4,29.5,23.4,3.0,140.0,72.0,26.45
BUROL II,2015,1,1,31.8,29.5,23.6,2.0,140.0,79.0,26.55
BUROL II,2016,1,1,1.4,31.3,25.3,3.0,90.0,78.0,28.3
BUROL II,2017,1,0,52.5,29.7,25.0,3.0,90.0,77.0,27.35
BUROL II,2018,1,1,16.4,30.3,25.4,3.0,90.0,77.0,27.85
BUROL II,2019,1,0,5.7,30.6,24.9,3.0,90.0,72.0,27.75
BUROL II,2020,1,0,4.2,31.0,24.9,3.0,90.0,78.0,27.95
BUROL II,2021,1,2,84.6,30.3,24.6,2.0,320.0,77.0,27.450000000000003
BUROL II,2023,1,1,72.6,29.7,24.6,3.0,90.0,77.0,27.15
BUROL III,2010,1,0,5.8,30.28461538461539,24.661538461538463,4.0,110.0,76.38461538461539,27.47307692307692
BUROL III,2011,1,2,69.7,30.0,24.7,3.0,110.0,76.0,27.35
BUROL III,2012,1,1,25.2,30.8,25.3,3.0,140.0,78.0,28.05
BUROL III,2013,1,0,37.6,30.2,24.2,4.0,140.0,78.0,27.2
BUROL III,2014,1,1,0.4,29.5,23.4,3.0,140.0,72.0,26.45
BUROL III,2015,1,0,31.8,29.5,23.6,2.0,140.0,79.0,26.55
BUROL III,2016,1,1,1.4,31.3,25.3,3.0,90.0,78.0,28.3
BUROL III,2017,1,0,52.5,29.7,25.0,3.0,90.0,77.0,27.35
BUROL III,2018,1,4,16.4,30.3,25.4,3.0,90.0,77.0,27.85
BUROL III,2019,1,1,5.7,30.6,24.9,3.0,90.0,72.0,27.75
BUROL III,2020,1,1,4.2,31.0,24.9,3.0,90.0,78.0,27.95
BUROL III,2021,1,3,84.6,30.3,24.6,2.0,320.0,77.0,27.450000000000003
BUROL III,2022,1,0,15.8,30.8,24.7,3.0,90.0,74.0,27.75
BUROL III,2023,1,0,72.6,29.7,24.6,3.0,90.0,77.0,27.15
DATU ESMAEL (BAGO-A-INGUD),2010,1,0,5.8,30.28461538461539,24.661538461538463,4.0,110.0,76.38461538461539,27.47307692307692
DATU ESMAEL (BAGO-A-INGUD),2011,1,0,69.7,30.0,24.7,3.0,110.0,76.0,27.35
DATU ESMAEL (BAGO-A-INGUD),2012,1,3,25.2,30.8,25.3,3.0,140.0,78.0,28.05
DATU ESMAEL (BAGO-A-INGUD),2013,1,1,37.6,30.2,24.2,4.0,140.0,78.0,27.2
DATU ESMAEL (BAGO-A-INGUD),2014,1,3,0.4,29.5,23.4,3.0,140.0,72.0,26.45
DATU ESMAEL (BAGO-A-INGUD),2015,1,1,31.8,29.5,23.6,2.0,140.0,79.0,26.55
DATU ESMAEL (BAGO-A-INGUD),2016,1,1,1.4,31.3,25.3,3.0,90.0,78.0,28.3
DATU ESMAEL (BAGO-A-INGUD),2017,1,0,52.5,29.7,25.0,3.0,90.0,77.0,27.35
DATU ESMAEL (BAGO-A-INGUD),2018,1,1,16.4,30.3,25.4,3.0,90.0,77.0,27.85
DATU ESMAEL (BAGO-A-INGUD),2019,1,1,5.7,30.6,24.9,3.0,90.0,72.0,27.75
DATU ESMAEL (BAGO-A-INGUD),2020,1,1,4.2,31.0,24.9,3.0,90.0,78.0,27.95
DATU ESMAEL (BAGO-A-INGUD),2022,1,0,15.8,30.8,24.7,3.0,90.0,74.0,27.75
EMMANUEL BERGADO I,2010,1,0,5.8,30.28461538461539,24.661538461538463,4.0,110.0,76.38461538461539,27.47307692307692
EMMANUEL BERGADO I,2011,1,1,69.7,30.0,24.7,3.0,110.0,76.0,27.35
EMMANUEL BERGADO I,2012,1,0,25.2,30.8,25.3,3.0,140.0,78.0,28.05
EMMANUEL BERGADO I,2013,1,0,37.6,30.2,24.2,4.0,140.0,78.0,27.2
EMMANUEL BERGADO I,2014,1,0,0.4,29.5,23.4,3.0,140.0,72.0,26.45
EMMANUEL BERGADO I,2015,1,2,31.8,29.5,23.6,2.0,140.0,79.0,26.55
EMMANUEL BERGADO I,2016,1,3,1.4,31.3,25.3,3.0,90.0,78.0,28.3
EMMANUEL BERGADO I,2017,1,0,52.5,29.7,25.0,3.0,90.0,77.0,27.35
EMMANUEL BERGADO I,2018,1,1,16.4,30.3,25.4,3.0,90.0,77.0,27.85
EMMANUEL BERGADO I,2019,1,1,5.7,30.6,24.9,3.0,90.0,72.0,27.75
EMMANUEL BERGADO I,2020,1,2,4.2,31.0,24.9,3.0,90.0,78.0,27.95
EMMANUEL BERGADO I,2021,1,0,84.6,30.3,24.6,2.0,320.0,77.0,27.450000000000003
EMMANUEL BERGADO I,2022,1,0,15.8,30.8,24.7,3.0,90.0,74.0,27.75
EMMANUEL BERGADO I,2023,1,0,72.6,29.7,24.6,3.0,90.0,77.0,27.15
EMMANUEL BERGADO II,2010,1,0,5.8,30.28461538461539,24.661538461538463,4.0,110.0,76.38461538461539,27.47307692307692
EMMANUEL BERGADO II,2011,1,0,69.7,30.0,24.7,3.0,110.0,76.0,27.35
EMMANUEL BERGADO II,2012,1,0,25.2,30.8,25.3,3.0,140.0,78.0,28.05
EMMANUEL BERGADO II,2013,1,0,37.6,30.2,24.2,4.0,140.0,78.0,27.2
EMMANUEL BERGADO II,2014,1,0,0.4,29.5,23.4,3.0,140.0,72.0,26.45
EMMANUEL BERGADO II,2015,1,1,31.8,29.5,23.6,2.0,140.0,79.0,26.55
EMMANUEL BERGADO II,2016,1,0,1.4,31.3,25.3,3.0,90.0,78.0,28.3
EMMANUEL BERGADO II,2017,1,0,52.5,29.7,25.0,3.0,90.0,77.0,27.35
EMMANUEL BERGADO II,2018,1,1,16.4,30.3,25.4,3.0,90.0,77.0,27.85
EMMANUEL BERGADO II,2019,1,0,5.7,30.6,24.9,3.0,90.0,72.0,27.75
EMMANUEL BERGADO II,2020,1,1,4.2,31.0,24.9,3.0,90.0,78.0,27.95
EMMANUEL BERGADO II,2021,1,0,84.6,30.3,24.6,2.0,320.0,77.0,27.450000000000003
EMMANUEL BERGADO II,2022,1,0,15.8,30.8,24.7,3.0,90.0,74.0,27.75
EMMANUEL BERGADO II,2023,1,0,72.6,29.7,24.6,3.0,90.0,77.0,27.15
FATIMA I,2010,1,0,5.8,30.28461538461539,24.661538461538463,4.0,110.0,76.38461538461539,27.47307692307692
FATIMA I,2011,1,1,69.7,30.0,24.7,3.0,110.0,76.0,27.35
FATIMA I,2012,1,0,25.2,30.8,25.3,3.0,140.0,78.0,28.05
FATIMA I,2013,1,0,37.6,30.2,24.2,4.0,140.0,78.0,27.2
FATIMA I,2014,1,0,0.4,29.5,23.4,3.0,140.0,72.0,26.45
FATIMA I,2015,1,2,31.8,29.5,23.6,2.0,140.0,79.0,26.55
FATIMA I,2016,1,4,1.4,31.3,25.3,3.0,90.0,78.0,28.3
FATIMA I,2017,1,0,52.5,29.7,25.0,3.0,90.0,77.0,27.35
FATIMA I,2018,1,2,16.4,30.3,25.4,3.0,90.0,77.0,27.85
FATIMA I,2019,1,0,5.7,30.6,24.9,3.0,90.0,72.0,27.75
FATIMA I,2020,1,3,4.2,31.0,24.9,3.0,90.0,78.0,27.95
FATIMA I,2022,1,1,15.8,30.8,24.7,3.0,90.0,74.0,27.75
FATIMA I,2023,1,0,72.6,29.7,24.6,3.0,90.0,77.0,27.15
FATIMA II,2010,1,0,5.8,30.28461538461539,24.661538461538463,4.0,110.0,76.38461538461539,27.47307692307692
FATIMA II,2011,1,0,69.7,30.0,24.7,3.0,110.0,76.0,27.35
FATIMA II,2012,1,2,25.2,30.8,25.3,3.0,140.0,78.0,28.05
FATIMA II,2013,1,0,37.6,30.2,24.2,4.0,140.0,78.0,27.2
FATIMA II,2014,1,2,0.4,29.5,23.4,3.0,140.0,72.0,26.45
FATIMA II,2015,1,2,31.8,29.5,23.6,2.0,140.0,79.0,26.55
FATIMA II,2016,1,0,1.4,31.3,25.3,3.0,90.0,78.0,28.3
FATIMA II,2017,1,2,52.5,29.7,25.0,3.0,90.0,77.0,27.35
FATIMA II,2018,1,0,16.4,30.3,25.4,3.0,90.0,77.0,27.85
FATIMA II,2019,1,0,5.7,30.6,24.9,3.0,90.0,72.0,27.75
FATIMA II,2020,1,1,4.2,31.0,24.9,3.0,90.0,78.0,27.95
FATIMA II,2021,1,1,84.6,30.3,24.6,2.0,320.0,77.0,27.450000000000003
FATIMA II,2022,1,0,15.8,30.8,24.7,3.0,90.0,74.0,27.75
FATIMA II,2023,1,0,72.6,29.7,24.6,3.0,90.0,77.0,27.15
FATIMA III,2010,1,0,5.8,30.28461538461539,24.661538461538463,4.0,110.0,76.38461538461539,27.47307692307692
FATIMA III,2011,1,0,69.7,30.0,24.7,3.0,110.0,76.0,27.35
FATIMA III,2012,1,0,25.2,30.8,25.3,3.0,140.0,78.0,28.05
FATIMA III,2013,1,0,37.6,30.2,24.2,4.0,140.0,78.0,27.2
FATIMA III,2014,1,0,0.4,29.5,23.4,3.0,140.0,72.0,26.45
FATIMA III,2015,1,1,31.8,29.5,23.6,2.0,140.0,79.0,26.55
FATIMA III,2016,1,0,1.4,31.3,25.3,3.0,90.0,78.0,28.3
FATIMA III,2017,1,0,52.5,29.7,25.0,3.0,90.0,77.0,27.35
FATIMA III,2018,1,0,16.4,30.3,25.4,3.0,90.0,77.0,27.85
FATIMA III,2019,1,1,5.7,30.6,24.9,3.0,90.0,72.0,27.75
FATIMA III,2020,1,2,4.2,31.0,24.9,3.0,90.0,78.0,27.95
FATIMA III,2021,1,5,84.6,30.3,24.6,2.0,320.0,77.0,27.450000000000003
FATIMA III,2022,1,0,15.8,30.8,24.7,3.0,90.0,74.0,27.75
FATIMA III,2023,1,0,72.6,29.7,24.6,3.0,90.0,77.0,27.15
H-II,2010,1,0,5.8,30.28461538461539,24.661538461538463,4.0,110.0,76.38461538461539,27.47307692307692
H-II,2015,1,0,31.8,29.5,23.6,2.0,140.0,79.0,26.55
H-II,2017,1,0,52.5,29.7,25.0,3.0,90.0,77.0,27.35
H-II,2018,1,0,16.4,30.3,25.4,3.0,90.0,77.0,27.85
LANGKAAN I,2010,1,0,5.8,30.28461538461539,24.661538461538463,4.0,110.0,76.38461538461539,27.47307692307692
LANGKAAN I,2011,1,3,69.7,30.0,24.7,3.0,110.0,76.0,27.35
LANGKAAN I,2012,1,2,25.2,30.8,25.3,3.0,140.0,78.0,28.05
LANGKAAN I,2013,1,0,37.6,30.2,24.2,4.0,140.0,78.0,27.2
LANGKAAN I,2014,1,2,0.4,29.5,23.4,3.0,140.0,72.0,26.45
LANGKAAN I,2015,1,3,31.8,29.5,23.6,2.0,140.0,79.0,26.55
LANGKAAN I,2016,1,2,1.4,31.3,25.3,3.0,90.0,78.0,28.3
LANGKAAN I,2017,1,1,52.5,29.7,25.0,3.0,90.0,77.0,27.35
LANGKAAN I,2018,1,3,16.4,30.3,25.4,3.0,90.0,77.0,27.85
LANGKAAN I,2019,1,12,5.7,30.6,24.9,3.0,90.0,72.0,27.75
LANGKAAN I,2020,1,2,4.2,31.0,24.9,3.0,90.0,78.0,27.95
LANGKAAN I,2021,1,1,84.6,30.3,24.6,2.0,320.0,77.0,27.450000000000003
LANGKAAN I,2022,1,1,15.8,30.8,24.7,3.0,90.0,74.0,27.75
LANGKAAN I,2023,1,1,72.6,29.7,24.6,3.0,90.0,77.0,27.15
LANGKAAN II,2010,1,0,5.8,30.28461538461539,24.661538461538463,4.0,110.0,76.38461538461539,27.47307692307692
LANGKAAN II,2011,1,5,69.7,30.0,24.7,3.0,110.0,76.0,27.35
LANGKAAN II,2012,1,5,25.2,30.8,25.3,3.0,140.0,78.0,28.05
LANGKAAN II,2013,1,0,37.6,30.2,24.2,4.0,140.0,78.0,27.2
LANGKAAN II,2014,1,5,0.4,29.5,23.4,3.0,140.0,72.0,26.45
LANGKAAN II,2015,1,3,31.8,29.5,23.6,2.0,140.0,79.0,26.55
LANGKAAN II,2016,1,2,1.4,31.3,25.3,3.0,90.0,78.0,28.3
LANGKAAN II,2017,1,3,52.5,29.7,25.0,3.0,90.0,77.0,27.35
LANGKAAN II,2018,1,6,16.4,30.3,25.4,3.0,90.0,77.0,27.85
LANGKAAN II,2019,1,8,5.7,30.6,24.9,3.0,90.0,72.0,27.75
LANGKAAN II,2020,1,7,4.2,31.0,24.9,3.0,90.0,78.0,27.95
LANGKAAN II,2021,1,2,84.6,30.3,24.6,2.0,320.0,77.0,27.450000000000003
LANGKAAN II,2022,1,0,15.8,30.8,24.7,3.0,90.0,74.0,27.75
LANGKAAN II,2023,1,2,72.6,29.7,24.6,3.0,90.0,77.0,27.15
LUZVIMINDA I,2011,1,0,69.7,30.0,24.7,3.0,110.0,76.0,27.35
LUZVIMINDA I,2012,1,0,25.2,30.8,25.3,3.0,140.0,78.0,28.05
LUZVIMINDA I,2014,1,0,0.4,29.5,23.4,3.0,140.0,72.0,26.45
LUZVIMINDA I,2015,1,0,31.8,29.5,23.6,2.0,140.0,79.0,26.55
LUZVIMINDA I,2016,1,0,1.4,31.3,25.3,3.0,90.0,78.0,28.3
LUZVIMINDA I,2017,1,1,52.5,29.7,25.0,3.0,90.0,77.0,27.35
LUZVIMINDA I,2018,1,0,16.4,30.3,25.4,3.0,90.0,77.0,27.85
LUZVIMINDA I,2019,1,1,5.7,30.6,24.9,3.0,90.0,72.0,27.75
LUZVIMINDA I,2020,1,1,4.2,31.0,24.9,3.0,90.0,78.0,27.95
LUZVIMINDA I,2021,1,1,84.6,30.3,24.6,2.0,320.0,77.0,27.450000000000003
LUZVIMINDA I,2022,1,0,15.8,30.8,24.7,3.0,90.0,74.0,27.75
LUZVIMINDA I,2023,1,0,72.6,29.7,24.6,3.0,90.0,77.0,27.15
LUZVIMINDA II,2011,1,1,69.7,30.0,24.7,3.0,110.0,76.0,27.35
LUZVIMINDA II,2012,1,0,25.2,30.8,25.3,3.0,140.0,78.0,28.05
LUZVIMINDA II,2013,1,1,37.6,30.2,24.2,4.0,140.0,78.0,27.2
LUZVIMINDA II,2014,1,0,0.4,29.5,23.4,3.0,140.0,72.0,26.45
LUZVIMINDA II,2015,1,1,31.8,29.5,23.6,2.0,140.0,79.0,26.55
LUZVIMINDA II,2016,1,2,1.4,31.3,25.3,3.0,90.0,78.0,28.3
LUZVIMINDA II,2017,1,0,52.5,29.7,25.0,3.0,90.0,77.0,27.35
LUZVIMINDA II,2018,1,0,16.4,30.3,25.4,3.0,90.0,77.0,27.85
LUZVIMINDA II,2019,1,0,5.7,30.6,24.9,3.0,90.0,72.0,27.75
LUZVIMINDA II,2020,1,2,4.2,31.0,24.9,3.0,90.0,78.0,27.95
LUZVIMINDA II,2022,1,0,15.8,30.8,24.7,3.0,90.0,74.0,27.75
LUZVIMINDA II,2023,1,0,72.6,29.7,24.6,3.0,90.0,77.0,27.15
PALIPARAN I,2010,1,0,5.8,30.28461538461539,24.661538461538463,4.0,110.0,76.38461538461539,27.47307692307692
PALIPARAN I,2011,1,2,69.7,30.0,24.7,3.0,110.0,76.0,27.35
PALIPARAN I,2012,1,6,25.2,30.8,25.3,3.0,140.0,78.0,28.05
PALIPARAN I,2013,1,2,37.6,30.2,24.2,4.0,140.0,78.0,27.2
PALIPARAN I,2014,1,6,0.4,29.5,23.4,3.0,140.0,72.0,26.45
PALIPARAN I,2015,1,3,31.8,29.5,23.6,2.0,140.0,79.0,26.55
PALIPARAN I,2016,1,1,1.4,31.3,25.3,3.0,90.0,78.0,28.3
PALIPARAN I,2017,1,0,52.5,29.7,25.0,3.0,90.0,77.0,27.35
PALIPARAN I,2018,1,0,16.4,30.3,25.4,3.0,90.0,77.0,27.85
PALIPARAN I,2019,1,6,5.7,30.6,24.9,3.0,90.0,72.0,27.75
PALIPARAN I,2020,1,3,4.2,31.0,24.9,3.0,90.0,78.0,27.95
PALIPARAN I,2021,1,3,84.6,30.3,24.6,2.0,320.0,77.0,27.450000000000003
PALIPARAN I,2022,1,1,15.8,30.8,24.7,3.0,90.0,74.0,27.75
PALIPARAN I,2023,1,0,72.6,29.7,24.6,3.0,90.0,77.0,27.15
PALIPARAN II,2010,1,1,5.8,30.28461538461539,24.661538461538463,4.0,110.0,76.38461538461539,27.47307692307692
PALIPARAN II,2011,1,0,69.7,30.0,24.7,3.0,110.0,76.0,27.35
PALIPARAN II,2012,1,0,25.2,30.8,25.3,3.0,140.0,78.0,28.05
PALIPARAN II,2013,1,0,37.6,30.2,24.2,4.0,140.0,78.0,27.2
PALIPARAN II,2014,1,0,0.4,29.5,23.4,3.0,140.0,72.0,26.45
PALIPARAN II,2015,1,0,31.8,29.5,23.6,2.0,140.0,79.0,26.55
PALIPARAN II,2016,1,2,1.4,31.3,25.3,3.0,90.0,78.0,28.3
PALIPARAN II,2017,1,1,52.5,29.7,25.0,3.0,90.0,77.0,27.35
PALIPARAN II,2018,1,1,16.4,30.3,25.4,3.0,90.0,77.0,27.85
PALIPARAN II,2019,1,2,5.7,30.6,24.9,3.0,90.0,72.0,27.75
PALIPARAN II,2020,1,1,4.2,31.0,24.9,3.0,90.0,78.0,27.95
PALIPARAN II,2021,1,1,84.6,30.3,24.6,2.0,320.0,77.0,27.450000000000003
PALIPARAN II,2022,1,1,15.8,30.8,24.7,3.0,90.0,74.0,27.75
PALIPARAN II,2023,1,3,72.6,29.7,24.6,3.0,90.0,77.0,27.15
PALIPARAN III,2010,1,0,5.8,30.28461538461539,24.661538461538463,4.0,110.0,76.38461538461539,27.47307692307692
PALIPARAN III,2011,1,1,69.7,30.0,24.7,3.0,110.0,76.0,27.35
PALIPARAN III,2012,1,3,25.2,30.8,25.3,3.0,140.0,78.0,28.05
PALIPARAN III,2013,1,0,37.6,30.2,24.2,4.0,140.0,78.0,27.2
PALIPARAN III,2014,1,3,0.4,29.5,23.4,3.0,140.0,72.0,26.45
PALIPARAN III,2015,1,3,31.8,29.5,23.6,2.0,140.0,79.0,26.55
PALIPARAN III,2016,1,3,1.4,31.3,25.3,3.0,90.0,78.0,28.3
PALIPARAN III,2017,1,1,52.5,29.7,25.0,3.0,90.0,77.0,27.35
PALIPARAN III,2018,1,4,16.4,30.3,25.4,3.0,90.0,77.0,27.85
PALIPARAN III,2019,1,6,5.7,30.6,24.9,3.0,90.0,72.0,27.75
PALIPARAN III,2020,1,7,4.2,31.0,24.9,3.0,90.0,78.0,27.95
PALIPARAN III,2021,1,11,84.6,30.3,24.6,2.0,320.0,77.0,27.450000000000003
PALIPARAN III,2022,1,0,15.8,30.8,24.7,3.0,90.0,74.0,27.75
PALIPARAN III,2023,1,0,72.6,29.7,24.6,3.0,90.0,77.0,27.15
SABANG,2010,1,0,5.8,30.28461538461539,24.661538461538463,4.0,110.0,76.38461538461539,27.47307692307692
SABANG,2011,1,3,69.7,30.0,24.7,3.0,110.0,76.0,27.35
SABANG,2012,1,1,25.2,30.8,25.3,3.0,140.0,78.0,28.05
SABANG,2013,1,0,37.6,30.2,24.2,4.0,140.0,78.0,27.2
SABANG,2014,1,1,0.4,29.5,23.4,3.0,140.0,72.0,26.45
SABANG,2015,1,11,31.8,29.5,23.6,2.0,140.0,79.0,26.55
SABANG,2016,1,2,1.4,31.3,25.3,3.0,90.0,78.0,28.3
SABANG,2017,1,0,52.5,29.7,25.0,3.0,90.0,77.0,27.35
SABANG,2018,1,5,16.4,30.3,25.4,3.0,90.0,77.0,27.85
SABANG,2019,1,10,5.7,30.6,24.9,3.0,90.0,72.0,27.75
SABANG,2020,1,2,4.2,31.0,24.9,3.0,90.0,78.0,27.95
SABANG,2021,1,2,84.6,30.3,24.6,2.0,320.0,77.0,27.450000000000003
SABANG,2022,1,4,15.8,30.8,24.7,3.0,90.0,74.0,27.75
SABANG,2023,1,1,72.6,29.7,24.6,3.0,90.0,77.0,27.15
SAINT PETER I,2010,1,0,5.8,30.28461538461539,24.661538461538463,4.0,110.0,76.38461538461539,27.47307692307692
SAINT PETER I,2011,1,0,69.7,30.0,24.7,3.0,110.0,76.0,27.35
SAINT PETER I,2012,1,0,25.2,30.8,25.3,3.0,140.0,78.0,28.05
SAINT PETER I,2013,1,0,37.6,30.2,24.2,4.0,140.0,78.0,27.2
SAINT PETER I,2014,1,0,0.4,29.5,23.4,3.0,140.0,72.0,26.45
SAINT PETER I,2015,1,0,31.8,29.5,23.6,2.0,140.0,79.0,26.55
SAINT PETER I,2016,1,1,1.4,31.3,25.3,3.0,90.0,78.0,28.3
SAINT PETER I,2017,1,0,52.5,29.7,25.0,3.0,90.0,77.0,27.35
SAINT PETER I,2018,1,1,16.4,30.3,25.4,3.0,90.0,77.0,27.85
SAINT PETER I,2019,1,0,5.7,30.6,24.9,3.0,90.0,72.0,27.75
SAINT PETER I,2020,1,1,4.2,31.0,24.9,3.0,90.0,78.0,27.95
SAINT PETER I,2021,1,0,84.6,30.3,24.6,2.0,320.0,77.0,27.450000000000003
SAINT PETER I,2022,1,0,15.8,30.8,24.7,3.0,90.0,74.0,27.75
SAINT PETER II,2010,1,0,5.8,30.28461538461539,24.661538461538463,4.0,110.0,76.38461538461539,27.47307692307692
SAINT PETER II,2011,1,0,69.7,30.0,24.7,3.0,110.0,76.0,27.35
SAINT PETER II,2013,1,1,37.6,30.2,24.2,4.0,140.0,78.0,27.2
SAINT PETER II,2015,1,0,31.8,29.5,23.6,2.0,140.0,79.0,26.55
SAINT PETER II,2016,1,1,1.4,31.3,25.3,3.0,90.0,78.0,28.3
SAINT PETER II,2017,1,0,52.5,29.7,25.0,3.0,90.0,77.0,27.35
SAINT PETER II,2018,1,4,16.4,30.3,25.4,3.0,90.0,77.0,27.85
SAINT PETER II,2019,1,0,5.7,30.6,24.9,3.0,90.0,72.0,27.75
SAINT PETER II,2022,1,0,15.8,30.8,24.7,3.0,90.0,74.0,27.75
SAINT PETER II,2023,1,0,72.6,29.7,24.6,3.0,90.0,77.0,27.15
SALAWAG,2010,1,0,5.8,30.28461538461539,24.661538461538463,4.0,110.0,76.38461538461539,27.47307692307692
SALAWAG,2011,1,6,69.7,30.0,24.7,3.0,110.0,76.0,27.35
SALAWAG,2012,1,2,25.2,30.8,25.3,3.0,140.0,78.0,28.05
SALAWAG,2013,1,3,37.6,30.2,24.2,4.0,140.0,78.0,27.2
SALAWAG,2014,1,2,0.4,29.5,23.4,3.0,140.0,72.0,26.45
SALAWAG,2015,1,10,31.8,29.5,23.6,2.0,140.0,79.0,26.55
SALAWAG,2016,1,7,1.4,31.3,25.3,3.0,90.0,78.0,28.3
SALAWAG,2017,1,3,52.5,29.7,25.0,3.0,90.0,77.0,27.35
SALAWAG,2018,1,7,16.4,30.3,25.4,3.0,90.0,77.0,27.85
SALAWAG,2019,1,10,5.7,30.6,24.9,3.0,90.0,72.0,27.75
SALAWAG,2020,1,14,4.2,31.0,24.9,3.0,90.0,78.0,27.95
SALAWAG,2021,1,2,84.6,30.3,24.6,2.0,320.0,77.0,27.450000000000003
SALAWAG,2022,1,0,15.8,30.8,24.7,3.0,90.0,74.0,27.75
SALAWAG,2023,1,6,72.6,29.7,24.6,3.0,90.0,77.0,27.15
SALITRAN I,2010,1,0,5.8,30.28461538461539,24.661538461538463,4.0,110.0,76.38461538461539,27.47307692307692
SALITRAN I,2011,1,4,69.7,30.0,24.7,3.0,110.0,76.0,27.35
SALITRAN I,2012,1,0,25.2,30.8,25.3,3.0,140.0,78.0,28.05
SALITRAN I,2013,1,1,37.6,30.2,24.2,4.0,140.0,78.0,27.2
SALITRAN I,2014,1,0,0.4,29.5,23.4,3.0,140.0,72.0,26.45
SALITRAN I,2015,1,2,31.8,29.5,23.6,2.0,140.0,79.0,26.55
SALITRAN I,2016,1,1,1.4,31.3,25.3,3.0,90.0,78.0,28.3
SALITRAN I,2017,1,1,52.5,29.7,25.0,3.0,90.0,77.0,27.35
SALITRAN I,2018,1,2,16.4,30.3,25.4,3.0,90.0,77.0,27.85
SALITRAN I,2019,1,3,5.7,30.6,24.9,3.0,90.0,72.0,27.75
SALITRAN I,2020,1,4,4.2,31.0,24.9,3.0,90.0,78.0,27.95
SALITRAN I,2021,1,5,84.6,30.3,24.6,2.0,320.0,77.0,27.450000000000003
SALITRAN I,2022,1,1,15.8,30.8,24.7,3.0,90.0,74.0,27.75
SALITRAN I,2023,1,0,72.6,29.7,24.6,3.0,90.0,77.0,27.15
SALITRAN II,2010,1,0,5.8,30.28461538461539,24.661538461538463,4.0,110.0,76.38461538461539,27.47307692307692
SALITRAN II,2011,1,1,69.7,30.0,24.7,3.0,110.0,76.0,27.35
SALITRAN II,2012,1,1,25.2,30.8,25.3,3.0,140.0,78.0,28.05
SALITRAN II,2013,1,1,37.6,30.2,24.2,4.0,140.0,78.0,27.2
SALITRAN II,2014,1,1,0.4,29.5,23.4,3.0,140.0,72.0,26.45
SALITRAN II,2015,1,5,31.8,29.5,23.6,2.0,140.0,79.0,26.55
SALITRAN II,2016,1,1,1.4,31.3,25.3,3.0,90.0,78.0,28.3
SALITRAN II,2017,1,2,52.5,29.7,25.0,3.0,90.0,77.0,27.35
SALITRAN II,2018,1,1,16.4,30.3,25.4,3.0,90.0,77.0,27.85
SALITRAN II,2019,1,11,5.7,30.6,24.9,3.0,90.0,72.0,27.75
SALITRAN II,2020,1,7,4.2,31.0,24.9,3.0,90.0,78.0,27.95
SALITRAN II,2021,1,3,84.6,30.3,24.6,2.0,320.0,77.0,27.450000000000003
SALITRAN II,2022,1,0,15.8,30.8,24.7,3.0,90.0,74.0,27.75
SALITRAN II,2023,1,0,72.6,29.7,24.6,3.0,90.0,77.0,27.15
SALITRAN III,2010,1,1,5.8,30.28461538461539,24.661538461538463,4.0,110.0,76.38461538461539,27.47307692307692
SALITRAN III,2011,1,1,69.7,30.0,24.7,3.0,110.0,76.0,27.35
SALITRAN III,2012,1,0,25.2,30.8,25.3,3.0,140.0,78.0,28.05
SALITRAN III,2013,1,0,37.6,30.2,24.2,4.0,140.0,78.0,27.2
SALITRAN III,2014,1,0,0.4,29.5,23.4,3.0,140.0,72.0,26.45
SALITRAN III,2015,1,2,31.8,29.5,23.6,2.0,140.0,79.0,26.55
SALITRAN III,2016,1,0,1.4,31.3,25.3,3.0,90.0,78.0,28.3
SALITRAN III,2017,1,2,52.5,29.7,25.0,3.0,90.0,77.0,27.35
SALITRAN III,2018,1,1,16.4,30.3,25.4,3.0,90.0,77.0,27.85
SALITRAN III,2019,1,2,5.7,30.6,24.9,3.0,90.0,72.0,27.75
SALITRAN III,2020,1,4,4.2,31.0,24.9,3.0,90.0,78.0,27.95
SALITRAN III,2021,1,1,84.6,30.3,24.6,2.0,320.0,77.0,27.450000000000003
SALITRAN III,2022,1,0,15.8,30.8,24.7,3.0,90.0,74.0,27.75
SALITRAN III,2023,1,2,72.6,29.7,24.6,3.0,90.0,77.0,27.15
SALITRAN IV,2010,1,0,5.8,30.28461538461539,24.661538461538463,4.0,110.0,76.38461538461539,27.47307692307692
SALITRAN IV,2011,1,0,69.7,30.0,24.7,3.0,110.0,76.0,27.35
SALITRAN IV,2012,1,0,25.2,30.8,25.3,3.0,140.0,78.0,28.05
SALITRAN IV,2013,1,1,37.6,30.2,24.2,4.0,140.0,78.0,27.2
SALITRAN IV,2014,1,0,0.4,29.5,23.4,3.0,140.0,72.0,26.45
SALITRAN IV,2015,1,1,31.8,29.5,23.6,2.0,140.0,79.0,26.55
SALITRAN IV,2016,1,1,1.4,31.3,25.3,3.0,90.0,78.0,28.3
SALITRAN IV,2017,1,0,52.5,29.7,25.0,3.0,90.0,77.0,27.35
SALITRAN IV,2018,1,3,16.4,30.3,25.4,3.0,90.0,77.0,27.85
SALITRAN IV,2019,1,4,5.7,30.6,24.9,3.0,90.0,72.0,27.75
SALITRAN IV,2020,1,0,4.2,31.0,24.9,3.0,90.0,78.0,27.95
SALITRAN IV,2021,1,3,84.6,30.3,24.6,2.0,320.0,77.0,27.450000000000003
SALITRAN IV,2022,1,0,15.8,30.8,24.7,3.0,90.0,74.0,27.75
SALITRAN IV,2023,1,0,72.6,29.7,24.6,3.0,90.0,77.0,27.15
SAMPALOC I,2010,1,0,5.8,30.28461538461539,24.661538461538463,4.0,110.0,76.38461538461539,27.47307692307692
SAMPALOC I,2011,1,0,69.7,30.0,24.7,3.0,110.0,76.0,27.35
SAMPALOC I,2012,1,0,25.2,30.8,25.3,3.0,140.0,78.0,28.05
SAMPALOC I,2013,1,0,37.6,30.2,24.2,4.0,140.0,78.0,27.2
SAMPALOC I,2014,1,0,0.4,29.5,23.4,3.0,140.0,72.0,26.45
SAMPALOC I,2015,1,3,31.8,29.5,23.6,2.0,140.0,79.0,26.55
SAMPALOC I,2016,1,0,1.4,31.3,25.3,3.0,90.0,78.0,28.3
SAMPALOC I,2017,1,3,52.5,29.7,25.0,3.0,90.0,77.0,27.35
SAMPALOC I,2018,1,0,16.4,30.3,25.4,3.0,90.0,77.0,27.85
SAMPALOC I,2019,1,1,5.7,30.6,24.9,3.0,90.0,72.0,27.75
SAMPALOC I,2020,1,0,4.2,31.0,24.9,3.0,90.0,78.0,27.95
SAMPALOC I,2021,1,1,84.6,30.3,24.6,2.0,320.0,77.0,27.450000000000003
SAMPALOC I,2022,1,0,15.8,30.8,24.7,3.0,90.0,74.0,27.75
SAMPALOC I,2023,1,2,72.6,29.7,24.6,3.0,90.0,77.0,27.15
SAMPALOC II,2010,1,0,5.8,30.28461538461539,24.661538461538463,4.0,110.0,76.38461538461539,27.47307692307692
SAMPALOC II,2011,1,0,69.7,30.0,24.7,3.0,110.0,76.0,27.35
SAMPALOC II,2012,1,0,25.2,30.8,25.3,3.0,140.0,78.0,28.05
SAMPALOC II,2013,1,0,37.6,30.2,24.2,4.0,140.0,78.0,27.2
SAMPALOC II,2014,1,0,0.4,29.5,23.4,3.0,140.0,72.0,26.45
SAMPALOC II,2015,1,3,31.8,29.5,23.6,2.0,140.0,79.0,26.55
SAMPALOC II,2016,1,6,1.4,31.3,25.3,3.0,90.0,78.0,28.3
SAMPALOC II,2017,1,0,52.5,29.7,25.0,3.0,90.0,77.0,27.35
SAMPALOC II,2018,1,3,16.4,30.3,25.4,3.0,90.0,77.0,27.85
SAMPALOC II,2019,1,3,5.7,30.6,24.9,3.0,90.0,72.0,27.75
SAMPALOC II,2020,1,3,4.2,31.0,24.9,3.0,90.0,78.0,27.95
SAMPALOC II,2021,1,0,84.6,30.3,24.6,2.0,320.0,77.0,27.450000000000003
SAMPALOC II,2022,1,0,15.8,30.8,24.7,3.0,90.0,74.0,27.75
SAMPALOC II,2023,1,1,72.6,29.7,24.6,3.0,90.0,77.0,27.15
SAMPALOC III,2010,1,0,5.8,30.28461538461539,24.661538461538463,4.0,110.0,76.38461538461539,27.47307692307692
SAMPALOC III,2011,1,0,69.7,30.0,24.7,3.0,110.0,76.0,27.35
SAMPALOC III,2012,1,0,25.2,30.8,25.3,3.0,140.0,78.0,28.05
SAMPALOC III,2013,1,0,37.6,30.2,24.2,4.0,140.0,78.0,27.2
SAMPALOC III,2014,1,0,0.4,29.5,23.4,3.0,140.0,72.0,26.45
SAMPALOC III,2015,1,2,31.8,29.5,23.6,2.0,140.0,79.0,26.55
SAMPALOC III,2016,1,0,1.4,31.3,25.3,3.0,90.0,78.0,28.3
SAMPALOC III,2017,1,1,52.5,29.7,25.0,3.0,90.0,77.0,27.35
SAMPALOC III,2018,1,1,16.4,30.3,25.4,3.0,90.0,77.0,27.85
SAMPALOC III,2019,1,2,5.7,30.6,24.9,3.0,90.0,72.0,27.75
SAMPALOC III,2020,1,0,4.2,31.0,24.9,3.0,90.0,78.0,27.95
SAMPALOC III,2021,1,2,84.6,30.3,24.6,2.0,320.0,77.0,27.450000000000003
SAMPALOC III,2022,1,0,15.8,30.8,24.7,3.0,90.0,74.0,27.75
SAMPALOC III,2023,1,1,72.6,29.7,24.6,3.0,90.0,77.0,27.15
SAMPALOC IV,2010,1,0,5.8,30.28461538461539,24.661538461538463,4.0,110.0,76.38461538461539,27.47307692307692
SAMPALOC IV,2011,1,4,69.7,30.0,24.7,3.0,110.0,76.0,27.35
SAMPALOC IV,2012,1,3,25.2,30.8,25.3,3.0,140.0,78.0,28.05
SAMPALOC IV,2013,1,0,37.6,30.2,24.2,4.0,140.0,78.0,27.2
SAMPALOC IV,2014,1,3,0.4,29.5,23.4,3.0,140.0,72.0,26.45
SAMPALOC IV,2015,1,3,31.8,29.5,23.6,2.0,140.0,79.0,26.55
SAMPALOC IV,2016,1,2,1.4,31.3,25.3,3.0,90.0,78.0,28.3
SAMPALOC IV,2017,1,1,52.5,29.7,25.0,3.0,90.0,77.0,27.35
SAMPALOC IV,2018,1,3,16.4,30.3,25.4,3.0,90.0,77.0,27.85
SAMPALOC IV,2019,1,7,5.7,30.6,24.9,3.0,90.0,72.0,27.75
SAMPALOC IV,2020,1,7,4.2,31.0,24.9,3.0,90.0,78.0,27.95
SAMPALOC IV,2021,1,8,84.6,30.3,24.6,2.0,320.0,77.0,27.450000000000003
SAMPALOC IV,2022,1,0,15.8,30.8,24.7,3.0,90.0,74.0,27.75
SAMPALOC IV,2023,1,0,72.6,29.7,24.6,3.0,90.0,77.0,27.15
SAMPALOC V,2010,1,0,5.8,30.28461538461539,24.661538461538463,4.0,110.0,76.38461538461539,27.47307692307692
SAMPALOC V,2011,1,0,69.7,30.0,24.7,3.0,110.0,76.0,27.35
SAMPALOC V,2012,1,0,25.2,30.8,25.3,3.0,140.0,78.0,28.05
SAMPALOC V,2013,1,0,37.6,30.2,24.2,4.0,140.0,78.0,27.2
SAMPALOC V,2014,1,0,0.4,29.5,23.4,3.0,140.0,72.0,26.45
SAMPALOC V,2015,1,0,31.8,29.5,23.6,2.0,140.0,79.0,26.55
SAMPALOC V,2017,1,0,52.5,29.7,25.0,3.0,90.0,77.0,27.35
SAMPALOC V,2018,1,0,16.4,30.3,25.4,3.0,90.0,77.0,27.85
SAMPALOC V,2019,1,1,5.7,30.6,24.9,3.0,90.0,72.0,27.75
SAMPALOC V,2023,1,0,72.6,29.7,24.6,3.0,90.0,77.0,27.15
SAN AGUSTIN I,2010,1,1,5.8,30.28461538461539,24.661538461538463,4.0,110.0,76.38461538461539,27.47307692307692
SAN AGUSTIN I,2011,1,2,69.7,30.0,24.7,3.0,110.0,76.0,27.35
SAN AGUSTIN I,2012,1,0,25.2,30.8,25.3,3.0,140.0,78.0,28.05
SAN AGUSTIN I,2013,1,1,37.6,30.2,24.2,4.0,140.0,78.0,27.2
SAN AGUSTIN I,2014,1,0,0.4,29.5,23.4,3.0,140.0,72.0,26.45
SAN AGUSTIN I,2015,1,1,31.8,29.5,23.6,2.0,140.0,79.0,26.55
SAN AGUSTIN I,2016,1,0,1.4,31.3,25.3,3.0,90.0,78.0,28.3
SAN AGUSTIN I,2017,1,0,52.5,29.7,25.0,3.0,90.0,77.0,27.35
SAN AGUSTIN I,2018,1,2,16.4,30.3,25.4,3.0,90.0,77.0,27.85
SAN AGUSTIN I,2019,1,4,5.7,30.6,24.9,3.0,90.0,72.0,27.75
SAN AGUSTIN I,2020,1,2,4.2,31.0,24.9,3.0,90.0,78.0,27.95
SAN AGUSTIN I,2021,1,0,84.6,30.3,24.6,2.0,320.0,77.0,27.450000000000003
SAN AGUSTIN I,2022,1,0,15.8,30.8,24.7,3.0,90.0,74.0,27.75
SAN AGUSTIN I,2023,1,1,72.6,29.7,24.6,3.0,90.0,77.0,27.15
SAN AGUSTIN II,2010,1,0,5.8,30.28461538461539,24.661538461538463,4.0,110.0,76.38461538461539,27.47307692307692
SAN AGUSTIN II,2011,1,0,69.7,30.0,24.7,3.0,110.0,76.0,27.35
SAN AGUSTIN II,2012,1,2,25.2,30.8,25.3,3.0,140.0,78.0,28.05
SAN AGUSTIN II,2013,1,0,37.6,30.2,24.2,4.0,140.0,78.0,27.2
SAN AGUSTIN II,2014,1,2,0.4,29.5,23.4,3.0,140.0,72.0,26.45
SAN AGUSTIN II,2015,1,0,31.8,29.5,23.6,2.0,140.0,79.0,26.55
SAN AGUSTIN II,2016,1,2,1.4,31.3,25.3,3.0,90.0,78.0,28.3
SAN AGUSTIN II,2017,1,1,52.5,29.7,25.0,3.0,90.0,77.0,27.35
SAN AGUSTIN II,2018,1,5,16.4,30.3,25.4,3.0,90.0,77.0,27.85
SAN AGUSTIN II,2019,1,3,5.7,30.6,24.9,3.0,90.0,72.0,27.75
SAN AGUSTIN II,2020,1,1,4.2,31.0,24.9,3.0,90.0,78.0,27.95
SAN AGUSTIN II,2021,1,2,84.6,30.3,24.6,2.0,320.0,77.0,27.450000000000003
SAN AGUSTIN II,2022,1,0,15.8,30.8,24.7,3.0,90.0,74.0,27.75
SAN AGUSTIN II,2023,1,2,72.6,29.7,24.6,3.0,90.0,77.0,27.15
SAN AGUSTIN III,2010,1,0,5.8,30.28461538461539,24.661538461538463,4.0,110.0,76.38461538461539,27.47307692307692
SAN AGUSTIN III,2011,1,6,69.7,30.0,24.7,3.0,110.0,76.0,27.35
SAN AGUSTIN III,2012,1,2,25.2,30.8,25.3,3.0,140.0,78.0,28.05
SAN AGUSTIN III,2013,1,1,37.6,30.2,24.2,4.0,140.0,78.0,27.2
SAN AGUSTIN III,2014,1,2,0.4,29.5,23.4,3.0,140.0,72.0,26.45
SAN AGUSTIN III,2015,1,2,31.8,29.5,23.6,2.0,140.0,79.0,26.55
SAN AGUSTIN III,2016,1,1,1.4,31.3,25.3,3.0,90.0,78.0,28.3
SAN AGUSTIN III,2017,1,0,52.5,29.7,25.0,3.0,90.0,77.0,27.35
SAN AGUSTIN III,2018,1,2,16.4,30.3,25.4,3.0,90.0,77.0,27.85
SAN AGUSTIN III,2019,1,10,5.7,30.6,24.9,3.0,90.0,72.0,27.75
SAN AGUSTIN III,2020,1,2,4.2,31.0,24.9,3.0,90.0,78.0,27.95
SAN AGUSTIN III,2021,1,0,84.6,30.3,24.6,2.0,320.0,77.0,27.450000000000003
SAN AGUSTIN III,2022,1,0,15.8,30.8,24.7,3.0,90.0,74.0,27.75
SAN AGUSTIN III,2023,1,2,72.6,29.7,24.6,3.0,90.0,77.0,27.15
SAN ANDRES I,2010,1,0,5.8,30.28461538461539,24.661538461538463,4.0,110.0,76.38461538461539,27.47307692307692
SAN ANDRES I,2011,1,2,69.7,30.0,24.7,3.0,110.0,76.0,27.35
SAN ANDRES I,2012,1,0,25.2,30.8,25.3,3.0,140.0,78.0,28.05
SAN ANDRES I,2013,1,1,37.6,30.2,24.2,4.0,140.0,78.0,27.2
SAN ANDRES I,2014,1,0,0.4,29.5,23.4,3.0,140.0,72.0,26.45
SAN ANDRES I,2015,1,0,31.8,29.5,23.6,2.0,140.0,79.0,26.55
SAN ANDRES I,2016,1,0,1.4,31.3,25.3,3.0,90.0,78.0,28.3
SAN ANDRES I,2017,1,0,52.5,29.7,25.0,3.0,90.0,77.0,27.35
SAN ANDRES I,2018,1,2,16.4,30.3,25.4,3.0,90.0,77.0,27.85
SAN ANDRES I,2019,1,1,5.7,30.6,24.9,3.0,90.0,72.0,27.75
SAN ANDRES I,2020,1,3,4.2,31.0,24.9,3.0,90.0,78.0,27.95
SAN ANDRES I,2021,1,2,84.6,30.3,24.6,2.0,320.0,77.0,27.450000000000003
SAN ANDRES I,2022,1,0,15.8,30.8,24.7,3.0,90.0,74.0,27.75
SAN ANDRES I,2023,1,0,72.6,29.7,24.6,3.0,90.0,77.0,27.15
SAN ANDRES II,2011,1,1,69.7,30.0,24.7,3.0,110.0,76.0,27.35
SAN ANDRES II,2012,1,0,25.2,30.8,25.3,3.0,140.0,78.0,28.05
SAN ANDRES II,2014,1,0,0.4,29.5,23.4,3.0,140.0,72.0,26.45
SAN ANDRES II,2015,1,0,31.8,29.5,23.6,2.0,140.0,79.0,26.55
SAN ANDRES II,2016,1,0,1.4,31.3,25.3,3.0,90.0,78.0,28.3
SAN ANDRES II,2017,1,0,52.5,29.7,25.0,3.0,90.0,77.0,27.35
SAN ANDRES II,2018,1,0,16.4,30.3,25.4,3.0,90.0,77.0,27.85
SAN ANDRES II,2019,1,1,5.7,30.6,24.9,3.0,90.0,72.0,27.75
SAN ANDRES II,2020,1,0,4.2,31.0,24.9,3.0,90.0,78.0,27.95
SAN ANDRES II,2021,1,1,84.6,30.3,24.6,2.0,320.0,77.0,27.450000000000003
SAN ANDRES II,2022,1,0,15.8,30.8,24.7,3.0,90.0,74.0,27.75
SAN ANDRES II,2023,1,0,72.6,29.7,24.6,3.0,90.0,77.0,27.15
SAN ANTONIO DE PADUA I,2011,1,0,69.7,30.0,24.7,3.0,110.0,76.0,27.35
SAN ANTONIO DE PADUA I,2012,1,1,25.2,30.8,25.3,3.0,140.0,78.0,28.05
SAN ANTONIO DE PADUA I,2013,1,0,37.6,30.2,24.2,4.0,140.0,78.0,27.2
SAN ANTONIO DE PADUA I,2014,1,1,0.4,29.5,23.4,3.0,140.0,72.0,26.45
SAN ANTONIO DE PADUA I,2015,1,0,31.8,29.5,23.6,2.0,140.0,79.0,26.55
SAN ANTONIO DE PADUA I,2016,1,1,1.4,31.3,25.3,3.0,90.0,78.0,28.3
SAN ANTONIO DE PADUA I,2017,1,0,52.5,29.7,25.0,3.0,90.0,77.0,27.35
SAN ANTONIO DE PADUA I,2018,1,1,16.4,30.3,25.4,3.0,90.0,77.0,27.85
SAN ANTONIO DE PADUA I,2019,1,0,5.7,30.6,24.9,3.0,90.0,72.0,27.75
SAN ANTONIO DE PADUA I,2020,1,0,4.2,31.0,24.9,3.0,90.0,78.0,27.95
SAN ANTONIO DE PADUA I,2021,1,1,84.6,30.3,24.6,2.0,320.0,77.0,27.450000000000003
SAN ANTONIO DE PADUA I,2022,1,0,15.8,30.8,24.7,3.0,90.0,74.0,27.75
SAN ANTONIO DE PADUA I,2023,1,1,72.6,29.7,24.6,3.0,90.0,77.0,27.15
SAN ANTONIO DE PADUA II,2010,1,0,5.8,30.28461538461539,24.661538461538463,4.0,110.0,76.38461538461539,27.47307692307692
SAN ANTONIO DE PADUA II,2011,1,0,69.7,30.0,24.7,3.0,110.0,76.0,27.35
SAN ANTONIO DE PADUA II,2012,1,0,25.2,30.8,25.3,3.0,140.0,78.0,28.05
SAN ANTONIO DE PADUA II,2013,1,0,37.6,30.2,24.2,4.0,140.0,78.0,27.2
SAN ANTONIO DE PADUA II,2014,1,0,0.4,29.5,23.4,3.0,140.0,72.0,26.45
SAN ANTONIO DE PADUA II,2015,1,0,31.8,29.5,23.6,2.0,140.0,79.0,26.55
SAN ANTONIO DE PADUA II,2016,1,1,1.4,31.3,25.3,3.0,90.0,78.0,28.3
SAN ANTONIO DE PADUA II,2017,1,0,52.5,29.7,25.0,3.0,90.0,77.0,27.35
SAN ANTONIO DE PADUA II,2018,1,0,16.4,30.3,25.4,3.0,90.0,77.0,27.85
SAN ANTONIO DE PADUA II,2019,1,0,5.7,30.6,24.9,3.0,90.0,72.0,27.75
SAN ANTONIO DE PADUA II,2020,1,4,4.2,31.0,24.9,3.0,90.0,78.0,27.95
SAN ANTONIO DE PADUA II,2021,1,1,84.6,30.3,24.6,2.0,320.0,77.0,27.450000000000003
SAN ANTONIO DE PADUA II,2022,1,0,15.8,30.8,24.7,3.0,90.0,74.0,27.75
SAN ANTONIO DE PADUA II,2023,1,0,72.6,29.7,24.6,3.0,90.0,77.0,27.15
SAN DIONISIO (BARANGAY I),2010,1,0,5.8,30.28461538461539,24.661538461538463,4.0,110.0,76.38461538461539,27.47307692307692
SAN DIONISIO (BARANGAY I),2011,1,0,69.7,30.0,24.7,3.0,110.0,76.0,27.35
SAN DIONISIO (BARANGAY I),2012,1,0,25.2,30.8,25.3,3.0,140.0,78.0,28.05
SAN DIONISIO (BARANGAY I),2013,1,0,37.6,30.2,24.2,4.0,140.0,78.0,27.2
SAN DIONISIO (BARANGAY I),2014,1,0,0.4,29.5,23.4,3.0,140.0,72.0,26.45
SAN DIONISIO (BARANGAY I),2015,1,1,31.8,29.5,23.6,2.0,140.0,79.0,26.55
SAN DIONISIO (BARANGAY I),2016,1,0,1.4,31.3,25.3,3.0,90.0,78.0,28.3
SAN DIONISIO (BARANGAY I),2017,1,0,52.5,29.7,25.0,3.0,90.0,77.0,27.35
SAN DIONISIO (BARANGAY I),2018,1,0,16.4,30.3,25.4,3.0,90.0,77.0,27.85
SAN DIONISIO (BARANGAY I),2019,1,0,5.7,30.6,24.9,3.0,90.0,72.0,27.75
SAN DIONISIO (BARANGAY I),2021,1,0,84.6,30.3,24.6,2.0,320.0,77.0,27.450000000000003
SAN DIONISIO (BARANGAY I),2022,1,0,15.8,30.8,24.7,3.0,90.0,74.0,27.75
SAN DIONISIO (BARANGAY I),2023,1,1,72.6,29.7,24.6,3.0,90.0,77.0,27.15
SAN ESTEBAN (BARANGAY IV),2010,1,0,5.8,30.28461538461539,24.661538461538463,4.0,110.0,76.38461538461539,27.47307692307692
SAN ESTEBAN (BARANGAY IV),2011,1,0,69.7,30.0,24.7,3.0,110.0,76.0,27.35
SAN ESTEBAN (BARANGAY IV),2012,1,0,25.2,30.8,25.3,3.0,140.0,78.0,28.05
SAN ESTEBAN (BARANGAY IV),2013,1,0,37.6,30.2,24.2,4.0,140.0,78.0,27.2
SAN ESTEBAN (BARANGAY IV),2014,1,0,0.4,29.5,23.4,3.0,140.0,72.0,26.45
SAN ESTEBAN (BARANGAY IV),2015,1,0,31.8,29.5,23.6,2.0,140.0,79.0,26.55
SAN ESTEBAN (BARANGAY IV),2016,1,3,1.4,31.3,25.3,3.0,90.0,78.0,28.3
SAN ESTEBAN (BARANGAY IV),2017,1,0,52.5,29.7,25.0,3.0,90.0,77.0,27.35
SAN ESTEBAN (BARANGAY IV),2018,1,1,16.4,30.3,25.4,3.0,90.0,77.0,27.85
SAN ESTEBAN (BARANGAY IV),2019,1,1,5.7,30.6,24.9,3.0,90.0,72.0,27.75
SAN ESTEBAN (BARANGAY IV),2020,1,1,4.2,31.0,24.9,3.0,90.0,78.0,27.95
SAN ESTEBAN (BARANGAY IV),2021,1,0,84.6,30.3,24.6,2.0,320.0,77.0,27.450000000000003
SAN ESTEBAN (BARANGAY IV),2022,1,0,15.8,30.8,24.7,3.0,90.0,74.0,27.75
SAN ESTEBAN (BARANGAY IV),2023,1,2,72.6,29.7,24.6,3.0,90.0,77.0,27.15
SAN FRANCISCO I,2010,1,0,5.8,30.28461538461539,24.661538461538463,4.0,110.0,76.38461538461539,27.47307692307692
SAN FRANCISCO I,2011,1,0,69.7,30.0,24.7,3.0,110.0,76.0,27.35
SAN FRANCISCO I,2012,1,1,25.2,30.8,25.3,3.0,140.0,78.0,28.05
SAN FRANCISCO I,2014,1,1,0.4,29.5,23.4,3.0,140.0,72.0,26.45
SAN FRANCISCO I,2015,1,2,31.8,29.5,23.6,2.0,140.0,79.0,26.55
SAN FRANCISCO I,2016,1,0,1.4,31.3,25.3,3.0,90.0,78.0,28.3
SAN FRANCISCO I,2017,1,0,52.5,29.7,25.0,3.0,90.0,77.0,27.35
SAN FRANCISCO I,2018,1,0,16.4,30.3,25.4,3.0,90.0,77.0,27.85
SAN FRANCISCO I,2019,1,1,5.7,30.6,24.9,3.0,90.0,72.0,27.75
SAN FRANCISCO I,2020,1,1,4.2,31.0,24.9,3.0,90.0,78.0,27.95
SAN FRANCISCO I,2021,1,0,84.6,30.3,24.6,2.0,320.0,77.0,27.450000000000003
SAN FRANCISCO I,2022,1,0,15.8,30.8,24.7,3.0,90.0,74.0,27.75
SAN FRANCISCO I,2023,1,0,72.6,29.7,24.6,3.0,90.0,77.0,27.15
SAN FRANCISCO II,2011,1,0,69.7,30.0,24.7,3.0,110.0,76.0,27.35
SAN FRANCISCO II,2012,1,0,25.2,30.8,25.3,3.0,140.0,78.0,28.05
SAN FRANCISCO II,2013,1,0,37.6,30.2,24.2,4.0,140.0,78.0,27.2
SAN FRANCISCO II,2014,1,0,0.4,29.5,23.4,3.0,140.0,72.0,26.45
SAN FRANCISCO II,2015,1,0,31.8,29.5,23.6,2.0,140.0,79.0,26.55
SAN FRANCISCO II,2016,1,2,1.4,31.3,25.3,3.0,90.0,78.0,28.3
SAN FRANCISCO II,2017,1,0,52.5,29.7,25.0,3.0,90.0,77.0,27.35
SAN FRANCISCO II,2018,1,0,16.4,30.3,25.4,3.0,90.0,77.0,27.85
SAN FRANCISCO II,2019,1,0,5.7,30.6,24.9,3.0,90.0,72.0,27.75
SAN FRANCISCO II,2020,1,0,4.2,31.0,24.9,3.0,90.0,78.0,27.95
SAN FRANCISCO II,2022,1,0,15.8,30.8,24.7,3.0,90.0,74.0,27.75
SAN FRANCISCO II,2023,1,0,72.6,29.7,24.6,3.0,90.0,77.0,27.15
SAN ISIDRO LABRADOR I,2010,1,0,5.8,30.28461538461539,24.661538461538463,4.0,110.0,76.38461538461539,27.47307692307692
SAN ISIDRO LABRADOR I,2011,1,1,69.7,30.0,24.7,3.0,110.0,76.0,27.35
SAN ISIDRO LABRADOR I,2012,1,0,25.2,30.8,25.3,3.0,140.0,78.0,28.05
SAN ISIDRO LABRADOR I,2013,1,0,37.6,30.2,24.2,4.0,140.0,78.0,27.2
SAN ISIDRO LABRADOR I,2014,1,0,0.4,29.5,23.4,3.0,140.0,72.0,26.45
SAN ISIDRO LABRADOR I,2015,1,0,31.8,29.5,23.6,2.0,140.0,79.0,26.55
SAN ISIDRO LABRADOR I,2016,1,1,1.4,31.3,25.3,3.0,90.0,78.0,28.3
SAN ISIDRO LABRADOR I,2017,1,1,52.5,29.7,25.0,3.0,90.0,77.0,27.35
SAN ISIDRO LABRADOR I,2018,1,1,16.4,30.3,25.4,3.0,90.0,77.0,27.85
SAN ISIDRO LABRADOR I,2019,1,1,5.7,30.6,24.9,3.0,90.0,72.0,27.75
SAN ISIDRO LABRADOR I,2020,1,1,4.2,31.0,24.9,3.0,90.0,78.0,27.95
SAN ISIDRO LABRADOR I,2021,1,3,84.6,30.3,24.6,2.0,320.0,77.0,27.450000000000003
SAN ISIDRO LABRADOR I,2022,1,0,15.8,30.8,24.7,3.0,90.0,74.0,27.75
SAN ISIDRO LABRADOR I,2023,1,0,72.6,29.7,24.6,3.0,90.0,77.0,27.15
SAN ISIDRO LABRADOR II,2010,1,0,5.8,30.28461538461539,24.661538461538463,4.0,110.0,76.38461538461539,27.47307692307692
SAN ISIDRO LABRADOR II,2011,1,0,69.7,30.0,24.7,3.0,110.0,76.0,27.35
SAN ISIDRO LABRADOR II,2012,1,0,25.2,30.8,25.3,3.0,140.0,78.0,28.05
SAN ISIDRO LABRADOR II,2013,1,0,37.6,30.2,24.2,4.0,140.0,78.0,27.2
SAN ISIDRO LABRADOR II,2014,1,0,0.4,29.5,23.4,3.0,140.0,72.0,26.45
SAN ISIDRO LABRADOR II,2015,1,0,31.8,29.5,23.6,2.0,140.0,79.0,26.55
SAN ISIDRO LABRADOR II,2016,1,0,1.4,31.3,25.3,3.0,90.0,78.0,28.3
SAN ISIDRO LABRADOR II,2017,1,0,52.5,29.7,25.0,3.0,90.0,77.0,27.35
SAN ISIDRO LABRADOR II,2018,1,0,16.4,30.3,25.4,3.0,90.0,77.0,27.85
SAN ISIDRO LABRADOR II,2019,1,0,5.7,30.6,24.9,3.0,90.0,72.0,27.75
SAN ISIDRO LABRADOR II,2020,1,0,4.2,31.0,24.9,3.0,90.0,78.0,27.95
SAN ISIDRO LABRADOR II,2021,1,2,84.6,30.3,24.6,2.0,320.0,77.0,27.450000000000003
SAN ISIDRO LABRADOR II,2022,1,0,15.8,30.8,24.7,3.0,90.0,74.0,27.75
SAN ISIDRO LABRADOR II,2023,1,1,72.6,29.7,24.6,3.0,90.0,77.0,27.15
SAN JOSE,2010,1,0,5.8,30.28461538461539,24.661538461538463,4.0,110.0,76.38461538461539,27.47307692307692
SAN JOSE,2011,1,6,69.7,30.0,24.7,3.0,110.0,76.0,27.35
SAN JOSE,2012,1,2,25.2,30.8,25.3,3.0,140.0,78.0,28.05
SAN JOSE,2013,1,0,37.6,30.2,24.2,4.0,140.0,78.0,27.2
SAN JOSE,2014,1,2,0.4,29.5,23.4,3.0,140.0,72.0,26.45
SAN JOSE,2015,1,1,31.8,29.5,23.6,2.0,140.0,79.0,26.55
SAN JOSE,2016,1,2,1.4,31.3,25.3,3.0,90.0,78.0,28.3
SAN JOSE,2017,1,2,52.5,29.7,25.0,3.0,90.0,77.0,27.35
SAN JOSE,2018,1,3,16.4,30.3,25.4,3.0,90.0,77.0,27.85
SAN JOSE,2019,1,3,5.7,30.6,24.9,3.0,90.0,72.0,27.75
SAN JOSE,2020,1,1,4.2,31.0,24.9,3.0,90.0,78.0,27.95
SAN JOSE,2021,1,1,84.6,30.3,24.6,2.0,320.0,77.0,27.450000000000003
SAN JOSE,2022,1,1,15.8,30.8,24.7,3.0,90.0,74.0,27.75
SAN JOSE,2023,1,1,72.6,29.7,24.6,3.0,90.0,77.0,27.15
SAN JUAN (SAN JUAN I),2010,1,0,5.8,30.28461538461539,24.661538461538463,4.0,110.0,76.38461538461539,27.47307692307692
SAN JUAN (SAN JUAN I),2011,1,0,69.7,30.0,24.7,3.0,110.0,76.0,27.35
SAN JUAN (SAN JUAN I),2012,1,0,25.2,30.8,25.3,3.0,140.0,78.0,28.05
SAN JUAN (SAN JUAN I),2013,1,0,37.6,30.2,24.2,4.0,140.0,78.0,27.2
SAN JUAN (SAN JUAN I),2014,1,0,0.4,29.5,23.4,3.0,140.0,72.0,26.45
SAN JUAN (SAN JUAN I),2015,1,0,31.8,29.5,23.6,2.0,140.0,79.0,26.55
SAN JUAN (SAN JUAN I),2016,1,0,1.4,31.3,25.3,3.0,90.0,78.0,28.3
SAN JUAN (SAN JUAN I),2017,1,0,52.5,29.7,25.0,3.0,90.0,77.0,27.35
SAN JUAN (SAN JUAN I),2018,1,1,16.4,30.3,25.4,3.0,90.0,77.0,27.85
SAN JUAN (SAN JUAN I),2019,1,1,5.7,30.6,24.9,3.0,90.0,72.0,27.75
SAN JUAN (SAN JUAN I),2021,1,1,84.6,30.3,24.6,2.0,320.0,77.0,27.450000000000003
SAN JUAN (SAN JUAN I),2022,1,0,15.8,30.8,24.7,3.0,90.0,74.0,27.75
SAN JUAN (SAN JUAN I),2023,1,0,72.6,29.7,24.6,3.0,90.0,77.0,27.15
SAN LORENZO RUIZ I,2010,1,0,5.8,30.28461538461539,24.661538461538463,4.0,110.0,76.38461538461539,27.47307692307692
SAN LORENZO RUIZ I,2011,1,0,69.7,30.0,24.7,3.0,110.0,76.0,27.35
SAN LORENZO RUIZ I,2013,1,0,37.6,30.2,24.2,4.0,140.0,78.0,27.2
SAN LORENZO RUIZ I,2015,1,6,31.8,29.5,23.6,2.0,140.0,79.0,26.55
SAN LORENZO RUIZ I,2016,1,1,1.4,31.3,25.3,3.0,90.0,78.0,28.3
SAN LORENZO RUIZ I,2017,1,0,52.5,29.7,25.0,3.0,90.0,77.0,27.35
SAN LORENZO RUIZ I,2018,1,1,16.4,30.3,25.4,3.0,90.0,77.0,27.85
SAN LORENZO RUIZ I,2019,1,1,5.7,30.6,24.9,3.0,90.0,72.0,27.75
SAN LORENZO RUIZ I,2020,1,1,4.2,31.0,24.9,3.0,90.0,78.0,27.95
SAN LORENZO RUIZ I,2021,1,0,84.6,30.3,24.6,2.0,320.0,77.0,27.450000000000003
SAN LORENZO RUIZ I,2022,1,0,15.8,30.8,24.7,3.0,90.0,74.0,27.75
SAN LORENZO RUIZ I,2023,1,0,72.6,29.7,24.6,3.0,90.0,77.0,27.15
SAN LORENZO RUIZ II,2010,1,0,5.8,30.28461538461539,24.661538461538463,4.0,110.0,76.38461538461539,27.47307692307692
SAN LORENZO RUIZ II,2011,1,0,69.7,30.0,24.7,3.0,110.0,76.0,27.35
SAN LORENZO RUIZ II,2012,1,0,25.2,30.8,25.3,3.0,140.0,78.0,28.05
SAN LORENZO RUIZ II,2013,1,0,37.6,30.2,24.2,4.0,140.0,78.0,27.2
SAN LORENZO RUIZ II,2014,1,0,0.4,29.5,23.4,3.0,140.0,72.0,26.45
SAN LORENZO RUIZ II,2015,1,0,31.8,29.5,23.6,2.0,140.0,79.0,26.55
SAN LORENZO RUIZ II,2016,1,1,1.4,31.3,25.3,3.0,90.0,78.0,28.3
SAN LORENZO RUIZ II,2018,1,0,16.4,30.3,25.4,3.0,90.0,77.0,27.85
SAN LORENZO RUIZ II,2019,1,0,5.7,30.6,24.9,3.0,90.0,72.0,27.75
SAN LORENZO RUIZ II,2020,1,1,4.2,31.0,24.9,3.0,90.0,78.0,27.95
SAN LORENZO RUIZ II,2021,1,0,84.6,30.3,24.6,2.0,320.0,77.0,27.450000000000003
SAN LORENZO RUIZ II,2023,1,1,72.6,29.7,24.6,3.0,90.0,77.0,27.15
SAN LUIS I,2010,1,0,5.8,30.28461538461539,24.661538461538463,4.0,110.0,76.38461538461539,27.47307692307692
SAN LUIS I,2011,1,1,69.7,30.0,24.7,3.0,110.0,76.0,27.35
SAN LUIS I,2012,1,0,25.2,30.8,25.3,3.0,140.0,78.0,28.05
SAN LUIS I,2013,1,0,37.6,30.2,24.2,4.0,140.0,78.0,27.2
SAN LUIS I,2014,1,0,0.4,29.5,23.4,3.0,140.0,72.0,26.45
SAN LUIS I,2015,1,2,31.8,29.5,23.6,2.0,140.0,79.0,26.55
SAN LUIS I,2016,1,0,1.4,31.3,25.3,3.0,90.0,78.0,28.3
SAN LUIS I,2017,1,2,52.5,29.7,25.0,3.0,90.0,77.0,27.35
SAN LUIS I,2018,1,0,16.4,30.3,25.4,3.0,90.0,77.0,27.85
SAN LUIS I,2019,1,1,5.7,30.6,24.9,3.0,90.0,72.0,27.75
SAN LUIS I,2020,1,3,4.2,31.0,24.9,3.0,90.0,78.0,27.95
SAN LUIS I,2021,1,2,84.6,30.3,24.6,2.0,320.0,77.0,27.450000000000003
SAN LUIS I,2022,1,0,15.8,30.8,24.7,3.0,90.0,74.0,27.75
SAN LUIS I,2023,1,0,72.6,29.7,24.6,3.0,90.0,77.0,27.15
SAN LUIS II,2010,1,0,5.8,30.28461538461539,24.661538461538463,4.0,110.0,76.38461538461539,27.47307692307692
SAN LUIS II,2011,1,1,69.7,30.0,24.7,3.0,110.0,76.0,27.35
SAN LUIS II,2012,1,0,25.2,30.8,25.3,3.0,140.0,78.0,28.05
SAN LUIS II,2013,1,1,37.6,30.2,24.2,4.0,140.0,78.0,27.2
SAN LUIS II,2014,1,0,0.4,29.5,23.4,3.0,140.0,72.0,26.45
SAN LUIS II,2015,1,0,31.8,29.5,23.6,2.0,140.0,79.0,26.55
SAN LUIS II,2016,1,1,1.4,31.3,25.3,3.0,90.0,78.0,28.3
SAN LUIS II,2017,1,2,52.5,29.7,25.0,3.0,90.0,77.0,27.35
SAN LUIS II,2018,1,2,16.4,30.3,25.4,3.0,90.0,77.0,27.85
SAN LUIS II,2019,1,2,5.7,30.6,24.9,3.0,90.0,72.0,27.75
SAN LUIS II,2020,1,0,4.2,31.0,24.9,3.0,90.0,78.0,27.95
SAN LUIS II,2021,1,3,84.6,30.3,24.6,2.0,320.0,77.0,27.450000000000003
SAN LUIS II,2022,1,0,15.8,30.8,24.7,3.0,90.0,74.0,27.75
SAN LUIS II,2023,1,0,72.6,29.7,24.6,3.0,90.0,77.0,27.15
SAN MANUEL I,2010,1,0,5.8,30.28461538461539,24.661538461538463,4.0,110.0,76.38461538461539,27.47307692307692
SAN MANUEL I,2012,1,0,25.2,30.8,25.3,3.0,140.0,78.0,28.05
SAN MANUEL I,2013,1,0,37.6,30.2,24.2,4.0,140.0,78.0,27.2
SAN MANUEL I,2014,1,0,0.4,29.5,23.4,3.0,140.0,72.0,26.45
SAN MANUEL I,2015,1,0,31.8,29.5,23.6,2.0,140.0,79.0,26.55
SAN MANUEL I,2016,1,1,1.4,31.3,25.3,3.0,90.0,78.0,28.3
SAN MANUEL I,2017,1,0,52.5,29.7,25.0,3.0,90.0,77.0,27.35
SAN MANUEL I,2018,1,0,16.4,30.3,25.4,3.0,90.0,77.0,27.85
SAN MANUEL I,2019,1,2,5.7,30.6,24.9,3.0,90.0,72.0,27.75
SAN MANUEL I,2022,1,0,15.8,30.8,24.7,3.0,90.0,74.0,27.75
SAN MANUEL I,2023,1,0,72.6,29.7,24.6,3.0,90.0,77.0,27.15
SAN MANUEL II,2010,1,0,5.8,30.28461538461539,24.661538461538463,4.0,110.0,76.38461538461539,27.47307692307692
SAN MANUEL II,2011,1,1,69.7,30.0,24.7,3.0,110.0,76.0,27.35
SAN MANUEL II,2012,1,0,25.2,30.8,25.3,3.0,140.0,78.0,28.05
SAN MANUEL II,2013,1,0,37.6,30.2,24.2,4.0,140.0,78.0,27.2
SAN MANUEL II,2014,1,0,0.4,29.5,23.4,3.0,140.0,72.0,26.45
SAN MANUEL II,2015,1,0,31.8,29.5,23.6,2.0,140.0,79.0,26.55
SAN MANUEL II,2016,1,0,1.4,31.3,25.3,3.0,90.0,78.0,28.3
SAN MANUEL II,2017,1,0,52.5,29.7,25.0,3.0,90.0,77.0,27.35
SAN MANUEL II,2018,1,0,16.4,30.3,25.4,3.0,90.0,77.0,27.85
SAN MANUEL II,2019,1,1,5.7,30.6,24.9,3.0,90.0,72.0,27.75
SAN MANUEL II,2020,1,0,4.2,31.0,24.9,3.0,90.0,78.0,27.95
SAN MANUEL II,2021,1,0,84.6,30.3,24.6,2.0,320.0,77.0,27.450000000000003
SAN MANUEL II,2022,1,0,15.8,30.8,24.7,3.0,90.0,74.0,27.75
SAN MANUEL II,2023,1,0,72.6,29.7,24.6,3.0,90.0,77.0,27.15
SAN MATEO,2010,1,0,5.8,30.28461538461539,24.661538461538463,4.0,110.0,76.38461538461539,27.47307692307692
SAN MATEO,2011,1,1,69.7,30.0,24.7,3.0,110.0,76.0,27.35
SAN MATEO,2012,1,0,25.2,30.8,25.3,3.0,140.0,78.0,28.05
SAN MATEO,2013,1,1,37.6,30.2,24.2,4.0,140.0,78.0,27.2
SAN MATEO,2014,1,0,0.4,29.5,23.4,3.0,140.0,72.0,26.45
SAN MATEO,2015,1,0,31.8,29.5,23.6,2.0,140.0,79.0,26.55
SAN MATEO,2016,1,1,1.4,31.3,25.3,3.0,90.0,78.0,28.3
SAN MATEO,2017,1,2,52.5,29.7,25.0,3.0,90.0,77.0,27.35
SAN MATEO,2018,1,0,16.4,30.3,25.4,3.0,90.0,77.0,27.85
SAN MATEO,2019,1,0,5.7,30.6,24.9,3.0,90.0,72.0,27.75
SAN MATEO,2020,1,2,4.2,31.0,24.9,3.0,90.0,78.0,27.95
SAN MATEO,2021,1,1,84.6,30.3,24.6,2.0,320.0,77.0,27.450000000000003
SAN MATEO,2022,1,0,15.8,30.8,24.7,3.0,90.0,74.0,27.75
SAN MATEO,2023,1,2,72.6,29.7,24.6,3.0,90.0,77.0,27.15
SAN MIGUEL,2010,1,0,5.8,30.28461538461539,24.661538461538463,4.0,110.0,76.38461538461539,27.47307692307692
SAN MIGUEL,2011,1,0,69.7,30.0,24.7,3.0,110.0,76.0,27.35
SAN MIGUEL,2013,1,0,37.6,30.2,24.2,4.0,140.0,78.0,27.2
SAN MIGUEL,2015,1,1,31.8,29.5,23.6,2.0,140.0,79.0,26.55
SAN MIGUEL,2016,1,0,1.4,31.3,25.3,3.0,90.0,78.0,28.3
SAN MIGUEL,2017,1,0,52.5,29.7,25.0,3.0,90.0,77.0,27.35
SAN MIGUEL,2018,1,0,16.4,30.3,25.4,3.0,90.0,77.0,27.85
SAN MIGUEL,2019,1,1,5.7,30.6,24.9,3.0,90.0,72.0,27.75
SAN MIGUEL,2020,1,1,4.2,31.0,24.9,3.0,90.0,78.0,27.95
SAN MIGUEL,2021,1,0,84.6,30.3,24.6,2.0,320.0,77.0,27.450000000000003
SAN MIGUEL,2022,1,0,15.8,30.8,24.7,3.0,90.0,74.0,27.75
SAN MIGUEL,2023,1,0,72.6,29.7,24.6,3.0,90.0,77.0,27.15
SAN MIGUEL II,2010,1,0,5.8,30.28461538461539,24.661538461538463,4.0,110.0,76.38461538461539,27.47307692307692
SAN MIGUEL II,2011,1,0,69.7,30.0,24.7,3.0,110.0,76.0,27.35
SAN MIGUEL II,2012,1,1,25.2,30.8,25.3,3.0,140.0,78.0,28.05
SAN MIGUEL II,2013,1,0,37.6,30.2,24.2,4.0,140.0,78.0,27.2
SAN MIGUEL II,2014,1,1,0.4,29.5,23.4,3.0,140.0,72.0,26.45
SAN MIGUEL II,2015,1,0,31.8,29.5,23.6,2.0,140.0,79.0,26.55
SAN MIGUEL II,2018,1,0,16.4,30.3,25.4,3.0,90.0,77.0,27.85
SAN MIGUEL II,2019,1,1,5.7,30.6,24.9,3.0,90.0,72.0,27.75
SAN MIGUEL II,2020,1,0,4.2,31.0,24.9,3.0,90.0,78.0,27.95
SAN MIGUEL II,2022,1,1,15.8,30.8,24.7,3.0,90.0,74.0,27.75
SAN NICOLAS I,2010,1,0,5.8,30.28461538461539,24.661538461538463,4.0,110.0,76.38461538461539,27.47307692307692
SAN NICOLAS I,2011,1,5,69.7,30.0,24.7,3.0,110.0,76.0,27.35
SAN NICOLAS I,2012,1,0,25.2,30.8,25.3,3.0,140.0,78.0,28.05
SAN NICOLAS I,2013,1,0,37.6,30.2,24.2,4.0,140.0,78.0,27.2
SAN NICOLAS I,2014,1,0,0.4,29.5,23.4,3.0,140.0,72.0,26.45
SAN NICOLAS I,2015,1,0,31.8,29.5,23.6,2.0,140.0,79.0,26.55
SAN NICOLAS I,2017,1,0,52.5,29.7,25.0,3.0,90.0,77.0,27.35
SAN NICOLAS I,2018,1,1,16.4,30.3,25.4,3.0,90.0,77.0,27.85
SAN NICOLAS I,2019,1,0,5.7,30.6,24.9,3.0,90.0,72.0,27.75
SAN NICOLAS I,2020,1,1,4.2,31.0,24.9,3.0,90.0,78.0,27.95
SAN NICOLAS I,2023,1,0,72.6,29.7,24.6,3.0,90.0,77.0,27.15
SAN NICOLAS II,2010,1,0,5.8,30.28461538461539,24.661538461538463,4.0,110.0,76.38461538461539,27.47307692307692
SAN NICOLAS II,2011,1,0,69.7,30.0,24.7,3.0,110.0,76.0,27.35
SAN NICOLAS II,2012,1,0,25.2,30.8,25.3,3.0,140.0,78.0,28.05
SAN NICOLAS II,2013,1,0,37.6,30.2,24.2,4.0,140.0,78.0,27.2
SAN NICOLAS II,2014,1,0,0.4,29.5,23.4,3.0,140.0,72.0,26.45
SAN NICOLAS II,2015,1,0,31.8,29.5,23.6,2.0,140.0,79.0,26.55
SAN NICOLAS II,2016,1,3,1.4,31.3,25.3,3.0,90.0,78.0,28.3
SAN NICOLAS II,2017,1,1,52.5,29.7,25.0,3.0,90.0,77.0,27.35
SAN NICOLAS II,2018,1,0,16.4,30.3,25.4,3.0,90.0,77.0,27.85
SAN NICOLAS II,2019,1,1,5.7,30.6,24.9,3.0,90.0,72.0,27.75
SAN NICOLAS II,2020,1,1,4.2,31.0,24.9,3.0,90.0,78.0,27.95
SAN NICOLAS II,2021,1,0,84.6,30.3,24.6,2.0,320.0,77.0,27.450000000000003
SAN NICOLAS II,2023,1,0,72.6,29.7,24.6,3.0,90.0,77.0,27.15
SAN ROQUE (STA. CRISTINA II),2010,1,0,5.8,30.28461538461539,24.661538461538463,4.0,110.0,76.38461538461539,27.47307692307692
SAN ROQUE (STA. CRISTINA II),2012,1,0,25.2,30.8,25.3,3.0,140.0,78.0,28.05
SAN ROQUE (STA. CRISTINA II),2014,1,0,0.4,29.5,23.4,3.0,140.0,72.0,26.45
SAN ROQUE (STA. CRISTINA II),2015,1,1,31.8,29.5,23.6,2.0,140.0,79.0,26.55
SAN ROQUE (STA. CRISTINA II),2016,1,0,1.4,31.3,25.3,3.0,90.0,78.0,28.3
SAN ROQUE (STA. CRISTINA II),2017,1,0,52.5,29.7,25.0,3.0,90.0,77.0,27.35
SAN ROQUE (STA. CRISTINA II),2018,1,1,16.4,30.3,25.4,3.0,90.0,77.0,27.85
SAN ROQUE (STA. CRISTINA II),2019,1,0,5.7,30.6,24.9,3.0,90.0,72.0,27.75
SAN ROQUE (STA. CRISTINA II),2020,1,2,4.2,31.0,24.9,3.0,90.0,78.0,27.95
SAN SIMON (BARANGAY 7),2010,1,0,5.8,30.28461538461539,24.661538461538463,4.0,110.0,76.38461538461539,27.47307692307692
SAN SIMON (BARANGAY 7),2011,1,3,69.7,30.0,24.7,3.0,110.0,76.0,27.35
SAN SIMON (BARANGAY 7),2012,1,0,25.2,30.8,25.3,3.0,140.0,78.0,28.05
SAN SIMON (BARANGAY 7),2013,1,0,37.6,30.2,24.2,4.0,140.0,78.0,27.2
SAN SIMON (BARANGAY 7),2014,1,0,0.4,29.5,23.4,3.0,140.0,72.0,26.45
SAN SIMON (BARANGAY 7),2015,1,1,31.8,29.5,23.6,2.0,140.0,79.0,26.55
SAN SIMON (BARANGAY 7),2016,1,1,1.4,31.3,25.3,3.0,90.0,78.0,28.3
SAN SIMON (BARANGAY 7),2017,1,0,52.5,29.7,25.0,3.0,90.0,77.0,27.35
SAN SIMON (BARANGAY 7),2018,1,0,16.4,30.3,25.4,3.0,90.0,77.0,27.85
SAN SIMON (BARANGAY 7),2019,1,0,5.7,30.6,24.9,3.0,90.0,72.0,27.75
SAN SIMON (BARANGAY 7),2020,1,2,4.2,31.0,24.9,3.0,90.0,78.0,27.95
SAN SIMON (BARANGAY 7),2021,1,0,84.6,30.3,24.6,2.0,320.0,77.0,27.450000000000003
SAN SIMON (BARANGAY 7),2022,1,0,15.8,30.8,24.7,3.0,90.0,74.0,27.75
SAN SIMON (BARANGAY 7),2023,1,1,72.6,29.7,24.6,3.0,90.0,77.0,27.15
SANTA CRISTINA I,2010,1,0,5.8,30.28461538461539,24.661538461538463,4.0,110.0,76.38461538461539,27.47307692307692
SANTA CRISTINA I,2011,1,0,69.7,30.0,24.7,3.0,110.0,76.0,27.35
SANTA CRISTINA I,2012,1,1,25.2,30.8,25.3,3.0,140.0,78.0,28.05
SANTA CRISTINA I,2013,1,1,37.6,30.2,24.2,4.0,140.0,78.0,27.2
SANTA CRISTINA I,2014,1,1,0.4,29.5,23.4,3.0,140.0,72.0,26.45
SANTA CRISTINA I,2015,1,0,31.8,29.5,23.6,2.0,140.0,79.0,26.55
SANTA CRISTINA I,2016,1,0,1.4,31.3,25.3,3.0,90.0,78.0,28.3
SANTA CRISTINA I,2017,1,3,52.5,29.7,25.0,3.0,90.0,77.0,27.35
SANTA CRISTINA I,2018,1,0,16.4,30.3,25.4,3.0,90.0,77.0,27.85
SANTA CRISTINA I,2019,1,0,5.7,30.6,24.9,3.0,90.0,72.0,27.75
SANTA CRISTINA I,2020,1,2,4.2,31.0,24.9,3.0,90.0,78.0,27.95
SANTA CRISTINA I,2021,1,1,84.6,30.3,24.6,2.0,320.0,77.0,27.450000000000003
SANTA CRISTINA I,2022,1,0,15.8,30.8,24.7,3.0,90.0,74.0,27.75
SANTA CRISTINA II,2010,1,0,5.8,30.28461538461539,24.661538461538463,4.0,110.0,76.38461538461539,27.47307692307692
SANTA CRISTINA II,2011,1,0,69.7,30.0,24.7,3.0,110.0,76.0,27.35
SANTA CRISTINA II,2012,1,1,25.2,30.8,25.3,3.0,140.0,78.0,28.05
SANTA CRISTINA II,2013,1,0,37.6,30.2,24.2,4.0,140.0,78.0,27.2
SANTA CRISTINA II,2014,1,1,0.4,29.5,23.4,3.0,140.0,72.0,26.45
SANTA CRISTINA II,2015,1,0,31.8,29.5,23.6,2.0,140.0,79.0,26.55
SANTA CRISTINA II,2016,1,0,1.4,31.3,25.3,3.0,90.0,78.0,28.3
SANTA CRISTINA II,2017,1,0,52.5,29.7,25.0,3.0,90.0,77.0,27.35
SANTA CRISTINA II,2018,1,0,16.4,30.3,25.4,3.0,90.0,77.0,27.85
SANTA CRISTINA II,2019,1,0,5.7,30.6,24.9,3.0,90.0,72.0,27.75
SANTA CRISTINA II,2020,1,0,4.2,31.0,24.9,3.0,90.0,78.0,27.95
SANTA CRISTINA II,2022,1,0,15.8,30.8,24.7,3.0,90.0,74.0,27.75
SANTA CRISTINA II,2023,1,0,72.6,29.7,24.6,3.0,90.0,77.0,27.15
SANTA CRUZ I,2010,1,0,5.8,30.28461538461539,24.661538461538463,4.0,110.0,76.38461538461539,27.47307692307692
SANTA CRUZ I,2011,1,2,69.7,30.0,24.7,3.0,110.0,76.0,27.35
SANTA CRUZ I,2012,1,0,25.2,30.8,25.3,3.0,140.0,78.0,28.05
SANTA CRUZ I,2013,1,0,37.6,30.2,24.2,4.0,140.0,78.0,27.2
SANTA CRUZ I,2014,1,0,0.4,29.5,23.4,3.0,140.0,72.0,26.45
SANTA CRUZ I,2015,1,1,31.8,29.5,23.6,2.0,140.0,79.0,26.55
SANTA CRUZ I,2016,1,0,1.4,31.3,25.3,3.0,90.0,78.0,28.3
SANTA CRUZ I,2017,1,3,52.5,29.7,25.0,3.0,90.0,77.0,27.35
SANTA CRUZ I,2018,1,0,16.4,30.3,25.4,3.0,90.0,77.0,27.85
SANTA CRUZ I,2019,1,0,5.7,30.6,24.9,3.0,90.0,72.0,27.75
SANTA CRUZ I,2020,1,1,4.2,31.0,24.9,3.0,90.0,78.0,27.95
SANTA CRUZ I,2021,1,2,84.6,30.3,24.6,2.0,320.0,77.0,27.450000000000003
SANTA CRUZ I,2022,1,0,15.8,30.8,24.7,3.0,90.0,74.0,27.75
SANTA CRUZ II,2010,1,0,5.8,30.28461538461539,24.661538461538463,4.0,110.0,76.38461538461539,27.47307692307692
SANTA CRUZ II,2011,1,0,69.7,30.0,24.7,3.0,110.0,76.0,27.35
SANTA CRUZ II,2012,1,0,25.2,30.8,25.3,3.0,140.0,78.0,28.05
SANTA CRUZ II,2013,1,0,37.6,30.2,24.2,4.0,140.0,78.0,27.2
SANTA CRUZ II,2014,1,0,0.4,29.5,23.4,3.0,140.0,72.0,26.45
SANTA CRUZ II,2015,1,1,31.8,29.5,23.6,2.0,140.0,79.0,26.55
SANTA CRUZ II,2016,1,0,1.4,31.3,25.3,3.0,90.0,78.0,28.3
SANTA CRUZ II,2017,1,0,52.5,29.7,25.0,3.0,90.0,77.0,27.35
SANTA CRUZ II,2019,1,0,5.7,30.6,24.9,3.0,90.0,72.0,27.75
SANTA CRUZ II,2020,1,1,4.2,31.0,24.9,3.0,90.0,78.0,27.95
SANTA CRUZ II,2021,1,3,84.6,30.3,24.6,2.0,320.0,77.0,27.450000000000003
SANTA CRUZ II,2022,1,0,15.8,30.8,24.7,3.0,90.0,74.0,27.75
SANTA CRUZ II,2023,1,1,72.6,29.7,24.6,3.0,90.0,77.0,27.15
SANTA FE,2010,1,0,5.8,30.28461538461539,24.661538461538463,4.0,110.0,76.38461538461539,27.47307692307692
SANTA FE,2011,1,4,69.7,30.0,24.7,3.0,110.0,76.0,27.35
SANTA FE,2012,1,0,25.2,30.8,25.3,3.0,140.0,78.0,28.05
SANTA FE,2013,1,0,37.6,30.2,24.2,4.0,140.0,78.0,27.2
SANTA FE,2014,1,0,0.4,29.5,23.4,3.0,140.0,72.0,26.45
SANTA FE,2015,1,0,31.8,29.5,23.6,2.0,140.0,79.0,26.55
SANTA FE,2016,1,1,1.4,31.3,25.3,3.0,90.0,78.0,28.3
SANTA FE,2017,1,1,52.5,29.7,25.0,3.0,90.0,77.0,27.35
SANTA FE,2018,1,0,16.4,30.3,25.4,3.0,90.0,77.0,27.85
SANTA FE,2019,1,2,5.7,30.6,24.9,3.0,90.0,72.0,27.75
SANTA FE,2020,1,1,4.2,31.0,24.9,3.0,90.0,78.0,27.95
SANTA FE,2021,1,1,84.6,30.3,24.6,2.0,320.0,77.0,27.450000000000003
SANTA FE,2023,1,1,72.6,29.7,24.6,3.0,90.0,77.0,27.15
SANTA LUCIA (SAN JUAN II),2010,1,0,5.8,30.28461538461539,24.661538461538463,4.0,110.0,76.38461538461539,27.47307692307692
SANTA LUCIA (SAN JUAN II),2011,1,0,69.7,30.0,24.7,3.0,110.0,76.0,27.35
SANTA LUCIA (SAN JUAN II),2012,1,0,25.2,30.8,25.3,3.0,140.0,78.0,28.05
SANTA LUCIA (SAN JUAN II),2013,1,0,37.6,30.2,24.2,4.0,140.0,78.0,27.2
SANTA LUCIA (SAN JUAN II),2014,1,0,0.4,29.5,23.4,3.0,140.0,72.0,26.45
SANTA LUCIA (SAN JUAN II),2015,1,0,31.8,29.5,23.6,2.0,140.0,79.0,26.55
SANTA LUCIA (SAN JUAN II),2016,1,2,1.4,31.3,25.3,3.0,90.0,78.0,28.3
SANTA LUCIA (SAN JUAN II),2017,1,0,52.5,29.7,25.0,3.0,90.0,77.0,27.35
SANTA LUCIA (SAN JUAN II),2018,1,0,16.4,30.3,25.4,3.0,90.0,77.0,27.85
SANTA LUCIA (SAN JUAN II),2019,1,2,5.7,30.6,24.9,3.0,90.0,72.0,27.75
SANTA LUCIA (SAN JUAN II),2020,1,1,4.2,31.0,24.9,3.0,90.0,78.0,27.95
SANTA LUCIA (SAN JUAN II),2021,1,0,84.6,30.3,24.6,2.0,320.0,77.0,27.450000000000003
SANTA LUCIA (SAN JUAN II),2022,1,0,15.8,30.8,24.7,3.0,90.0,74.0,27.75
SANTA LUCIA (SAN JUAN II),2023,1,0,72.6,29.7,24.6,3.0,90.0,77.0,27.15
SANTA MARIA (BARANGAY 20),2010,1,0,5.8,30.28461538461539,24.661538461538463,4.0,110.0,76.38461538461539,27.47307692307692
SANTA MARIA (BARANGAY 20),2011,1,0,69.7,30.0,24.7,3.0,110.0,76.0,27.35
SANTA MARIA (BARANGAY 20),2012,1,0,25.2,30.8,25.3,3.0,140.0,78.0,28.05
SANTA MARIA (BARANGAY 20),2013,1,1,37.6,30.2,24.2,4.0,140.0,78.0,27.2
SANTA MARIA (BARANGAY 20),2014,1,0,0.4,29.5,23.4,3.0,140.0,72.0,26.45
SANTA MARIA (BARANGAY 20),2015,1,1,31.8,29.5,23.6,2.0,140.0,79.0,26.55
SANTA MARIA (BARANGAY 20),2016,1,1,1.4,31.3,25.3,3.0,90.0,78.0,28.3
SANTA MARIA (BARANGAY 20),2017,1,0,52.5,29.7,25.0,3.0,90.0,77.0,27.35
SANTA MARIA (BARANGAY 20),2018,1,0,16.4,30.3,25.4,3.0,90.0,77.0,27.85
SANTA MARIA (BARANGAY 20),2019,1,0,5.7,30.6,24.9,3.0,90.0,72.0,27.75
SANTA MARIA (BARANGAY 20),2020,1,0,4.2,31.0,24.9,3.0,90.0,78.0,27.95
SANTA MARIA (BARANGAY 20),2021,1,0,84.6,30.3,24.6,2.0,320.0,77.0,27.450000000000003
SANTA MARIA (BARANGAY 20),2022,1,0,15.8,30.8,24.7,3.0,90.0,74.0,27.75
SANTA MARIA (BARANGAY 20),2023,1,0,72.6,29.7,24.6,3.0,90.0,77.0,27.15
SANTO CRISTO (BARANGAY III),2010,1,0,5.8,30.28461538461539,24.661538461538463,4.0,110.0,76.38461538461539,27.47307692307692
SANTO CRISTO (BARANGAY III),2011,1,0,69.7,30.0,24.7,3.0,110.0,76.0,27.35
SANTO CRISTO (BARANGAY III),2012,1,0,25.2,30.8,25.3,3.0,140.0,78.0,28.05
SANTO CRISTO (BARANGAY III),2013,1,0,37.6,30.2,24.2,4.0,140.0,78.0,27.2
SANTO CRISTO (BARANGAY III),2014,1,0,0.4,29.5,23.4,3.0,140.0,72.0,26.45
SANTO CRISTO (BARANGAY III),2015,1,0,31.8,29.5,23.6,2.0,140.0,79.0,26.55
SANTO CRISTO (BARANGAY III),2016,1,0,1.4,31.3,25.3,3.0,90.0,78.0,28.3
SANTO CRISTO (BARANGAY III),2017,1,0,52.5,29.7,25.0,3.0,90.0,77.0,27.35
SANTO CRISTO (BARANGAY III),2018,1,0,16.4,30.3,25.4,3.0,90.0,77.0,27.85
SANTO CRISTO (BARANGAY III),2019,1,0,5.7,30.6,24.9,3.0,90.0,72.0,27.75
SANTO CRISTO (BARANGAY III),2020,1,1,4.2,31.0,24.9,3.0,90.0,78.0,27.95
SANTO CRISTO (BARANGAY III),2021,1,2,84.6,30.3,24.6,2.0,320.0,77.0,27.450000000000003
SANTO CRISTO (BARANGAY III),2022,1,0,15.8,30.8,24.7,3.0,90.0,74.0,27.75
SANTO CRISTO (BARANGAY III),2023,1,0,72.6,29.7,24.6,3.0,90.0,77.0,27.15
SANTO NIÑO I,2010,1,0,5.8,30.28461538461539,24.661538461538463,4.0,110.0,76.38461538461539,27.47307692307692
SANTO NIÑO I,2011,1,0,69.7,30.0,24.7,3.0,110.0,76.0,27.35
SANTO NIÑO I,2012,1,1,25.2,30.8,25.3,3.0,140.0,78.0,28.05
SANTO NIÑO I,2013,1,0,37.6,30.2,24.2,4.0,140.0,78.0,27.2
SANTO NIÑO I,2014,1,1,0.4,29.5,23.4,3.0,140.0,72.0,26.45
SANTO NIÑO I,2015,1,0,31.8,29.5,23.6,2.0,140.0,79.0,26.55
SANTO NIÑO I,2016,1,0,1.4,31.3,25.3,3.0,90.0,78.0,28.3
SANTO NIÑO I,2017,1,0,52.5,29.7,25.0,3.0,90.0,77.0,27.35
SANTO NIÑO I,2018,1,2,16.4,30.3,25.4,3.0,90.0,77.0,27.85
SANTO NIÑO I,2019,1,2,5.7,30.6,24.9,3.0,90.0,72.0,27.75
SANTO NIÑO I,2020,1,0,4.2,31.0,24.9,3.0,90.0,78.0,27.95
SANTO NIÑO I,2021,1,1,84.6,30.3,24.6,2.0,320.0,77.0,27.450000000000003
SANTO NIÑO I,2022,1,0,15.8,30.8,24.7,3.0,90.0,74.0,27.75
SANTO NIÑO I,2023,1,0,72.6,29.7,24.6,3.0,90.0,77.0,27.15
SANTO NIÑO II,2010,1,0,5.8,30.28461538461539,24.661538461538463,4.0,110.0,76.38461538461539,27.47307692307692
SANTO NIÑO II,2011,1,0,69.7,30.0,24.7,3.0,110.0,76.0,27.35
SANTO NIÑO II,2012,1,0,25.2,30.8,25.3,3.0,140.0,78.0,28.05
SANTO NIÑO II,2014,1,0,0.4,29.5,23.4,3.0,140.0,72.0,26.45
SANTO NIÑO II,2015,1,0,31.8,29.5,23.6,2.0,140.0,79.0,26.55
SANTO NIÑO II,2016,1,1,1.4,31.3,25.3,3.0,90.0,78.0,28.3
SANTO NIÑO II,2017,1,1,52.5,29.7,25.0,3.0,90.0,77.0,27.35
SANTO NIÑO II,2018,1,1,16.4,30.3,25.4,3.0,90.0,77.0,27.85
SANTO NIÑO II,2019,1,1,5.7,30.6,24.9,3.0,90.0,72.0,27.75
SANTO NIÑO II,2020,1,0,4.2,31.0,24.9,3.0,90.0,78.0,27.95
SANTO NIÑO II,2023,1,0,72.6,29.7,24.6,3.0,90.0,77.0,27.15
VICTORIA REYES,2010,1,0,5.8,30.28461538461539,24.661538461538463,4.0,110.0,76.38461538461539,27.47307692307692
VICTORIA REYES,2011,1,2,69.7,30.0,24.7,3.0,110.0,76.0,27.35
VICTORIA REYES,2012,1,2,25.2,30.8,25.3,3.0,140.0,78.0,28.05
VICTORIA REYES,2013,1,0,37.6,30.2,24.2,4.0,140.0,78.0,27.2
VICTORIA REYES,2014,1,2,0.4,29.5,23.4,3.0,140.0,72.0,26.45
VICTORIA REYES,2015,1,2,31.8,29.5,23.6,2.0,140.0,79.0,26.55
VICTORIA REYES,2016,1,3,1.4,31.3,25.3,3.0,90.0,78.0,28.3
VICTORIA REYES,2017,1,0,52.5,29.7,25.0,3.0,90.0,77.0,27.35
VICTORIA REYES,2018,1,1,16.4,30.3,25.4,3.0,90.0,77.0,27.85
VICTORIA REYES,2019,1,1,5.7,30.6,24.9,3.0,90.0,72.0,27.75
VICTORIA REYES,2020,1,1,4.2,31.0,24.9,3.0,90.0,78.0,27.95
VICTORIA REYES,2021,1,1,84.6,30.3,24.6,2.0,320.0,77.0,27.450000000000003
VICTORIA REYES,2022,1,0,15.8,30.8,24.7,3.0,90.0,74.0,27.75
VICTORIA REYES,2023,1,1,72.6,29.7,24.6,3.0,90.0,77.0,27.15
ZONE I,2010,1,0,5.8,30.28461538461539,24.661538461538463,4.0,110.0,76.38461538461539,27.47307692307692
ZONE I,2011,1,0,69.7,30.0,24.7,3.0,110.0,76.0,27.35
ZONE I,2019,1,0,5.7,30.6,24.9,3.0,90.0,72.0,27.75
ZONE I-B,2010,1,0,5.8,30.28461538461539,24.661538461538463,4.0,110.0,76.38461538461539,27.47307692307692
ZONE I-B,2011,1,1,69.7,30.0,24.7,3.0,110.0,76.0,27.35
ZONE I-B,2012,1,0,25.2,30.8,25.3,3.0,140.0,78.0,28.05
ZONE I-B,2013,1,1,37.6,30.2,24.2,4.0,140.0,78.0,27.2
ZONE I-B,2014,1,0,0.4,29.5,23.4,3.0,140.0,72.0,26.45
ZONE I-B,2015,1,5,31.8,29.5,23.6,2.0,140.0,79.0,26.55
ZONE I-B,2016,1,2,1.4,31.3,25.3,3.0,90.0,78.0,28.3
ZONE I-B,2017,1,1,52.5,29.7,25.0,3.0,90.0,77.0,27.35
ZONE I-B,2018,1,2,16.4,30.3,25.4,3.0,90.0,77.0,27.85
ZONE I-B,2019,1,14,5.7,30.6,24.9,3.0,90.0,72.0,27.75
ZONE I-B,2020,1,6,4.2,31.0,24.9,3.0,90.0,78.0,27.95
ZONE I-B,2021,1,1,84.6,30.3,24.6,2.0,320.0,77.0,27.450000000000003
ZONE I-B,2022,1,0,15.8,30.8,24.7,3.0,90.0,74.0,27.75
ZONE I-B,2023,1,0,72.6,29.7,24.6,3.0,90.0,77.0,27.15
ZONE II,2010,1,0,5.8,30.28461538461539,24.661538461538463,4.0,110.0,76.38461538461539,27.47307692307692
ZONE II,2011,1,2,69.7,30.0,24.7,3.0,110.0,76.0,27.35
ZONE II,2019,1,0,5.7,30.6,24.9,3.0,90.0,72.0,27.75
ZONE III,2010,1,0,5.8,30.28461538461539,24.661538461538463,4.0,110.0,76.38461538461539,27.47307692307692
ZONE III,2011,1,1,69.7,30.0,24.7,3.0,110.0,76.0,27.35
ZONE III,2015,1,1,31.8,29.5,23.6,2.0,140.0,79.0,26.55
ZONE III,2023,1,0,72.6,29.7,24.6,3.0,90.0,77.0,27.15
ZONE IV,2010,1,0,5.8,30.28461538461539,24.661538461538463,4.0,110.0,76.38461538461539,27.47307692307692
ZONE IV,2011,1,0,69.7,30.0,24.7,3.0,110.0,76.0,27.35
ZONE IV,2013,1,0,37.6,30.2,24.2,4.0,140.0,78.0,27.2
ZONE IV,2015,1,0,31.8,29.5,23.6,2.0,140.0,79.0,26.55
ZONE IV,2019,1,0,5.7,30.6,24.9,3.0,90.0,72.0,27.75
ZONE IV,2023,1,0,72.6,29.7,24.6,3.0,90.0,77.0,27.15
BUROL,2010,2,0,0.0,31.16923076923077,24.77692307692308,4.0,110.0,74.61538461538461,27.973076923076924
BUROL,2011,2,1,0.0,31.0,24.9,4.0,110.0,74.0,27.95
BUROL,2012,2,0,104.2,31.2,25.4,4.0,140.0,77.0,28.3
BUROL,2013,2,0,110.0,32.0,25.0,4.0,140.0,76.0,28.5
BUROL,2014,2,0,3.3,31.3,24.1,3.0,140.0,73.0,27.700000000000003
BUROL,2015,2,4,1.0,30.7,24.1,3.0,140.0,75.0,27.4
BUROL,2016,2,0,80.6,30.8,24.9,4.0,90.0,77.0,27.85
BUROL,2017,2,1,5.4,30.0,24.5,4.0,90.0,74.0,27.25
BUROL,2018,2,3,0.8,31.6,25.4,3.0,90.0,77.0,28.5
BUROL,2019,2,5,2.0,31.5,24.6,3.0,90.0,68.0,28.05
BUROL,2020,2,0,31.6,31.1,24.1,3.0,90.0,77.0,27.6
BUROL,2021,2,0,25.9,31.3,24.7,2.0,90.0,75.0,28.0
BUROL,2022,2,2,17.8,31.7,25.5,3.0,90.0,74.0,28.6
BUROL,2023,2,0,12.4,31.0,24.9,3.0,90.0,73.0,27.95
BUROL I,2010,2,0,0.0,31.16923076923077,24.77692307692308,4.0,110.0,74.61538461538461,27.973076923076924
BUROL I,2011,2,3,0.0,31.0,24.9,4.0,110.0,74.0,27.95
BUROL I,2012,2,2,104.2,31.2,25.4,4.0,140.0,77.0,28.3
BUROL I,2013,2,1,110.0,32.0,25.0,4.0,140.0,76.0,28.5
BUROL I,2014,2,2,3.3,31.3,24.1,3.0,140.0,73.0,27.700000000000003
BUROL I,2015,2,4,1.0,30.7,24.1,3.0,140.0,75.0,27.4
BUROL I,2016,2,2,80.6,30.8,24.9,4.0,90.0,77.0,27.85
BUROL I,2017,2,0,5.4,30.0,24.5,4.0,90.0,74.0,27.25
BUROL I,2018,2,2,0.8,31.6,25.4,3.0,90.0,77.0,28.5
BUROL I,2019,2,2,2.0,31.5,24.6,3.0,90.0,68.0,28.05
BUROL I,2020,2,1,31.6,31.1,24.1,3.0,90.0,77.0,27.6
BUROL I,2021,2,6,25.9,31.3,24.7,2.0,90.0,75.0,28.0
BUROL I,2022,2,1,17.8,31.7,25.5,3.0,90.0,74.0,28.6
BUROL I,2023,2,1,12.4,31.0,24.9,3.0,90.0,73.0,27.95
BUROL II,2011,2,0,0.0,31.0,24.9,4.0,110.0,74.0,27.95
BUROL II,2012,2,0,104.2,31.2,25.4,4.0,140.0,77.0,28.3
BUROL II,2013,2,0,110.0,32.0,25.0,4.0,140.0,76.0,28.5
BUROL II,2014,2,0,3.3,31.3,24.1,3.0,140.0,73.0,27.700000000000003
BUROL II,2015,2,0,1.0,30.7,24.1,3.0,140.0,75.0,27.4
BUROL II,2016,2,0,80.6,30.8,24.9,4.0,90.0,77.0,27.85
BUROL II,2017,2,0,5.4,30.0,24.5,4.0,90.0,74.0,27.25
BUROL II,2018,2,1,0.8,31.6,25.4,3.0,90.0,77.0,28.5
BUROL II,2019,2,0,2.0,31.5,24.6,3.0,90.0,68.0,28.05
BUROL II,2020,2,1,31.6,31.1,24.1,3.0,90.0,77.0,27.6
BUROL II,2021,2,1,25.9,31.3,24.7,2.0,90.0,75.0,28.0
BUROL II,2023,2,0,12.4,31.0,24.9,3.0,90.0,73.0,27.95
BUROL III,2010,2,0,0.0,31.16923076923077,24.77692307692308,4.0,110.0,74.61538461538461,27.973076923076924
BUROL III,2011,2,2,0.0,31.0,24.9,4.0,110.0,74.0,27.95
BUROL III,2012,2,0,104.2,31.2,25.4,4.0,140.0,77.0,28.3
BUROL III,2013,2,0,110.0,32.0,25.0,4.0,140.0,76.0,28.5
BUROL III,2014,2,0,3.3,31.3,24.1,3.0,140.0,73.0,27.700000000000003
BUROL III,2015,2,0,1.0,30.7,24.1,3.0,140.0,75.0,27.4
BUROL III,2016,2,0,80.6,30.8,24.9,4.0,90.0,77.0,27.85
BUROL III,2017,2,1,5.4,30.0,24.5,4.0,90.0,74.0,27.25
BUROL III,2018,2,1,0.8,31.6,25.4,3.0,90.0,77.0,28.5
BUROL III,2019,2,1,2.0,31.5,24.6,3.0,90.0,68.0,28.05
BUROL III,2020,2,2,31.6,31.1,24.1,3.0,90.0,77.0,27.6
BUROL III,2021,2,1,25.9,31.3,24.7,2.0,90.0,75.0,28.0
BUROL III,2022,2,0,17.8,31.7,25.5,3.0,90.0,74.0,28.6
BUROL III,2023,2,1,12.4,31.0,24.9,3.0,90.0,73.0,27.95
DASMARIÑAS,2013,2,13,110.0,32.0,25.0,4.0,140.0,76.0,28.5
DATU ESMAEL (BAGO-A-INGUD),2010,2,0,0.0,31.16923076923077,24.77692307692308,4.0,110.0,74.61538461538461,27.973076923076924
DATU ESMAEL (BAGO-A-INGUD),2011,2,0,0.0,31.0,24.9,4.0,110.0,74.0,27.95
DATU ESMAEL (BAGO-A-INGUD),2012,2,0,104.2,31.2,25.4,4.0,140.0,77.0,28.3
DATU ESMAEL (BAGO-A-INGUD),2013,2,1,110.0,32.0,25.0,4.0,140.0,76.0,28.5
DATU ESMAEL (BAGO-A-INGUD),2014,2,0,3.3,31.3,24.1,3.0,140.0,73.0,27.700000000000003
DATU ESMAEL (BAGO-A-INGUD),2015,2,0,1.0,30.7,24.1,3.0,140.0,75.0,27.4
DATU ESMAEL (BAGO-A-INGUD),2016,2,0,80.6,30.8,24.9,4.0,90.0,77.0,27.85
DATU ESMAEL (BAGO-A-INGUD),2017,2,0,5.4,30.0,24.5,4.0,90.0,74.0,27.25
DATU ESMAEL (BAGO-A-INGUD),2018,2,0,0.8,31.6,25.4,3.0,90.0,77.0,28.5
DATU ESMAEL (BAGO-A-INGUD),2019,2,1,2.0,31.5,24.6,3.0,90.0,68.0,28.05
DATU ESMAEL (BAGO-A-INGUD),2020,2,1,31.6,31.1,24.1,3.0,90.0,77.0,27.6
DATU ESMAEL (BAGO-A-INGUD),2022,2,0,17.8,31.7,25.5,3.0,90.0,74.0,28.6
EMMANUEL BERGADO I,2010,2,0,0.0,31.16923076923077,24.77692307692308,4.0,110.0,74.61538461538461,27.973076923076924
EMMANUEL BERGADO I,2011,2,0,0.0,31.0,24.9,4.0,110.0,74.0,27.95
EMMANUEL BERGADO I,2012,2,0,104.2,31.2,25.4,4.0,140.0,77.0,28.3
EMMANUEL BERGADO I,2013,2,0,110.0,32.0,25.0,4.0,140.0,76.0,28.5
EMMANUEL BERGADO I,2014,2,0,3.3,31.3,24.1,3.0,140.0,73.0,27.700000000000003
EMMANUEL BERGADO I,2015,2,1,1.0,30.7,24.1,3.0,140.0,75.0,27.4
EMMANUEL BERGADO I,2016,2,0,80.6,30.8,24.9,4.0,90.0,77.0,27.85
EMMANUEL BERGADO I,2017,2,0,5.4,30.0,24.5,4.0,90.0,74.0,27.25
EMMANUEL BERGADO I,2018,2,2,0.8,31.6,25.4,3.0,90.0,77.0,28.5
EMMANUEL BERGADO I,2019,2,0,2.0,31.5,24.6,3.0,90.0,68.0,28.05
EMMANUEL BERGADO I,2020,2,1,31.6,31.1,24.1,3.0,90.0,77.0,27.6
EMMANUEL BERGADO I,2021,2,0,25.9,31.3,24.7,2.0,90.0,75.0,28.0
EMMANUEL BERGADO I,2022,2,2,17.8,31.7,25.5,3.0,90.0,74.0,28.6
EMMANUEL BERGADO I,2023,2,0,12.4,31.0,24.9,3.0,90.0,73.0,27.95
EMMANUEL BERGADO II,2010,2,0,0.0,31.16923076923077,24.77692307692308,4.0,110.0,74.61538461538461,27.973076923076924
EMMANUEL BERGADO II,2011,2,0,0.0,31.0,24.9,4.0,110.0,74.0,27.95
EMMANUEL BERGADO II,2012,2,0,104.2,31.2,25.4,4.0,140.0,77.0,28.3
EMMANUEL BERGADO II,2013,2,0,110.0,32.0,25.0,4.0,140.0,76.0,28.5
EMMANUEL BERGADO II,2014,2,0,3.3,31.3,24.1,3.0,140.0,73.0,27.700000000000003
EMMANUEL BERGADO II,2015,2,0,1.0,30.7,24.1,3.0,140.0,75.0,27.4
EMMANUEL BERGADO II,2016,2,1,80.6,30.8,24.9,4.0,90.0,77.0,27.85
EMMANUEL BERGADO II,2017,2,0,5.4,30.0,24.5,4.0,90.0,74.0,27.25
EMMANUEL BERGADO II,2018,2,1,0.8,31.6,25.4,3.0,90.0,77.0,28.5
EMMANUEL BERGADO II,2019,2,0,2.0,31.5,24.6,3.0,90.0,68.0,28.05
EMMANUEL BERGADO II,2020,2,0,31.6,31.1,24.1,3.0,90.0,77.0,27.6
EMMANUEL BERGADO II,2021,2,1,25.9,31.3,24.7,2.0,90.0,75.0,28.0
EMMANUEL BERGADO II,2022,2,0,17.8,31.7,25.5,3.0,90.0,74.0,28.6
EMMANUEL BERGADO II,2023,2,0,12.4,31.0,24.9,3.0,90.0,73.0,27.95
FATIMA I,2010,2,0,0.0,31.16923076923077,24.77692307692308,4.0,110.0,74.61538461538461,27.973076923076924
FATIMA I,2011,2,0,0.0,31.0,24.9,4.0,110.0,74.0,27.95
FATIMA I,2012,2,1,104.2,31.2,25.4,4.0,140.0,77.0,28.3
FATIMA I,2013,2,0,110.0,32.0,25.0,4.0,140.0,76.0,28.5
FATIMA I,2014,2,1,3.3,31.3,24.1,3.0,140.0,73.0,27.700000000000003
FATIMA I,2015,2,0,1.0,30.7,24.1,3.0,140.0,75.0,27.4
FATIMA I,2016,2,0,80.6,30.8,24.9,4.0,90.0,77.0,27.85
FATIMA I,2017,2,1,5.4,30.0,24.5,4.0,90.0,74.0,27.25
FATIMA I,2018,2,0,0.8,31.6,25.4,3.0,90.0,77.0,28.5
FATIMA I,2019,2,0,2.0,31.5,24.6,3.0,90.0,68.0,28.05
FATIMA I,2020,2,0,31.6,31.1,24.1,3.0,90.0,77.0,27.6
FATIMA I,2022,2,0,17.8,31.7,25.5,3.0,90.0,74.0,28.6
FATIMA I,2023,2,0,12.4,31.0,24.9,3.0,90.0,73.0,27.95
FATIMA II,2010,2,0,0.0,31.16923076923077,24.77692307692308,4.0,110.0,74.61538461538461,27.973076923076924
FATIMA II,2011,2,0,0.0,31.0,24.9,4.0,110.0,74.0,27.95
FATIMA II,2012,2,0,104.2,31.2,25.4,4.0,140.0,77.0,28.3
FATIMA II,2013,2,0,110.0,32.0,25.0,4.0,140.0,76.0,28.5
FATIMA II,2014,2,0,3.3,31.3,24.1,3.0,140.0,73.0,27.700000000000003
FATIMA II,2015,2,0,1.0,30.7,24.1,3.0,140.0,75.0,27.4
FATIMA II,2016,2,1,80.6,30.8,24.9,4.0,90.0,77.0,27.85
FATIMA II,2017,2,0,5.4,30.0,24.5,4.0,90.0,74.0,27.25
FATIMA II,2018,2,1,0.8,31.6,25.4,3.0,90.0,77.0,28.5
FATIMA II,2019,2,0,2.0,31.5,24.6,3.0,90.0,68.0,28.05
FATIMA II,2020,2,0,31.6,31.1,24.1,3.0,90.0,77.0,27.6
FATIMA II,2021,2,0,25.9,31.3,24.7,2.0,90.0,75.0,28.0
FATIMA II,2022,2,0,17.8,31.7,25.5,3.0,90.0,74.0,28.6
FATIMA II,2023,2,0,12.4,31.0,24.9,3.0,90.0,73.0,27.95
FATIMA III,2010,2,0,0.0,31.16923076923077,24.77692307692308,4.0,110.0,74.61538461538461,27.973076923076924
FATIMA III,2011,2,0,0.0,31.0,24.9,4.0,110.0,74.0,27.95
FATIMA III,2012,2,0,104.2,31.2,25.4,4.0,140.0,77.0,28.3
FATIMA III,2013,2,1,110.0,32.0,25.0,4.0,140.0,76.0,28.5
FATIMA III,2014,2,0,3.3,31.3,24.1,3.0,140.0,73.0,27.700000000000003
FATIMA III,2015,2,1,1.0,30.7,24.1,3.0,140.0,75.0,27.4
FATIMA III,2016,2,1,80.6,30.8,24.9,4.0,90.0,77.0,27.85
FATIMA III,2017,2,1,5.4,30.0,24.5,4.0,90.0,74.0,27.25
FATIMA III,2018,2,0,0.8,31.6,25.4,3.0,90.0,77.0,28.5
FATIMA III,2019,2,0,2.0,31.5,24.6,3.0,90.0,68.0,28.05
FATIMA III,2020,2,2,31.6,31.1,24.1,3.0,90.0,77.0,27.6
FATIMA III,2021,2,1,25.9,31.3,24.7,2.0,90.0,75.0,28.0
FATIMA III,2022,2,0,17.8,31.7,25.5,3.0,90.0,74.0,28.6
FATIMA III,2023,2,1,12.4,31.0,24.9,3.0,90.0,73.0,27.95
H-II,2010,2,0,0.0,31.16923076923077,24.77692307692308,4.0,110.0,74.61538461538461,27.973076923076924
H-II,2015,2,0,1.0,30.7,24.1,3.0,140.0,75.0,27.4
H-II,2017,2,0,5.4,30.0,24.5,4.0,90.0,74.0,27.25
H-II,2018,2,0,0.8,31.6,25.4,3.0,90.0,77.0,28.5
LANGKAAN I,2010,2,0,0.0,31.16923076923077,24.77692307692308,4.0,110.0,74.61538461538461,27.973076923076924
LANGKAAN I,2011,2,0,0.0,31.0,24.9,4.0,110.0,74.0,27.95
LANGKAAN I,2012,2,3,104.2,31.2,25.4,4.0,140.0,77.0,28.3
LANGKAAN I,2013,2,0,110.0,32.0,25.0,4.0,140.0,76.0,28.5
LANGKAAN I,2014,2,3,3.3,31.3,24.1,3.0,140.0,73.0,27.700000000000003
LANGKAAN I,2015,2,2,1.0,30.7,24.1,3.0,140.0,75.0,27.4
LANGKAAN I,2016,2,1,80.6,30.8,24.9,4.0,90.0,77.0,27.85
LANGKAAN I,2017,2,1,5.4,30.0,24.5,4.0,90.0,74.0,27.25
LANGKAAN I,2018,2,3,0.8,31.6,25.4,3.0,90.0,77.0,28.5
LANGKAAN I,2019,2,13,2.0,31.5,24.6,3.0,90.0,68.0,28.05
LANGKAAN I,2020,2,1,31.6,31.1,24.1,3.0,90.0,77.0,27.6
LANGKAAN I,2021,2,0,25.9,31.3,24.7,2.0,90.0,75.0,28.0
LANGKAAN I,2022,2,1,17.8,31.7,25.5,3.0,90.0,74.0,28.6
LANGKAAN I,2023,2,0,12.4,31.0,24.9,3.0,90.0,73.0,27.95
LANGKAAN II,2010,2,1,0.0,31.16923076923077,24.77692307692308,4.0,110.0,74.61538461538461,27.973076923076924
LANGKAAN II,2011,2,4,0.0,31.0,24.9,4.0,110.0,74.0,27.95
LANGKAAN II,2012,2,0,104.2,31.2,25.4,4.0,140.0,77.0,28.3
LANGKAAN II,2013,2,0,110.0,32.0,25.0,4.0,140.0,76.0,28.5
LANGKAAN II,2014,2,0,3.3,31.3,24.1,3.0,140.0,73.0,27.700000000000003
LANGKAAN II,2015,2,0,1.0,30.7,24.1,3.0,140.0,75.0,27.4
LANGKAAN II,2016,2,0,80.6,30.8,24.9,4.0,90.0,77.0,27.85
LANGKAAN II,2017,2,3,5.4,30.0,24.5,4.0,90.0,74.0,27.25
LANGKAAN II,2018,2,0,0.8,31.6,25.4,3.0,90.0,77.0,28.5
LANGKAAN II,2019,2,14,2.0,31.5,24.6,3.0,90.0,68.0,28.05
LANGKAAN II,2020,2,6,31.6,31.1,24.1,3.0,90.0,77.0,27.6
LANGKAAN II,2021,2,1,25.9,31.3,24.7,2.0,90.0,75.0,28.0
LANGKAAN II,2022,2,0,17.8,31.7,25.5,3.0,90.0,74.0,28.6
LANGKAAN II,2023,2,0,12.4,31.0,24.9,3.0,90.0,73.0,27.95
LUZVIMINDA I,2011,2,0,0.0,31.0,24.9,4.0,110.0,74.0,27.95
LUZVIMINDA I,2012,2,0,104.2,31.2,25.4,4.0,140.0,77.0,28.3
LUZVIMINDA I,2014,2,0,3.3,31.3,24.1,3.0,140.0,73.0,27.700000000000003
LUZVIMINDA I,2015,2,0,1.0,30.7,24.1,3.0,140.0,75.0,27.4
LUZVIMINDA I,2016,2,0,80.6,30.8,24.9,4.0,90.0,77.0,27.85
LUZVIMINDA I,2017,2,0,5.4,30.0,24.5,4.0,90.0,74.0,27.25
LUZVIMINDA I,2018,2,0,0.8,31.6,25.4,3.0,90.0,77.0,28.5
LUZVIMINDA I,2019,2,1,2.0,31.5,24.6,3.0,90.0,68.0,28.05
LUZVIMINDA I,2020,2,0,31.6,31.1,24.1,3.0,90.0,77.0,27.6
LUZVIMINDA I,2021,2,0,25.9,31.3,24.7,2.0,90.0,75.0,28.0
LUZVIMINDA I,2022,2,0,17.8,31.7,25.5,3.0,90.0,74.0,28.6
LUZVIMINDA I,2023,2,0,12.4,31.0,24.9,3.0,90.0,73.0,27.95
LUZVIMINDA II,2011,2,0,0.0,31.0,24.9,4.0,110.0,74.0,27.95
LUZVIMINDA II,2012,2,0,104.2,31.2,25.4,4.0,140.0,77.0,28.3
LUZVIMINDA II,2013,2,0,110.0,32.0,25.0,4.0,140.0,76.0,28.5
LUZVIMINDA II,2014,2,0,3.3,31.3,24.1,3.0,140.0,73.0,27.700000000000003
LUZVIMINDA II,2015,2,0,1.0,30.7,24.1,3.0,140.0,75.0,27.4
LUZVIMINDA II,2016,2,0,80.6,30.8,24.9,4.0,90.0,77.0,27.85
LUZVIMINDA II,2017,2,1,5.4,30.0,24.5,4.0,90.0,74.0,27.25
LUZVIMINDA II,2018,2,0,0.8,31.6,25.4,3.0,90.0,77.0,28.5
LUZVIMINDA II,2019,2,1,2.0,31.5,24.6,3.0,90.0,68.0,28.05
LUZVIMINDA II,2020,2,0,31.6,31.1,24.1,3.0,90.0,77.0,27.6
LUZVIMINDA II,2022,2,0,17.8,31.7,25.5,3.0,90.0,74.0,28.6
LUZVIMINDA II,2023,2,0,12.4,31.0,24.9,3.0,90.0,73.0,27.95
PALIPARAN I,2010,2,0,0.0,31.16923076923077,24.77692307692308,4.0,110.0,74.61538461538461,27.973076923076924
PALIPARAN I,2011,2,0,0.0,31.0,24.9,4.0,110.0,74.0,27.95
PALIPARAN I,2012,2,1,104.2,31.2,25.4,4.0,140.0,77.0,28.3
PALIPARAN I,2013,2,1,110.0,32.0,25.0,4.0,140.0,76.0,28.5
PALIPARAN I,2014,2,1,3.3,31.3,24.1,3.0,140.0,73.0,27.700000000000003
PALIPARAN I,2015,2,8,1.0,30.7,24.1,3.0,140.0,75.0,27.4
PALIPARAN I,2016,2,1,80.6,30.8,24.9,4.0,90.0,77.0,27.85
PALIPARAN I,2017,2,0,5.4,30.0,24.5,4.0,90.0,74.0,27.25
PALIPARAN I,2018,2,1,0.8,31.6,25.4,3.0,90.0,77.0,28.5
PALIPARAN I,2019,2,5,2.0,31.5,24.6,3.0,90.0,68.0,28.05
PALIPARAN I,2020,2,3,31.6,31.1,24.1,3.0,90.0,77.0,27.6
PALIPARAN I,2021,2,2,25.9,31.3,24.7,2.0,90.0,75.0,28.0
PALIPARAN I,2022,2,0,17.8,31.7,25.5,3.0,90.0,74.0,28.6
PALIPARAN I,2023,2,0,12.4,31.0,24.9,3.0,90.0,73.0,27.95
PALIPARAN II,2010,2,0,0.0,31.16923076923077,24.77692307692308,4.0,110.0,74.61538461538461,27.973076923076924
PALIPARAN II,2011,2,0,0.0,31.0,24.9,4.0,110.0,74.0,27.95
PALIPARAN II,2012,2,0,104.2,31.2,25.4,4.0,140.0,77.0,28.3
PALIPARAN II,2013,2,1,110.0,32.0,25.0,4.0,140.0,76.0,28.5
PALIPARAN II,2014,2,0,3.3,31.3,24.1,3.0,140.0,73.0,27.700000000000003
PALIPARAN II,2015,2,3,1.0,30.7,24.1,3.0,140.0,75.0,27.4
PALIPARAN II,2016,2,0,80.6,30.8,24.9,4.0,90.0,77.0,27.85
PALIPARAN II,2017,2,1,5.4,30.0,24.5,4.0,90.0,74.0,27.25
PALIPARAN II,2018,2,0,0.8,31.6,25.4,3.0,90.0,77.0,28.5
PALIPARAN II,2019,2,3,2.0,31.5,24.6,3.0,90.0,68.0,28.05
PALIPARAN II,2020,2,2,31.6,31.1,24.1,3.0,90.0,77.0,27.6
PALIPARAN II,2021,2,4,25.9,31.3,24.7,2.0,90.0,75.0,28.0
PALIPARAN II,2022,2,1,17.8,31.7,25.5,3.0,90.0,74.0,28.6
PALIPARAN II,2023,2,0,12.4,31.0,24.9,3.0,90.0,73.0,27.95
PALIPARAN III,2010,2,0,0.0,31.16923076923077,24.77692307692308,4.0,110.0,74.61538461538461,27.973076923076924
PALIPARAN III,2011,2,3,0.0,31.0,24.9,4.0,110.0,74.0,27.95
PALIPARAN III,2012,2,0,104.2,31.2,25.4,4.0,140.0,77.0,28.3
PALIPARAN III,2013,2,0,110.0,32.0,25.0,4.0,140.0,76.0,28.5
PALIPARAN III,2014,2,0,3.3,31.3,24.1,3.0,140.0,73.0,27.700000000000003
PALIPARAN III,2015,2,0,1.0,30.7,24.1,3.0,140.0,75.0,27.4
PALIPARAN III,2016,2,1,80.6,30.8,24.9,4.0,90.0,77.0,27.85
PALIPARAN III,2017,2,0,5.4,30.0,24.5,4.0,90.0,74.0,27.25
PALIPARAN III,2018,2,0,0.8,31.6,25.4,3.0,90.0,77.0,28.5
PALIPARAN III,2019,2,10,2.0,31.5,24.6,3.0,90.0,68.0,28.05
PALIPARAN III,2020,2,0,31.6,31.1,24.1,3.0,90.0,77.0,27.6
PALIPARAN III,2021,2,1,25.9,31.3,24.7,2.0,90.0,75.0,28.0
PALIPARAN III,2022,2,0,17.8,31.7,25.5,3.0,90.0,74.0,28.6
PALIPARAN III,2023,2,0,12.4,31.0,24.9,3.0,90.0,73.0,27.95
SABANG,2010,2,0,0.0,31.16923076923077,24.77692307692308,4.0,110.0,74.61538461538461,27.973076923076924
SABANG,2011,2,1,0.0,31.0,24.9,4.0,110.0,74.0,27.95
SABANG,2012,2,1,104.2,31.2,25.4,4.0,140.0,77.0,28.3
SABANG,2013,2,1,110.0,32.0,25.0,4.0,140.0,76.0,28.5
SABANG,2014,2,1,3.3,31.3,24.1,3.0,140.0,73.0,27.700000000000003
SABANG,2015,2,3,1.0,30.7,24.1,3.0,140.0,75.0,27.4
SABANG,2016,2,2,80.6,30.8,24.9,4.0,90.0,77.0,27.85
SABANG,2017,2,1,5.4,30.0,24.5,4.0,90.0,74.0,27.25
SABANG,2018,2,1,0.8,31.6,25.4,3.0,90.0,77.0,28.5
SABANG,2019,2,2,2.0,31.5,24.6,3.0,90.0,68.0,28.05
SABANG,2020,2,3,31.6,31.1,24.1,3.0,90.0,77.0,27.6
SABANG,2021,2,0,25.9,31.3,24.7,2.0,90.0,75.0,28.0
SABANG,2022,2,0,17.8,31.7,25.5,3.0,90.0,74.0,28.6
SABANG,2023,2,2,12.4,31.0,24.9,3.0,90.0,73.0,27.95
SAINT PETER I,2010,2,0,0.0,31.16923076923077,24.77692307692308,4.0,110.0,74.61538461538461,27.973076923076924
SAINT PETER I,2011,2,0,0.0,31.0,24.9,4.0,110.0,74.0,27.95
SAINT PETER I,2012,2,0,104.2,31.2,25.4,4.0,140.0,77.0,28.3
SAINT PETER I,2013,2,0,110.0,32.0,25.0,4.0,140.0,76.0,28.5
SAINT PETER I,2014,2,0,3.3,31.3,24.1,3.0,140.0,73.0,27.700000000000003
SAINT PETER I,2015,2,0,1.0,30.7,24.1,3.0,140.0,75.0,27.4
SAINT PETER I,2016,2,0,80.6,30.8,24.9,4.0,90.0,77.0,27.85
SAINT PETER I,2017,2,0,5.4,30.0,24.5,4.0,90.0,74.0,27.25
SAINT PETER I,2018,2,0,0.8,31.6,25.4,3.0,90.0,77.0,28.5
SAINT PETER I,2019,2,0,2.0,31.5,24.6,3.0,90.0,68.0,28.05
SAINT PETER I,2020,2,2,31.6,31.1,24.1,3.0,90.0,77.0,27.6
SAINT PETER I,2021,2,1,25.9,31.3,24.7,2.0,90.0,75.0,28.0
SAINT PETER I,2022,2,0,17.8,31.7,25.5,3.0,90.0,74.0,28.6
SAINT PETER II,2010,2,0,0.0,31.16923076923077,24.77692307692308,4.0,110.0,74.61538461538461,27.973076923076924
SAINT PETER II,2011,2,0,0.0,31.0,24.9,4.0,110.0,74.0,27.95
SAINT PETER II,2013,2,0,110.0,32.0,25.0,4.0,140.0,76.0,28.5
SAINT PETER II,2015,2,0,1.0,30.7,24.1,3.0,140.0,75.0,27.4
SAINT PETER II,2016,2,0,80.6,30.8,24.9,4.0,90.0,77.0,27.85
SAINT PETER II,2017,2,0,5.4,30.0,24.5,4.0,90.0,74.0,27.25
SAINT PETER II,2018,2,0,0.8,31.6,25.4,3.0,90.0,77.0,28.5
SAINT PETER II,2019,2,0,2.0,31.5,24.6,3.0,90.0,68.0,28.05
SAINT PETER II,2022,2,0,17.8,31.7,25.5,3.0,90.0,74.0,28.6
SAINT PETER II,2023,2,0,12.4,31.0,24.9,3.0,90.0,73.0,27.95
SALAWAG,2010,2,1,0.0,31.16923076923077,24.77692307692308,4.0,110.0,74.61538461538461,27.973076923076924
SALAWAG,2011,2,2,0.0,31.0,24.9,4.0,110.0,74.0,27.95
SALAWAG,2012,2,2,104.2,31.2,25.4,4.0,140.0,77.0,28.3
SALAWAG,2013,2,0,110.0,32.0,25.0,4.0,140.0,76.0,28.5
SALAWAG,2014,2,2,3.3,31.3,24.1,3.0,140.0,73.0,27.700000000000003
SALAWAG,2015,2,13,1.0,30.7,24.1,3.0,140.0,75.0,27.4
SALAWAG,2016,2,6,80.6,30.8,24.9,4.0,90.0,77.0,27.85
SALAWAG,2017,2,5,5.4,30.0,24.5,4.0,90.0,74.0,27.25
SALAWAG,2018,2,3,0.8,31.6,25.4,3.0,90.0,77.0,28.5
SALAWAG,2019,2,9,2.0,31.5,24.6,3.0,90.0,68.0,28.05
SALAWAG,2020,2,7,31.6,31.1,24.1,3.0,90.0,77.0,27.6
SALAWAG,2021,2,2,25.9,31.3,24.7,2.0,90.0,75.0,28.0
SALAWAG,2022,2,1,17.8,31.7,25.5,3.0,90.0,74.0,28.6
SALAWAG,2023,2,1,12.4,31.0,24.9,3.0,90.0,73.0,27.95
SALITRAN I,2010,2,0,0.0,31.16923076923077,24.77692307692308,4.0,110.0,74.61538461538461,27.973076923076924
SALITRAN I,2011,2,1,0.0,31.0,24.9,4.0,110.0,74.0,27.95
SALITRAN I,2012,2,0,104.2,31.2,25.4,4.0,140.0,77.0,28.3
SALITRAN I,2013,2,0,110.0,32.0,25.0,4.0,140.0,76.0,28.5
SALITRAN I,2014,2,0,3.3,31.3,24.1,3.0,140.0,73.0,27.700000000000003
SALITRAN I,2015,2,0,1.0,30.7,24.1,3.0,140.0,75.0,27.4
SALITRAN I,2016,2,0,80.6,30.8,24.9,4.0,90.0,77.0,27.85
SALITRAN I,2017,2,0,5.4,30.0,24.5,4.0,90.0,74.0,27.25
SALITRAN I,2018,2,0,0.8,31.6,25.4,3.0,90.0,77.0,28.5
SALITRAN I,2019,2,3,2.0,31.5,24.6,3.0,90.0,68.0,28.05
SALITRAN I,2020,2,1,31.6,31.1,24.1,3.0,90.0,77.0,27.6
SALITRAN I,2021,2,3,25.9,31.3,24.7,2.0,90.0,75.0,28.0
SALITRAN I,2022,2,0,17.8,31.7,25.5,3.0,90.0,74.0,28.6
SALITRAN I,2023,2,0,12.4,31.0,24.9,3.0,90.0,73.0,27.95
SALITRAN II,2010,2,0,0.0,31.16923076923077,24.77692307692308,4.0,110.0,74.61538461538461,27.973076923076924
SALITRAN II,2011,2,2,0.0,31.0,24.9,4.0,110.0,74.0,27.95
SALITRAN II,2012,2,0,104.2,31.2,25.4,4.0,140.0,77.0,28.3
SALITRAN II,2013,2,0,110.0,32.0,25.0,4.0,140.0,76.0,28.5
SALITRAN II,2014,2,0,3.3,31.3,24.1,3.0,140.0,73.0,27.700000000000003
SALITRAN II,2015,2,2,1.0,30.7,24.1,3.0,140.0,75.0,27.4
SALITRAN II,2016,2,2,80.6,30.8,24.9,4.0,90.0,77.0,27.85
SALITRAN II,2017,2,0,5.4,30.0,24.5,4.0,90.0,74.0,27.25
SALITRAN II,2018,2,0,0.8,31.6,25.4,3.0,90.0,77.0,28.5
SALITRAN II,2019,2,7,2.0,31.5,24.6,3.0,90.0,68.0,28.05
SALITRAN II,2020,2,1,31.6,31.1,24.1,3.0,90.0,77.0,27.6
SALITRAN II,2021,2,0,25.9,31.3,24.7,2.0,90.0,75.0,28.0
SALITRAN II,2022,2,0,17.8,31.7,25.5,3.0,90.0,74.0,28.6
SALITRAN II,2023,2,3,12.4,31.0,24.9,3.0,90.0,73.0,27.95
SALITRAN III,2010,2,0,0.0,31.16923076923077,24.77692307692308,4.0,110.0,74.61538461538461,27.973076923076924
SALITRAN III,2011,2,2,0.0,31.0,24.9,4.0,110.0,74.0,27.95
SALITRAN III,2012,2,1,104.2,31.2,25.4,4.0,140.0,77.0,28.3
SALITRAN III,2013,2,0,110.0,32.0,25.0,4.0,140.0,76.0,28.5
SALITRAN III,2014,2,1,3.3,31.3,24.1,3.0,140.0,73.0,27.700000000000003
SALITRAN III,2015,2,9,1.0,30.7,24.1,3.0,140.0,75.0,27.4
SALITRAN III,2016,2,2,80.6,30.8,24.9,4.0,90.0,77.0,27.85
SALITRAN III,2017,2,0,5.4,30.0,24.5,4.0,90.0,74.0,27.25
SALITRAN III,2018,2,0,0.8,31.6,25.4,3.0,90.0,77.0,28.5
SALITRAN III,2019,2,3,2.0,31.5,24.6,3.0,90.0,68.0,28.05
SALITRAN III,2020,2,0,31.6,31.1,24.1,3.0,90.0,77.0,27.6
SALITRAN III,2021,2,2,25.9,31.3,24.7,2.0,90.0,75.0,28.0
SALITRAN III,2022,2,1,17.8,31.7,25.5,3.0,90.0,74.0,28.6
SALITRAN III,2023,2,1,12.4,31.0,24.9,3.0,90.0,73.0,27.95
SALITRAN IV,2010,2,0,0.0,31.16923076923077,24.77692307692308,4.0,110.0,74.61538461538461,27.973076923076924
SALITRAN IV,2011,2,0,0.0,31.0,24.9,4.0,110.0,74.0,27.95
SALITRAN IV,2012,2,2,104.2,31.2,25.4,4.0,140.0,77.0,28.3
SALITRAN IV,2013,2,0,110.0,32.0,25.0,4.0,140.0,76.0,28.5
SALITRAN IV,2014,2,2,3.3,31.3,24.1,3.0,140.0,73.0,27.700000000000003
SALITRAN IV,2015,2,2,1.0,30.7,24.1,3.0,140.0,75.0,27.4
SALITRAN IV,2016,2,0,80.6,30.8,24.9,4.0,90.0,77.0,27.85
SALITRAN IV,2017,2,0,5.4,30.0,24.5,4.0,90.0,74.0,27.25
SALITRAN IV,2018,2,0,0.8,31.6,25.4,3.0,90.0,77.0,28.5
SALITRAN IV,2019,2,2,2.0,31.5,24.6,3.0,90.0,68.0,28.05
SALITRAN IV,2020,2,1,31.6,31.1,24.1,3.0,90.0,77.0,27.6
SALITRAN IV,2021,2,1,25.9,31.3,24.7,2.0,90.0,75.0,28.0
SALITRAN IV,2022,2,1,17.8,31.7,25.5,3.0,90.0,74.0,28.6
SALITRAN IV,2023,2,1,12.4,31.0,24.9,3.0,90.0,73.0,27.95
SAMPALOC I,2010,2,0,0.0,31.16923076923077,24.77692307692308,4.0,110.0,74.61538461538461,27.973076923076924
SAMPALOC I,2011,2,3,0.0,31.0,24.9,4.0,110.0,74.0,27.95
SAMPALOC I,2012,2,1,104.2,31.2,25.4,4.0,140.0,77.0,28.3
SAMPALOC I,2013,2,0,110.0,32.0,25.0,4.0,140.0,76.0,28.5
SAMPALOC I,2014,2,1,3.3,31.3,24.1,3.0,140.0,73.0,27.700000000000003
SAMPALOC I,2015,2,2,1.0,30.7,24.1,3.0,140.0,75.0,27.4
SAMPALOC I,2016,2,1,80.6,30.8,24.9,4.0,90.0,77.0,27.85
SAMPALOC I,2017,2,0,5.4,30.0,24.5,4.0,90.0,74.0,27.25
SAMPALOC I,2018,2,1,0.8,31.6,25.4,3.0,90.0,77.0,28.5
SAMPALOC I,2019,2,0,2.0,31.5,24.6,3.0,90.0,68.0,28.05
SAMPALOC I,2020,2,1,31.6,31.1,24.1,3.0,90.0,77.0,27.6
SAMPALOC I,2021,2,0,25.9,31.3,24.7,2.0,90.0,75.0,28.0
SAMPALOC I,2022,2,0,17.8,31.7,25.5,3.0,90.0,74.0,28.6
SAMPALOC I,2023,2,0,12.4,31.0,24.9,3.0,90.0,73.0,27.95
SAMPALOC II,2010,2,0,0.0,31.16923076923077,24.77692307692308,4.0,110.0,74.61538461538461,27.973076923076924
SAMPALOC II,2011,2,0,0.0,31.0,24.9,4.0,110.0,74.0,27.95
SAMPALOC II,2012,2,2,104.2,31.2,25.4,4.0,140.0,77.0,28.3
SAMPALOC II,2013,2,0,110.0,32.0,25.0,4.0,140.0,76.0,28.5
SAMPALOC II,2014,2,2,3.3,31.3,24.1,3.0,140.0,73.0,27.700000000000003
SAMPALOC II,2015,2,2,1.0,30.7,24.1,3.0,140.0,75.0,27.4
SAMPALOC II,2016,2,4,80.6,30.8,24.9,4.0,90.0,77.0,27.85
SAMPALOC II,2017,2,1,5.4,30.0,24.5,4.0,90.0,74.0,27.25
SAMPALOC II,2018,2,1,0.8,31.6,25.4,3.0,90.0,77.0,28.5
SAMPALOC II,2019,2,3,2.0,31.5,24.6,3.0,90.0,68.0,28.05
SAMPALOC II,2020,2,1,31.6,31.1,24.1,3.0,90.0,77.0,27.6
SAMPALOC II,2021,2,0,25.9,31.3,24.7,2.0,90.0,75.0,28.0
SAMPALOC II,2022,2,0,17.8,31.7,25.5,3.0,90.0,74.0,28.6
SAMPALOC II,2023,2,0,12.4,31.0,24.9,3.0,90.0,73.0,27.95
SAMPALOC III,2010,2,0,0.0,31.16923076923077,24.77692307692308,4.0,110.0,74.61538461538461,27.973076923076924
SAMPALOC III,2011,2,0,0.0,31.0,24.9,4.0,110.0,74.0,27.95
SAMPALOC III,2012,2,1,104.2,31.2,25.4,4.0,140.0,77.0,28.3
SAMPALOC III,2013,2,1,110.0,32.0,25.0,4.0,140.0,76.0,28.5
SAMPALOC III,2014,2,1,3.3,31.3,24.1,3.0,140.0,73.0,27.700000000000003
SAMPALOC III,2015,2,2,1.0,30.7,24.1,3.0,140.0,75.0,27.4
SAMPALOC III,2016,2,0,80.6,30.8,24.9,4.0,90.0,77.0,27.85
SAMPALOC III,2017,2,0,5.4,30.0,24.5,4.0,90.0,74.0,27.25
SAMPALOC III,2018,2,0,0.8,31.6,25.4,3.0,90.0,77.0,28.5
SAMPALOC III,2019,2,1,2.0,31.5,24.6,3.0,90.0,68.0,28.05
SAMPALOC III,2020,2,0,31.6,31.1,24.1,3.0,90.0,77.0,27.6
SAMPALOC III,2021,2,0,25.9,31.3,24.7,2.0,90.0,75.0,28.0
SAMPALOC III,2022,2,0,17.8,31.7,25.5,3.0,90.0,74.0,28.6
SAMPALOC III,2023,2,0,12.4,31.0,24.9,3.0,90.0,73.0,27.95
SAMPALOC IV,2010,2,0,0.0,31.16923076923077,24.77692307692308,4.0,110.0,74.61538461538461,27.973076923076924
SAMPALOC IV,2011,2,2,0.0,31.0,24.9,4.0,110.0,74.0,27.95
SAMPALOC IV,2012,2,1,104.2,31.2,25.4,4.0,140.0,77.0,28.3
SAMPALOC IV,2013,2,0,110.0,32.0,25.0,4.0,140.0,76.0,28.5
SAMPALOC IV,2014,2,1,3.3,31.3,24.1,3.0,140.0,73.0,27.700000000000003
SAMPALOC IV,2015,2,2,1.0,30.7,24.1,3.0,140.0,75.0,27.4
SAMPALOC IV,2016,2,2,80.6,30.8,24.9,4.0,90.0,77.0,27.85
SAMPALOC IV,2017,2,1,5.4,30.0,24.5,4.0,90.0,74.0,27.25
SAMPALOC IV,2018,2,5,0.8,31.6,25.4,3.0,90.0,77.0,28.5
SAMPALOC IV,2019,2,6,2.0,31.5,24.6,3.0,90.0,68.0,28.05
SAMPALOC IV,2020,2,2,31.6,31.1,24.1,3.0,90.0,77.0,27.6
SAMPALOC IV,2021,2,4,25.9,31.3,24.7,2.0,90.0,75.0,28.0
SAMPALOC IV,2022,2,0,17.8,31.7,25.5,3.0,90.0,74.0,28.6
SAMPALOC IV,2023,2,1,12.4,31.0,24.9,3.0,90.0,73.0,27.95
SAMPALOC V,2010,2,0,0.0,31.16923076923077,24.77692307692308,4.0,110.0,74.61538461538461,27.973076923076924
SAMPALOC V,2011,2,0,0.0,31.0,24.9,4.0,110.0,74.0,27.95
SAMPALOC V,2012,2,0,104.2,31.2,25.4,4.0,140.0,77.0,28.3
SAMPALOC V,2013,2,0,110.0,32.0,25.0,4.0,140.0,76.0,28.5
SAMPALOC V,2014,2,0,3.3,31.3,24.1,3.0,140.0,73.0,27.700000000000003
SAMPALOC V,2015,2,0,1.0,30.7,24.1,3.0,140.0,75.0,27.4
SAMPALOC V,2017,2,0,5.4,30.0,24.5,4.0,90.0,74.0,27.25
SAMPALOC V,2018,2,0,0.8,31.6,25.4,3.0,90.0,77.0,28.5
SAMPALOC V,2019,2,1,2.0,31.5,24.6,3.0,90.0,68.0,28.05
SAMPALOC V,2023,2,0,12.4,31.0,24.9,3.0,90.0,73.0,27.95
SAN AGUSTIN I,2010,2,0,0.0,31.16923076923077,24.77692307692308,4.0,110.0,74.61538461538461,27.973076923076924
SAN AGUSTIN I,2011,2,4,0.0,31.0,24.9,4.0,110.0,74.0,27.95
SAN AGUSTIN I,2012,2,1,104.2,31.2,25.4,4.0,140.0,77.0,28.3
SAN AGUSTIN I,2013,2,0,110.0,32.0,25.0,4.0,140.0,76.0,28.5
SAN AGUSTIN I,2014,2,1,3.3,31.3,24.1,3.0,140.0,73.0,27.700000000000003
SAN AGUSTIN I,2015,2,1,1.0,30.7,24.1,3.0,140.0,75.0,27.4
SAN AGUSTIN I,2016,2,0,80.6,30.8,24.9,4.0,90.0,77.0,27.85
SAN AGUSTIN I,2017,2,0,5.4,30.0,24.5,4.0,90.0,74.0,27.25
SAN AGUSTIN I,2018,2,1,0.8,31.6,25.4,3.0,90.0,77.0,28.5
SAN AGUSTIN I,2019,2,4,2.0,31.5,24.6,3.0,90.0,68.0,28.05
SAN AGUSTIN I,2020,2,3,31.6,31.1,24.1,3.0,90.0,77.0,27.6
SAN AGUSTIN I,2021,2,0,25.9,31.3,24.7,2.0,90.0,75.0,28.0
SAN AGUSTIN I,2022,2,0,17.8,31.7,25.5,3.0,90.0,74.0,28.6
SAN AGUSTIN I,2023,2,0,12.4,31.0,24.9,3.0,90.0,73.0,27.95
SAN AGUSTIN II,2010,2,0,0.0,31.16923076923077,24.77692307692308,4.0,110.0,74.61538461538461,27.973076923076924
SAN AGUSTIN II,2011,2,2,0.0,31.0,24.9,4.0,110.0,74.0,27.95
SAN AGUSTIN II,2012,2,0,104.2,31.2,25.4,4.0,140.0,77.0,28.3
SAN AGUSTIN II,2013,2,0,110.0,32.0,25.0,4.0,140.0,76.0,28.5
SAN AGUSTIN II,2014,2,0,3.3,31.3,24.1,3.0,140.0,73.0,27.700000000000003
SAN AGUSTIN II,2015,2,0,1.0,30.7,24.1,3.0,140.0,75.0,27.4
SAN AGUSTIN II,2016,2,1,80.6,30.8,24.9,4.0,90.0,77.0,27.85
SAN AGUSTIN II,2017,2,1,5.4,30.0,24.5,4.0,90.0,74.0,27.25
SAN AGUSTIN II,2018,2,2,0.8,31.6,25.4,3.0,90.0,77.0,28.5
SAN AGUSTIN II,2019,2,2,2.0,31.5,24.6,3.0,90.0,68.0,28.05
SAN AGUSTIN II,2020,2,0,31.6,31.1,24.1,3.0,90.0,77.0,27.6
SAN AGUSTIN II,2021,2,3,25.9,31.3,24.7,2.0,90.0,75.0,28.0
SAN AGUSTIN II,2022,2,0,17.8,31.7,25.5,3.0,90.0,74.0,28.6
SAN AGUSTIN II,2023,2,1,12.4,31.0,24.9,3.0,90.0,73.0,27.95
SAN AGUSTIN III,2010,2,0,0.0,31.16923076923077,24.77692307692308,4.0,110.0,74.61538461538461,27.973076923076924
SAN AGUSTIN III,2011,2,3,0.0,31.0,24.9,4.0,110.0,74.0,27.95
SAN AGUSTIN III,2012,2,4,104.2,31.2,25.4,4.0,140.0,77.0,28.3
SAN AGUSTIN III,2013,2,0,110.0,32.0,25.0,4.0,140.0,76.0,28.5
SAN AGUSTIN III,2014,2,4,3.3,31.3,24.1,3.0,140.0,73.0,27.700000000000003
SAN AGUSTIN III,2015,2,0,1.0,30.7,24.1,3.0,140.0,75.0,27.4
SAN AGUSTIN III,2016,2,2,80.6,30.8,24.9,4.0,90.0,77.0,27.85
SAN AGUSTIN III,2017,2,0,5.4,30.0,24.5,4.0,90.0,74.0,27.25
SAN AGUSTIN III,2018,2,0,0.8,31.6,25.4,3.0,90.0,77.0,28.5
SAN AGUSTIN III,2019,2,1,2.0,31.5,24.6,3.0,90.0,68.0,28.05
SAN AGUSTIN III,2020,2,0,31.6,31.1,24.1,3.0,90.0,77.0,27.6
SAN AGUSTIN III,2021,2,0,25.9,31.3,24.7,2.0,90.0,75.0,28.0
SAN AGUSTIN III,2022,2,1,17.8,31.7,25.5,3.0,90.0,74.0,28.6
SAN AGUSTIN III,2023,2,0,12.4,31.0,24.9,3.0,90.0,73.0,27.95
SAN ANDRES I,2010,2,0,0.0,31.16923076923077,24.77692307692308,4.0,110.0,74.61538461538461,27.973076923076924
SAN ANDRES I,2011,2,0,0.0,31.0,24.9,4.0,110.0,74.0,27.95
SAN ANDRES I,2012,2,0,104.2,31.2,25.4,4.0,140.0,77.0,28.3
SAN ANDRES I,2013,2,0,110.0,32.0,25.0,4.0,140.0,76.0,28.5
SAN ANDRES I,2014,2,0,3.3,31.3,24.1,3.0,140.0,73.0,27.700000000000003
SAN ANDRES I,2015,2,0,1.0,30.7,24.1,3.0,140.0,75.0,27.4
SAN ANDRES I,2016,2,0,80.6,30.8,24.9,4.0,90.0,77.0,27.85
SAN ANDRES I,2017,2,0,5.4,30.0,24.5,4.0,90.0,74.0,27.25
SAN ANDRES I,2018,2,0,0.8,31.6,25.4,3.0,90.0,77.0,28.5
SAN ANDRES I,2019,2,1,2.0,31.5,24.6,3.0,90.0,68.0,28.05
SAN ANDRES I,2020,2,2,31.6,31.1,24.1,3.0,90.0,77.0,27.6
SAN ANDRES I,2021,2,1,25.9,31.3,24.7,2.0,90.0,75.0,28.0
SAN ANDRES I,2022,2,0,17.8,31.7,25.5,3.0,90.0,74.0,28.6
SAN ANDRES I,2023,2,0,12.4,31.0,24.9,3.0,90.0,73.0,27.95
SAN ANDRES II,2011,2,0,0.0,31.0,24.9,4.0,110.0,74.0,27.95
SAN ANDRES II,2012,2,0,104.2,31.2,25.4,4.0,140.0,77.0,28.3
SAN ANDRES II,2014,2,0,3.3,31.3,24.1,3.0,140.0,73.0,27.700000000000003
SAN ANDRES II,2015,2,0,1.0,30.7,24.1,3.0,140.0,75.0,27.4
SAN ANDRES II,2016,2,0,80.6,30.8,24.9,4.0,90.0,77.0,27.85
SAN ANDRES II,2017,2,0,5.4,30.0,24.5,4.0,90.0,74.0,27.25
SAN ANDRES II,2018,2,0,0.8,31.6,25.4,3.0,90.0,77.0,28.5
SAN ANDRES II,2019,2,0,2.0,31.5,24.6,3.0,90.0,68.0,28.05
SAN ANDRES II,2020,2,3,31.6,31.1,24.1,3.0,90.0,77.0,27.6
SAN ANDRES II,2021,2,0,25.9,31.3,24.7,2.0,90.0,75.0,28.0
SAN ANDRES II,2022,2,0,17.8,31.7,25.5,3.0,90.0,74.0,28.6
SAN ANDRES II,2023,2,0,12.4,31.0,24.9,3.0,90.0,73.0,27.95
SAN ANTONIO DE PADUA I,2011,2,1,0.0,31.0,24.9,4.0,110.0,74.0,27.95
SAN ANTONIO DE PADUA I,2012,2,0,104.2,31.2,25.4,4.0,140.0,77.0,28.3
SAN ANTONIO DE PADUA I,2013,2,0,110.0,32.0,25.0,4.0,140.0,76.0,28.5
SAN ANTONIO DE PADUA I,2014,2,0,3.3,31.3,24.1,3.0,140.0,73.0,27.700000000000003
SAN ANTONIO DE PADUA I,2015,2,0,1.0,30.7,24.1,3.0,140.0,75.0,27.4
SAN ANTONIO DE PADUA I,2016,2,0,80.6,30.8,24.9,4.0,90.0,77.0,27.85
SAN ANTONIO DE PADUA I,2017,2,0,5.4,30.0,24.5,4.0,90.0,74.0,27.25
SAN ANTONIO DE PADUA I,2018,2,1,0.8,31.6,25.4,3.0,90.0,77.0,28.5
SAN ANTONIO DE PADUA I,2019,2,1,2.0,31.5,24.6,3.0,90.0,68.0,28.05
SAN ANTONIO DE PADUA I,2020,2,1,31.6,31.1,24.1,3.0,90.0,77.0,27.6
SAN ANTONIO DE PADUA I,2021,2,1,25.9,31.3,24.7,2.0,90.0,75.0,28.0
SAN ANTONIO DE PADUA I,2022,2,0,17.8,31.7,25.5,3.0,90.0,74.0,28.6
SAN ANTONIO DE PADUA I,2023,2,0,12.4,31.0,24.9,3.0,90.0,73.0,27.95
SAN ANTONIO DE PADUA II,2010,2,0,0.0,31.16923076923077,24.77692307692308,4.0,110.0,74.61538461538461,27.973076923076924
SAN ANTONIO DE PADUA II,2011,2,0,0.0,31.0,24.9,4.0,110.0,74.0,27.95
SAN ANTONIO DE PADUA II,2012,2,0,104.2,31.2,25.4,4.0,140.0,77.0,28.3
SAN ANTONIO DE PADUA II,2013,2,1,110.0,32.0,25.0,4.0,140.0,76.0,28.5
SAN ANTONIO DE PADUA II,2014,2,0,3.3,31.3,24.1,3.0,140.0,73.0,27.700000000000003
SAN ANTONIO DE PADUA II,2015,2,0,1.0,30.7,24.1,3.0,140.0,75.0,27.4
SAN ANTONIO DE PADUA II,2016,2,0,80.6,30.8,24.9,4.0,90.0,77.0,27.85
SAN ANTONIO DE PADUA II,2017,2,1,5.4,30.0,24.5,4.0,90.0,74.0,27.25
SAN ANTONIO DE PADUA II,2018,2,0,0.8,31.6,25.4,3.0,90.0,77.0,28.5
SAN ANTONIO DE PADUA II,2019,2,0,2.0,31.5,24.6,3.0,90.0,68.0,28.05
SAN ANTONIO DE PADUA II,2020,2,0,31.6,31.1,24.1,3.0,90.0,77.0,27.6
SAN ANTONIO DE PADUA II,2021,2,0,25.9,31.3,24.7,2.0,90.0,75.0,28.0
SAN ANTONIO DE PADUA II,2022,2,0,17.8,31.7,25.5,3.0,90.0,74.0,28.6
SAN ANTONIO DE PADUA II,2023,2,0,12.4,31.0,24.9,3.0,90.0,73.0,27.95
SAN DIONISIO (BARANGAY I),2010,2,0,0.0,31.16923076923077,24.77692307692308,4.0,110.0,74.61538461538461,27.973076923076924
SAN DIONISIO (BARANGAY I),2011,2,0,0.0,31.0,24.9,4.0,110.0,74.0,27.95
SAN DIONISIO (BARANGAY I),2012,2,0,104.2,31.2,25.4,4.0,140.0,77.0,28.3
SAN DIONISIO (BARANGAY I),2013,2,0,110.0,32.0,25.0,4.0,140.0,76.0,28.5
SAN DIONISIO (BARANGAY I),2014,2,0,3.3,31.3,24.1,3.0,140.0,73.0,27.700000000000003
SAN DIONISIO (BARANGAY I),2015,2,3,1.0,30.7,24.1,3.0,140.0,75.0,27.4
SAN DIONISIO (BARANGAY I),2016,2,0,80.6,30.8,24.9,4.0,90.0,77.0,27.85
SAN DIONISIO (BARANGAY I),2017,2,0,5.4,30.0,24.5,4.0,90.0,74.0,27.25
SAN DIONISIO (BARANGAY I),2018,2,0,0.8,31.6,25.4,3.0,90.0,77.0,28.5
SAN DIONISIO (BARANGAY I),2019,2,0,2.0,31.5,24.6,3.0,90.0,68.0,28.05
SAN DIONISIO (BARANGAY I),2021,2,1,25.9,31.3,24.7,2.0,90.0,75.0,28.0
SAN DIONISIO (BARANGAY I),2022,2,0,17.8,31.7,25.5,3.0,90.0,74.0,28.6
SAN DIONISIO (BARANGAY I),2023,2,1,12.4,31.0,24.9,3.0,90.0,73.0,27.95
SAN ESTEBAN (BARANGAY IV),2010,2,0,0.0,31.16923076923077,24.77692307692308,4.0,110.0,74.61538461538461,27.973076923076924
SAN ESTEBAN (BARANGAY IV),2011,2,0,0.0,31.0,24.9,4.0,110.0,74.0,27.95
SAN ESTEBAN (BARANGAY IV),2012,2,1,104.2,31.2,25.4,4.0,140.0,77.0,28.3
SAN ESTEBAN (BARANGAY IV),2013,2,0,110.0,32.0,25.0,4.0,140.0,76.0,28.5
SAN ESTEBAN (BARANGAY IV),2014,2,1,3.3,31.3,24.1,3.0,140.0,73.0,27.700000000000003
SAN ESTEBAN (BARANGAY IV),2015,2,0,1.0,30.7,24.1,3.0,140.0,75.0,27.4
SAN ESTEBAN (BARANGAY IV),2016,2,1,80.6,30.8,24.9,4.0,90.0,77.0,27.85
SAN ESTEBAN (BARANGAY IV),2017,2,0,5.4,30.0,24.5,4.0,90.0,74.0,27.25
SAN ESTEBAN (BARANGAY IV),2018,2,0,0.8,31.6,25.4,3.0,90.0,77.0,28.5
SAN ESTEBAN (BARANGAY IV),2019,2,1,2.0,31.5,24.6,3.0,90.0,68.0,28.05
SAN ESTEBAN (BARANGAY IV),2020,2,0,31.6,31.1,24.1,3.0,90.0,77.0,27.6
SAN ESTEBAN (BARANGAY IV),2021,2,2,25.9,31.3,24.7,2.0,90.0,75.0,28.0
SAN ESTEBAN (BARANGAY IV),2022,2,0,17.8,31.7,25.5,3.0,90.0,74.0,28.6
SAN ESTEBAN (BARANGAY IV),2023,2,0,12.4,31.0,24.9,3.0,90.0,73.0,27.95
SAN FRANCISCO I,2010,2,0,0.0,31.16923076923077,24.77692307692308,4.0,110.0,74.61538461538461,27.973076923076924
SAN FRANCISCO I,2011,2,1,0.0,31.0,24.9,4.0,110.0,74.0,27.95
SAN FRANCISCO I,2012,2,0,104.2,31.2,25.4,4.0,140.0,77.0,28.3
SAN FRANCISCO I,2014,2,0,3.3,31.3,24.1,3.0,140.0,73.0,27.700000000000003
SAN FRANCISCO I,2015,2,0,1.0,30.7,24.1,3.0,140.0,75.0,27.4
SAN FRANCISCO I,2016,2,0,80.6,30.8,24.9,4.0,90.0,77.0,27.85
SAN FRANCISCO I,2017,2,0,5.4,30.0,24.5,4.0,90.0,74.0,27.25
SAN FRANCISCO I,2018,2,2,0.8,31.6,25.4,3.0,90.0,77.0,28.5
SAN FRANCISCO I,2019,2,1,2.0,31.5,24.6,3.0,90.0,68.0,28.05
SAN FRANCISCO I,2020,2,0,31.6,31.1,24.1,3.0,90.0,77.0,27.6
SAN FRANCISCO I,2021,2,0,25.9,31.3,24.7,2.0,90.0,75.0,28.0
SAN FRANCISCO I,2022,2,1,17.8,31.7,25.5,3.0,90.0,74.0,28.6
SAN FRANCISCO I,2023,2,0,12.4,31.0,24.9,3.0,90.0,73.0,27.95
SAN FRANCISCO II,2011,2,1,0.0,31.0,24.9,4.0,110.0,74.0,27.95
SAN FRANCISCO II,2012,2,0,104.2,31.2,25.4,4.0,140.0,77.0,28.3
SAN FRANCISCO II,2013,2,0,110.0,32.0,25.0,4.0,140.0,76.0,28.5
SAN FRANCISCO II,2014,2,0,3.3,31.3,24.1,3.0,140.0,73.0,27.700000000000003
SAN FRANCISCO II,2015,2,1,1.0,30.7,24.1,3.0,140.0,75.0,27.4
SAN FRANCISCO II,2016,2,0,80.6,30.8,24.9,4.0,90.0,77.0,27.85
SAN FRANCISCO II,2017,2,0,5.4,30.0,24.5,4.0,90.0,74.0,27.25
SAN FRANCISCO II,2018,2,0,0.8,31.6,25.4,3.0,90.0,77.0,28.5
SAN FRANCISCO II,2019,2,2,2.0,31.5,24.6,3.0,90.0,68.0,28.05
SAN FRANCISCO II,2020,2,1,31.6,31.1,24.1,3.0,90.0,77.0,27.6
SAN FRANCISCO II,2022,2,0,17.8,31.7,25.5,3.0,90.0,74.0,28.6
SAN FRANCISCO II,2023,2,0,12.4,31.0,24.9,3.0,90.0,73.0,27.95
SAN ISIDRO LABRADOR I,2010,2,0,0.0,31.16923076923077,24.77692307692308,4.0,110.0,74.61538461538461,27.973076923076924
SAN ISIDRO LABRADOR I,2011,2,0,0.0,31.0,24.9,4.0,110.0,74.0,27.95
SAN ISIDRO LABRADOR I,2012,2,0,104.2,31.2,25.4,4.0,140.0,77.0,28.3
SAN ISIDRO LABRADOR I,2013,2,0,110.0,32.0,25.0,4.0,140.0,76.0,28.5
SAN ISIDRO LABRADOR I,2014,2,0,3.3,31.3,24.1,3.0,140.0,73.0,27.700000000000003
SAN ISIDRO LABRADOR I,2015,2,0,1.0,30.7,24.1,3.0,140.0,75.0,27.4
SAN ISIDRO LABRADOR I,2016,2,1,80.6,30.8,24.9,4.0,90.0,77.0,27.85
SAN ISIDRO LABRADOR I,2017,2,0,5.4,30.0,24.5,4.0,90.0,74.0,27.25
SAN ISIDRO LABRADOR I,2018,2,0,0.8,31.6,25.4,3.0,90.0,77.0,28.5
SAN ISIDRO LABRADOR I,2019,2,0,2.0,31.5,24.6,3.0,90.0,68.0,28.05
SAN ISIDRO LABRADOR I,2020,2,1,31.6,31.1,24.1,3.0,90.0,77.0,27.6
SAN ISIDRO LABRADOR I,2021,2,0,25.9,31.3,24.7,2.0,90.0,75.0,28.0
SAN ISIDRO LABRADOR I,2022,2,1,17.8,31.7,25.5,3.0,90.0,74.0,28.6
SAN ISIDRO LABRADOR I,2023,2,0,12.4,31.0,24.9,3.0,90.0,73.0,27.95
SAN ISIDRO LABRADOR II,2010,2,0,0.0,31.16923076923077,24.77692307692308,4.0,110.0,74.61538461538461,27.973076923076924
SAN ISIDRO LABRADOR II,2011,2,0,0.0,31.0,24.9,4.0,110.0,74.0,27.95
SAN ISIDRO LABRADOR II,2012,2,0,104.2,31.2,25.4,4.0,140.0,77.0,28.3
SAN ISIDRO LABRADOR II,2013,2,0,110.0,32.0,25.0,4.0,140.0,76.0,28.5
SAN ISIDRO LABRADOR II,2014,2,0,3.3,31.3,24.1,3.0,140.0,73.0,27.700000000000003
SAN ISIDRO LABRADOR II,2015,2,0,1.0,30.7,24.1,3.0,140.0,75.0,27.4
SAN ISIDRO LABRADOR II,2016,2,0,80.6,30.8,24.9,4.0,90.0,77.0,27.85
SAN ISIDRO LABRADOR II,2017,2,0,5.4,30.0,24.5,4.0,90.0,74.0,27.25
SAN ISIDRO LABRADOR II,2018,2,1,0.8,31.6,25.4,3.0,90.0,77.0,28.5
SAN ISIDRO LABRADOR II,2019,2,0,2.0,31.5,24.6,3.0,90.0,68.0,28.05
SAN ISIDRO LABRADOR II,2020,2,0,31.6,31.1,24.1,3.0,90.0,77.0,27.6
SAN ISIDRO LABRADOR II,2021,2,0,25.9,31.3,24.7,2.0,90.0,75.0,28.0
SAN ISIDRO LABRADOR II,2022,2,0,17.8,31.7,25.5,3.0,90.0,74.0,28.6
SAN ISIDRO LABRADOR II,2023,2,0,12.4,31.0,24.9,3.0,90.0,73.0,27.95
SAN JOSE,2010,2,0,0.0,31.16923076923077,24.77692307692308,4.0,110.0,74.61538461538461,27.973076923076924
SAN JOSE,2011,2,3,0.0,31.0,24.9,4.0,110.0,74.0,27.95
SAN JOSE,2012,2,1,104.2,31.2,25.4,4.0,140.0,77.0,28.3
SAN JOSE,2013,2,0,110.0,32.0,25.0,4.0,140.0,76.0,28.5
SAN JOSE,2014,2,1,3.3,31.3,24.1,3.0,140.0,73.0,27.700000000000003
SAN JOSE,2015,2,2,1.0,30.7,24.1,3.0,140.0,75.0,27.4
SAN JOSE,2016,2,1,80.6,30.8,24.9,4.0,90.0,77.0,27.85
SAN JOSE,2017,2,1,5.4,30.0,24.5,4.0,90.0,74.0,27.25
SAN JOSE,2018,2,6,0.8,31.6,25.4,3.0,90.0,77.0,28.5
SAN JOSE,2019,2,2,2.0,31.5,24.6,3.0,90.0,68.0,28.05
SAN JOSE,2020,2,4,31.6,31.1,24.1,3.0,90.0,77.0,27.6
SAN JOSE,2021,2,0,25.9,31.3,24.7,2.0,90.0,75.0,28.0
SAN JOSE,2022,2,1,17.8,31.7,25.5,3.0,90.0,74.0,28.6
SAN JOSE,2023,2,0,12.4,31.0,24.9,3.0,90.0,73.0,27.95
SAN JUAN (SAN JUAN I),2010,2,0,0.0,31.16923076923077,24.77692307692308,4.0,110.0,74.61538461538461,27.973076923076924
SAN JUAN (SAN JUAN I),2011,2,0,0.0,31.0,24.9,4.0,110.0,74.0,27.95
SAN JUAN (SAN JUAN I),2012,2,0,104.2,31.2,25.4,4.0,140.0,77.0,28.3
SAN JUAN (SAN JUAN I),2013,2,0,110.0,32.0,25.0,4.0,140.0,76.0,28.5
SAN JUAN (SAN JUAN I),2014,2,0,3.3,31.3,24.1,3.0,140.0,73.0,27.700000000000003
SAN JUAN (SAN JUAN I),2015,2,0,1.0,30.7,24.1,3.0,140.0,75.0,27.4
SAN JUAN (SAN JUAN I),2016,2,0,80.6,30.8,24.9,4.0,90.0,77.0,27.85
SAN JUAN (SAN JUAN I),2017,2,0,5.4,30.0,24.5,4.0,90.0,74.0,27.25
SAN JUAN (SAN JUAN I),2018,2,1,0.8,31.6,25.4,3.0,90.0,77.0,28.5
SAN JUAN (SAN JUAN I),2019,2,3,2.0,31.5,24.6,3.0,90.0,68.0,28.05
SAN JUAN (SAN JUAN I),2021,2,0,25.9,31.3,24.7,2.0,90.0,75.0,28.0
SAN JUAN (SAN JUAN I),2022,2,0,17.8,31.7,25.5,3.0,90.0,74.0,28.6
SAN JUAN (SAN JUAN I),2023,2,0,12.4,31.0,24.9,3.0,90.0,73.0,27.95
SAN LORENZO RUIZ I,2010,2,0,0.0,31.16923076923077,24.77692307692308,4.0,110.0,74.61538461538461,27.973076923076924
SAN LORENZO RUIZ I,2011,2,0,0.0,31.0,24.9,4.0,110.0,74.0,27.95
SAN LORENZO RUIZ I,2013,2,0,110.0,32.0,25.0,4.0,140.0,76.0,28.5
SAN LORENZO RUIZ I,2015,2,2,1.0,30.7,24.1,3.0,140.0,75.0,27.4
SAN LORENZO RUIZ I,2016,2,0,80.6,30.8,24.9,4.0,90.0,77.0,27.85
SAN LORENZO RUIZ I,2017,2,0,5.4,30.0,24.5,4.0,90.0,74.0,27.25
SAN LORENZO RUIZ I,2018,2,0,0.8,31.6,25.4,3.0,90.0,77.0,28.5
SAN LORENZO RUIZ I,2019,2,1,2.0,31.5,24.6,3.0,90.0,68.0,28.05
SAN LORENZO RUIZ I,2020,2,0,31.6,31.1,24.1,3.0,90.0,77.0,27.6
SAN LORENZO RUIZ I,2021,2,0,25.9,31.3,24.7,2.0,90.0,75.0,28.0
SAN LORENZO RUIZ I,2022,2,0,17.8,31.7,25.5,3.0,90.0,74.0,28.6
SAN LORENZO RUIZ I,2023,2,0,12.4,31.0,24.9,3.0,90.0,73.0,27.95
SAN LORENZO RUIZ II,2010,2,0,0.0,31.16923076923077,24.77692307692308,4.0,110.0,74.61538461538461,27.973076923076924
SAN LORENZO RUIZ II,2011,2,0,0.0,31.0,24.9,4.0,110.0,74.0,27.95
SAN LORENZO RUIZ II,2012,2,0,104.2,31.2,25.4,4.0,140.0,77.0,28.3
SAN LORENZO RUIZ II,2013,2,0,110.0,32.0,25.0,4.0,140.0,76.0,28.5
SAN LORENZO RUIZ II,2014,2,0,3.3,31.3,24.1,3.0,140.0,73.0,27.700000000000003
SAN LORENZO RUIZ II,2015,2,2,1.0,30.7,24.1,3.0,140.0,75.0,27.4
SAN LORENZO RUIZ II,2016,2,0,80.6,30.8,24.9,4.0,90.0,77.0,27.85
SAN LORENZO RUIZ II,2018,2,0,0.8,31.6,25.4,3.0,90.0,77.0,28.5
SAN LORENZO RUIZ II,2019,2,0,2.0,31.5,24.6,3.0,90.0,68.0,28.05
SAN LORENZO RUIZ II,2020,2,0,31.6,31.1,24.1,3.0,90.0,77.0,27.6
SAN LORENZO RUIZ II,2021,2,0,25.9,31.3,24.7,2.0,90.0,75.0,28.0
SAN LORENZO RUIZ II,2023,2,0,12.4,31.0,24.9,3.0,90.0,73.0,27.95
SAN LUIS I,2010,2,0,0.0,31.16923076923077,24.77692307692308,4.0,110.0,74.61538461538461,27.973076923076924
SAN LUIS I,2011,2,0,0.0,31.0,24.9,4.0,110.0,74.0,27.95
SAN LUIS I,2012,2,0,104.2,31.2,25.4,4.0,140.0,77.0,28.3
SAN LUIS I,2013,2,0,110.0,32.0,25.0,4.0,140.0,76.0,28.5
SAN LUIS I,2014,2,0,3.3,31.3,24.1,3.0,140.0,73.0,27.700000000000003
SAN LUIS I,2015,2,0,1.0,30.7,24.1,3.0,140.0,75.0,27.4
SAN LUIS I,2016,2,0,80.6,30.8,24.9,4.0,90.0,77.0,27.85
SAN LUIS I,2017,2,0,5.4,30.0,24.5,4.0,90.0,74.0,27.25
SAN LUIS I,2018,2,0,0.8,31.6,25.4,3.0,90.0,77.0,28.5
SAN LUIS I,2019,2,1,2.0,31.5,24.6,3.0,90.0,68.0,28.05
SAN LUIS I,2020,2,2,31.6,31.1,24.1,3.0,90.0,77.0,27.6
SAN LUIS I,2021,2,0,25.9,31.3,24.7,2.0,90.0,75.0,28.0
SAN LUIS I,2022,2,0,17.8,31.7,25.5,3.0,90.0,74.0,28.6
SAN LUIS I,2023,2,0,12.4,31.0,24.9,3.0,90.0,73.0,27.95
SAN LUIS II,2010,2,0,0.0,31.16923076923077,24.77692307692308,4.0,110.0,74.61538461538461,27.973076923076924
SAN LUIS II,2011,2,0,0.0,31.0,24.9,4.0,110.0,74.0,27.95
SAN LUIS II,2012,2,0,104.2,31.2,25.4,4.0,140.0,77.0,28.3
SAN LUIS II,2013,2,0,110.0,32.0,25.0,4.0,140.0,76.0,28.5
SAN LUIS II,2014,2,0,3.3,31.3,24.1,3.0,140.0,73.0,27.700000000000003
SAN LUIS II,2015,2,2,1.0,30.7,24.1,3.0,140.0,75.0,27.4
SAN LUIS II,2016,2,1,80.6,30.8,24.9,4.0,90.0,77.0,27.85
SAN LUIS II,2017,2,0,5.4,30.0,24.5,4.0,90.0,74.0,27.25
SAN LUIS II,2018,2,1,0.8,31.6,25.4,3.0,90.0,77.0,28.5
SAN LUIS II,2019,2,1,2.0,31.5,24.6,3.0,90.0,68.0,28.05
SAN LUIS II,2020,2,2,31.6,31.1,24.1,3.0,90.0,77.0,27.6
SAN LUIS II,2021,2,0,25.9,31.3,24.7,2.0,90.0,75.0,28.0
SAN LUIS II,2022,2,0,17.8,31.7,25.5,3.0,90.0,74.0,28.6
SAN LUIS II,2023,2,0,12.4,31.0,24.9,3.0,90.0,73.0,27.95
SAN MANUEL I,2010,2,0,0.0,31.16923076923077,24.77692307692308,4.0,110.0,74.61538461538461,27.973076923076924
SAN MANUEL I,2012,2,0,104.2,31.2,25.4,4.0,140.0,77.0,28.3
SAN MANUEL I,2013,2,0,110.0,32.0,25.0,4.0,140.0,76.0,28.5
SAN MANUEL I,2014,2,0,3.3,31.3,24.1,3.0,140.0,73.0,27.700000000000003
SAN MANUEL I,2015,2,0,1.0,30.7,24.1,3.0,140.0,75.0,27.4
SAN MANUEL I,2016,2,0,80.6,30.8,24.9,4.0,90.0,77.0,27.85
SAN MANUEL I,2017,2,0,5.4,30.0,24.5,4.0,90.0,74.0,27.25
SAN MANUEL I,2018,2,0,0.8,31.6,25.4,3.0,90.0,77.0,28.5
SAN MANUEL I,2019,2,1,2.0,31.5,24.6,3.0,90.0,68.0,28.05
SAN MANUEL I,2022,2,0,17.8,31.7,25.5,3.0,90.0,74.0,28.6
SAN MANUEL I,2023,2,0,12.4,31.0,24.9,3.0,90.0,73.0,27.95
SAN MANUEL II,2010,2,0,0.0,31.16923076923077,24.77692307692308,4.0,110.0,74.61538461538461,27.973076923076924
SAN MANUEL II,2011,2,0,0.0,31.0,24.9,4.0,110.0,74.0,27.95
SAN MANUEL II,2012,2,0,104.2,31.2,25.4,4.0,140.0,77.0,28.3
SAN MANUEL II,2013,2,0,110.0,32.0,25.0,4.0,140.0,76.0,28.5
SAN MANUEL II,2014,2,0,3.3,31.3,24.1,3.0,140.0,73.0,27.700000000000003
SAN MANUEL II,2015,2,1,1.0,30.7,24.1,3.0,140.0,75.0,27.4
SAN MANUEL II,2016,2,0,80.6,30.8,24.9,4.0,90.0,77.0,27.85
SAN MANUEL II,2017,2,0,5.4,30.0,24.5,4.0,90.0,74.0,27.25
SAN MANUEL II,2018,2,0,0.8,31.6,25.4,3.0,90.0,77.0,28.5
SAN MANUEL II,2019,2,0,2.0,31.5,24.6,3.0,90.0,68.0,28.05
SAN MANUEL II,2020,2,0,31.6,31.1,24.1,3.0,90.0,77.0,27.6
SAN MANUEL II,2021,2,1,25.9,31.3,24.7,2.0,90.0,75.0,28.0
SAN MANUEL II,2022,2,0,17.8,31.7,25.5,3.0,90.0,74.0,28.6
SAN MANUEL II,2023,2,2,12.4,31.0,24.9,3.0,90.0,73.0,27.95
SAN MATEO,2010,2,0,0.0,31.16923076923077,24.77692307692308,4.0,110.0,74.61538461538461,27.973076923076924
SAN MATEO,2011,2,3,0.0,31.0,24.9,4.0,110.0,74.0,27.95
SAN MATEO,2012,2,0,104.2,31.2,25.4,4.0,140.0,77.0,28.3
SAN MATEO,2013,2,0,110.0,32.0,25.0,4.0,140.0,76.0,28.5
SAN MATEO,2014,2,0,3.3,31.3,24.1,3.0,140.0,73.0,27.700000000000003
SAN MATEO,2015,2,1,1.0,30.7,24.1,3.0,140.0,75.0,27.4
SAN MATEO,2016,2,0,80.6,30.8,24.9,4.0,90.0,77.0,27.85
SAN MATEO,2017,2,1,5.4,30.0,24.5,4.0,90.0,74.0,27.25
SAN MATEO,2018,2,3,0.8,31.6,25.4,3.0,90.0,77.0,28.5
SAN MATEO,2019,2,0,2.0,31.5,24.6,3.0,90.0,68.0,28.05
SAN MATEO,2020,2,0,31.6,31.1,24.1,3.0,90.0,77.0,27.6
SAN MATEO,2021,2,0,25.9,31.3,24.7,2.0,90.0,75.0,28.0
SAN MATEO,2022,2,1,17.8,31.7,25.5,3.0,90.0,74.0,28.6
SAN MATEO,2023,2,1,12.4,31.0,24.9,3.0,90.0,73.0,27.95
SAN MIGUEL,2010,2,0,0.0,31.16923076923077,24.77692307692308,4.0,110.0,74.61538461538461,27.973076923076924
SAN MIGUEL,2011,2,0,0.0,31.0,24.9,4.0,110.0,74.0,27.95
SAN MIGUEL,2013,2,1,110.0,32.0,25.0,4.0,140.0,76.0,28.5
SAN MIGUEL,2015,2,0,1.0,30.7,24.1,3.0,140.0,75.0,27.4
SAN MIGUEL,2016,2,0,80.6,30.8,24.9,4.0,90.0,77.0,27.85
SAN MIGUEL,2017,2,0,5.4,30.0,24.5,4.0,90.0,74.0,27.25
SAN MIGUEL,2018,2,0,0.8,31.6,25.4,3.0,90.0,77.0,28.5
SAN MIGUEL,2019,2,0,2.0,31.5,24.6,3.0,90.0,68.0,28.05
SAN MIGUEL,2020,2,0,31.6,31.1,24.1,3.0,90.0,77.0,27.6
SAN MIGUEL,2021,2,0,25.9,31.3,24.7,2.0,90.0,75.0,28.0
SAN MIGUEL,2022,2,0,17.8,31.7,25.5,3.0,90.0,74.0,28.6
SAN MIGUEL,2023,2,0,12.4,31.0,24.9,3.0,90.0,73.0,27.95
SAN MIGUEL II,2010,2,0,0.0,31.16923076923077,24.77692307692308,4.0,110.0,74.61538461538461,27.973076923076924
SAN MIGUEL II,2011,2,0,0.0,31.0,24.9,4.0,110.0,74.0,27.95
SAN MIGUEL II,2012,2,0,104.2,31.2,25.4,4.0,140.0,77.0,28.3
SAN MIGUEL II,2013,2,0,110.0,32.0,25.0,4.0,140.0,76.0,28.5
SAN MIGUEL II,2014,2,0,3.3,31.3,24.1,3.0,140.0,73.0,27.700000000000003
SAN MIGUEL II,2015,2,1,1.0,30.7,24.1,3.0,140.0,75.0,27.4
SAN MIGUEL II,2018,2,0,0.8,31.6,25.4,3.0,90.0,77.0,28.5
SAN MIGUEL II,2019,2,1,2.0,31.5,24.6,3.0,90.0,68.0,28.05
SAN MIGUEL II,2020,2,0,31.6,31.1,24.1,3.0,90.0,77.0,27.6
SAN MIGUEL II,2022,2,0,17.8,31.7,25.5,3.0,90.0,74.0,28.6
SAN NICOLAS I,2010,2,0,0.0,31.16923076923077,24.77692307692308,4.0,110.0,74.61538461538461,27.973076923076924
SAN NICOLAS I,2011,2,1,0.0,31.0,24.9,4.0,110.0,74.0,27.95
SAN NICOLAS I,2012,2,0,104.2,31.2,25.4,4.0,140.0,77.0,28.3
SAN NICOLAS I,2013,2,0,110.0,32.0,25.0,4.0,140.0,76.0,28.5
SAN NICOLAS I,2014,2,0,3.3,31.3,24.1,3.0,140.0,73.0,27.700000000000003
SAN NICOLAS I,2015,2,0,1.0,30.7,24.1,3.0,140.0,75.0,27.4
SAN NICOLAS I,2017,2,0,5.4,30.0,24.5,4.0,90.0,74.0,27.25
SAN NICOLAS I,2018,2,0,0.8,31.6,25.4,3.0,90.0,77.0,28.5
SAN NICOLAS I,2019,2,0,2.0,31.5,24.6,3.0,90.0,68.0,28.05
SAN NICOLAS I,2020,2,0,31.6,31.1,24.1,3.0,90.0,77.0,27.6
SAN NICOLAS I,2023,2,1,12.4,31.0,24.9,3.0,90.0,73.0,27.95
SAN NICOLAS II,2010,2,1,0.0,31.16923076923077,24.77692307692308,4.0,110.0,74.61538461538461,27.973076923076924
SAN NICOLAS II,2011,2,1,0.0,31.0,24.9,4.0,110.0,74.0,27.95
SAN NICOLAS II,2012,2,0,104.2,31.2,25.4,4.0,140.0,77.0,28.3
SAN NICOLAS II,2013,2,1,110.0,32.0,25.0,4.0,140.0,76.0,28.5
SAN NICOLAS II,2014,2,0,3.3,31.3,24.1,3.0,140.0,73.0,27.700000000000003
SAN NICOLAS II,2015,2,0,1.0,30.7,24.1,3.0,140.0,75.0,27.4
SAN NICOLAS II,2016,2,0,80.6,30.8,24.9,4.0,90.0,77.0,27.85
SAN NICOLAS II,2017,2,0,5.4,30.0,24.5,4.0,90.0,74.0,27.25
SAN NICOLAS II,2018,2,1,0.8,31.6,25.4,3.0,90.0,77.0,28.5
SAN NICOLAS II,2019,2,0,2.0,31.5,24.6,3.0,90.0,68.0,28.05
SAN NICOLAS II,2020,2,0,31.6,31.1,24.1,3.0,90.0,77.0,27.6
SAN NICOLAS II,2021,2,0,25.9,31.3,24.7,2.0,90.0,75.0,28.0
SAN NICOLAS II,2023,2,0,12.4,31.0,24.9,3.0,90.0,73.0,27.95
SAN ROQUE (STA. CRISTINA II),2010,2,0,0.0,31.16923076923077,24.77692307692308,4.0,110.0,74.61538461538461,27.973076923076924
SAN ROQUE (STA. CRISTINA II),2012,2,0,104.2,31.2,25.4,4.0,140.0,77.0,28.3
SAN ROQUE (STA. CRISTINA II),2014,2,0,3.3,31.3,24.1,3.0,140.0,73.0,27.700000000000003
SAN ROQUE (STA. CRISTINA II),2015,2,0,1.0,30.7,24.1,3.0,140.0,75.0,27.4
SAN ROQUE (STA. CRISTINA II),2016,2,0,80.6,30.8,24.9,4.0,90.0,77.0,27.85
SAN ROQUE (STA. CRISTINA II),2017,2,0,5.4,30.0,24.5,4.0,90.0,74.0,27.25
SAN ROQUE (STA. CRISTINA II),2018,2,0,0.8,31.6,25.4,3.0,90.0,77.0,28.5
SAN ROQUE (STA. CRISTINA II),2019,2,0,2.0,31.5,24.6,3.0,90.0,68.0,28.05
SAN ROQUE (STA. CRISTINA II),2020,2,0,31.6,31.1,24.1,3.0,90.0,77.0,27.6
SAN SIMON (BARANGAY 7),2010,2,0,0.0,31.16923076923077,24.77692307692308,4.0,110.0,74.61538461538461,27.973076923076924
SAN SIMON (BARANGAY 7),2011,2,3,0.0,31.0,24.9,4.0,110.0,74.0,27.95
SAN SIMON (BARANGAY 7),2012,2,0,104.2,31.2,25.4,4.0,140.0,77.0,28.3
SAN SIMON (BARANGAY 7),2013,2,0,110.0,32.0,25.0,4.0,140.0,76.0,28.5
SAN SIMON (BARANGAY 7),2014,2,0,3.3,31.3,24.1,3.0,140.0,73.0,27.700000000000003
SAN SIMON (BARANGAY 7),2015,2,0,1.0,30.7,24.1,3.0,140.0,75.0,27.4
SAN SIMON (BARANGAY 7),2016,2,0,80.6,30.8,24.9,4.0,90.0,77.0,27.85
SAN SIMON (BARANGAY 7),2017,2,1,5.4,30.0,24.5,4.0,90.0,74.0,27.25
SAN SIMON (BARANGAY 7),2018,2,0,0.8,31.6,25.4,3.0,90.0,77.0,28.5
SAN SIMON (BARANGAY 7),2019,2,0,2.0,31.5,24.6,3.0,90.0,68.0,28.05
SAN SIMON (BARANGAY 7),2020,2,3,31.6,31.1,24.1,3.0,90.0,77.0,27.6
SAN SIMON (BARANGAY 7),2021,2,0,25.9,31.3,24.7,2.0,90.0,75.0,28.0
SAN SIMON (BARANGAY 7),2022,2,0,17.8,31.7,25.5,3.0,90.0,74.0,28.6
SAN SIMON (BARANGAY 7),2023,2,1,12.4,31.0,24.9,3.0,90.0,73.0,27.95
SANTA CRISTINA I,2010,2,0,0.0,31.16923076923077,24.77692307692308,4.0,110.0,74.61538461538461,27.973076923076924
SANTA CRISTINA I,2011,2,0,0.0,31.0,24.9,4.0,110.0,74.0,27.95
SANTA CRISTINA I,2012,2,0,104.2,31.2,25.4,4.0,140.0,77.0,28.3
SANTA CRISTINA I,2013,2,0,110.0,32.0,25.0,4.0,140.0,76.0,28.5
SANTA CRISTINA I,2014,2,0,3.3,31.3,24.1,3.0,140.0,73.0,27.700000000000003
SANTA CRISTINA I,2015,2,0,1.0,30.7,24.1,3.0,140.0,75.0,27.4
SANTA CRISTINA I,2016,2,1,80.6,30.8,24.9,4.0,90.0,77.0,27.85
SANTA CRISTINA I,2017,2,1,5.4,30.0,24.5,4.0,90.0,74.0,27.25
SANTA CRISTINA I,2018,2,0,0.8,31.6,25.4,3.0,90.0,77.0,28.5
SANTA CRISTINA I,2019,2,0,2.0,31.5,24.6,3.0,90.0,68.0,28.05
SANTA CRISTINA I,2020,2,2,31.6,31.1,24.1,3.0,90.0,77.0,27.6
SANTA CRISTINA I,2021,2,0,25.9,31.3,24.7,2.0,90.0,75.0,28.0
SANTA CRISTINA I,2022,2,0,17.8,31.7,25.5,3.0,90.0,74.0,28.6
SANTA CRISTINA II,2010,2,0,0.0,31.16923076923077,24.77692307692308,4.0,110.0,74.61538461538461,27.973076923076924
SANTA CRISTINA II,2011,2,0,0.0,31.0,24.9,4.0,110.0,74.0,27.95
SANTA CRISTINA II,2012,2,0,104.2,31.2,25.4,4.0,140.0,77.0,28.3
SANTA CRISTINA II,2013,2,0,110.0,32.0,25.0,4.0,140.0,76.0,28.5
SANTA CRISTINA II,2014,2,0,3.3,31.3,24.1,3.0,140.0,73.0,27.700000000000003
SANTA CRISTINA II,2015,2,1,1.0,30.7,24.1,3.0,140.0,75.0,27.4
SANTA CRISTINA II,2016,2,0,80.6,30.8,24.9,4.0,90.0,77.0,27.85
SANTA CRISTINA II,2017,2,0,5.4,30.0,24.5,4.0,90.0,74.0,27.25
SANTA CRISTINA II,2018,2,1,0.8,31.6,25.4,3.0,90.0,77.0,28.5
SANTA CRISTINA II,2019,2,0,2.0,31.5,24.6,3.0,90.0,68.0,28.05
SANTA CRISTINA II,2020,2,1,31.6,31.1,24.1,3.0,90.0,77.0,27.6
SANTA CRISTINA II,2022,2,0,17.8,31.7,25.5,3.0,90.0,74.0,28.6
SANTA CRISTINA II,2023,2,1,12.4,31.0,24.9,3.0,90.0,73.0,27.95
SANTA CRUZ I,2010,2,0,0.0,31.16923076923077,24.77692307692308,4.0,110.0,74.61538461538461,27.973076923076924
SANTA CRUZ I,2011,2,0,0.0,31.0,24.9,4.0,110.0,74.0,27.95
SANTA CRUZ I,2012,2,0,104.2,31.2,25.4,4.0,140.0,77.0,28.3
SANTA CRUZ I,2013,2,0,110.0,32.0,25.0,4.0,140.0,76.0,28.5
SANTA CRUZ I,2014,2,0,3.3,31.3,24.1,3.0,140.0,73.0,27.700000000000003
SANTA CRUZ I,2015,2,0,1.0,30.7,24.1,3.0,140.0,75.0,27.4
SANTA CRUZ I,2016,2,0,80.6,30.8,24.9,4.0,90.0,77.0,27.85
SANTA CRUZ I,2017,2,1,5.4,30.0,24.5,4.0,90.0,74.0,27.25
SANTA CRUZ I,2018,2,0,0.8,31.6,25.4,3.0,90.0,77.0,28.5
SANTA CRUZ I,2019,2,0,2.0,31.5,24.6,3.0,90.0,68.0,28.05
SANTA CRUZ I,2020,2,0,31.6,31.1,24.1,3.0,90.0,77.0,27.6
SANTA CRUZ I,2021,2,1,25.9,31.3,24.7,2.0,90.0,75.0,28.0
SANTA CRUZ I,2022,2,0,17.8,31.7,25.5,3.0,90.0,74.0,28.6
SANTA CRUZ II,2010,2,0,0.0,31.16923076923077,24.77692307692308,4.0,110.0,74.61538461538461,27.973076923076924
SANTA CRUZ II,2011,2,0,0.0,31.0,24.9,4.0,110.0,74.0,27.95
SANTA CRUZ II,2012,2,0,104.2,31.2,25.4,4.0,140.0,77.0,28.3
SANTA CRUZ II,2013,2,0,110.0,32.0,25.0,4.0,140.0,76.0,28.5
SANTA CRUZ II,2014,2,0,3.3,31.3,24.1,3.0,140.0,73.0,27.700000000000003
SANTA CRUZ II,2015,2,0,1.0,30.7,24.1,3.0,140.0,75.0,27.4
SANTA CRUZ II,2016,2,1,80.6,30.8,24.9,4.0,90.0,77.0,27.85
SANTA CRUZ II,2017,2,0,5.4,30.0,24.5,4.0,90.0,74.0,27.25
SANTA CRUZ II,2019,2,0,2.0,31.5,24.6,3.0,90.0,68.0,28.05
SANTA CRUZ II,2020,2,0,31.6,31.1,24.1,3.0,90.0,77.0,27.6
SANTA CRUZ II,2021,2,1,25.9,31.3,24.7,2.0,90.0,75.0,28.0
SANTA CRUZ II,2022,2,0,17.8,31.7,25.5,3.0,90.0,74.0,28.6
SANTA CRUZ II,2023,2,1,12.4,31.0,24.9,3.0,90.0,73.0,27.95
SANTA FE,2010,2,0,0.0,31.16923076923077,24.77692307692308,4.0,110.0,74.61538461538461,27.973076923076924
SANTA FE,2011,2,1,0.0,31.0,24.9,4.0,110.0,74.0,27.95
SANTA FE,2012,2,0,104.2,31.2,25.4,4.0,140.0,77.0,28.3
SANTA FE,2013,2,0,110.0,32.0,25.0,4.0,140.0,76.0,28.5
SANTA FE,2014,2,0,3.3,31.3,24.1,3.0,140.0,73.0,27.700000000000003
SANTA FE,2015,2,0,1.0,30.7,24.1,3.0,140.0,75.0,27.4
SANTA FE,2016,2,0,80.6,30.8,24.9,4.0,90.0,77.0,27.85
SANTA FE,2017,2,0,5.4,30.0,24.5,4.0,90.0,74.0,27.25
SANTA FE,2018,2,0,0.8,31.6,25.4,3.0,90.0,77.0,28.5
SANTA FE,2019,2,2,2.0,31.5,24.6,3.0,90.0,68.0,28.05
SANTA FE,2020,2,1,31.6,31.1,24.1,3.0,90.0,77.0,27.6
SANTA FE,2021,2,0,25.9,31.3,24.7,2.0,90.0,75.0,28.0
SANTA FE,2023,2,0,12.4,31.0,24.9,3.0,90.0,73.0,27.95
SANTA LUCIA (SAN JUAN II),2010,2,0,0.0,31.16923076923077,24.77692307692308,4.0,110.0,74.61538461538461,27.973076923076924
SANTA LUCIA (SAN JUAN II),2011,2,0,0.0,31.0,24.9,4.0,110.0,74.0,27.95
SANTA LUCIA (SAN JUAN II),2012,2,0,104.2,31.2,25.4,4.0,140.0,77.0,28.3
SANTA LUCIA (SAN JUAN II),2013,2,1,110.0,32.0,25.0,4.0,140.0,76.0,28.5
SANTA LUCIA (SAN JUAN II),2014,2,0,3.3,31.3,24.1,3.0,140.0,73.0,27.700000000000003
SANTA LUCIA (SAN JUAN II),2015,2,1,1.0,30.7,24.1,3.0,140.0,75.0,27.4
SANTA LUCIA (SAN JUAN II),2016,2,0,80.6,30.8,24.9,4.0,90.0,77.0,27.85
SANTA LUCIA (SAN JUAN II),2017,2,1,5.4,30.0,24.5,4.0,90.0,74.0,27.25
SANTA LUCIA (SAN JUAN II),2018,2,0,0.8,31.6,25.4,3.0,90.0,77.0,28.5
SANTA LUCIA (SAN JUAN II),2019,2,0,2.0,31.5,24.6,3.0,90.0,68.0,28.05
SANTA LUCIA (SAN JUAN II),2020,2,1,31.6,31.1,24.1,3.0,90.0,77.0,27.6
SANTA LUCIA (SAN JUAN II),2021,2,2,25.9,31.3,24.7,2.0,90.0,75.0,28.0
SANTA LUCIA (SAN JUAN II),2022,2,0,17.8,31.7,25.5,3.0,90.0,74.0,28.6
SANTA LUCIA (SAN JUAN II),2023,2,0,12.4,31.0,24.9,3.0,90.0,73.0,27.95
SANTA MARIA (BARANGAY 20),2010,2,0,0.0,31.16923076923077,24.77692307692308,4.0,110.0,74.61538461538461,27.973076923076924
SANTA MARIA (BARANGAY 20),2011,2,0,0.0,31.0,24.9,4.0,110.0,74.0,27.95
SANTA MARIA (BARANGAY 20),2012,2,0,104.2,31.2,25.4,4.0,140.0,77.0,28.3
SANTA MARIA (BARANGAY 20),2013,2,1,110.0,32.0,25.0,4.0,140.0,76.0,28.5
SANTA MARIA (BARANGAY 20),2014,2,0,3.3,31.3,24.1,3.0,140.0,73.0,27.700000000000003
SANTA MARIA (BARANGAY 20),2015,2,0,1.0,30.7,24.1,3.0,140.0,75.0,27.4
SANTA MARIA (BARANGAY 20),2016,2,1,80.6,30.8,24.9,4.0,90.0,77.0,27.85
SANTA MARIA (BARANGAY 20),2017,2,0,5.4,30.0,24.5,4.0,90.0,74.0,27.25
SANTA MARIA (BARANGAY 20),2018,2,0,0.8,31.6,25.4,3.0,90.0,77.0,28.5
SANTA MARIA (BARANGAY 20),2019,2,0,2.0,31.5,24.6,3.0,90.0,68.0,28.05
SANTA MARIA (BARANGAY 20),2020,2,1,31.6,31.1,24.1,3.0,90.0,77.0,27.6
SANTA MARIA (BARANGAY 20),2021,2,0,25.9,31.3,24.7,2.0,90.0,75.0,28.0
SANTA MARIA (BARANGAY 20),2022,2,0,17.8,31.7,25.5,3.0,90.0,74.0,28.6
SANTA MARIA (BARANGAY 20),2023,2,0,12.4,31.0,24.9,3.0,90.0,73.0,27.95
SANTO CRISTO (BARANGAY III),2010,2,0,0.0,31.16923076923077,24.77692307692308,4.0,110.0,74.61538461538461,27.973076923076924
SANTO CRISTO (BARANGAY III),2011,2,0,0.0,31.0,24.9,4.0,110.0,74.0,27.95
SANTO CRISTO (BARANGAY III),2012,2,0,104.2,31.2,25.4,4.0,140.0,77.0,28.3
SANTO CRISTO (BARANGAY III),2013,2,0,110.0,32.0,25.0,4.0,140.0,76.0,28.5
SANTO CRISTO (BARANGAY III),2014,2,0,3.3,31.3,24.1,3.0,140.0,73.0,27.700000000000003
SANTO CRISTO (BARANGAY III),2015,2,0,1.0,30.7,24.1,3.0,140.0,75.0,27.4
SANTO CRISTO (BARANGAY III),2016,2,1,80.6,30.8,24.9,4.0,90.0,77.0,27.85
SANTO CRISTO (BARANGAY III),2017,2,0,5.4,30.0,24.5,4.0,90.0,74.0,27.25
SANTO CRISTO (BARANGAY III),2018,2,0,0.8,31.6,25.4,3.0,90.0,77.0,28.5
SANTO CRISTO (BARANGAY III),2019,2,1,2.0,31.5,24.6,3.0,90.0,68.0,28.05
SANTO CRISTO (BARANGAY III),2020,2,0,31.6,31.1,24.1,3.0,90.0,77.0,27.6
SANTO CRISTO (BARANGAY III),2021,2,4,25.9,31.3,24.7,2.0,90.0,75.0,28.0
SANTO CRISTO (BARANGAY III),2022,2,1,17.8,31.7,25.5,3.0,90.0,74.0,28.6
SANTO CRISTO (BARANGAY III),2023,2,0,12.4,31.0,24.9,3.0,90.0,73.0,27.95
SANTO NIÑO I,2010,2,0,0.0,31.16923076923077,24.77692307692308,4.0,110.0,74.61538461538461,27.973076923076924
SANTO NIÑO I,2011,2,0,0.0,31.0,24.9,4.0,110.0,74.0,27.95
SANTO NIÑO I,2012,2,0,104.2,31.2,25.4,4.0,140.0,77.0,28.3
SANTO NIÑO I,2013,2,0,110.0,32.0,25.0,4.0,140.0,76.0,28.5
SANTO NIÑO I,2014,2,0,3.3,31.3,24.1,3.0,140.0,73.0,27.700000000000003
SANTO NIÑO I,2015,2,0,1.0,30.7,24.1,3.0,140.0,75.0,27.4
SANTO NIÑO I,2016,2,1,80.6,30.8,24.9,4.0,90.0,77.0,27.85
SANTO NIÑO I,2017,2,0,5.4,30.0,24.5,4.0,90.0,74.0,27.25
SANTO NIÑO I,2018,2,0,0.8,31.6,25.4,3.0,90.0,77.0,28.5
SANTO NIÑO I,2019,2,0,2.0,31.5,24.6,3.0,90.0,68.0,28.05
SANTO NIÑO I,2020,2,0,31.6,31.1,24.1,3.0,90.0,77.0,27.6
SANTO NIÑO I,2021,2,1,25.9,31.3,24.7,2.0,90.0,75.0,28.0
SANTO NIÑO I,2022,2,0,17.8,31.7,25.5,3.0,90.0,74.0,28.6
SANTO NIÑO I,2023,2,0,12.4,31.0,24.9,3.0,90.0,73.0,27.95
SANTO NIÑO II,2010,2,0,0.0,31.16923076923077,24.77692307692308,4.0,110.0,74.61538461538461,27.973076923076924
SANTO NIÑO II,2011,2,0,0.0,31.0,24.9,4.0,110.0,74.0,27.95
SANTO NIÑO II,2012,2,0,104.2,31.2,25.4,4.0,140.0,77.0,28.3
SANTO NIÑO II,2014,2,0,3.3,31.3,24.1,3.0,140.0,73.0,27.700000000000003
SANTO NIÑO II,2015,2,0,1.0,30.7,24.1,3.0,140.0,75.0,27.4
SANTO NIÑO II,2016,2,1,80.6,30.8,24.9,4.0,90.0,77.0,27.85
SANTO NIÑO II,2017,2,0,5.4,30.0,24.5,4.0,90.0,74.0,27.25
SANTO NIÑO II,2018,2,1,0.8,31.6,25.4,3.0,90.0,77.0,28.5
SANTO NIÑO II,2019,2,0,2.0,31.5,24.6,3.0,90.0,68.0,28.05
SANTO NIÑO II,2020,2,0,31.6,31.1,24.1,3.0,90.0,77.0,27.6
SANTO NIÑO II,2023,2,0,12.4,31.0,24.9,3.0,90.0,73.0,27.95
VICTORIA REYES,2010,2,0,0.0,31.16923076923077,24.77692307692308,4.0,110.0,74.61538461538461,27.973076923076924
VICTORIA REYES,2011,2,2,0.0,31.0,24.9,4.0,110.0,74.0,27.95
VICTORIA REYES,2012,2,0,104.2,31.2,25.4,4.0,140.0,77.0,28.3
VICTORIA REYES,2013,2,0,110.0,32.0,25.0,4.0,140.0,76.0,28.5
VICTORIA REYES,2014,2,0,3.3,31.3,24.1,3.0,140.0,73.0,27.700000000000003
VICTORIA REYES,2015,2,3,1.0,30.7,24.1,3.0,140.0,75.0,27.4
VICTORIA REYES,2016,2,1,80.6,30.8,24.9,4.0,90.0,77.0,27.85
VICTORIA REYES,2017,2,1,5.4,30.0,24.5,4.0,90.0,74.0,27.25
VICTORIA REYES,2018,2,0,0.8,31.6,25.4,3.0,90.0,77.0,28.5
VICTORIA REYES,2019,2,2,2.0,31.5,24.6,3.0,90.0,68.0,28.05
VICTORIA REYES,2020,2,0,31.6,31.1,24.1,3.0,90.0,77.0,27.6
VICTORIA REYES,2021,2,1,25.9,31.3,24.7,2.0,90.0,75.0,28.0
VICTORIA REYES,2022,2,0,17.8,31.7,25.5,3.0,90.0,74.0,28.6
VICTORIA REYES,2023,2,0,12.4,31.0,24.9,3.0,90.0,73.0,27.95
ZONE I,2010,2,0,0.0,31.16923076923077,24.77692307692308,4.0,110.0,74.61538461538461,27.973076923076924
ZONE I,2011,2,0,0.0,31.0,24.9,4.0,110.0,74.0,27.95
ZONE I,2019,2,0,2.0,31.5,24.6,3.0,90.0,68.0,28.05
ZONE I-B,2010,2,0,0.0,31.16923076923077,24.77692307692308,4.0,110.0,74.61538461538461,27.973076923076924
ZONE I-B,2011,2,0,0.0,31.0,24.9,4.0,110.0,74.0,27.95
ZONE I-B,2012,2,0,104.2,31.2,25.4,4.0,140.0,77.0,28.3
ZONE I-B,2013,2,0,110.0,32.0,25.0,4.0,140.0,76.0,28.5
ZONE I-B,2014,2,0,3.3,31.3,24.1,3.0,140.0,73.0,27.700000000000003
ZONE I-B,2015,2,1,1.0,30.7,24.1,3.0,140.0,75.0,27.4
ZONE I-B,2016,2,0,80.6,30.8,24.9,4.0,90.0,77.0,27.85
ZONE I-B,2017,2,0,5.4,30.0,24.5,4.0,90.0,74.0,27.25
ZONE I-B,2018,2,2,0.8,31.6,25.4,3.0,90.0,77.0,28.5
ZONE I-B,2019,2,3,2.0,31.5,24.6,3.0,90.0,68.0,28.05
ZONE I-B,2020,2,1,31.6,31.1,24.1,3.0,90.0,77.0,27.6
ZONE I-B,2021,2,1,25.9,31.3,24.7,2.0,90.0,75.0,28.0
ZONE I-B,2022,2,0,17.8,31.7,25.5,3.0,90.0,74.0,28.6
ZONE I-B,2023,2,1,12.4,31.0,24.9,3.0,90.0,73.0,27.95
ZONE II,2010,2,0,0.0,31.16923076923077,24.77692307692308,4.0,110.0,74.61538461538461,27.973076923076924
ZONE II,2011,2,2,0.0,31.0,24.9,4.0,110.0,74.0,27.95
ZONE II,2019,2,0,2.0,31.5,24.6,3.0,90.0,68.0,28.05
ZONE III,2010,2,0,0.0,31.16923076923077,24.77692307692308,4.0,110.0,74.61538461538461,27.973076923076924
ZONE III,2011,2,0,0.0,31.0,24.9,4.0,110.0,74.0,27.95
ZONE III,2015,2,0,1.0,30.7,24.1,3.0,140.0,75.0,27.4
ZONE III,2023,2,0,12.4,31.0,24.9,3.0,90.0,73.0,27.95
ZONE IV,2010,2,0,0.0,31.16923076923077,24.77692307692308,4.0,110.0,74.61538461538461,27.973076923076924
ZONE IV,2011,2,1,0.0,31.0,24.9,4.0,110.0,74.0,27.95
ZONE IV,2013,2,0,110.0,32.0,25.0,4.0,140.0,76.0,28.5
ZONE IV,2015,2,0,1.0,30.7,24.1,3.0,140.0,75.0,27.4
ZONE IV,2019,2,0,2.0,31.5,24.6,3.0,90.0,68.0,28.05
ZONE IV,2023,2,0,12.4,31.0,24.9,3.0,90.0,73.0,27.95
BUROL,2010,3,0,10.4,32.56923076923077,25.800000000000004,4.0,110.0,72.84615384615384,29.184615384615388
BUROL,2011,3,1,48.0,31.3,25.6,4.0,110.0,74.0,28.450000000000003
BUROL,2012,3,0,88.5,31.6,25.6,4.0,140.0,77.0,28.6
BUROL,2013,3,0,58.4,33.0,26.1,4.0,140.0,73.0,29.55
BUROL,2014,3,0,7.2,32.5,25.4,4.0,140.0,73.0,28.95
BUROL,2015,3,1,7.8,32.0,25.1,2.0,140.0,75.0,28.55
BUROL,2016,3,3,0.2,32.8,26.3,4.0,90.0,74.0,29.55
BUROL,2017,3,0,6.4,32.1,25.8,4.0,90.0,73.0,28.950000000000003
BUROL,2018,3,1,105.8,32.1,25.7,3.0,90.0,75.0,28.9
BUROL,2019,3,0,2.4,33.2,25.5,3.0,90.0,67.0,29.35
BUROL,2020,3,0,2.0,33.3,26.2,3.0,90.0,74.0,29.75
BUROL,2021,3,0,14.3,33.5,26.2,3.0,90.0,73.0,29.85
BUROL,2022,3,2,33.8,33.7,26.8,3.0,90.0,71.0,30.25
BUROL,2023,3,0,0.4,32.3,25.1,4.0,90.0,68.0,28.7
BUROL I,2010,3,0,10.4,32.56923076923077,25.800000000000004,4.0,110.0,72.84615384615384,29.184615384615388
BUROL I,2011,3,1,48.0,31.3,25.6,4.0,110.0,74.0,28.450000000000003
BUROL I,2012,3,1,88.5,31.6,25.6,4.0,140.0,77.0,28.6
BUROL I,2013,3,1,58.4,33.0,26.1,4.0,140.0,73.0,29.55
BUROL I,2014,3,1,7.2,32.5,25.4,4.0,140.0,73.0,28.95
BUROL I,2015,3,0,7.8,32.0,25.1,2.0,140.0,75.0,28.55
BUROL I,2016,3,0,0.2,32.8,26.3,4.0,90.0,74.0,29.55
BUROL I,2017,3,1,6.4,32.1,25.8,4.0,90.0,73.0,28.950000000000003
BUROL I,2018,3,2,105.8,32.1,25.7,3.0,90.0,75.0,28.9
BUROL I,2019,3,1,2.4,33.2,25.5,3.0,90.0,67.0,29.35
BUROL I,2020,3,0,2.0,33.3,26.2,3.0,90.0,74.0,29.75
BUROL I,2021,3,3,14.3,33.5,26.2,3.0,90.0,73.0,29.85
BUROL I,2022,3,1,33.8,33.7,26.8,3.0,90.0,71.0,30.25
BUROL I,2023,3,0,0.4,32.3,25.1,4.0,90.0,68.0,28.7
BUROL II,2011,3,0,48.0,31.3,25.6,4.0,110.0,74.0,28.450000000000003
BUROL II,2012,3,0,88.5,31.6,25.6,4.0,140.0,77.0,28.6
BUROL II,2013,3,0,58.4,33.0,26.1,4.0,140.0,73.0,29.55
BUROL II,2014,3,0,7.2,32.5,25.4,4.0,140.0,73.0,28.95
BUROL II,2015,3,0,7.8,32.0,25.1,2.0,140.0,75.0,28.55
BUROL II,2016,3,0,0.2,32.8,26.3,4.0,90.0,74.0,29.55
BUROL II,2017,3,0,6.4,32.1,25.8,4.0,90.0,73.0,28.950000000000003
BUROL II,2018,3,0,105.8,32.1,25.7,3.0,90.0,75.0,28.9
BUROL II,2019,3,0,2.4,33.2,25.5,3.0,90.0,67.0,29.35
BUROL II,2020,3,0,2.0,33.3,26.2,3.0,90.0,74.0,29.75
BUROL II,2021,3,1,14.3,33.5,26.2,3.0,90.0,73.0,29.85
BUROL II,2023,3,0,0.4,32.3,25.1,4.0,90.0,68.0,28.7
BUROL III,2010,3,0,10.4,32.56923076923077,25.800000000000004,4.0,110.0,72.84615384615384,29.184615384615388
BUROL III,2011,3,0,48.0,31.3,25.6,4.0,110.0,74.0,28.450000000000003
BUROL III,2012,3,0,88.5,31.6,25.6,4.0,140.0,77.0,28.6
BUROL III,2013,3,0,58.4,33.0,26.1,4.0,140.0,73.0,29.55
BUROL III,2014,3,0,7.2,32.5,25.4,4.0,140.0,73.0,28.95
BUROL III,2015,3,0,7.8,32.0,25.1,2.0,140.0,75.0,28.55
BUROL III,2016,3,0,0.2,32.8,26.3,4.0,90.0,74.0,29.55
BUROL III,2017,3,0,6.4,32.1,25.8,4.0,90.0,73.0,28.950000000000003
BUROL III,2018,3,1,105.8,32.1,25.7,3.0,90.0,75.0,28.9
BUROL III,2019,3,0,2.4,33.2,25.5,3.0,90.0,67.0,29.35
BUROL III,2020,3,2,2.0,33.3,26.2,3.0,90.0,74.0,29.75
BUROL III,2021,3,1,14.3,33.5,26.2,3.0,90.0,73.0,29.85
BUROL III,2022,3,0,33.8,33.7,26.8,3.0,90.0,71.0,30.25
BUROL III,2023,3,0,0.4,32.3,25.1,4.0,90.0,68.0,28.7
DASMARIÑAS,2013,3,15,58.4,33.0,26.1,4.0,140.0,73.0,29.55
DATU ESMAEL (BAGO-A-INGUD),2010,3,0,10.4,32.56923076923077,25.800000000000004,4.0,110.0,72.84615384615384,29.184615384615388
DATU ESMAEL (BAGO-A-INGUD),2011,3,0,48.0,31.3,25.6,4.0,110.0,74.0,28.450000000000003
DATU ESMAEL (BAGO-A-INGUD),2012,3,0,88.5,31.6,25.6,4.0,140.0,77.0,28.6
DATU ESMAEL (BAGO-A-INGUD),2013,3,0,58.4,33.0,26.1,4.0,140.0,73.0,29.55
DATU ESMAEL (BAGO-A-INGUD),2014,3,0,7.2,32.5,25.4,4.0,140.0,73.0,28.95
DATU ESMAEL (BAGO-A-INGUD),2015,3,0,7.8,32.0,25.1,2.0,140.0,75.0,28.55
DATU ESMAEL (BAGO-A-INGUD),2016,3,0,0.2,32.8,26.3,4.0,90.0,74.0,29.55
DATU ESMAEL (BAGO-A-INGUD),2017,3,0,6.4,32.1,25.8,4.0,90.0,73.0,28.950000000000003
DATU ESMAEL (BAGO-A-INGUD),2018,3,0,105.8,32.1,25.7,3.0,90.0,75.0,28.9
DATU ESMAEL (BAGO-A-INGUD),2019,3,0,2.4,33.2,25.5,3.0,90.0,67.0,29.35
DATU ESMAEL (BAGO-A-INGUD),2020,3,0,2.0,33.3,26.2,3.0,90.0,74.0,29.75
DATU ESMAEL (BAGO-A-INGUD),2022,3,0,33.8,33.7,26.8,3.0,90.0,71.0,30.25
EMMANUEL BERGADO I,2010,3,0,10.4,32.56923076923077,25.800000000000004,4.0,110.0,72.84615384615384,29.184615384615388
EMMANUEL BERGADO I,2011,3,0,48.0,31.3,25.6,4.0,110.0,74.0,28.450000000000003
EMMANUEL BERGADO I,2012,3,0,88.5,31.6,25.6,4.0,140.0,77.0,28.6
EMMANUEL BERGADO I,2013,3,0,58.4,33.0,26.1,4.0,140.0,73.0,29.55
EMMANUEL BERGADO I,2014,3,0,7.2,32.5,25.4,4.0,140.0,73.0,28.95
EMMANUEL BERGADO I,2015,3,0,7.8,32.0,25.1,2.0,140.0,75.0,28.55
EMMANUEL BERGADO I,2016,3,0,0.2,32.8,26.3,4.0,90.0,74.0,29.55
EMMANUEL BERGADO I,2017,3,0,6.4,32.1,25.8,4.0,90.0,73.0,28.950000000000003
EMMANUEL BERGADO I,2018,3,0,105.8,32.1,25.7,3.0,90.0,75.0,28.9
EMMANUEL BERGADO I,2019,3,0,2.4,33.2,25.5,3.0,90.0,67.0,29.35
EMMANUEL BERGADO I,2020,3,2,2.0,33.3,26.2,3.0,90.0,74.0,29.75
EMMANUEL BERGADO I,2021,3,0,14.3,33.5,26.2,3.0,90.0,73.0,29.85
EMMANUEL BERGADO I,2022,3,0,33.8,33.7,26.8,3.0,90.0,71.0,30.25
EMMANUEL BERGADO I,2023,3,1,0.4,32.3,25.1,4.0,90.0,68.0,28.7
EMMANUEL BERGADO II,2010,3,0,10.4,32.56923076923077,25.800000000000004,4.0,110.0,72.84615384615384,29.184615384615388
EMMANUEL BERGADO II,2011,3,0,48.0,31.3,25.6,4.0,110.0,74.0,28.450000000000003
EMMANUEL BERGADO II,2012,3,0,88.5,31.6,25.6,4.0,140.0,77.0,28.6
EMMANUEL BERGADO II,2013,3,0,58.4,33.0,26.1,4.0,140.0,73.0,29.55
EMMANUEL BERGADO II,2014,3,0,7.2,32.5,25.4,4.0,140.0,73.0,28.95
EMMANUEL BERGADO II,2015,3,0,7.8,32.0,25.1,2.0,140.0,75.0,28.55
EMMANUEL BERGADO II,2016,3,0,0.2,32.8,26.3,4.0,90.0,74.0,29.55
EMMANUEL BERGADO II,2017,3,0,6.4,32.1,25.8,4.0,90.0,73.0,28.950000000000003
EMMANUEL BERGADO II,2018,3,0,105.8,32.1,25.7,3.0,90.0,75.0,28.9
EMMANUEL BERGADO II,2019,3,1,2.4,33.2,25.5,3.0,90.0,67.0,29.35
EMMANUEL BERGADO II,2020,3,1,2.0,33.3,26.2,3.0,90.0,74.0,29.75
EMMANUEL BERGADO II,2021,3,1,14.3,33.5,26.2,3.0,90.0,73.0,29.85
EMMANUEL BERGADO II,2022,3,0,33.8,33.7,26.8,3.0,90.0,71.0,30.25
EMMANUEL BERGADO II,2023,3,0,0.4,32.3,25.1,4.0,90.0,68.0,28.7
FATIMA I,2010,3,0,10.4,32.56923076923077,25.800000000000004,4.0,110.0,72.84615384615384,29.184615384615388
FATIMA I,2011,3,0,48.0,31.3,25.6,4.0,110.0,74.0,28.450000000000003
FATIMA I,2012,3,1,88.5,31.6,25.6,4.0,140.0,77.0,28.6
FATIMA I,2013,3,0,58.4,33.0,26.1,4.0,140.0,73.0,29.55
FATIMA I,2014,3,1,7.2,32.5,25.4,4.0,140.0,73.0,28.95
FATIMA I,2015,3,0,7.8,32.0,25.1,2.0,140.0,75.0,28.55
FATIMA I,2016,3,1,0.2,32.8,26.3,4.0,90.0,74.0,29.55
FATIMA I,2017,3,0,6.4,32.1,25.8,4.0,90.0,73.0,28.950000000000003
FATIMA I,2018,3,1,105.8,32.1,25.7,3.0,90.0,75.0,28.9
FATIMA I,2019,3,0,2.4,33.2,25.5,3.0,90.0,67.0,29.35
FATIMA I,2020,3,0,2.0,33.3,26.2,3.0,90.0,74.0,29.75
FATIMA I,2022,3,0,33.8,33.7,26.8,3.0,90.0,71.0,30.25
FATIMA I,2023,3,0,0.4,32.3,25.1,4.0,90.0,68.0,28.7
FATIMA II,2010,3,0,10.4,32.56923076923077,25.800000000000004,4.0,110.0,72.84615384615384,29.184615384615388
FATIMA II,2011,3,0,48.0,31.3,25.6,4.0,110.0,74.0,28.450000000000003
FATIMA II,2012,3,0,88.5,31.6,25.6,4.0,140.0,77.0,28.6
FATIMA II,2013,3,0,58.4,33.0,26.1,4.0,140.0,73.0,29.55
FATIMA II,2014,3,0,7.2,32.5,25.4,4.0,140.0,73.0,28.95
FATIMA II,2015,3,1,7.8,32.0,25.1,2.0,140.0,75.0,28.55
FATIMA II,2016,3,1,0.2,32.8,26.3,4.0,90.0,74.0,29.55
FATIMA II,2017,3,0,6.4,32.1,25.8,4.0,90.0,73.0,28.950000000000003
FATIMA II,2018,3,0,105.8,32.1,25.7,3.0,90.0,75.0,28.9
FATIMA II,2019,3,1,2.4,33.2,25.5,3.0,90.0,67.0,29.35
FATIMA II,2020,3,0,2.0,33.3,26.2,3.0,90.0,74.0,29.75
FATIMA II,2021,3,1,14.3,33.5,26.2,3.0,90.0,73.0,29.85
FATIMA II,2022,3,0,33.8,33.7,26.8,3.0,90.0,71.0,30.25
FATIMA II,2023,3,0,0.4,32.3,25.1,4.0,90.0,68.0,28.7
FATIMA III,2010,3,0,10.4,32.56923076923077,25.800000000000004,4.0,110.0,72.84615384615384,29.184615384615388
FATIMA III,2011,3,0,48.0,31.3,25.6,4.0,110.0,74.0,28.450000000000003
FATIMA III,2012,3,0,88.5,31.6,25.6,4.0,140.0,77.0,28.6
FATIMA III,2013,3,0,58.4,33.0,26.1,4.0,140.0,73.0,29.55
FATIMA III,2014,3,0,7.2,32.5,25.4,4.0,140.0,73.0,28.95
FATIMA III,2015,3,2,7.8,32.0,25.1,2.0,140.0,75.0,28.55
FATIMA III,2016,3,0,0.2,32.8,26.3,4.0,90.0,74.0,29.55
FATIMA III,2017,3,0,6.4,32.1,25.8,4.0,90.0,73.0,28.950000000000003
FATIMA III,2018,3,0,105.8,32.1,25.7,3.0,90.0,75.0,28.9
FATIMA III,2019,3,0,2.4,33.2,25.5,3.0,90.0,67.0,29.35
FATIMA III,2020,3,1,2.0,33.3,26.2,3.0,90.0,74.0,29.75
FATIMA III,2021,3,0,14.3,33.5,26.2,3.0,90.0,73.0,29.85
FATIMA III,2022,3,0,33.8,33.7,26.8,3.0,90.0,71.0,30.25
FATIMA III,2023,3,0,0.4,32.3,25.1,4.0,90.0,68.0,28.7
H-II,2010,3,0,10.4,32.56923076923077,25.800000000000004,4.0,110.0,72.84615384615384,29.184615384615388
H-II,2015,3,0,7.8,32.0,25.1,2.0,140.0,75.0,28.55
H-II,2017,3,0,6.4,32.1,25.8,4.0,90.0,73.0,28.950000000000003
H-II,2018,3,0,105.8,32.1,25.7,3.0,90.0,75.0,28.9
LANGKAAN I,2010,3,0,10.4,32.56923076923077,25.800000000000004,4.0,110.0,72.84615384615384,29.184615384615388
LANGKAAN I,2011,3,1,48.0,31.3,25.6,4.0,110.0,74.0,28.450000000000003
LANGKAAN I,2012,3,2,88.5,31.6,25.6,4.0,140.0,77.0,28.6
LANGKAAN I,2013,3,0,58.4,33.0,26.1,4.0,140.0,73.0,29.55
LANGKAAN I,2014,3,2,7.2,32.5,25.4,4.0,140.0,73.0,28.95
LANGKAAN I,2015,3,2,7.8,32.0,25.1,2.0,140.0,75.0,28.55
LANGKAAN I,2016,3,0,0.2,32.8,26.3,4.0,90.0,74.0,29.55
LANGKAAN I,2017,3,1,6.4,32.1,25.8,4.0,90.0,73.0,28.950000000000003
LANGKAAN I,2018,3,1,105.8,32.1,25.7,3.0,90.0,75.0,28.9
LANGKAAN I,2019,3,5,2.4,33.2,25.5,3.0,90.0,67.0,29.35
LANGKAAN I,2020,3,0,2.0,33.3,26.2,3.0,90.0,74.0,29.75
LANGKAAN I,2021,3,2,14.3,33.5,26.2,3.0,90.0,73.0,29.85
LANGKAAN I,2022,3,0,33.8,33.7,26.8,3.0,90.0,71.0,30.25
LANGKAAN I,2023,3,2,0.4,32.3,25.1,4.0,90.0,68.0,28.7
LANGKAAN II,2010,3,0,10.4,32.56923076923077,25.800000000000004,4.0,110.0,72.84615384615384,29.184615384615388
LANGKAAN II,2011,3,1,48.0,31.3,25.6,4.0,110.0,74.0,28.450000000000003
LANGKAAN II,2012,3,0,88.5,31.6,25.6,4.0,140.0,77.0,28.6
LANGKAAN II,2013,3,0,58.4,33.0,26.1,4.0,140.0,73.0,29.55
LANGKAAN II,2014,3,0,7.2,32.5,25.4,4.0,140.0,73.0,28.95
LANGKAAN II,2015,3,1,7.8,32.0,25.1,2.0,140.0,75.0,28.55
LANGKAAN II,2016,3,0,0.2,32.8,26.3,4.0,90.0,74.0,29.55
LANGKAAN II,2017,3,1,6.4,32.1,25.8,4.0,90.0,73.0,28.950000000000003
LANGKAAN II,2018,3,3,105.8,32.1,25.7,3.0,90.0,75.0,28.9
LANGKAAN II,2019,3,7,2.4,33.2,25.5,3.0,90.0,67.0,29.35
LANGKAAN II,2020,3,4,2.0,33.3,26.2,3.0,90.0,74.0,29.75
LANGKAAN II,2021,3,0,14.3,33.5,26.2,3.0,90.0,73.0,29.85
LANGKAAN II,2022,3,1,33.8,33.7,26.8,3.0,90.0,71.0,30.25
LANGKAAN II,2023,3,2,0.4,32.3,25.1,4.0,90.0,68.0,28.7
LUZVIMINDA I,2011,3,1,48.0,31.3,25.6,4.0,110.0,74.0,28.450000000000003
LUZVIMINDA I,2012,3,0,88.5,31.6,25.6,4.0,140.0,77.0,28.6
LUZVIMINDA I,2014,3,0,7.2,32.5,25.4,4.0,140.0,73.0,28.95
LUZVIMINDA I,2015,3,0,7.8,32.0,25.1,2.0,140.0,75.0,28.55
LUZVIMINDA I,2016,3,0,0.2,32.8,26.3,4.0,90.0,74.0,29.55
LUZVIMINDA I,2017,3,0,6.4,32.1,25.8,4.0,90.0,73.0,28.950000000000003
LUZVIMINDA I,2018,3,0,105.8,32.1,25.7,3.0,90.0,75.0,28.9
LUZVIMINDA I,2019,3,0,2.4,33.2,25.5,3.0,90.0,67.0,29.35
LUZVIMINDA I,2020,3,0,2.0,33.3,26.2,3.0,90.0,74.0,29.75
LUZVIMINDA I,2021,3,0,14.3,33.5,26.2,3.0,90.0,73.0,29.85
LUZVIMINDA I,2022,3,0,33.8,33.7,26.8,3.0,90.0,71.0,30.25
LUZVIMINDA I,2023,3,0,0.4,32.3,25.1,4.0,90.0,68.0,28.7
LUZVIMINDA II,2011,3,0,48.0,31.3,25.6,4.0,110.0,74.0,28.450000000000003
LUZVIMINDA II,2012,3,0,88.5,31.6,25.6,4.0,140.0,77.0,28.6
LUZVIMINDA II,2013,3,0,58.4,33.0,26.1,4.0,140.0,73.0,29.55
LUZVIMINDA II,2014,3,0,7.2,32.5,25.4,4.0,140.0,73.0,28.95
LUZVIMINDA II,2015,3,1,7.8,32.0,25.1,2.0,140.0,75.0,28.55
LUZVIMINDA II,2016,3,0,0.2,32.8,26.3,4.0,90.0,74.0,29.55
LUZVIMINDA II,2017,3,0,6.4,32.1,25.8,4.0,90.0,73.0,28.950000000000003
LUZVIMINDA II,2018,3,0,105.8,32.1,25.7,3.0,90.0,75.0,28.9
LUZVIMINDA II,2019,3,0,2.4,33.2,25.5,3.0,90.0,67.0,29.35
LUZVIMINDA II,2020,3,0,2.0,33.3,26.2,3.0,90.0,74.0,29.75
LUZVIMINDA II,2022,3,0,33.8,33.7,26.8,3.0,90.0,71.0,30.25
LUZVIMINDA II,2023,3,0,0.4,32.3,25.1,4.0,90.0,68.0,28.7
PALIPARAN I,2010,3,1,10.4,32.56923076923077,25.800000000000004,4.0,110.0,72.84615384615384,29.184615384615388
PALIPARAN I,2011,3,0,48.0,31.3,25.6,4.0,110.0,74.0,28.450000000000003
PALIPARAN I,2012,3,2,88.5,31.6,25.6,4.0,140.0,77.0,28.6
PALIPARAN I,2013,3,0,58.4,33.0,26.1,4.0,140.0,73.0,29.55
PALIPARAN I,2014,3,2,7.2,32.5,25.4,4.0,140.0,73.0,28.95
PALIPARAN I,2015,3,0,7.8,32.0,25.1,2.0,140.0,75.0,28.55
PALIPARAN I,2016,3,0,0.2,32.8,26.3,4.0,90.0,74.0,29.55
PALIPARAN I,2017,3,0,6.4,32.1,25.8,4.0,90.0,73.0,28.950000000000003
PALIPARAN I,2018,3,0,105.8,32.1,25.7,3.0,90.0,75.0,28.9
PALIPARAN I,2019,3,0,2.4,33.2,25.5,3.0,90.0,67.0,29.35
PALIPARAN I,2020,3,0,2.0,33.3,26.2,3.0,90.0,74.0,29.75
PALIPARAN I,2021,3,0,14.3,33.5,26.2,3.0,90.0,73.0,29.85
PALIPARAN I,2022,3,0,33.8,33.7,26.8,3.0,90.0,71.0,30.25
PALIPARAN I,2023,3,0,0.4,32.3,25.1,4.0,90.0,68.0,28.7
PALIPARAN II,2010,3,0,10.4,32.56923076923077,25.800000000000004,4.0,110.0,72.84615384615384,29.184615384615388
PALIPARAN II,2011,3,1,48.0,31.3,25.6,4.0,110.0,74.0,28.450000000000003
PALIPARAN II,2012,3,0,88.5,31.6,25.6,4.0,140.0,77.0,28.6
PALIPARAN II,2013,3,0,58.4,33.0,26.1,4.0,140.0,73.0,29.55
PALIPARAN II,2014,3,0,7.2,32.5,25.4,4.0,140.0,73.0,28.95
PALIPARAN II,2015,3,2,7.8,32.0,25.1,2.0,140.0,75.0,28.55
PALIPARAN II,2016,3,0,0.2,32.8,26.3,4.0,90.0,74.0,29.55
PALIPARAN II,2017,3,0,6.4,32.1,25.8,4.0,90.0,73.0,28.950000000000003
PALIPARAN II,2018,3,2,105.8,32.1,25.7,3.0,90.0,75.0,28.9
PALIPARAN II,2019,3,0,2.4,33.2,25.5,3.0,90.0,67.0,29.35
PALIPARAN II,2020,3,0,2.0,33.3,26.2,3.0,90.0,74.0,29.75
PALIPARAN II,2021,3,1,14.3,33.5,26.2,3.0,90.0,73.0,29.85
PALIPARAN II,2022,3,1,33.8,33.7,26.8,3.0,90.0,71.0,30.25
PALIPARAN II,2023,3,1,0.4,32.3,25.1,4.0,90.0,68.0,28.7
PALIPARAN III,2010,3,0,10.4,32.56923076923077,25.800000000000004,4.0,110.0,72.84615384615384,29.184615384615388
PALIPARAN III,2011,3,2,48.0,31.3,25.6,4.0,110.0,74.0,28.450000000000003
PALIPARAN III,2012,3,0,88.5,31.6,25.6,4.0,140.0,77.0,28.6
PALIPARAN III,2013,3,0,58.4,33.0,26.1,4.0,140.0,73.0,29.55
PALIPARAN III,2014,3,0,7.2,32.5,25.4,4.0,140.0,73.0,28.95
PALIPARAN III,2015,3,2,7.8,32.0,25.1,2.0,140.0,75.0,28.55
PALIPARAN III,2016,3,2,0.2,32.8,26.3,4.0,90.0,74.0,29.55
PALIPARAN III,2017,3,1,6.4,32.1,25.8,4.0,90.0,73.0,28.950000000000003
PALIPARAN III,2018,3,0,105.8,32.1,25.7,3.0,90.0,75.0,28.9
PALIPARAN III,2019,3,11,2.4,33.2,25.5,3.0,90.0,67.0,29.35
PALIPARAN III,2020,3,0,2.0,33.3,26.2,3.0,90.0,74.0,29.75
PALIPARAN III,2021,3,4,14.3,33.5,26.2,3.0,90.0,73.0,29.85
PALIPARAN III,2022,3,0,33.8,33.7,26.8,3.0,90.0,71.0,30.25
PALIPARAN III,2023,3,0,0.4,32.3,25.1,4.0,90.0,68.0,28.7
SABANG,2010,3,0,10.4,32.56923076923077,25.800000000000004,4.0,110.0,72.84615384615384,29.184615384615388
SABANG,2011,3,0,48.0,31.3,25.6,4.0,110.0,74.0,28.450000000000003
SABANG,2012,3,2,88.5,31.6,25.6,4.0,140.0,77.0,28.6
SABANG,2013,3,0,58.4,33.0,26.1,4.0,140.0,73.0,29.55
SABANG,2014,3,2,7.2,32.5,25.4,4.0,140.0,73.0,28.95
SABANG,2015,3,1,7.8,32.0,25.1,2.0,140.0,75.0,28.55
SABANG,2016,3,1,0.2,32.8,26.3,4.0,90.0,74.0,29.55
SABANG,2017,3,0,6.4,32.1,25.8,4.0,90.0,73.0,28.950000000000003
SABANG,2018,3,3,105.8,32.1,25.7,3.0,90.0,75.0,28.9
SABANG,2019,3,1,2.4,33.2,25.5,3.0,90.0,67.0,29.35
SABANG,2020,3,0,2.0,33.3,26.2,3.0,90.0,74.0,29.75
SABANG,2021,3,0,14.3,33.5,26.2,3.0,90.0,73.0,29.85
SABANG,2022,3,0,33.8,33.7,26.8,3.0,90.0,71.0,30.25
SABANG,2023,3,0,0.4,32.3,25.1,4.0,90.0,68.0,28.7
SAINT PETER I,2010,3,0,10.4,32.56923076923077,25.800000000000004,4.0,110.0,72.84615384615384,29.184615384615388
SAINT PETER I,2011,3,0,48.0,31.3,25.6,4.0,110.0,74.0,28.450000000000003
SAINT PETER I,2012,3,0,88.5,31.6,25.6,4.0,140.0,77.0,28.6
SAINT PETER I,2013,3,0,58.4,33.0,26.1,4.0,140.0,73.0,29.55
SAINT PETER I,2014,3,0,7.2,32.5,25.4,4.0,140.0,73.0,28.95
SAINT PETER I,2015,3,0,7.8,32.0,25.1,2.0,140.0,75.0,28.55
SAINT PETER I,2016,3,0,0.2,32.8,26.3,4.0,90.0,74.0,29.55
SAINT PETER I,2017,3,0,6.4,32.1,25.8,4.0,90.0,73.0,28.950000000000003
SAINT PETER I,2018,3,0,105.8,32.1,25.7,3.0,90.0,75.0,28.9
SAINT PETER I,2019,3,0,2.4,33.2,25.5,3.0,90.0,67.0,29.35
SAINT PETER I,2020,3,2,2.0,33.3,26.2,3.0,90.0,74.0,29.75
SAINT PETER I,2021,3,0,14.3,33.5,26.2,3.0,90.0,73.0,29.85
SAINT PETER I,2022,3,0,33.8,33.7,26.8,3.0,90.0,71.0,30.25
SAINT PETER II,2010,3,0,10.4,32.56923076923077,25.800000000000004,4.0,110.0,72.84615384615384,29.184615384615388
SAINT PETER II,2011,3,0,48.0,31.3,25.6,4.0,110.0,74.0,28.450000000000003
SAINT PETER II,2013,3,0,58.4,33.0,26.1,4.0,140.0,73.0,29.55
SAINT PETER II,2015,3,1,7.8,32.0,25.1,2.0,140.0,75.0,28.55
SAINT PETER II,2016,3,0,0.2,32.8,26.3,4.0,90.0,74.0,29.55
SAINT PETER II,2017,3,0,6.4,32.1,25.8,4.0,90.0,73.0,28.950000000000003
SAINT PETER II,2018,3,0,105.8,32.1,25.7,3.0,90.0,75.0,28.9
SAINT PETER II,2019,3,0,2.4,33.2,25.5,3.0,90.0,67.0,29.35
SAINT PETER II,2022,3,0,33.8,33.7,26.8,3.0,90.0,71.0,30.25
SAINT PETER II,2023,3,0,0.4,32.3,25.1,4.0,90.0,68.0,28.7
SALAWAG,2010,3,0,10.4,32.56923076923077,25.800000000000004,4.0,110.0,72.84615384615384,29.184615384615388
SALAWAG,2011,3,1,48.0,31.3,25.6,4.0,110.0,74.0,28.450000000000003
SALAWAG,2012,3,4,88.5,31.6,25.6,4.0,140.0,77.0,28.6
SALAWAG,2013,3,2,58.4,33.0,26.1,4.0,140.0,73.0,29.55
SALAWAG,2014,3,4,7.2,32.5,25.4,4.0,140.0,73.0,28.95
SALAWAG,2015,3,5,7.8,32.0,25.1,2.0,140.0,75.0,28.55
SALAWAG,2016,3,1,0.2,32.8,26.3,4.0,90.0,74.0,29.55
SALAWAG,2017,3,5,6.4,32.1,25.8,4.0,90.0,73.0,28.950000000000003
SALAWAG,2018,3,1,105.8,32.1,25.7,3.0,90.0,75.0,28.9
SALAWAG,2019,3,10,2.4,33.2,25.5,3.0,90.0,67.0,29.35
SALAWAG,2020,3,0,2.0,33.3,26.2,3.0,90.0,74.0,29.75
SALAWAG,2021,3,1,14.3,33.5,26.2,3.0,90.0,73.0,29.85
SALAWAG,2022,3,0,33.8,33.7,26.8,3.0,90.0,71.0,30.25
SALAWAG,2023,3,3,0.4,32.3,25.1,4.0,90.0,68.0,28.7
SALITRAN I,2010,3,0,10.4,32.56923076923077,25.800000000000004,4.0,110.0,72.84615384615384,29.184615384615388
SALITRAN I,2011,3,0,48.0,31.3,25.6,4.0,110.0,74.0,28.450000000000003
SALITRAN I,2012,3,0,88.5,31.6,25.6,4.0,140.0,77.0,28.6
SALITRAN I,2013,3,1,58.4,33.0,26.1,4.0,140.0,73.0,29.55
SALITRAN I,2014,3,0,7.2,32.5,25.4,4.0,140.0,73.0,28.95
SALITRAN I,2015,3,1,7.8,32.0,25.1,2.0,140.0,75.0,28.55
SALITRAN I,2016,3,0,0.2,32.8,26.3,4.0,90.0,74.0,29.55
SALITRAN I,2017,3,0,6.4,32.1,25.8,4.0,90.0,73.0,28.950000000000003
SALITRAN I,2018,3,0,105.8,32.1,25.7,3.0,90.0,75.0,28.9
SALITRAN I,2019,3,2,2.4,33.2,25.5,3.0,90.0,67.0,29.35
SALITRAN I,2020,3,0,2.0,33.3,26.2,3.0,90.0,74.0,29.75
SALITRAN I,2021,3,1,14.3,33.5,26.2,3.0,90.0,73.0,29.85
SALITRAN I,2022,3,0,33.8,33.7,26.8,3.0,90.0,71.0,30.25
SALITRAN I,2023,3,0,0.4,32.3,25.1,4.0,90.0,68.0,28.7
SALITRAN II,2010,3,0,10.4,32.56923076923077,25.800000000000004,4.0,110.0,72.84615384615384,29.184615384615388
SALITRAN II,2011,3,1,48.0,31.3,25.6,4.0,110.0,74.0,28.450000000000003
SALITRAN II,2012,3,0,88.5,31.6,25.6,4.0,140.0,77.0,28.6
SALITRAN II,2013,3,0,58.4,33.0,26.1,4.0,140.0,73.0,29.55
SALITRAN II,2014,3,0,7.2,32.5,25.4,4.0,140.0,73.0,28.95
SALITRAN II,2015,3,2,7.8,32.0,25.1,2.0,140.0,75.0,28.55
SALITRAN II,2016,3,0,0.2,32.8,26.3,4.0,90.0,74.0,29.55
SALITRAN II,2017,3,1,6.4,32.1,25.8,4.0,90.0,73.0,28.950000000000003
SALITRAN II,2018,3,0,105.8,32.1,25.7,3.0,90.0,75.0,28.9
SALITRAN II,2019,3,4,2.4,33.2,25.5,3.0,90.0,67.0,29.35
SALITRAN II,2020,3,0,2.0,33.3,26.2,3.0,90.0,74.0,29.75
SALITRAN II,2021,3,0,14.3,33.5,26.2,3.0,90.0,73.0,29.85
SALITRAN II,2022,3,0,33.8,33.7,26.8,3.0,90.0,71.0,30.25
SALITRAN II,2023,3,0,0.4,32.3,25.1,4.0,90.0,68.0,28.7
SALITRAN III,2010,3,0,10.4,32.56923076923077,25.800000000000004,4.0,110.0,72.84615384615384,29.184615384615388
SALITRAN III,2011,3,0,48.0,31.3,25.6,4.0,110.0,74.0,28.450000000000003
SALITRAN III,2012,3,1,88.5,31.6,25.6,4.0,140.0,77.0,28.6
SALITRAN III,2013,3,1,58.4,33.0,26.1,4.0,140.0,73.0,29.55
SALITRAN III,2014,3,1,7.2,32.5,25.4,4.0,140.0,73.0,28.95
SALITRAN III,2015,3,3,7.8,32.0,25.1,2.0,140.0,75.0,28.55
SALITRAN III,2016,3,0,0.2,32.8,26.3,4.0,90.0,74.0,29.55
SALITRAN III,2017,3,2,6.4,32.1,25.8,4.0,90.0,73.0,28.950000000000003
SALITRAN III,2018,3,0,105.8,32.1,25.7,3.0,90.0,75.0,28.9
SALITRAN III,2019,3,1,2.4,33.2,25.5,3.0,90.0,67.0,29.35
SALITRAN III,2020,3,0,2.0,33.3,26.2,3.0,90.0,74.0,29.75
SALITRAN III,2021,3,0,14.3,33.5,26.2,3.0,90.0,73.0,29.85
SALITRAN III,2022,3,0,33.8,33.7,26.8,3.0,90.0,71.0,30.25
SALITRAN III,2023,3,0,0.4,32.3,25.1,4.0,90.0,68.0,28.7
SALITRAN IV,2010,3,0,10.4,32.56923076923077,25.800000000000004,4.0,110.0,72.84615384615384,29.184615384615388
SALITRAN IV,2011,3,0,48.0,31.3,25.6,4.0,110.0,74.0,28.450000000000003
SALITRAN IV,2012,3,0,88.5,31.6,25.6,4.0,140.0,77.0,28.6
SALITRAN IV,2013,3,0,58.4,33.0,26.1,4.0,140.0,73.0,29.55
SALITRAN IV,2014,3,0,7.2,32.5,25.4,4.0,140.0,73.0,28.95
SALITRAN IV,2015,3,0,7.8,32.0,25.1,2.0,140.0,75.0,28.55
SALITRAN IV,2016,3,0,0.2,32.8,26.3,4.0,90.0,74.0,29.55
SALITRAN IV,2017,3,4,6.4,32.1,25.8,4.0,90.0,73.0,28.950000000000003
SALITRAN IV,2018,3,0,105.8,32.1,25.7,3.0,90.0,75.0,28.9
SALITRAN IV,2019,3,2,2.4,33.2,25.5,3.0,90.0,67.0,29.35
SALITRAN IV,2020,3,0,2.0,33.3,26.2,3.0,90.0,74.0,29.75
SALITRAN IV,2021,3,0,14.3,33.5,26.2,3.0,90.0,73.0,29.85
SALITRAN IV,2022,3,0,33.8,33.7,26.8,3.0,90.0,71.0,30.25
SALITRAN IV,2023,3,0,0.4,32.3,25.1,4.0,90.0,68.0,28.7
SAMPALOC I,2010,3,0,10.4,32.56923076923077,25.800000000000004,4.0,110.0,72.84615384615384,29.184615384615388
SAMPALOC I,2011,3,0,48.0,31.3,25.6,4.0,110.0,74.0,28.450000000000003
SAMPALOC I,2012,3,1,88.5,31.6,25.6,4.0,140.0,77.0,28.6
SAMPALOC I,2013,3,0,58.4,33.0,26.1,4.0,140.0,73.0,29.55
SAMPALOC I,2014,3,1,7.2,32.5,25.4,4.0,140.0,73.0,28.95
SAMPALOC I,2015,3,0,7.8,32.0,25.1,2.0,140.0,75.0,28.55
SAMPALOC I,2016,3,0,0.2,32.8,26.3,4.0,90.0,74.0,29.55
SAMPALOC I,2017,3,0,6.4,32.1,25.8,4.0,90.0,73.0,28.950000000000003
SAMPALOC I,2018,3,0,105.8,32.1,25.7,3.0,90.0,75.0,28.9
SAMPALOC I,2019,3,2,2.4,33.2,25.5,3.0,90.0,67.0,29.35
SAMPALOC I,2020,3,0,2.0,33.3,26.2,3.0,90.0,74.0,29.75
SAMPALOC I,2021,3,1,14.3,33.5,26.2,3.0,90.0,73.0,29.85
SAMPALOC I,2022,3,0,33.8,33.7,26.8,3.0,90.0,71.0,30.25
SAMPALOC I,2023,3,0,0.4,32.3,25.1,4.0,90.0,68.0,28.7
SAMPALOC II,2010,3,0,10.4,32.56923076923077,25.800000000000004,4.0,110.0,72.84615384615384,29.184615384615388
SAMPALOC II,2011,3,0,48.0,31.3,25.6,4.0,110.0,74.0,28.450000000000003
SAMPALOC II,2012,3,0,88.5,31.6,25.6,4.0,140.0,77.0,28.6
SAMPALOC II,2013,3,1,58.4,33.0,26.1,4.0,140.0,73.0,29.55
SAMPALOC II,2014,3,0,7.2,32.5,25.4,4.0,140.0,73.0,28.95
SAMPALOC II,2015,3,1,7.8,32.0,25.1,2.0,140.0,75.0,28.55
SAMPALOC II,2016,3,0,0.2,32.8,26.3,4.0,90.0,74.0,29.55
SAMPALOC II,2017,3,0,6.4,32.1,25.8,4.0,90.0,73.0,28.950000000000003
SAMPALOC II,2018,3,1,105.8,32.1,25.7,3.0,90.0,75.0,28.9
SAMPALOC II,2019,3,1,2.4,33.2,25.5,3.0,90.0,67.0,29.35
SAMPALOC II,2020,3,1,2.0,33.3,26.2,3.0,90.0,74.0,29.75
SAMPALOC II,2021,3,0,14.3,33.5,26.2,3.0,90.0,73.0,29.85
SAMPALOC II,2022,3,0,33.8,33.7,26.8,3.0,90.0,71.0,30.25
SAMPALOC II,2023,3,0,0.4,32.3,25.1,4.0,90.0,68.0,28.7
SAMPALOC III,2010,3,0,10.4,32.56923076923077,25.800000000000004,4.0,110.0,72.84615384615384,29.184615384615388
SAMPALOC III,2011,3,0,48.0,31.3,25.6,4.0,110.0,74.0,28.450000000000003
SAMPALOC III,2012,3,1,88.5,31.6,25.6,4.0,140.0,77.0,28.6
SAMPALOC III,2013,3,0,58.4,33.0,26.1,4.0,140.0,73.0,29.55
SAMPALOC III,2014,3,1,7.2,32.5,25.4,4.0,140.0,73.0,28.95
SAMPALOC III,2015,3,1,7.8,32.0,25.1,2.0,140.0,75.0,28.55
SAMPALOC III,2016,3,3,0.2,32.8,26.3,4.0,90.0,74.0,29.55
SAMPALOC III,2017,3,0,6.4,32.1,25.8,4.0,90.0,73.0,28.950000000000003
SAMPALOC III,2018,3,1,105.8,32.1,25.7,3.0,90.0,75.0,28.9
SAMPALOC III,2019,3,0,2.4,33.2,25.5,3.0,90.0,67.0,29.35
SAMPALOC III,2020,3,2,2.0,33.3,26.2,3.0,90.0,74.0,29.75
SAMPALOC III,2021,3,0,14.3,33.5,26.2,3.0,90.0,73.0,29.85
SAMPALOC III,2022,3,0,33.8,33.7,26.8,3.0,90.0,71.0,30.25
SAMPALOC III,2023,3,0,0.4,32.3,25.1,4.0,90.0,68.0,28.7
SAMPALOC IV,2010,3,0,10.4,32.56923076923077,25.800000000000004,4.0,110.0,72.84615384615384,29.184615384615388
SAMPALOC IV,2011,3,3,48.0,31.3,25.6,4.0,110.0,74.0,28.450000000000003
SAMPALOC IV,2012,3,1,88.5,31.6,25.6,4.0,140.0,77.0,28.6
SAMPALOC IV,2013,3,0,58.4,33.0,26.1,4.0,140.0,73.0,29.55
SAMPALOC IV,2014,3,1,7.2,32.5,25.4,4.0,140.0,73.0,28.95
SAMPALOC IV,2015,3,2,7.8,32.0,25.1,2.0,140.0,75.0,28.55
SAMPALOC IV,2016,3,0,0.2,32.8,26.3,4.0,90.0,74.0,29.55
SAMPALOC IV,2017,3,0,6.4,32.1,25.8,4.0,90.0,73.0,28.950000000000003
SAMPALOC IV,2018,3,2,105.8,32.1,25.7,3.0,90.0,75.0,28.9
SAMPALOC IV,2019,3,6,2.4,33.2,25.5,3.0,90.0,67.0,29.35
SAMPALOC IV,2020,3,0,2.0,33.3,26.2,3.0,90.0,74.0,29.75
SAMPALOC IV,2021,3,0,14.3,33.5,26.2,3.0,90.0,73.0,29.85
SAMPALOC IV,2022,3,2,33.8,33.7,26.8,3.0,90.0,71.0,30.25
SAMPALOC IV,2023,3,1,0.4,32.3,25.1,4.0,90.0,68.0,28.7
SAMPALOC V,2010,3,0,10.4,32.56923076923077,25.800000000000004,4.0,110.0,72.84615384615384,29.184615384615388
SAMPALOC V,2011,3,0,48.0,31.3,25.6,4.0,110.0,74.0,28.450000000000003
SAMPALOC V,2012,3,0,88.5,31.6,25.6,4.0,140.0,77.0,28.6
SAMPALOC V,2013,3,0,58.4,33.0,26.1,4.0,140.0,73.0,29.55
SAMPALOC V,2014,3,0,7.2,32.5,25.4,4.0,140.0,73.0,28.95
SAMPALOC V,2015,3,0,7.8,32.0,25.1,2.0,140.0,75.0,28.55
SAMPALOC V,2017,3,0,6.4,32.1,25.8,4.0,90.0,73.0,28.950000000000003
SAMPALOC V,2018,3,0,105.8,32.1,25.7,3.0,90.0,75.0,28.9
SAMPALOC V,2019,3,0,2.4,33.2,25.5,3.0,90.0,67.0,29.35
SAMPALOC V,2023,3,0,0.4,32.3,25.1,4.0,90.0,68.0,28.7
SAN AGUSTIN I,2010,3,0,10.4,32.56923076923077,25.800000000000004,4.0,110.0,72.84615384615384,29.184615384615388
SAN AGUSTIN I,2011,3,2,48.0,31.3,25.6,4.0,110.0,74.0,28.450000000000003
SAN AGUSTIN I,2012,3,1,88.5,31.6,25.6,4.0,140.0,77.0,28.6
SAN AGUSTIN I,2013,3,0,58.4,33.0,26.1,4.0,140.0,73.0,29.55
SAN AGUSTIN I,2014,3,1,7.2,32.5,25.4,4.0,140.0,73.0,28.95
SAN AGUSTIN I,2015,3,1,7.8,32.0,25.1,2.0,140.0,75.0,28.55
SAN AGUSTIN I,2016,3,0,0.2,32.8,26.3,4.0,90.0,74.0,29.55
SAN AGUSTIN I,2017,3,0,6.4,32.1,25.8,4.0,90.0,73.0,28.950000000000003
SAN AGUSTIN I,2018,3,0,105.8,32.1,25.7,3.0,90.0,75.0,28.9
SAN AGUSTIN I,2019,3,1,2.4,33.2,25.5,3.0,90.0,67.0,29.35
SAN AGUSTIN I,2020,3,0,2.0,33.3,26.2,3.0,90.0,74.0,29.75
SAN AGUSTIN I,2021,3,0,14.3,33.5,26.2,3.0,90.0,73.0,29.85
SAN AGUSTIN I,2022,3,1,33.8,33.7,26.8,3.0,90.0,71.0,30.25
SAN AGUSTIN I,2023,3,0,0.4,32.3,25.1,4.0,90.0,68.0,28.7
SAN AGUSTIN II,2010,3,0,10.4,32.56923076923077,25.800000000000004,4.0,110.0,72.84615384615384,29.184615384615388
SAN AGUSTIN II,2011,3,2,48.0,31.3,25.6,4.0,110.0,74.0,28.450000000000003
SAN AGUSTIN II,2012,3,0,88.5,31.6,25.6,4.0,140.0,77.0,28.6
SAN AGUSTIN II,2013,3,0,58.4,33.0,26.1,4.0,140.0,73.0,29.55
SAN AGUSTIN II,2014,3,0,7.2,32.5,25.4,4.0,140.0,73.0,28.95
SAN AGUSTIN II,2015,3,0,7.8,32.0,25.1,2.0,140.0,75.0,28.55
SAN AGUSTIN II,2016,3,0,0.2,32.8,26.3,4.0,90.0,74.0,29.55
SAN AGUSTIN II,2017,3,0,6.4,32.1,25.8,4.0,90.0,73.0,28.950000000000003
SAN AGUSTIN II,2018,3,2,105.8,32.1,25.7,3.0,90.0,75.0,28.9
SAN AGUSTIN II,2019,3,1,2.4,33.2,25.5,3.0,90.0,67.0,29.35
SAN AGUSTIN II,2020,3,1,2.0,33.3,26.2,3.0,90.0,74.0,29.75
SAN AGUSTIN II,2021,3,0,14.3,33.5,26.2,3.0,90.0,73.0,29.85
SAN AGUSTIN II,2022,3,0,33.8,33.7,26.8,3.0,90.0,71.0,30.25
SAN AGUSTIN II,2023,3,1,0.4,32.3,25.1,4.0,90.0,68.0,28.7
SAN AGUSTIN III,2010,3,0,10.4,32.56923076923077,25.800000000000004,4.0,110.0,72.84615384615384,29.184615384615388
SAN AGUSTIN III,2011,3,2,48.0,31.3,25.6,4.0,110.0,74.0,28.450000000000003
SAN AGUSTIN III,2012,3,0,88.5,31.6,25.6,4.0,140.0,77.0,28.6
SAN AGUSTIN III,2013,3,0,58.4,33.0,26.1,4.0,140.0,73.0,29.55
SAN AGUSTIN III,2014,3,0,7.2,32.5,25.4,4.0,140.0,73.0,28.95
SAN AGUSTIN III,2015,3,1,7.8,32.0,25.1,2.0,140.0,75.0,28.55
SAN AGUSTIN III,2016,3,0,0.2,32.8,26.3,4.0,90.0,74.0,29.55
SAN AGUSTIN III,2017,3,0,6.4,32.1,25.8,4.0,90.0,73.0,28.950000000000003
SAN AGUSTIN III,2018,3,0,105.8,32.1,25.7,3.0,90.0,75.0,28.9
SAN AGUSTIN III,2019,3,2,2.4,33.2,25.5,3.0,90.0,67.0,29.35
SAN AGUSTIN III,2020,3,0,2.0,33.3,26.2,3.0,90.0,74.0,29.75
SAN AGUSTIN III,2021,3,0,14.3,33.5,26.2,3.0,90.0,73.0,29.85
SAN AGUSTIN III,2022,3,0,33.8,33.7,26.8,3.0,90.0,71.0,30.25
SAN AGUSTIN III,2023,3,0,0.4,32.3,25.1,4.0,90.0,68.0,28.7
SAN ANDRES I,2010,3,0,10.4,32.56923076923077,25.800000000000004,4.0,110.0,72.84615384615384,29.184615384615388
SAN ANDRES I,2011,3,0,48.0,31.3,25.6,4.0,110.0,74.0,28.450000000000003
SAN ANDRES I,2012,3,0,88.5,31.6,25.6,4.0,140.0,77.0,28.6
SAN ANDRES I,2013,3,0,58.4,33.0,26.1,4.0,140.0,73.0,29.55
SAN ANDRES I,2014,3,0,7.2,32.5,25.4,4.0,140.0,73.0,28.95
SAN ANDRES I,2015,3,2,7.8,32.0,25.1,2.0,140.0,75.0,28.55
SAN ANDRES I,2016,3,0,0.2,32.8,26.3,4.0,90.0,74.0,29.55
SAN ANDRES I,2017,3,0,6.4,32.1,25.8,4.0,90.0,73.0,28.950000000000003
SAN ANDRES I,2018,3,0,105.8,32.1,25.7,3.0,90.0,75.0,28.9
SAN ANDRES I,2019,3,0,2.4,33.2,25.5,3.0,90.0,67.0,29.35
SAN ANDRES I,2020,3,0,2.0,33.3,26.2,3.0,90.0,74.0,29.75
SAN ANDRES I,2021,3,0,14.3,33.5,26.2,3.0,90.0,73.0,29.85
SAN ANDRES I,2022,3,0,33.8,33.7,26.8,3.0,90.0,71.0,30.25
SAN ANDRES I,2023,3,0,0.4,32.3,25.1,4.0,90.0,68.0,28.7
SAN ANDRES II,2011,3,0,48.0,31.3,25.6,4.0,110.0,74.0,28.450000000000003
SAN ANDRES II,2012,3,0,88.5,31.6,25.6,4.0,140.0,77.0,28.6
SAN ANDRES II,2014,3,0,7.2,32.5,25.4,4.0,140.0,73.0,28.95
SAN ANDRES II,2015,3,1,7.8,32.0,25.1,2.0,140.0,75.0,28.55
SAN ANDRES II,2016,3,0,0.2,32.8,26.3,4.0,90.0,74.0,29.55
SAN ANDRES II,2017,3,0,6.4,32.1,25.8,4.0,90.0,73.0,28.950000000000003
SAN ANDRES II,2018,3,0,105.8,32.1,25.7,3.0,90.0,75.0,28.9
SAN ANDRES II,2019,3,0,2.4,33.2,25.5,3.0,90.0,67.0,29.35
SAN ANDRES II,2020,3,0,2.0,33.3,26.2,3.0,90.0,74.0,29.75
SAN ANDRES II,2021,3,0,14.3,33.5,26.2,3.0,90.0,73.0,29.85
SAN ANDRES II,2022,3,0,33.8,33.7,26.8,3.0,90.0,71.0,30.25
SAN ANDRES II,2023,3,0,0.4,32.3,25.1,4.0,90.0,68.0,28.7
SAN ANTONIO DE PADUA I,2011,3,0,48.0,31.3,25.6,4.0,110.0,74.0,28.450000000000003
SAN ANTONIO DE PADUA I,2012,3,0,88.5,31.6,25.6,4.0,140.0,77.0,28.6
SAN ANTONIO DE PADUA I,2013,3,0,58.4,33.0,26.1,4.0,140.0,73.0,29.55
SAN ANTONIO DE PADUA I,2014,3,0,7.2,32.5,25.4,4.0,140.0,73.0,28.95
SAN ANTONIO DE PADUA I,2015,3,0,7.8,32.0,25.1,2.0,140.0,75.0,28.55
SAN ANTONIO DE PADUA I,2016,3,0,0.2,32.8,26.3,4.0,90.0,74.0,29.55
SAN ANTONIO DE PADUA I,2017,3,0,6.4,32.1,25.8,4.0,90.0,73.0,28.950000000000003
SAN ANTONIO DE PADUA I,2018,3,0,105.8,32.1,25.7,3.0,90.0,75.0,28.9
SAN ANTONIO DE PADUA I,2019,3,1,2.4,33.2,25.5,3.0,90.0,67.0,29.35
SAN ANTONIO DE PADUA I,2020,3,0,2.0,33.3,26.2,3.0,90.0,74.0,29.75
SAN ANTONIO DE PADUA I,2021,3,0,14.3,33.5,26.2,3.0,90.0,73.0,29.85
SAN ANTONIO DE PADUA I,2022,3,0,33.8,33.7,26.8,3.0,90.0,71.0,30.25
SAN ANTONIO DE PADUA I,2023,3,0,0.4,32.3,25.1,4.0,90.0,68.0,28.7
SAN ANTONIO DE PADUA II,2010,3,0,10.4,32.56923076923077,25.800000000000004,4.0,110.0,72.84615384615384,29.184615384615388
SAN ANTONIO DE PADUA II,2011,3,0,48.0,31.3,25.6,4.0,110.0,74.0,28.450000000000003
SAN ANTONIO DE PADUA II,2012,3,0,88.5,31.6,25.6,4.0,140.0,77.0,28.6
SAN ANTONIO DE PADUA II,2013,3,1,58.4,33.0,26.1,4.0,140.0,73.0,29.55
SAN ANTONIO DE PADUA II,2014,3,0,7.2,32.5,25.4,4.0,140.0,73.0,28.95
SAN ANTONIO DE PADUA II,2015,3,0,7.8,32.0,25.1,2.0,140.0,75.0,28.55
SAN ANTONIO DE PADUA II,2016,3,0,0.2,32.8,26.3,4.0,90.0,74.0,29.55
SAN ANTONIO DE PADUA II,2017,3,0,6.4,32.1,25.8,4.0,90.0,73.0,28.950000000000003
SAN ANTONIO DE PADUA II,2018,3,0,105.8,32.1,25.7,3.0,90.0,75.0,28.9
SAN ANTONIO DE PADUA II,2019,3,0,2.4,33.2,25.5,3.0,90.0,67.0,29.35
SAN ANTONIO DE PADUA II,2020,3,0,2.0,33.3,26.2,3.0,90.0,74.0,29.75
SAN ANTONIO DE PADUA II,2021,3,0,14.3,33.5,26.2,3.0,90.0,73.0,29.85
SAN ANTONIO DE PADUA II,2022,3,0,33.8,33.7,26.8,3.0,90.0,71.0,30.25
SAN ANTONIO DE PADUA II,2023,3,1,0.4,32.3,25.1,4.0,90.0,68.0,28.7
SAN DIONISIO (BARANGAY I),2010,3,0,10.4,32.56923076923077,25.800000000000004,4.0,110.0,72.84615384615384,29.184615384615388
SAN DIONISIO (BARANGAY I),2011,3,0,48.0,31.3,25.6,4.0,110.0,74.0,28.450000000000003
SAN DIONISIO (BARANGAY I),2012,3,0,88.5,31.6,25.6,4.0,140.0,77.0,28.6
SAN DIONISIO (BARANGAY I),2013,3,0,58.4,33.0,26.1,4.0,140.0,73.0,29.55
SAN DIONISIO (BARANGAY I),2014,3,0,7.2,32.5,25.4,4.0,140.0,73.0,28.95
SAN DIONISIO (BARANGAY I),2015,3,2,7.8,32.0,25.1,2.0,140.0,75.0,28.55
SAN DIONISIO (BARANGAY I),2016,3,0,0.2,32.8,26.3,4.0,90.0,74.0,29.55
SAN DIONISIO (BARANGAY I),2017,3,0,6.4,32.1,25.8,4.0,90.0,73.0,28.950000000000003
SAN DIONISIO (BARANGAY I),2018,3,0,105.8,32.1,25.7,3.0,90.0,75.0,28.9
SAN DIONISIO (BARANGAY I),2019,3,0,2.4,33.2,25.5,3.0,90.0,67.0,29.35
SAN DIONISIO (BARANGAY I),2021,3,0,14.3,33.5,26.2,3.0,90.0,73.0,29.85
SAN DIONISIO (BARANGAY I),2022,3,0,33.8,33.7,26.8,3.0,90.0,71.0,30.25
SAN DIONISIO (BARANGAY I),2023,3,0,0.4,32.3,25.1,4.0,90.0,68.0,28.7
SAN ESTEBAN (BARANGAY IV),2010,3,0,10.4,32.56923076923077,25.800000000000004,4.0,110.0,72.84615384615384,29.184615384615388
SAN ESTEBAN (BARANGAY IV),2011,3,0,48.0,31.3,25.6,4.0,110.0,74.0,28.450000000000003
SAN ESTEBAN (BARANGAY IV),2012,3,0,88.5,31.6,25.6,4.0,140.0,77.0,28.6
SAN ESTEBAN (BARANGAY IV),2013,3,0,58.4,33.0,26.1,4.0,140.0,73.0,29.55
SAN ESTEBAN (BARANGAY IV),2014,3,0,7.2,32.5,25.4,4.0,140.0,73.0,28.95
SAN ESTEBAN (BARANGAY IV),2015,3,0,7.8,32.0,25.1,2.0,140.0,75.0,28.55
SAN ESTEBAN (BARANGAY IV),2016,3,0,0.2,32.8,26.3,4.0,90.0,74.0,29.55
SAN ESTEBAN (BARANGAY IV),2017,3,0,6.4,32.1,25.8,4.0,90.0,73.0,28.950000000000003
SAN ESTEBAN (BARANGAY IV),2018,3,0,105.8,32.1,25.7,3.0,90.0,75.0,28.9
SAN ESTEBAN (BARANGAY IV),2019,3,1,2.4,33.2,25.5,3.0,90.0,67.0,29.35
SAN ESTEBAN (BARANGAY IV),2020,3,0,2.0,33.3,26.2,3.0,90.0,74.0,29.75
SAN ESTEBAN (BARANGAY IV),2021,3,0,14.3,33.5,26.2,3.0,90.0,73.0,29.85
SAN ESTEBAN (BARANGAY IV),2022,3,0,33.8,33.7,26.8,3.0,90.0,71.0,30.25
SAN ESTEBAN (BARANGAY IV),2023,3,0,0.4,32.3,25.1,4.0,90.0,68.0,28.7
SAN FRANCISCO I,2010,3,0,10.4,32.56923076923077,25.800000000000004,4.0,110.0,72.84615384615384,29.184615384615388
SAN FRANCISCO I,2011,3,2,48.0,31.3,25.6,4.0,110.0,74.0,28.450000000000003
SAN FRANCISCO I,2012,3,0,88.5,31.6,25.6,4.0,140.0,77.0,28.6
SAN FRANCISCO I,2014,3,0,7.2,32.5,25.4,4.0,140.0,73.0,28.95
SAN FRANCISCO I,2015,3,0,7.8,32.0,25.1,2.0,140.0,75.0,28.55
SAN FRANCISCO I,2016,3,0,0.2,32.8,26.3,4.0,90.0,74.0,29.55
SAN FRANCISCO I,2017,3,0,6.4,32.1,25.8,4.0,90.0,73.0,28.950000000000003
SAN FRANCISCO I,2018,3,0,105.8,32.1,25.7,3.0,90.0,75.0,28.9
SAN FRANCISCO I,2019,3,0,2.4,33.2,25.5,3.0,90.0,67.0,29.35
SAN FRANCISCO I,2020,3,0,2.0,33.3,26.2,3.0,90.0,74.0,29.75
SAN FRANCISCO I,2021,3,0,14.3,33.5,26.2,3.0,90.0,73.0,29.85
SAN FRANCISCO I,2022,3,0,33.8,33.7,26.8,3.0,90.0,71.0,30.25
SAN FRANCISCO I,2023,3,0,0.4,32.3,25.1,4.0,90.0,68.0,28.7
SAN FRANCISCO II,2011,3,0,48.0,31.3,25.6,4.0,110.0,74.0,28.450000000000003
SAN FRANCISCO II,2012,3,0,88.5,31.6,25.6,4.0,140.0,77.0,28.6
SAN FRANCISCO II,2013,3,0,58.4,33.0,26.1,4.0,140.0,73.0,29.55
SAN FRANCISCO II,2014,3,0,7.2,32.5,25.4,4.0,140.0,73.0,28.95
SAN FRANCISCO II,2015,3,0,7.8,32.0,25.1,2.0,140.0,75.0,28.55
SAN FRANCISCO II,2016,3,0,0.2,32.8,26.3,4.0,90.0,74.0,29.55
SAN FRANCISCO II,2017,3,0,6.4,32.1,25.8,4.0,90.0,73.0,28.950000000000003
SAN FRANCISCO II,2018,3,2,105.8,32.1,25.7,3.0,90.0,75.0,28.9
SAN FRANCISCO II,2019,3,1,2.4,33.2,25.5,3.0,90.0,67.0,29.35
SAN FRANCISCO II,2020,3,1,2.0,33.3,26.2,3.0,90.0,74.0,29.75
SAN FRANCISCO II,2022,3,0,33.8,33.7,26.8,3.0,90.0,71.0,30.25
SAN FRANCISCO II,2023,3,0,0.4,32.3,25.1,4.0,90.0,68.0,28.7
SAN ISIDRO LABRADOR I,2010,3,0,10.4,32.56923076923077,25.800000000000004,4.0,110.0,72.84615384615384,29.184615384615388
SAN ISIDRO LABRADOR I,2011,3,1,48.0,31.3,25.6,4.0,110.0,74.0,28.450000000000003
SAN ISIDRO LABRADOR I,2012,3,0,88.5,31.6,25.6,4.0,140.0,77.0,28.6
SAN ISIDRO LABRADOR I,2013,3,0,58.4,33.0,26.1,4.0,140.0,73.0,29.55
SAN ISIDRO LABRADOR I,2014,3,0,7.2,32.5,25.4,4.0,140.0,73.0,28.95
SAN ISIDRO LABRADOR I,2015,3,1,7.8,32.0,25.1,2.0,140.0,75.0,28.55
SAN ISIDRO LABRADOR I,2016,3,0,0.2,32.8,26.3,4.0,90.0,74.0,29.55
SAN ISIDRO LABRADOR I,2017,3,0,6.4,32.1,25.8,4.0,90.0,73.0,28.950000000000003
SAN ISIDRO LABRADOR I,2018,3,0,105.8,32.1,25.7,3.0,90.0,75.0,28.9
SAN ISIDRO LABRADOR I,2019,3,1,2.4,33.2,25.5,3.0,90.0,67.0,29.35
SAN ISIDRO LABRADOR I,2020,3,0,2.0,33.3,26.2,3.0,90.0,74.0,29.75
SAN ISIDRO LABRADOR I,2021,3,0,14.3,33.5,26.2,3.0,90.0,73.0,29.85
SAN ISIDRO LABRADOR I,2022,3,0,33.8,33.7,26.8,3.0,90.0,71.0,30.25
SAN ISIDRO LABRADOR I,2023,3,1,0.4,32.3,25.1,4.0,90.0,68.0,28.7
SAN ISIDRO LABRADOR II,2010,3,0,10.4,32.56923076923077,25.800000000000004,4.0,110.0,72.84615384615384,29.184615384615388
SAN ISIDRO LABRADOR II,2011,3,0,48.0,31.3,25.6,4.0,110.0,74.0,28.450000000000003
SAN ISIDRO LABRADOR II,2012,3,0,88.5,31.6,25.6,4.0,140.0,77.0,28.6
SAN ISIDRO LABRADOR II,2013,3,0,58.4,33.0,26.1,4.0,140.0,73.0,29.55
SAN ISIDRO LABRADOR II,2014,3,0,7.2,32.5,25.4,4.0,140.0,73.0,28.95
SAN ISIDRO LABRADOR II,2015,3,0,7.8,32.0,25.1,2.0,140.0,75.0,28.55
SAN ISIDRO LABRADOR II,2016,3,0,0.2,32.8,26.3,4.0,90.0,74.0,29.55
SAN ISIDRO LABRADOR II,2017,3,0,6.4,32.1,25.8,4.0,90.0,73.0,28.950000000000003
SAN ISIDRO LABRADOR II,2018,3,0,105.8,32.1,25.7,3.0,90.0,75.0,28.9
SAN ISIDRO LABRADOR II,2019,3,0,2.4,33.2,25.5,3.0,90.0,67.0,29.35
SAN ISIDRO LABRADOR II,2020,3,0,2.0,33.3,26.2,3.0,90.0,74.0,29.75
SAN ISIDRO LABRADOR II,2021,3,0,14.3,33.5,26.2,3.0,90.0,73.0,29.85
SAN ISIDRO LABRADOR II,2022,3,1,33.8,33.7,26.8,3.0,90.0,71.0,30.25
SAN ISIDRO LABRADOR II,2023,3,0,0.4,32.3,25.1,4.0,90.0,68.0,28.7
SAN JOSE,2010,3,0,10.4,32.56923076923077,25.800000000000004,4.0,110.0,72.84615384615384,29.184615384615388
SAN JOSE,2011,3,4,48.0,31.3,25.6,4.0,110.0,74.0,28.450000000000003
SAN JOSE,2012,3,0,88.5,31.6,25.6,4.0,140.0,77.0,28.6
SAN JOSE,2013,3,1,58.4,33.0,26.1,4.0,140.0,73.0,29.55
SAN JOSE,2014,3,0,7.2,32.5,25.4,4.0,140.0,73.0,28.95
SAN JOSE,2015,3,1,7.8,32.0,25.1,2.0,140.0,75.0,28.55
SAN JOSE,2016,3,0,0.2,32.8,26.3,4.0,90.0,74.0,29.55
SAN JOSE,2017,3,0,6.4,32.1,25.8,4.0,90.0,73.0,28.950000000000003
SAN JOSE,2018,3,0,105.8,32.1,25.7,3.0,90.0,75.0,28.9
SAN JOSE,2019,3,2,2.4,33.2,25.5,3.0,90.0,67.0,29.35
SAN JOSE,2020,3,1,2.0,33.3,26.2,3.0,90.0,74.0,29.75
SAN JOSE,2021,3,2,14.3,33.5,26.2,3.0,90.0,73.0,29.85
SAN JOSE,2022,3,0,33.8,33.7,26.8,3.0,90.0,71.0,30.25
SAN JOSE,2023,3,0,0.4,32.3,25.1,4.0,90.0,68.0,28.7
SAN JUAN (SAN JUAN I),2010,3,0,10.4,32.56923076923077,25.800000000000004,4.0,110.0,72.84615384615384,29.184615384615388
SAN JUAN (SAN JUAN I),2011,3,0,48.0,31.3,25.6,4.0,110.0,74.0,28.450000000000003
SAN JUAN (SAN JUAN I),2012,3,0,88.5,31.6,25.6,4.0,140.0,77.0,28.6
SAN JUAN (SAN JUAN I),2013,3,0,58.4,33.0,26.1,4.0,140.0,73.0,29.55
SAN JUAN (SAN JUAN I),2014,3,0,7.2,32.5,25.4,4.0,140.0,73.0,28.95
SAN JUAN (SAN JUAN I),2015,3,0,7.8,32.0,25.1,2.0,140.0,75.0,28.55
SAN JUAN (SAN JUAN I),2016,3,0,0.2,32.8,26.3,4.0,90.0,74.0,29.55
SAN JUAN (SAN JUAN I),2017,3,0,6.4,32.1,25.8,4.0,90.0,73.0,28.950000000000003
SAN JUAN (SAN JUAN I),2018,3,0,105.8,32.1,25.7,3.0,90.0,75.0,28.9
SAN JUAN (SAN JUAN I),2019,3,0,2.4,33.2,25.5,3.0,90.0,67.0,29.35
SAN JUAN (SAN JUAN I),2021,3,0,14.3,33.5,26.2,3.0,90.0,73.0,29.85
SAN JUAN (SAN JUAN I),2022,3,0,33.8,33.7,26.8,3.0,90.0,71.0,30.25
SAN JUAN (SAN JUAN I),2023,3,1,0.4,32.3,25.1,4.0,90.0,68.0,28.7
SAN LORENZO RUIZ I,2010,3,0,10.4,32.56923076923077,25.800000000000004,4.0,110.0,72.84615384615384,29.184615384615388
SAN LORENZO RUIZ I,2011,3,0,48.0,31.3,25.6,4.0,110.0,74.0,28.450000000000003
SAN LORENZO RUIZ I,2013,3,0,58.4,33.0,26.1,4.0,140.0,73.0,29.55
SAN LORENZO RUIZ I,2015,3,2,7.8,32.0,25.1,2.0,140.0,75.0,28.55
SAN LORENZO RUIZ I,2016,3,0,0.2,32.8,26.3,4.0,90.0,74.0,29.55
SAN LORENZO RUIZ I,2017,3,0,6.4,32.1,25.8,4.0,90.0,73.0,28.950000000000003
SAN LORENZO RUIZ I,2018,3,0,105.8,32.1,25.7,3.0,90.0,75.0,28.9
SAN LORENZO RUIZ I,2019,3,1,2.4,33.2,25.5,3.0,90.0,67.0,29.35
SAN LORENZO RUIZ I,2020,3,0,2.0,33.3,26.2,3.0,90.0,74.0,29.75
SAN LORENZO RUIZ I,2021,3,0,14.3,33.5,26.2,3.0,90.0,73.0,29.85
SAN LORENZO RUIZ I,2022,3,0,33.8,33.7,26.8,3.0,90.0,71.0,30.25
SAN LORENZO RUIZ I,2023,3,0,0.4,32.3,25.1,4.0,90.0,68.0,28.7
SAN LORENZO RUIZ II,2010,3,0,10.4,32.56923076923077,25.800000000000004,4.0,110.0,72.84615384615384,29.184615384615388
SAN LORENZO RUIZ II,2011,3,0,48.0,31.3,25.6,4.0,110.0,74.0,28.450000000000003
SAN LORENZO RUIZ II,2012,3,0,88.5,31.6,25.6,4.0,140.0,77.0,28.6
SAN LORENZO RUIZ II,2013,3,0,58.4,33.0,26.1,4.0,140.0,73.0,29.55
SAN LORENZO RUIZ II,2014,3,0,7.2,32.5,25.4,4.0,140.0,73.0,28.95
SAN LORENZO RUIZ II,2015,3,0,7.8,32.0,25.1,2.0,140.0,75.0,28.55
SAN LORENZO RUIZ II,2016,3,0,0.2,32.8,26.3,4.0,90.0,74.0,29.55
SAN LORENZO RUIZ II,2018,3,0,105.8,32.1,25.7,3.0,90.0,75.0,28.9
SAN LORENZO RUIZ II,2019,3,1,2.4,33.2,25.5,3.0,90.0,67.0,29.35
SAN LORENZO RUIZ II,2020,3,0,2.0,33.3,26.2,3.0,90.0,74.0,29.75
SAN LORENZO RUIZ II,2021,3,2,14.3,33.5,26.2,3.0,90.0,73.0,29.85
SAN LORENZO RUIZ II,2023,3,0,0.4,32.3,25.1,4.0,90.0,68.0,28.7
SAN LUIS I,2010,3,0,10.4,32.56923076923077,25.800000000000004,4.0,110.0,72.84615384615384,29.184615384615388
SAN LUIS I,2011,3,0,48.0,31.3,25.6,4.0,110.0,74.0,28.450000000000003
SAN LUIS I,2012,3,0,88.5,31.6,25.6,4.0,140.0,77.0,28.6
SAN LUIS I,2013,3,0,58.4,33.0,26.1,4.0,140.0,73.0,29.55
SAN LUIS I,2014,3,0,7.2,32.5,25.4,4.0,140.0,73.0,28.95
SAN LUIS I,2015,3,2,7.8,32.0,25.1,2.0,140.0,75.0,28.55
SAN LUIS I,2016,3,0,0.2,32.8,26.3,4.0,90.0,74.0,29.55
SAN LUIS I,2017,3,0,6.4,32.1,25.8,4.0,90.0,73.0,28.950000000000003
SAN LUIS I,2018,3,0,105.8,32.1,25.7,3.0,90.0,75.0,28.9
SAN LUIS I,2019,3,0,2.4,33.2,25.5,3.0,90.0,67.0,29.35
SAN LUIS I,2020,3,0,2.0,33.3,26.2,3.0,90.0,74.0,29.75
SAN LUIS I,2021,3,0,14.3,33.5,26.2,3.0,90.0,73.0,29.85
SAN LUIS I,2022,3,0,33.8,33.7,26.8,3.0,90.0,71.0,30.25
SAN LUIS I,2023,3,1,0.4,32.3,25.1,4.0,90.0,68.0,28.7
SAN LUIS II,2010,3,0,10.4,32.56923076923077,25.800000000000004,4.0,110.0,72.84615384615384,29.184615384615388
SAN LUIS II,2011,3,0,48.0,31.3,25.6,4.0,110.0,74.0,28.450000000000003
SAN LUIS II,2012,3,0,88.5,31.6,25.6,4.0,140.0,77.0,28.6
SAN LUIS II,2013,3,0,58.4,33.0,26.1,4.0,140.0,73.0,29.55
SAN LUIS II,2014,3,0,7.2,32.5,25.4,4.0,140.0,73.0,28.95
SAN LUIS II,2015,3,1,7.8,32.0,25.1,2.0,140.0,75.0,28.55
SAN LUIS II,2016,3,0,0.2,32.8,26.3,4.0,90.0,74.0,29.55
SAN LUIS II,2017,3,0,6.4,32.1,25.8,4.0,90.0,73.0,28.950000000000003
SAN LUIS II,2018,3,0,105.8,32.1,25.7,3.0,90.0,75.0,28.9
SAN LUIS II,2019,3,1,2.4,33.2,25.5,3.0,90.0,67.0,29.35
SAN LUIS II,2020,3,0,2.0,33.3,26.2,3.0,90.0,74.0,29.75
SAN LUIS II,2021,3,0,14.3,33.5,26.2,3.0,90.0,73.0,29.85
SAN LUIS II,2022,3,0,33.8,33.7,26.8,3.0,90.0,71.0,30.25
SAN LUIS II,2023,3,0,0.4,32.3,25.1,4.0,90.0,68.0,28.7
SAN MANUEL I,2010,3,0,10.4,32.56923076923077,25.800000000000004,4.0,110.0,72.84615384615384,29.184615384615388
SAN MANUEL I,2012,3,0,88.5,31.6,25.6,4.0,140.0,77.0,28.6
SAN MANUEL I,2013,3,1,58.4,33.0,26.1,4.0,140.0,73.0,29.55
SAN MANUEL I,2014,3,0,7.2,32.5,25.4,4.0,140.0,73.0,28.95
SAN MANUEL I,2015,3,2,7.8,32.0,25.1,2.0,140.0,75.0,28.55
SAN MANUEL I,2016,3,0,0.2,32.8,26.3,4.0,90.0,74.0,29.55
SAN MANUEL I,2017,3,0,6.4,32.1,25.8,4.0,90.0,73.0,28.950000000000003
SAN MANUEL I,2018,3,0,105.8,32.1,25.7,3.0,90.0,75.0,28.9
SAN MANUEL I,2019,3,0,2.4,33.2,25.5,3.0,90.0,67.0,29.35
SAN MANUEL I,2022,3,0,33.8,33.7,26.8,3.0,90.0,71.0,30.25
SAN MANUEL I,2023,3,0,0.4,32.3,25.1,4.0,90.0,68.0,28.7
SAN MANUEL II,2010,3,0,10.4,32.56923076923077,25.800000000000004,4.0,110.0,72.84615384615384,29.184615384615388
SAN MANUEL II,2011,3,0,48.0,31.3,25.6,4.0,110.0,74.0,28.450000000000003
SAN MANUEL II,2012,3,1,88.5,31.6,25.6,4.0,140.0,77.0,28.6
SAN MANUEL II,2013,3,0,58.4,33.0,26.1,4.0,140.0,73.0,29.55
SAN MANUEL II,2014,3,1,7.2,32.5,25.4,4.0,140.0,73.0,28.95
SAN MANUEL II,2015,3,3,7.8,32.0,25.1,2.0,140.0,75.0,28.55
SAN MANUEL II,2016,3,1,0.2,32.8,26.3,4.0,90.0,74.0,29.55
SAN MANUEL II,2017,3,0,6.4,32.1,25.8,4.0,90.0,73.0,28.950000000000003
SAN MANUEL II,2018,3,0,105.8,32.1,25.7,3.0,90.0,75.0,28.9
SAN MANUEL II,2019,3,0,2.4,33.2,25.5,3.0,90.0,67.0,29.35
SAN MANUEL II,2020,3,0,2.0,33.3,26.2,3.0,90.0,74.0,29.75
SAN MANUEL II,2021,3,0,14.3,33.5,26.2,3.0,90.0,73.0,29.85
SAN MANUEL II,2022,3,0,33.8,33.7,26.8,3.0,90.0,71.0,30.25
SAN MANUEL II,2023,3,1,0.4,32.3,25.1,4.0,90.0,68.0,28.7
SAN MATEO,2010,3,0,10.4,32.56923076923077,25.800000000000004,4.0,110.0,72.84615384615384,29.184615384615388
SAN MATEO,2011,3,0,48.0,31.3,25.6,4.0,110.0,74.0,28.450000000000003
SAN MATEO,2012,3,0,88.5,31.6,25.6,4.0,140.0,77.0,28.6
SAN MATEO,2013,3,0,58.4,33.0,26.1,4.0,140.0,73.0,29.55
SAN MATEO,2014,3,0,7.2,32.5,25.4,4.0,140.0,73.0,28.95
SAN MATEO,2015,3,0,7.8,32.0,25.1,2.0,140.0,75.0,28.55
SAN MATEO,2016,3,0,0.2,32.8,26.3,4.0,90.0,74.0,29.55
SAN MATEO,2017,3,0,6.4,32.1,25.8,4.0,90.0,73.0,28.950000000000003
SAN MATEO,2018,3,2,105.8,32.1,25.7,3.0,90.0,75.0,28.9
SAN MATEO,2019,3,0,2.4,33.2,25.5,3.0,90.0,67.0,29.35
SAN MATEO,2020,3,0,2.0,33.3,26.2,3.0,90.0,74.0,29.75
SAN MATEO,2021,3,0,14.3,33.5,26.2,3.0,90.0,73.0,29.85
SAN MATEO,2022,3,0,33.8,33.7,26.8,3.0,90.0,71.0,30.25
SAN MATEO,2023,3,0,0.4,32.3,25.1,4.0,90.0,68.0,28.7
SAN MIGUEL,2010,3,0,10.4,32.56923076923077,25.800000000000004,4.0,110.0,72.84615384615384,29.184615384615388
SAN MIGUEL,2011,3,0,48.0,31.3,25.6,4.0,110.0,74.0,28.450000000000003
SAN MIGUEL,2013,3,0,58.4,33.0,26.1,4.0,140.0,73.0,29.55
SAN MIGUEL,2015,3,0,7.8,32.0,25.1,2.0,140.0,75.0,28.55
SAN MIGUEL,2016,3,0,0.2,32.8,26.3,4.0,90.0,74.0,29.55
SAN MIGUEL,2017,3,0,6.4,32.1,25.8,4.0,90.0,73.0,28.950000000000003
SAN MIGUEL,2018,3,0,105.8,32.1,25.7,3.0,90.0,75.0,28.9
SAN MIGUEL,2019,3,0,2.4,33.2,25.5,3.0,90.0,67.0,29.35
SAN MIGUEL,2020,3,0,2.0,33.3,26.2,3.0,90.0,74.0,29.75
SAN MIGUEL,2021,3,0,14.3,33.5,26.2,3.0,90.0,73.0,29.85
SAN MIGUEL,2022,3,1,33.8,33.7,26.8,3.0,90.0,71.0,30.25
SAN MIGUEL,2023,3,0,0.4,32.3,25.1,4.0,90.0,68.0,28.7
SAN MIGUEL II,2010,3,0,10.4,32.56923076923077,25.800000000000004,4.0,110.0,72.84615384615384,29.184615384615388
SAN MIGUEL II,2011,3,0,48.0,31.3,25.6,4.0,110.0,74.0,28.450000000000003
SAN MIGUEL II,2012,3,0,88.5,31.6,25.6,4.0,140.0,77.0,28.6
SAN MIGUEL II,2013,3,0,58.4,33.0,26.1,4.0,140.0,73.0,29.55
SAN MIGUEL II,2014,3,0,7.2,32.5,25.4,4.0,140.0,73.0,28.95
SAN MIGUEL II,2015,3,0,7.8,32.0,25.1,2.0,140.0,75.0,28.55
SAN MIGUEL II,2018,3,0,105.8,32.1,25.7,3.0,90.0,75.0,28.9
SAN MIGUEL II,2019,3,0,2.4,33.2,25.5,3.0,90.0,67.0,29.35
SAN MIGUEL II,2020,3,1,2.0,33.3,26.2,3.0,90.0,74.0,29.75
SAN MIGUEL II,2022,3,0,33.8,33.7,26.8,3.0,90.0,71.0,30.25
SAN NICOLAS I,2010,3,0,10.4,32.56923076923077,25.800000000000004,4.0,110.0,72.84615384615384,29.184615384615388
SAN NICOLAS I,2011,3,0,48.0,31.3,25.6,4.0,110.0,74.0,28.450000000000003
SAN NICOLAS I,2012,3,0,88.5,31.6,25.6,4.0,140.0,77.0,28.6
SAN NICOLAS I,2013,3,0,58.4,33.0,26.1,4.0,140.0,73.0,29.55
SAN NICOLAS I,2014,3,0,7.2,32.5,25.4,4.0,140.0,73.0,28.95
SAN NICOLAS I,2015,3,0,7.8,32.0,25.1,2.0,140.0,75.0,28.55
SAN NICOLAS I,2017,3,0,6.4,32.1,25.8,4.0,90.0,73.0,28.950000000000003
SAN NICOLAS I,2018,3,0,105.8,32.1,25.7,3.0,90.0,75.0,28.9
SAN NICOLAS I,2019,3,0,2.4,33.2,25.5,3.0,90.0,67.0,29.35
SAN NICOLAS I,2020,3,0,2.0,33.3,26.2,3.0,90.0,74.0,29.75
SAN NICOLAS I,2023,3,0,0.4,32.3,25.1,4.0,90.0,68.0,28.7
SAN NICOLAS II,2010,3,0,10.4,32.56923076923077,25.800000000000004,4.0,110.0,72.84615384615384,29.184615384615388
SAN NICOLAS II,2011,3,0,48.0,31.3,25.6,4.0,110.0,74.0,28.450000000000003
SAN NICOLAS II,2012,3,0,88.5,31.6,25.6,4.0,140.0,77.0,28.6
SAN NICOLAS II,2013,3,0,58.4,33.0,26.1,4.0,140.0,73.0,29.55
SAN NICOLAS II,2014,3,0,7.2,32.5,25.4,4.0,140.0,73.0,28.95
SAN NICOLAS II,2015,3,0,7.8,32.0,25.1,2.0,140.0,75.0,28.55
SAN NICOLAS II,2016,3,0,0.2,32.8,26.3,4.0,90.0,74.0,29.55
SAN NICOLAS II,2017,3,0,6.4,32.1,25.8,4.0,90.0,73.0,28.950000000000003
SAN NICOLAS II,2018,3,0,105.8,32.1,25.7,3.0,90.0,75.0,28.9
SAN NICOLAS II,2019,3,0,2.4,33.2,25.5,3.0,90.0,67.0,29.35
SAN NICOLAS II,2020,3,0,2.0,33.3,26.2,3.0,90.0,74.0,29.75
SAN NICOLAS II,2021,3,1,14.3,33.5,26.2,3.0,90.0,73.0,29.85
SAN NICOLAS II,2023,3,0,0.4,32.3,25.1,4.0,90.0,68.0,28.7
SAN ROQUE (STA. CRISTINA II),2010,3,0,10.4,32.56923076923077,25.800000000000004,4.0,110.0,72.84615384615384,29.184615384615388
SAN ROQUE (STA. CRISTINA II),2012,3,0,88.5,31.6,25.6,4.0,140.0,77.0,28.6
SAN ROQUE (STA. CRISTINA II),2014,3,0,7.2,32.5,25.4,4.0,140.0,73.0,28.95
SAN ROQUE (STA. CRISTINA II),2015,3,0,7.8,32.0,25.1,2.0,140.0,75.0,28.55
SAN ROQUE (STA. CRISTINA II),2016,3,0,0.2,32.8,26.3,4.0,90.0,74.0,29.55
SAN ROQUE (STA. CRISTINA II),2017,3,0,6.4,32.1,25.8,4.0,90.0,73.0,28.950000000000003
SAN ROQUE (STA. CRISTINA II),2018,3,0,105.8,32.1,25.7,3.0,90.0,75.0,28.9
SAN ROQUE (STA. CRISTINA II),2019,3,0,2.4,33.2,25.5,3.0,90.0,67.0,29.35
SAN ROQUE (STA. CRISTINA II),2020,3,0,2.0,33.3,26.2,3.0,90.0,74.0,29.75
SAN SIMON (BARANGAY 7),2010,3,0,10.4,32.56923076923077,25.800000000000004,4.0,110.0,72.84615384615384,29.184615384615388
SAN SIMON (BARANGAY 7),2011,3,0,48.0,31.3,25.6,4.0,110.0,74.0,28.450000000000003
SAN SIMON (BARANGAY 7),2012,3,0,88.5,31.6,25.6,4.0,140.0,77.0,28.6
SAN SIMON (BARANGAY 7),2013,3,0,58.4,33.0,26.1,4.0,140.0,73.0,29.55
SAN SIMON (BARANGAY 7),2014,3,0,7.2,32.5,25.4,4.0,140.0,73.0,28.95
SAN SIMON (BARANGAY 7),2015,3,0,7.8,32.0,25.1,2.0,140.0,75.0,28.55
SAN SIMON (BARANGAY 7),2016,3,0,0.2,32.8,26.3,4.0,90.0,74.0,29.55
SAN SIMON (BARANGAY 7),2017,3,0,6.4,32.1,25.8,4.0,90.0,73.0,28.950000000000003
SAN SIMON (BARANGAY 7),2018,3,0,105.8,32.1,25.7,3.0,90.0,75.0,28.9
SAN SIMON (BARANGAY 7),2019,3,1,2.4,33.2,25.5,3.0,90.0,67.0,29.35
SAN SIMON (BARANGAY 7),2020,3,0,2.0,33.3,26.2,3.0,90.0,74.0,29.75
SAN SIMON (BARANGAY 7),2021,3,0,14.3,33.5,26.2,3.0,90.0,73.0,29.85
SAN SIMON (BARANGAY 7),2022,3,0,33.8,33.7,26.8,3.0,90.0,71.0,30.25
SAN SIMON (BARANGAY 7),2023,3,0,0.4,32.3,25.1,4.0,90.0,68.0,28.7
SANTA CRISTINA I,2010,3,0,10.4,32.56923076923077,25.800000000000004,4.0,110.0,72.84615384615384,29.184615384615388
SANTA CRISTINA I,2011,3,0,48.0,31.3,25.6,4.0,110.0,74.0,28.450000000000003
SANTA CRISTINA I,2012,3,0,88.5,31.6,25.6,4.0,140.0,77.0,28.6
SANTA CRISTINA I,2013,3,0,58.4,33.0,26.1,4.0,140.0,73.0,29.55
SANTA CRISTINA I,2014,3,0,7.2,32.5,25.4,4.0,140.0,73.0,28.95
SANTA CRISTINA I,2015,3,1,7.8,32.0,25.1,2.0,140.0,75.0,28.55
SANTA CRISTINA I,2016,3,0,0.2,32.8,26.3,4.0,90.0,74.0,29.55
SANTA CRISTINA I,2017,3,1,6.4,32.1,25.8,4.0,90.0,73.0,28.950000000000003
SANTA CRISTINA I,2018,3,0,105.8,32.1,25.7,3.0,90.0,75.0,28.9
SANTA CRISTINA I,2019,3,0,2.4,33.2,25.5,3.0,90.0,67.0,29.35
SANTA CRISTINA I,2020,3,0,2.0,33.3,26.2,3.0,90.0,74.0,29.75
SANTA CRISTINA I,2021,3,0,14.3,33.5,26.2,3.0,90.0,73.0,29.85
SANTA CRISTINA I,2022,3,0,33.8,33.7,26.8,3.0,90.0,71.0,30.25
SANTA CRISTINA II,2010,3,0,10.4,32.56923076923077,25.800000000000004,4.0,110.0,72.84615384615384,29.184615384615388
SANTA CRISTINA II,2011,3,0,48.0,31.3,25.6,4.0,110.0,74.0,28.450000000000003
SANTA CRISTINA II,2012,3,0,88.5,31.6,25.6,4.0,140.0,77.0,28.6
SANTA CRISTINA II,2013,3,1,58.4,33.0,26.1,4.0,140.0,73.0,29.55
SANTA CRISTINA II,2014,3,0,7.2,32.5,25.4,4.0,140.0,73.0,28.95
SANTA CRISTINA II,2015,3,1,7.8,32.0,25.1,2.0,140.0,75.0,28.55
SANTA CRISTINA II,2016,3,0,0.2,32.8,26.3,4.0,90.0,74.0,29.55
SANTA CRISTINA II,2017,3,0,6.4,32.1,25.8,4.0,90.0,73.0,28.950000000000003
SANTA CRISTINA II,2018,3,0,105.8,32.1,25.7,3.0,90.0,75.0,28.9
SANTA CRISTINA II,2019,3,0,2.4,33.2,25.5,3.0,90.0,67.0,29.35
SANTA CRISTINA II,2020,3,0,2.0,33.3,26.2,3.0,90.0,74.0,29.75
SANTA CRISTINA II,2022,3,0,33.8,33.7,26.8,3.0,90.0,71.0,30.25
SANTA CRISTINA II,2023,3,0,0.4,32.3,25.1,4.0,90.0,68.0,28.7
SANTA CRUZ I,2010,3,0,10.4,32.56923076923077,25.800000000000004,4.0,110.0,72.84615384615384,29.184615384615388
SANTA CRUZ I,2011,3,1,48.0,31.3,25.6,4.0,110.0,74.0,28.450000000000003
SANTA CRUZ I,2012,3,0,88.5,31.6,25.6,4.0,140.0,77.0,28.6
SANTA CRUZ I,2013,3,0,58.4,33.0,26.1,4.0,140.0,73.0,29.55
SANTA CRUZ I,2014,3,0,7.2,32.5,25.4,4.0,140.0,73.0,28.95
SANTA CRUZ I,2015,3,0,7.8,32.0,25.1,2.0,140.0,75.0,28.55
SANTA CRUZ I,2016,3,0,0.2,32.8,26.3,4.0,90.0,74.0,29.55
SANTA CRUZ I,2017,3,0,6.4,32.1,25.8,4.0,90.0,73.0,28.950000000000003
SANTA CRUZ I,2018,3,0,105.8,32.1,25.7,3.0,90.0,75.0,28.9
SANTA CRUZ I,2019,3,0,2.4,33.2,25.5,3.0,90.0,67.0,29.35
SANTA CRUZ I,2020,3,0,2.0,33.3,26.2,3.0,90.0,74.0,29.75
SANTA CRUZ I,2021,3,0,14.3,33.5,26.2,3.0,90.0,73.0,29.85
SANTA CRUZ I,2022,3,0,33.8,33.7,26.8,3.0,90.0,71.0,30.25
SANTA CRUZ II,2010,3,0,10.4,32.56923076923077,25.800000000000004,4.0,110.0,72.84615384615384,29.184615384615388
SANTA CRUZ II,2011,3,1,48.0,31.3,25.6,4.0,110.0,74.0,28.450000000000003
SANTA CRUZ II,2012,3,1,88.5,31.6,25.6,4.0,140.0,77.0,28.6
SANTA CRUZ II,2013,3,0,58.4,33.0,26.1,4.0,140.0,73.0,29.55
SANTA CRUZ II,2014,3,1,7.2,32.5,25.4,4.0,140.0,73.0,28.95
SANTA CRUZ II,2015,3,1,7.8,32.0,25.1,2.0,140.0,75.0,28.55
SANTA CRUZ II,2016,3,0,0.2,32.8,26.3,4.0,90.0,74.0,29.55
SANTA CRUZ II,2017,3,0,6.4,32.1,25.8,4.0,90.0,73.0,28.950000000000003
SANTA CRUZ II,2019,3,0,2.4,33.2,25.5,3.0,90.0,67.0,29.35
SANTA CRUZ II,2020,3,0,2.0,33.3,26.2,3.0,90.0,74.0,29.75
SANTA CRUZ II,2021,3,0,14.3,33.5,26.2,3.0,90.0,73.0,29.85
SANTA CRUZ II,2022,3,0,33.8,33.7,26.8,3.0,90.0,71.0,30.25
SANTA CRUZ II,2023,3,0,0.4,32.3,25.1,4.0,90.0,68.0,28.7
SANTA FE,2010,3,0,10.4,32.56923076923077,25.800000000000004,4.0,110.0,72.84615384615384,29.184615384615388
SANTA FE,2011,3,2,48.0,31.3,25.6,4.0,110.0,74.0,28.450000000000003
SANTA FE,2012,3,1,88.5,31.6,25.6,4.0,140.0,77.0,28.6
SANTA FE,2013,3,0,58.4,33.0,26.1,4.0,140.0,73.0,29.55
SANTA FE,2014,3,1,7.2,32.5,25.4,4.0,140.0,73.0,28.95
SANTA FE,2015,3,0,7.8,32.0,25.1,2.0,140.0,75.0,28.55
SANTA FE,2016,3,0,0.2,32.8,26.3,4.0,90.0,74.0,29.55
SANTA FE,2017,3,0,6.4,32.1,25.8,4.0,90.0,73.0,28.950000000000003
SANTA FE,2018,3,0,105.8,32.1,25.7,3.0,90.0,75.0,28.9
SANTA FE,2019,3,1,2.4,33.2,25.5,3.0,90.0,67.0,29.35
SANTA FE,2020,3,0,2.0,33.3,26.2,3.0,90.0,74.0,29.75
SANTA FE,2021,3,1,14.3,33.5,26.2,3.0,90.0,73.0,29.85
SANTA FE,2023,3,0,0.4,32.3,25.1,4.0,90.0,68.0,28.7
SANTA LUCIA (SAN JUAN II),2010,3,0,10.4,32.56923076923077,25.800000000000004,4.0,110.0,72.84615384615384,29.184615384615388
SANTA LUCIA (SAN JUAN II),2011,3,0,48.0,31.3,25.6,4.0,110.0,74.0,28.450000000000003
SANTA LUCIA (SAN JUAN II),2012,3,0,88.5,31.6,25.6,4.0,140.0,77.0,28.6
SANTA LUCIA (SAN JUAN II),2013,3,0,58.4,33.0,26.1,4.0,140.0,73.0,29.55
SANTA LUCIA (SAN JUAN II),2014,3,0,7.2,32.5,25.4,4.0,140.0,73.0,28.95
SANTA LUCIA (SAN JUAN II),2015,3,1,7.8,32.0,25.1,2.0,140.0,75.0,28.55
SANTA LUCIA (SAN JUAN II),2016,3,1,0.2,32.8,26.3,4.0,90.0,74.0,29.55
SANTA LUCIA (SAN JUAN II),2017,3,0,6.4,32.1,25.8,4.0,90.0,73.0,28.950000000000003
SANTA LUCIA (SAN JUAN II),2018,3,0,105.8,32.1,25.7,3.0,90.0,75.0,28.9
SANTA LUCIA (SAN JUAN II),2019,3,0,2.4,33.2,25.5,3.0,90.0,67.0,29.35
SANTA LUCIA (SAN JUAN II),2020,3,1,2.0,33.3,26.2,3.0,90.0,74.0,29.75
SANTA LUCIA (SAN JUAN II),2021,3,0,14.3,33.5,26.2,3.0,90.0,73.0,29.85
SANTA LUCIA (SAN JUAN II),2022,3,0,33.8,33.7,26.8,3.0,90.0,71.0,30.25
SANTA LUCIA (SAN JUAN II),2023,3,0,0.4,32.3,25.1,4.0,90.0,68.0,28.7
SANTA MARIA (BARANGAY 20),2010,3,0,10.4,32.56923076923077,25.800000000000004,4.0,110.0,72.84615384615384,29.184615384615388
SANTA MARIA (BARANGAY 20),2011,3,0,48.0,31.3,25.6,4.0,110.0,74.0,28.450000000000003
SANTA MARIA (BARANGAY 20),2012,3,0,88.5,31.6,25.6,4.0,140.0,77.0,28.6
SANTA MARIA (BARANGAY 20),2013,3,0,58.4,33.0,26.1,4.0,140.0,73.0,29.55
SANTA MARIA (BARANGAY 20),2014,3,0,7.2,32.5,25.4,4.0,140.0,73.0,28.95
SANTA MARIA (BARANGAY 20),2015,3,0,7.8,32.0,25.1,2.0,140.0,75.0,28.55
SANTA MARIA (BARANGAY 20),2016,3,0,0.2,32.8,26.3,4.0,90.0,74.0,29.55
SANTA MARIA (BARANGAY 20),2017,3,0,6.4,32.1,25.8,4.0,90.0,73.0,28.950000000000003
SANTA MARIA (BARANGAY 20),2018,3,0,105.8,32.1,25.7,3.0,90.0,75.0,28.9
SANTA MARIA (BARANGAY 20),2019,3,1,2.4,33.2,25.5,3.0,90.0,67.0,29.35
SANTA MARIA (BARANGAY 20),2020,3,0,2.0,33.3,26.2,3.0,90.0,74.0,29.75
SANTA MARIA (BARANGAY 20),2021,3,2,14.3,33.5,26.2,3.0,90.0,73.0,29.85
SANTA MARIA (BARANGAY 20),2022,3,0,33.8,33.7,26.8,3.0,90.0,71.0,30.25
SANTA MARIA (BARANGAY 20),2023,3,0,0.4,32.3,25.1,4.0,90.0,68.0,28.7
SANTO CRISTO (BARANGAY III),2010,3,0,10.4,32.56923076923077,25.800000000000004,4.0,110.0,72.84615384615384,29.184615384615388
SANTO CRISTO (BARANGAY III),2011,3,0,48.0,31.3,25.6,4.0,110.0,74.0,28.450000000000003
SANTO CRISTO (BARANGAY III),2012,3,0,88.5,31.6,25.6,4.0,140.0,77.0,28.6
SANTO CRISTO (BARANGAY III),2013,3,0,58.4,33.0,26.1,4.0,140.0,73.0,29.55
SANTO CRISTO (BARANGAY III),2014,3,0,7.2,32.5,25.4,4.0,140.0,73.0,28.95
SANTO CRISTO (BARANGAY III),2015,3,0,7.8,32.0,25.1,2.0,140.0,75.0,28.55
SANTO CRISTO (BARANGAY III),2016,3,0,0.2,32.8,26.3,4.0,90.0,74.0,29.55
SANTO CRISTO (BARANGAY III),2017,3,2,6.4,32.1,25.8,4.0,90.0,73.0,28.950000000000003
SANTO CRISTO (BARANGAY III),2018,3,0,105.8,32.1,25.7,3.0,90.0,75.0,28.9
SANTO CRISTO (BARANGAY III),2019,3,0,2.4,33.2,25.5,3.0,90.0,67.0,29.35
SANTO CRISTO (BARANGAY III),2020,3,1,2.0,33.3,26.2,3.0,90.0,74.0,29.75
SANTO CRISTO (BARANGAY III),2021,3,2,14.3,33.5,26.2,3.0,90.0,73.0,29.85
SANTO CRISTO (BARANGAY III),2022,3,0,33.8,33.7,26.8,3.0,90.0,71.0,30.25
SANTO CRISTO (BARANGAY III),2023,3,0,0.4,32.3,25.1,4.0,90.0,68.0,28.7
SANTO NIÑO I,2010,3,0,10.4,32.56923076923077,25.800000000000004,4.0,110.0,72.84615384615384,29.184615384615388
SANTO NIÑO I,2011,3,0,48.0,31.3,25.6,4.0,110.0,74.0,28.450000000000003
SANTO NIÑO I,2012,3,0,88.5,31.6,25.6,4.0,140.0,77.0,28.6
SANTO NIÑO I,2013,3,0,58.4,33.0,26.1,4.0,140.0,73.0,29.55
SANTO NIÑO I,2014,3,0,7.2,32.5,25.4,4.0,140.0,73.0,28.95
SANTO NIÑO I,2015,3,0,7.8,32.0,25.1,2.0,140.0,75.0,28.55
SANTO NIÑO I,2016,3,0,0.2,32.8,26.3,4.0,90.0,74.0,29.55
SANTO NIÑO I,2017,3,0,6.4,32.1,25.8,4.0,90.0,73.0,28.950000000000003
SANTO NIÑO I,2018,3,0,105.8,32.1,25.7,3.0,90.0,75.0,28.9
SANTO NIÑO I,2019,3,1,2.4,33.2,25.5,3.0,90.0,67.0,29.35
SANTO NIÑO I,2020,3,0,2.0,33.3,26.2,3.0,90.0,74.0,29.75
SANTO NIÑO I,2021,3,0,14.3,33.5,26.2,3.0,90.0,73.0,29.85
SANTO NIÑO I,2022,3,0,33.8,33.7,26.8,3.0,90.0,71.0,30.25
SANTO NIÑO I,2023,3,0,0.4,32.3,25.1,4.0,90.0,68.0,28.7
SANTO NIÑO II,2010,3,0,10.4,32.56923076923077,25.800000000000004,4.0,110.0,72.84615384615384,29.184615384615388
SANTO NIÑO II,2011,3,0,48.0,31.3,25.6,4.0,110.0,74.0,28.450000000000003
SANTO NIÑO II,2012,3,0,88.5,31.6,25.6,4.0,140.0,77.0,28.6
SANTO NIÑO II,2014,3,0,7.2,32.5,25.4,4.0,140.0,73.0,28.95
SANTO NIÑO II,2015,3,0,7.8,32.0,25.1,2.0,140.0,75.0,28.55
SANTO NIÑO II,2016,3,0,0.2,32.8,26.3,4.0,90.0,74.0,29.55
SANTO NIÑO II,2017,3,0,6.4,32.1,25.8,4.0,90.0,73.0,28.950000000000003
SANTO NIÑO II,2018,3,0,105.8,32.1,25.7,3.0,90.0,75.0,28.9
SANTO NIÑO II,2019,3,0,2.4,33.2,25.5,3.0,90.0,67.0,29.35
SANTO NIÑO II,2020,3,0,2.0,33.3,26.2,3.0,90.0,74.0,29.75
SANTO NIÑO II,2023,3,0,0.4,32.3,25.1,4.0,90.0,68.0,28.7
VICTORIA REYES,2010,3,0,10.4,32.56923076923077,25.800000000000004,4.0,110.0,72.84615384615384,29.184615384615388
VICTORIA REYES,2011,3,3,48.0,31.3,25.6,4.0,110.0,74.0,28.450000000000003
VICTORIA REYES,2012,3,0,88.5,31.6,25.6,4.0,140.0,77.0,28.6
VICTORIA REYES,2013,3,0,58.4,33.0,26.1,4.0,140.0,73.0,29.55
VICTORIA REYES,2014,3,0,7.2,32.5,25.4,4.0,140.0,73.0,28.95
VICTORIA REYES,2015,3,1,7.8,32.0,25.1,2.0,140.0,75.0,28.55
VICTORIA REYES,2016,3,0,0.2,32.8,26.3,4.0,90.0,74.0,29.55
VICTORIA REYES,2017,3,0,6.4,32.1,25.8,4.0,90.0,73.0,28.950000000000003
VICTORIA REYES,2018,3,0,105.8,32.1,25.7,3.0,90.0,75.0,28.9
VICTORIA REYES,2019,3,1,2.4,33.2,25.5,3.0,90.0,67.0,29.35
VICTORIA REYES,2020,3,0,2.0,33.3,26.2,3.0,90.0,74.0,29.75
VICTORIA REYES,2021,3,0,14.3,33.5,26.2,3.0,90.0,73.0,29.85
VICTORIA REYES,2022,3,0,33.8,33.7,26.8,3.0,90.0,71.0,30.25
VICTORIA REYES,2023,3,0,0.4,32.3,25.1,4.0,90.0,68.0,28.7
ZONE I,2010,3,0,10.4,32.56923076923077,25.800000000000004,4.0,110.0,72.84615384615384,29.184615384615388
ZONE I,2011,3,0,48.0,31.3,25.6,4.0,110.0,74.0,28.450000000000003
ZONE I,2019,3,0,2.4,33.2,25.5,3.0,90.0,67.0,29.35
ZONE I-B,2010,3,0,10.4,32.56923076923077,25.800000000000004,4.0,110.0,72.84615384615384,29.184615384615388
ZONE I-B,2011,3,0,48.0,31.3,25.6,4.0,110.0,74.0,28.450000000000003
ZONE I-B,2012,3,0,88.5,31.6,25.6,4.0,140.0,77.0,28.6
ZONE I-B,2013,3,0,58.4,33.0,26.1,4.0,140.0,73.0,29.55
ZONE I-B,2014,3,0,7.2,32.5,25.4,4.0,140.0,73.0,28.95
ZONE I-B,2015,3,0,7.8,32.0,25.1,2.0,140.0,75.0,28.55
ZONE I-B,2016,3,2,0.2,32.8,26.3,4.0,90.0,74.0,29.55
ZONE I-B,2017,3,0,6.4,32.1,25.8,4.0,90.0,73.0,28.950000000000003
ZONE I-B,2018,3,0,105.8,32.1,25.7,3.0,90.0,75.0,28.9
ZONE I-B,2019,3,4,2.4,33.2,25.5,3.0,90.0,67.0,29.35
ZONE I-B,2020,3,1,2.0,33.3,26.2,3.0,90.0,74.0,29.75
ZONE I-B,2021,3,0,14.3,33.5,26.2,3.0,90.0,73.0,29.85
ZONE I-B,2022,3,0,33.8,33.7,26.8,3.0,90.0,71.0,30.25
ZONE I-B,2023,3,0,0.4,32.3,25.1,4.0,90.0,68.0,28.7
ZONE II,2010,3,0,10.4,32.56923076923077,25.800000000000004,4.0,110.0,72.84615384615384,29.184615384615388
ZONE II,2011,3,1,48.0,31.3,25.6,4.0,110.0,74.0,28.450000000000003
ZONE II,2019,3,0,2.4,33.2,25.5,3.0,90.0,67.0,29.35
ZONE III,2010,3,0,10.4,32.56923076923077,25.800000000000004,4.0,110.0,72.84615384615384,29.184615384615388
ZONE III,2011,3,0,48.0,31.3,25.6,4.0,110.0,74.0,28.450000000000003
ZONE III,2015,3,0,7.8,32.0,25.1,2.0,140.0,75.0,28.55
ZONE III,2023,3,0,0.4,32.3,25.1,4.0,90.0,68.0,28.7
ZONE IV,2010,3,0,10.4,32.56923076923077,25.800000000000004,4.0,110.0,72.84615384615384,29.184615384615388
ZONE IV,2011,3,0,48.0,31.3,25.6,4.0,110.0,74.0,28.450000000000003
ZONE IV,2013,3,0,58.4,33.0,26.1,4.0,140.0,73.0,29.55
ZONE IV,2015,3,0,7.8,32.0,25.1,2.0,140.0,75.0,28.55
ZONE IV,2019,3,0,2.4,33.2,25.5,3.0,90.0,67.0,29.35
ZONE IV,2023,3,0,0.4,32.3,25.1,4.0,90.0,68.0,28.7
BUROL,2010,4,0,45.4,34.3,27.030769230769224,5.0,110.0,70.76923076923077,30.665384615384617
BUROL,2011,4,1,3.0,32.7,26.0,5.0,110.0,70.0,29.35
BUROL,2012,4,0,10.5,34.5,27.0,4.0,140.0,71.0,30.75
BUROL,2013,4,0,1.4,35.3,27.7,4.0,140.0,71.0,31.5
BUROL,2014,4,0,1.2,35.0,26.8,4.0,140.0,72.0,30.9
BUROL,2015,4,1,0.0,34.3,26.8,2.0,140.0,73.0,30.55
BUROL,2016,4,0,20.2,35.0,27.9,4.0,90.0,70.0,31.45
BUROL,2017,4,0,39.3,33.8,27.2,4.0,90.0,73.0,30.5
BUROL,2018,4,0,0.2,34.3,27.2,3.0,90.0,69.0,30.75
BUROL,2019,4,1,3.6,35.4,27.3,3.0,90.0,66.0,31.35
BUROL,2020,4,0,0.0,35.0,27.4,3.0,90.0,71.0,31.2
BUROL,2021,4,0,4.4,33.9,26.7,3.0,90.0,73.0,30.3
BUROL,2022,4,0,41.4,33.2,26.7,3.0,90.0,72.0,29.950000000000003
BUROL,2023,4,0,68.7,33.5,26.7,3.0,90.0,69.0,30.1
BUROL I,2010,4,0,45.4,34.3,27.030769230769224,5.0,110.0,70.76923076923077,30.665384615384617
BUROL I,2011,4,0,3.0,32.7,26.0,5.0,110.0,70.0,29.35
BUROL I,2012,4,0,10.5,34.5,27.0,4.0,140.0,71.0,30.75
BUROL I,2013,4,0,1.4,35.3,27.7,4.0,140.0,71.0,31.5
BUROL I,2014,4,0,1.2,35.0,26.8,4.0,140.0,72.0,30.9
BUROL I,2015,4,0,0.0,34.3,26.8,2.0,140.0,73.0,30.55
BUROL I,2016,4,0,20.2,35.0,27.9,4.0,90.0,70.0,31.45
BUROL I,2017,4,1,39.3,33.8,27.2,4.0,90.0,73.0,30.5
BUROL I,2018,4,0,0.2,34.3,27.2,3.0,90.0,69.0,30.75
BUROL I,2019,4,0,3.6,35.4,27.3,3.0,90.0,66.0,31.35
BUROL I,2020,4,0,0.0,35.0,27.4,3.0,90.0,71.0,31.2
BUROL I,2021,4,0,4.4,33.9,26.7,3.0,90.0,73.0,30.3
BUROL I,2022,4,0,41.4,33.2,26.7,3.0,90.0,72.0,29.950000000000003
BUROL I,2023,4,0,68.7,33.5,26.7,3.0,90.0,69.0,30.1
BUROL II,2011,4,0,3.0,32.7,26.0,5.0,110.0,70.0,29.35
BUROL II,2012,4,0,10.5,34.5,27.0,4.0,140.0,71.0,30.75
BUROL II,2013,4,0,1.4,35.3,27.7,4.0,140.0,71.0,31.5
BUROL II,2014,4,0,1.2,35.0,26.8,4.0,140.0,72.0,30.9
BUROL II,2015,4,0,0.0,34.3,26.8,2.0,140.0,73.0,30.55
BUROL II,2016,4,0,20.2,35.0,27.9,4.0,90.0,70.0,31.45
BUROL II,2017,4,0,39.3,33.8,27.2,4.0,90.0,73.0,30.5
BUROL II,2018,4,0,0.2,34.3,27.2,3.0,90.0,69.0,30.75
BUROL II,2019,4,0,3.6,35.4,27.3,3.0,90.0,66.0,31.35
BUROL II,2020,4,0,0.0,35.0,27.4,3.0,90.0,71.0,31.2
BUROL II,2021,4,1,4.4,33.9,26.7,3.0,90.0,73.0,30.3
BUROL II,2023,4,0,68.7,33.5,26.7,3.0,90.0,69.0,30.1
BUROL III,2010,4,0,45.4,34.3,27.030769230769224,5.0,110.0,70.76923076923077,30.665384615384617
BUROL III,2011,4,0,3.0,32.7,26.0,5.0,110.0,70.0,29.35
BUROL III,2012,4,0,10.5,34.5,27.0,4.0,140.0,71.0,30.75
BUROL III,2013,4,0,1.4,35.3,27.7,4.0,140.0,71.0,31.5
BUROL III,2014,4,0,1.2,35.0,26.8,4.0,140.0,72.0,30.9
BUROL III,2015,4,1,0.0,34.3,26.8,2.0,140.0,73.0,30.55
BUROL III,2016,4,1,20.2,35.0,27.9,4.0,90.0,70.0,31.45
BUROL III,2017,4,0,39.3,33.8,27.2,4.0,90.0,73.0,30.5
BUROL III,2018,4,0,0.2,34.3,27.2,3.0,90.0,69.0,30.75
BUROL III,2019,4,0,3.6,35.4,27.3,3.0,90.0,66.0,31.35
BUROL III,2020,4,0,0.0,35.0,27.4,3.0,90.0,71.0,31.2
BUROL III,2021,4,0,4.4,33.9,26.7,3.0,90.0,73.0,30.3
BUROL III,2022,4,0,41.4,33.2,26.7,3.0,90.0,72.0,29.950000000000003
BUROL III,2023,4,0,68.7,33.5,26.7,3.0,90.0,69.0,30.1
DASMARIÑAS,2013,4,3,1.4,35.3,27.7,4.0,140.0,71.0,31.5
DATU ESMAEL (BAGO-A-INGUD),2010,4,0,45.4,34.3,27.030769230769224,5.0,110.0,70.76923076923077,30.665384615384617
DATU ESMAEL (BAGO-A-INGUD),2011,4,0,3.0,32.7,26.0,5.0,110.0,70.0,29.35
DATU ESMAEL (BAGO-A-INGUD),2012,4,2,10.5,34.5,27.0,4.0,140.0,71.0,30.75
DATU ESMAEL (BAGO-A-INGUD),2013,4,0,1.4,35.3,27.7,4.0,140.0,71.0,31.5
DATU ESMAEL (BAGO-A-INGUD),2014,4,2,1.2,35.0,26.8,4.0,140.0,72.0,30.9
DATU ESMAEL (BAGO-A-INGUD),2015,4,0,0.0,34.3,26.8,2.0,140.0,73.0,30.55
DATU ESMAEL (BAGO-A-INGUD),2016,4,0,20.2,35.0,27.9,4.0,90.0,70.0,31.45
DATU ESMAEL (BAGO-A-INGUD),2017,4,0,39.3,33.8,27.2,4.0,90.0,73.0,30.5
DATU ESMAEL (BAGO-A-INGUD),2018,4,0,0.2,34.3,27.2,3.0,90.0,69.0,30.75
DATU ESMAEL (BAGO-A-INGUD),2019,4,0,3.6,35.4,27.3,3.0,90.0,66.0,31.35
DATU ESMAEL (BAGO-A-INGUD),2020,4,0,0.0,35.0,27.4,3.0,90.0,71.0,31.2
DATU ESMAEL (BAGO-A-INGUD),2022,4,1,41.4,33.2,26.7,3.0,90.0,72.0,29.950000000000003
EMMANUEL BERGADO I,2010,4,0,45.4,34.3,27.030769230769224,5.0,110.0,70.76923076923077,30.665384615384617
EMMANUEL BERGADO I,2011,4,0,3.0,32.7,26.0,5.0,110.0,70.0,29.35
EMMANUEL BERGADO I,2012,4,0,10.5,34.5,27.0,4.0,140.0,71.0,30.75
EMMANUEL BERGADO I,2013,4,0,1.4,35.3,27.7,4.0,140.0,71.0,31.5
EMMANUEL BERGADO I,2014,4,0,1.2,35.0,26.8,4.0,140.0,72.0,30.9
EMMANUEL BERGADO I,2015,4,1,0.0,34.3,26.8,2.0,140.0,73.0,30.55
EMMANUEL BERGADO I,2016,4,0,20.2,35.0,27.9,4.0,90.0,70.0,31.45
EMMANUEL BERGADO I,2017,4,0,39.3,33.8,27.2,4.0,90.0,73.0,30.5
EMMANUEL BERGADO I,2018,4,0,0.2,34.3,27.2,3.0,90.0,69.0,30.75
EMMANUEL BERGADO I,2019,4,1,3.6,35.4,27.3,3.0,90.0,66.0,31.35
EMMANUEL BERGADO I,2020,4,0,0.0,35.0,27.4,3.0,90.0,71.0,31.2
EMMANUEL BERGADO I,2021,4,0,4.4,33.9,26.7,3.0,90.0,73.0,30.3
EMMANUEL BERGADO I,2022,4,0,41.4,33.2,26.7,3.0,90.0,72.0,29.950000000000003
EMMANUEL BERGADO I,2023,4,0,68.7,33.5,26.7,3.0,90.0,69.0,30.1
EMMANUEL BERGADO II,2010,4,0,45.4,34.3,27.030769230769224,5.0,110.0,70.76923076923077,30.665384615384617
EMMANUEL BERGADO II,2011,4,0,3.0,32.7,26.0,5.0,110.0,70.0,29.35
EMMANUEL BERGADO II,2012,4,0,10.5,34.5,27.0,4.0,140.0,71.0,30.75
EMMANUEL BERGADO II,2013,4,0,1.4,35.3,27.7,4.0,140.0,71.0,31.5
EMMANUEL BERGADO II,2014,4,0,1.2,35.0,26.8,4.0,140.0,72.0,30.9
EMMANUEL BERGADO II,2015,4,0,0.0,34.3,26.8,2.0,140.0,73.0,30.55
EMMANUEL BERGADO II,2016,4,0,20.2,35.0,27.9,4.0,90.0,70.0,31.45
EMMANUEL BERGADO II,2017,4,0,39.3,33.8,27.2,4.0,90.0,73.0,30.5
EMMANUEL BERGADO II,2018,4,0,0.2,34.3,27.2,3.0,90.0,69.0,30.75
EMMANUEL BERGADO II,2019,4,0,3.6,35.4,27.3,3.0,90.0,66.0,31.35
EMMANUEL BERGADO II,2020,4,0,0.0,35.0,27.4,3.0,90.0,71.0,31.2
EMMANUEL BERGADO II,2021,4,0,4.4,33.9,26.7,3.0,90.0,73.0,30.3
EMMANUEL BERGADO II,2022,4,0,41.4,33.2,26.7,3.0,90.0,72.0,29.950000000000003
EMMANUEL BERGADO II,2023,4,0,68.7,33.5,26.7,3.0,90.0,69.0,30.1
FATIMA I,2010,4,0,45.4,34.3,27.030769230769224,5.0,110.0,70.76923076923077,30.665384615384617
FATIMA I,2011,4,2,3.0,32.7,26.0,5.0,110.0,70.0,29.35
FATIMA I,2012,4,0,10.5,34.5,27.0,4.0,140.0,71.0,30.75
FATIMA I,2013,4,0,1.4,35.3,27.7,4.0,140.0,71.0,31.5
FATIMA I,2014,4,0,1.2,35.0,26.8,4.0,140.0,72.0,30.9
FATIMA I,2015,4,0,0.0,34.3,26.8,2.0,140.0,73.0,30.55
FATIMA I,2016,4,1,20.2,35.0,27.9,4.0,90.0,70.0,31.45
FATIMA I,2017,4,0,39.3,33.8,27.2,4.0,90.0,73.0,30.5
FATIMA I,2018,4,0,0.2,34.3,27.2,3.0,90.0,69.0,30.75
FATIMA I,2019,4,0,3.6,35.4,27.3,3.0,90.0,66.0,31.35
FATIMA I,2020,4,0,0.0,35.0,27.4,3.0,90.0,71.0,31.2
FATIMA I,2022,4,0,41.4,33.2,26.7,3.0,90.0,72.0,29.950000000000003
FATIMA I,2023,4,0,68.7,33.5,26.7,3.0,90.0,69.0,30.1
FATIMA II,2010,4,0,45.4,34.3,27.030769230769224,5.0,110.0,70.76923076923077,30.665384615384617
FATIMA II,2011,4,0,3.0,32.7,26.0,5.0,110.0,70.0,29.35
FATIMA II,2012,4,0,10.5,34.5,27.0,4.0,140.0,71.0,30.75
FATIMA II,2013,4,0,1.4,35.3,27.7,4.0,140.0,71.0,31.5
FATIMA II,2014,4,0,1.2,35.0,26.8,4.0,140.0,72.0,30.9
FATIMA II,2015,4,1,0.0,34.3,26.8,2.0,140.0,73.0,30.55
FATIMA II,2016,4,0,20.2,35.0,27.9,4.0,90.0,70.0,31.45
FATIMA II,2017,4,0,39.3,33.8,27.2,4.0,90.0,73.0,30.5
FATIMA II,2018,4,0,0.2,34.3,27.2,3.0,90.0,69.0,30.75
FATIMA II,2019,4,0,3.6,35.4,27.3,3.0,90.0,66.0,31.35
FATIMA II,2020,4,0,0.0,35.0,27.4,3.0,90.0,71.0,31.2
FATIMA II,2021,4,1,4.4,33.9,26.7,3.0,90.0,73.0,30.3
FATIMA II,2022,4,0,41.4,33.2,26.7,3.0,90.0,72.0,29.950000000000003
FATIMA II,2023,4,0,68.7,33.5,26.7,3.0,90.0,69.0,30.1
FATIMA III,2010,4,0,45.4,34.3,27.030769230769224,5.0,110.0,70.76923076923077,30.665384615384617
FATIMA III,2011,4,0,3.0,32.7,26.0,5.0,110.0,70.0,29.35
FATIMA III,2012,4,0,10.5,34.5,27.0,4.0,140.0,71.0,30.75
FATIMA III,2013,4,0,1.4,35.3,27.7,4.0,140.0,71.0,31.5
FATIMA III,2014,4,0,1.2,35.0,26.8,4.0,140.0,72.0,30.9
FATIMA III,2015,4,1,0.0,34.3,26.8,2.0,140.0,73.0,30.55
FATIMA III,2016,4,0,20.2,35.0,27.9,4.0,90.0,70.0,31.45
FATIMA III,2017,4,0,39.3,33.8,27.2,4.0,90.0,73.0,30.5
FATIMA III,2018,4,0,0.2,34.3,27.2,3.0,90.0,69.0,30.75
FATIMA III,2019,4,0,3.6,35.4,27.3,3.0,90.0,66.0,31.35
FATIMA III,2020,4,0,0.0,35.0,27.4,3.0,90.0,71.0,31.2
FATIMA III,2021,4,0,4.4,33.9,26.7,3.0,90.0,73.0,30.3
FATIMA III,2022,4,0,41.4,33.2,26.7,3.0,90.0,72.0,29.950000000000003
FATIMA III,2023,4,0,68.7,33.5,26.7,3.0,90.0,69.0,30.1
H-II,2010,4,0,45.4,34.3,27.030769230769224,5.0,110.0,70.76923076923077,30.665384615384617
H-II,2015,4,0,0.0,34.3,26.8,2.0,140.0,73.0,30.55
H-II,2017,4,0,39.3,33.8,27.2,4.0,90.0,73.0,30.5
H-II,2018,4,0,0.2,34.3,27.2,3.0,90.0,69.0,30.75
LANGKAAN I,2010,4,0,45.4,34.3,27.030769230769224,5.0,110.0,70.76923076923077,30.665384615384617
LANGKAAN I,2011,4,1,3.0,32.7,26.0,5.0,110.0,70.0,29.35
LANGKAAN I,2012,4,2,10.5,34.5,27.0,4.0,140.0,71.0,30.75
LANGKAAN I,2013,4,0,1.4,35.3,27.7,4.0,140.0,71.0,31.5
LANGKAAN I,2014,4,2,1.2,35.0,26.8,4.0,140.0,72.0,30.9
LANGKAAN I,2015,4,0,0.0,34.3,26.8,2.0,140.0,73.0,30.55
LANGKAAN I,2016,4,0,20.2,35.0,27.9,4.0,90.0,70.0,31.45
LANGKAAN I,2017,4,0,39.3,33.8,27.2,4.0,90.0,73.0,30.5
LANGKAAN I,2018,4,3,0.2,34.3,27.2,3.0,90.0,69.0,30.75
LANGKAAN I,2019,4,1,3.6,35.4,27.3,3.0,90.0,66.0,31.35
LANGKAAN I,2020,4,0,0.0,35.0,27.4,3.0,90.0,71.0,31.2
LANGKAAN I,2021,4,0,4.4,33.9,26.7,3.0,90.0,73.0,30.3
LANGKAAN I,2022,4,0,41.4,33.2,26.7,3.0,90.0,72.0,29.950000000000003
LANGKAAN I,2023,4,1,68.7,33.5,26.7,3.0,90.0,69.0,30.1
LANGKAAN II,2010,4,0,45.4,34.3,27.030769230769224,5.0,110.0,70.76923076923077,30.665384615384617
LANGKAAN II,2011,4,0,3.0,32.7,26.0,5.0,110.0,70.0,29.35
LANGKAAN II,2012,4,5,10.5,34.5,27.0,4.0,140.0,71.0,30.75
LANGKAAN II,2013,4,0,1.4,35.3,27.7,4.0,140.0,71.0,31.5
LANGKAAN II,2014,4,5,1.2,35.0,26.8,4.0,140.0,72.0,30.9
LANGKAAN II,2015,4,0,0.0,34.3,26.8,2.0,140.0,73.0,30.55
LANGKAAN II,2016,4,1,20.2,35.0,27.9,4.0,90.0,70.0,31.45
LANGKAAN II,2017,4,1,39.3,33.8,27.2,4.0,90.0,73.0,30.5
LANGKAAN II,2018,4,0,0.2,34.3,27.2,3.0,90.0,69.0,30.75
LANGKAAN II,2019,4,5,3.6,35.4,27.3,3.0,90.0,66.0,31.35
LANGKAAN II,2020,4,0,0.0,35.0,27.4,3.0,90.0,71.0,31.2
LANGKAAN II,2021,4,0,4.4,33.9,26.7,3.0,90.0,73.0,30.3
LANGKAAN II,2022,4,1,41.4,33.2,26.7,3.0,90.0,72.0,29.950000000000003
LANGKAAN II,2023,4,1,68.7,33.5,26.7,3.0,90.0,69.0,30.1
LUZVIMINDA I,2011,4,0,3.0,32.7,26.0,5.0,110.0,70.0,29.35
LUZVIMINDA I,2012,4,0,10.5,34.5,27.0,4.0,140.0,71.0,30.75
LUZVIMINDA I,2014,4,0,1.2,35.0,26.8,4.0,140.0,72.0,30.9
LUZVIMINDA I,2015,4,0,0.0,34.3,26.8,2.0,140.0,73.0,30.55
LUZVIMINDA I,2016,4,0,20.2,35.0,27.9,4.0,90.0,70.0,31.45
LUZVIMINDA I,2017,4,0,39.3,33.8,27.2,4.0,90.0,73.0,30.5
LUZVIMINDA I,2018,4,0,0.2,34.3,27.2,3.0,90.0,69.0,30.75
LUZVIMINDA I,2019,4,0,3.6,35.4,27.3,3.0,90.0,66.0,31.35
LUZVIMINDA I,2020,4,0,0.0,35.0,27.4,3.0,90.0,71.0,31.2
LUZVIMINDA I,2021,4,0,4.4,33.9,26.7,3.0,90.0,73.0,30.3
LUZVIMINDA I,2022,4,0,41.4,33.2,26.7,3.0,90.0,72.0,29.950000000000003
LUZVIMINDA I,2023,4,0,68.7,33.5,26.7,3.0,90.0,69.0,30.1
LUZVIMINDA II,2011,4,0,3.0,32.7,26.0,5.0,110.0,70.0,29.35
LUZVIMINDA II,2012,4,0,10.5,34.5,27.0,4.0,140.0,71.0,30.75
LUZVIMINDA II,2013,4,0,1.4,35.3,27.7,4.0,140.0,71.0,31.5
LUZVIMINDA II,2014,4,0,1.2,35.0,26.8,4.0,140.0,72.0,30.9
LUZVIMINDA II,2015,4,0,0.0,34.3,26.8,2.0,140.0,73.0,30.55
LUZVIMINDA II,2016,4,0,20.2,35.0,27.9,4.0,90.0,70.0,31.45
LUZVIMINDA II,2017,4,0,39.3,33.8,27.2,4.0,90.0,73.0,30.5
LUZVIMINDA II,2018,4,0,0.2,34.3,27.2,3.0,90.0,69.0,30.75
LUZVIMINDA II,2019,4,0,3.6,35.4,27.3,3.0,90.0,66.0,31.35
LUZVIMINDA II,2020,4,0,0.0,35.0,27.4,3.0,90.0,71.0,31.2
LUZVIMINDA II,2022,4,0,41.4,33.2,26.7,3.0,90.0,72.0,29.950000000000003
LUZVIMINDA II,2023,4,0,68.7,33.5,26.7,3.0,90.0,69.0,30.1
PALIPARAN I,2010,4,0,45.4,34.3,27.030769230769224,5.0,110.0,70.76923076923077,30.665384615384617
PALIPARAN I,2011,4,0,3.0,32.7,26.0,5.0,110.0,70.0,29.35
PALIPARAN I,2012,4,1,10.5,34.5,27.0,4.0,140.0,71.0,30.75
PALIPARAN I,2013,4,0,1.4,35.3,27.7,4.0,140.0,71.0,31.5
PALIPARAN I,2014,4,1,1.2,35.0,26.8,4.0,140.0,72.0,30.9
PALIPARAN I,2015,4,2,0.0,34.3,26.8,2.0,140.0,73.0,30.55
PALIPARAN I,2016,4,0,20.2,35.0,27.9,4.0,90.0,70.0,31.45
PALIPARAN I,2017,4,1,39.3,33.8,27.2,4.0,90.0,73.0,30.5
PALIPARAN I,2018,4,0,0.2,34.3,27.2,3.0,90.0,69.0,30.75
PALIPARAN I,2019,4,0,3.6,35.4,27.3,3.0,90.0,66.0,31.35
PALIPARAN I,2020,4,0,0.0,35.0,27.4,3.0,90.0,71.0,31.2
PALIPARAN I,2021,4,0,4.4,33.9,26.7,3.0,90.0,73.0,30.3
PALIPARAN I,2022,4,0,41.4,33.2,26.7,3.0,90.0,72.0,29.950000000000003
PALIPARAN I,2023,4,0,68.7,33.5,26.7,3.0,90.0,69.0,30.1
PALIPARAN II,2010,4,0,45.4,34.3,27.030769230769224,5.0,110.0,70.76923076923077,30.665384615384617
PALIPARAN II,2011,4,0,3.0,32.7,26.0,5.0,110.0,70.0,29.35
PALIPARAN II,2012,4,0,10.5,34.5,27.0,4.0,140.0,71.0,30.75
PALIPARAN II,2013,4,0,1.4,35.3,27.7,4.0,140.0,71.0,31.5
PALIPARAN II,2014,4,0,1.2,35.0,26.8,4.0,140.0,72.0,30.9
PALIPARAN II,2015,4,3,0.0,34.3,26.8,2.0,140.0,73.0,30.55
PALIPARAN II,2016,4,1,20.2,35.0,27.9,4.0,90.0,70.0,31.45
PALIPARAN II,2017,4,1,39.3,33.8,27.2,4.0,90.0,73.0,30.5
PALIPARAN II,2018,4,1,0.2,34.3,27.2,3.0,90.0,69.0,30.75
PALIPARAN II,2019,4,2,3.6,35.4,27.3,3.0,90.0,66.0,31.35
PALIPARAN II,2020,4,0,0.0,35.0,27.4,3.0,90.0,71.0,31.2
PALIPARAN II,2021,4,0,4.4,33.9,26.7,3.0,90.0,73.0,30.3
PALIPARAN II,2022,4,0,41.4,33.2,26.7,3.0,90.0,72.0,29.950000000000003
PALIPARAN II,2023,4,1,68.7,33.5,26.7,3.0,90.0,69.0,30.1
PALIPARAN III,2010,4,0,45.4,34.3,27.030769230769224,5.0,110.0,70.76923076923077,30.665384615384617
PALIPARAN III,2011,4,0,3.0,32.7,26.0,5.0,110.0,70.0,29.35
PALIPARAN III,2012,4,1,10.5,34.5,27.0,4.0,140.0,71.0,30.75
PALIPARAN III,2013,4,0,1.4,35.3,27.7,4.0,140.0,71.0,31.5
PALIPARAN III,2014,4,1,1.2,35.0,26.8,4.0,140.0,72.0,30.9
PALIPARAN III,2015,4,0,0.0,34.3,26.8,2.0,140.0,73.0,30.55
PALIPARAN III,2016,4,1,20.2,35.0,27.9,4.0,90.0,70.0,31.45
PALIPARAN III,2017,4,1,39.3,33.8,27.2,4.0,90.0,73.0,30.5
PALIPARAN III,2018,4,1,0.2,34.3,27.2,3.0,90.0,69.0,30.75
PALIPARAN III,2019,4,4,3.6,35.4,27.3,3.0,90.0,66.0,31.35
PALIPARAN III,2020,4,0,0.0,35.0,27.4,3.0,90.0,71.0,31.2
PALIPARAN III,2021,4,0,4.4,33.9,26.7,3.0,90.0,73.0,30.3
PALIPARAN III,2022,4,0,41.4,33.2,26.7,3.0,90.0,72.0,29.950000000000003
PALIPARAN III,2023,4,2,68.7,33.5,26.7,3.0,90.0,69.0,30.1
SABANG,2010,4,1,45.4,34.3,27.030769230769224,5.0,110.0,70.76923076923077,30.665384615384617
SABANG,2011,4,1,3.0,32.7,26.0,5.0,110.0,70.0,29.35
SABANG,2012,4,0,10.5,34.5,27.0,4.0,140.0,71.0,30.75
SABANG,2013,4,0,1.4,35.3,27.7,4.0,140.0,71.0,31.5
SABANG,2014,4,0,1.2,35.0,26.8,4.0,140.0,72.0,30.9
SABANG,2015,4,0,0.0,34.3,26.8,2.0,140.0,73.0,30.55
SABANG,2016,4,0,20.2,35.0,27.9,4.0,90.0,70.0,31.45
SABANG,2017,4,0,39.3,33.8,27.2,4.0,90.0,73.0,30.5
SABANG,2018,4,0,0.2,34.3,27.2,3.0,90.0,69.0,30.75
SABANG,2019,4,1,3.6,35.4,27.3,3.0,90.0,66.0,31.35
SABANG,2020,4,0,0.0,35.0,27.4,3.0,90.0,71.0,31.2
SABANG,2021,4,0,4.4,33.9,26.7,3.0,90.0,73.0,30.3
SABANG,2022,4,0,41.4,33.2,26.7,3.0,90.0,72.0,29.950000000000003
SABANG,2023,4,1,68.7,33.5,26.7,3.0,90.0,69.0,30.1
SAINT PETER I,2010,4,0,45.4,34.3,27.030769230769224,5.0,110.0,70.76923076923077,30.665384615384617
SAINT PETER I,2011,4,0,3.0,32.7,26.0,5.0,110.0,70.0,29.35
SAINT PETER I,2012,4,0,10.5,34.5,27.0,4.0,140.0,71.0,30.75
SAINT PETER I,2013,4,0,1.4,35.3,27.7,4.0,140.0,71.0,31.5
SAINT PETER I,2014,4,0,1.2,35.0,26.8,4.0,140.0,72.0,30.9
SAINT PETER I,2015,4,1,0.0,34.3,26.8,2.0,140.0,73.0,30.55
SAINT PETER I,2016,4,0,20.2,35.0,27.9,4.0,90.0,70.0,31.45
SAINT PETER I,2017,4,0,39.3,33.8,27.2,4.0,90.0,73.0,30.5
SAINT PETER I,2018,4,0,0.2,34.3,27.2,3.0,90.0,69.0,30.75
SAINT PETER I,2019,4,0,3.6,35.4,27.3,3.0,90.0,66.0,31.35
SAINT PETER I,2020,4,0,0.0,35.0,27.4,3.0,90.0,71.0,31.2
SAINT PETER I,2021,4,0,4.4,33.9,26.7,3.0,90.0,73.0,30.3
SAINT PETER I,2022,4,0,41.4,33.2,26.7,3.0,90.0,72.0,29.950000000000003
SAINT PETER II,2010,4,0,45.4,34.3,27.030769230769224,5.0,110.0,70.76923076923077,30.665384615384617
SAINT PETER II,2011,4,0,3.0,32.7,26.0,5.0,110.0,70.0,29.35
SAINT PETER II,2013,4,0,1.4,35.3,27.7,4.0,140.0,71.0,31.5
SAINT PETER II,2015,4,0,0.0,34.3,26.8,2.0,140.0,73.0,30.55
SAINT PETER II,2016,4,0,20.2,35.0,27.9,4.0,90.0,70.0,31.45
SAINT PETER II,2017,4,0,39.3,33.8,27.2,4.0,90.0,73.0,30.5
SAINT PETER II,2018,4,0,0.2,34.3,27.2,3.0,90.0,69.0,30.75
SAINT PETER II,2019,4,0,3.6,35.4,27.3,3.0,90.0,66.0,31.35
SAINT PETER II,2022,4,1,41.4,33.2,26.7,3.0,90.0,72.0,29.950000000000003
SAINT PETER II,2023,4,0,68.7,33.5,26.7,3.0,90.0,69.0,30.1
SALAWAG,2010,4,0,45.4,34.3,27.030769230769224,5.0,110.0,70.76923076923077,30.665384615384617
SALAWAG,2011,4,0,3.0,32.7,26.0,5.0,110.0,70.0,29.35
SALAWAG,2012,4,2,10.5,34.5,27.0,4.0,140.0,71.0,30.75
SALAWAG,2013,4,0,1.4,35.3,27.7,4.0,140.0,71.0,31.5
SALAWAG,2014,4,2,1.2,35.0,26.8,4.0,140.0,72.0,30.9
SALAWAG,2015,4,2,0.0,34.3,26.8,2.0,140.0,73.0,30.55
SALAWAG,2016,4,0,20.2,35.0,27.9,4.0,90.0,70.0,31.45
SALAWAG,2017,4,4,39.3,33.8,27.2,4.0,90.0,73.0,30.5
SALAWAG,2018,4,0,0.2,34.3,27.2,3.0,90.0,69.0,30.75
SALAWAG,2019,4,3,3.6,35.4,27.3,3.0,90.0,66.0,31.35
SALAWAG,2020,4,0,0.0,35.0,27.4,3.0,90.0,71.0,31.2
SALAWAG,2021,4,2,4.4,33.9,26.7,3.0,90.0,73.0,30.3
SALAWAG,2022,4,0,41.4,33.2,26.7,3.0,90.0,72.0,29.950000000000003
SALAWAG,2023,4,5,68.7,33.5,26.7,3.0,90.0,69.0,30.1
SALITRAN I,2010,4,0,45.4,34.3,27.030769230769224,5.0,110.0,70.76923076923077,30.665384615384617
SALITRAN I,2011,4,1,3.0,32.7,26.0,5.0,110.0,70.0,29.35
SALITRAN I,2012,4,0,10.5,34.5,27.0,4.0,140.0,71.0,30.75
SALITRAN I,2013,4,0,1.4,35.3,27.7,4.0,140.0,71.0,31.5
SALITRAN I,2014,4,0,1.2,35.0,26.8,4.0,140.0,72.0,30.9
SALITRAN I,2015,4,0,0.0,34.3,26.8,2.0,140.0,73.0,30.55
SALITRAN I,2016,4,0,20.2,35.0,27.9,4.0,90.0,70.0,31.45
SALITRAN I,2017,4,0,39.3,33.8,27.2,4.0,90.0,73.0,30.5
SALITRAN I,2018,4,0,0.2,34.3,27.2,3.0,90.0,69.0,30.75
SALITRAN I,2019,4,1,3.6,35.4,27.3,3.0,90.0,66.0,31.35
SALITRAN I,2020,4,0,0.0,35.0,27.4,3.0,90.0,71.0,31.2
SALITRAN I,2021,4,0,4.4,33.9,26.7,3.0,90.0,73.0,30.3
SALITRAN I,2022,4,0,41.4,33.2,26.7,3.0,90.0,72.0,29.950000000000003
SALITRAN I,2023,4,0,68.7,33.5,26.7,3.0,90.0,69.0,30.1
SALITRAN II,2010,4,0,45.4,34.3,27.030769230769224,5.0,110.0,70.76923076923077,30.665384615384617
SALITRAN II,2011,4,1,3.0,32.7,26.0,5.0,110.0,70.0,29.35
SALITRAN II,2012,4,0,10.5,34.5,27.0,4.0,140.0,71.0,30.75
SALITRAN II,2013,4,0,1.4,35.3,27.7,4.0,140.0,71.0,31.5
SALITRAN II,2014,4,0,1.2,35.0,26.8,4.0,140.0,72.0,30.9
SALITRAN II,2015,4,1,0.0,34.3,26.8,2.0,140.0,73.0,30.55
SALITRAN II,2016,4,0,20.2,35.0,27.9,4.0,90.0,70.0,31.45
SALITRAN II,2017,4,0,39.3,33.8,27.2,4.0,90.0,73.0,30.5
SALITRAN II,2018,4,2,0.2,34.3,27.2,3.0,90.0,69.0,30.75
SALITRAN II,2019,4,2,3.6,35.4,27.3,3.0,90.0,66.0,31.35
SALITRAN II,2020,4,0,0.0,35.0,27.4,3.0,90.0,71.0,31.2
SALITRAN II,2021,4,0,4.4,33.9,26.7,3.0,90.0,73.0,30.3
SALITRAN II,2022,4,0,41.4,33.2,26.7,3.0,90.0,72.0,29.950000000000003
SALITRAN II,2023,4,0,68.7,33.5,26.7,3.0,90.0,69.0,30.1
SALITRAN III,2010,4,0,45.4,34.3,27.030769230769224,5.0,110.0,70.76923076923077,30.665384615384617
SALITRAN III,2011,4,0,3.0,32.7,26.0,5.0,110.0,70.0,29.35
SALITRAN III,2012,4,0,10.5,34.5,27.0,4.0,140.0,71.0,30.75
SALITRAN III,2013,4,0,1.4,35.3,27.7,4.0,140.0,71.0,31.5
SALITRAN III,2014,4,0,1.2,35.0,26.8,4.0,140.0,72.0,30.9
SALITRAN III,2015,4,1,0.0,34.3,26.8,2.0,140.0,73.0,30.55
SALITRAN III,2016,4,0,20.2,35.0,27.9,4.0,90.0,70.0,31.45
SALITRAN III,2017,4,0,39.3,33.8,27.2,4.0,90.0,73.0,30.5
SALITRAN III,2018,4,0,0.2,34.3,27.2,3.0,90.0,69.0,30.75
SALITRAN III,2019,4,1,3.6,35.4,27.3,3.0,90.0,66.0,31.35
SALITRAN III,2020,4,0,0.0,35.0,27.4,3.0,90.0,71.0,31.2
SALITRAN III,2021,4,0,4.4,33.9,26.7,3.0,90.0,73.0,30.3
SALITRAN III,2022,4,1,41.4,33.2,26.7,3.0,90.0,72.0,29.950000000000003
SALITRAN III,2023,4,1,68.7,33.5,26.7,3.0,90.0,69.0,30.1
SALITRAN IV,2010,4,0,45.4,34.3,27.030769230769224,5.0,110.0,70.76923076923077,30.665384615384617
SALITRAN IV,2011,4,0,3.0,32.7,26.0,5.0,110.0,70.0,29.35
SALITRAN IV,2012,4,2,10.5,34.5,27.0,4.0,140.0,71.0,30.75
SALITRAN IV,2013,4,0,1.4,35.3,27.7,4.0,140.0,71.0,31.5
SALITRAN IV,2014,4,2,1.2,35.0,26.8,4.0,140.0,72.0,30.9
SALITRAN IV,2015,4,1,0.0,34.3,26.8,2.0,140.0,73.0,30.55
SALITRAN IV,2016,4,0,20.2,35.0,27.9,4.0,90.0,70.0,31.45
SALITRAN IV,2017,4,0,39.3,33.8,27.2,4.0,90.0,73.0,30.5
SALITRAN IV,2018,4,0,0.2,34.3,27.2,3.0,90.0,69.0,30.75
SALITRAN IV,2019,4,1,3.6,35.4,27.3,3.0,90.0,66.0,31.35
SALITRAN IV,2020,4,0,0.0,35.0,27.4,3.0,90.0,71.0,31.2
SALITRAN IV,2021,4,0,4.4,33.9,26.7,3.0,90.0,73.0,30.3
SALITRAN IV,2022,4,0,41.4,33.2,26.7,3.0,90.0,72.0,29.950000000000003
SALITRAN IV,2023,4,0,68.7,33.5,26.7,3.0,90.0,69.0,30.1
SAMPALOC I,2010,4,0,45.4,34.3,27.030769230769224,5.0,110.0,70.76923076923077,30.665384615384617
SAMPALOC I,2011,4,0,3.0,32.7,26.0,5.0,110.0,70.0,29.35
SAMPALOC I,2012,4,0,10.5,34.5,27.0,4.0,140.0,71.0,30.75
SAMPALOC I,2013,4,0,1.4,35.3,27.7,4.0,140.0,71.0,31.5
SAMPALOC I,2014,4,0,1.2,35.0,26.8,4.0,140.0,72.0,30.9
SAMPALOC I,2015,4,1,0.0,34.3,26.8,2.0,140.0,73.0,30.55
SAMPALOC I,2016,4,0,20.2,35.0,27.9,4.0,90.0,70.0,31.45
SAMPALOC I,2017,4,0,39.3,33.8,27.2,4.0,90.0,73.0,30.5
SAMPALOC I,2018,4,2,0.2,34.3,27.2,3.0,90.0,69.0,30.75
SAMPALOC I,2019,4,1,3.6,35.4,27.3,3.0,90.0,66.0,31.35
SAMPALOC I,2020,4,0,0.0,35.0,27.4,3.0,90.0,71.0,31.2
SAMPALOC I,2021,4,0,4.4,33.9,26.7,3.0,90.0,73.0,30.3
SAMPALOC I,2022,4,0,41.4,33.2,26.7,3.0,90.0,72.0,29.950000000000003
SAMPALOC I,2023,4,0,68.7,33.5,26.7,3.0,90.0,69.0,30.1
SAMPALOC II,2010,4,0,45.4,34.3,27.030769230769224,5.0,110.0,70.76923076923077,30.665384615384617
SAMPALOC II,2011,4,0,3.0,32.7,26.0,5.0,110.0,70.0,29.35
SAMPALOC II,2012,4,0,10.5,34.5,27.0,4.0,140.0,71.0,30.75
SAMPALOC II,2013,4,0,1.4,35.3,27.7,4.0,140.0,71.0,31.5
SAMPALOC II,2014,4,0,1.2,35.0,26.8,4.0,140.0,72.0,30.9
SAMPALOC II,2015,4,0,0.0,34.3,26.8,2.0,140.0,73.0,30.55
SAMPALOC II,2016,4,0,20.2,35.0,27.9,4.0,90.0,70.0,31.45
SAMPALOC II,2017,4,0,39.3,33.8,27.2,4.0,90.0,73.0,30.5
SAMPALOC II,2018,4,1,0.2,34.3,27.2,3.0,90.0,69.0,30.75
SAMPALOC II,2019,4,0,3.6,35.4,27.3,3.0,90.0,66.0,31.35
SAMPALOC II,2020,4,0,0.0,35.0,27.4,3.0,90.0,71.0,31.2
SAMPALOC II,2021,4,0,4.4,33.9,26.7,3.0,90.0,73.0,30.3
SAMPALOC II,2022,4,0,41.4,33.2,26.7,3.0,90.0,72.0,29.950000000000003
SAMPALOC II,2023,4,0,68.7,33.5,26.7,3.0,90.0,69.0,30.1
SAMPALOC III,2010,4,0,45.4,34.3,27.030769230769224,5.0,110.0,70.76923076923077,30.665384615384617
SAMPALOC III,2011,4,0,3.0,32.7,26.0,5.0,110.0,70.0,29.35
SAMPALOC III,2012,4,0,10.5,34.5,27.0,4.0,140.0,71.0,30.75
SAMPALOC III,2013,4,0,1.4,35.3,27.7,4.0,140.0,71.0,31.5
SAMPALOC III,2014,4,0,1.2,35.0,26.8,4.0,140.0,72.0,30.9
SAMPALOC III,2015,4,0,0.0,34.3,26.8,2.0,140.0,73.0,30.55
SAMPALOC III,2016,4,1,20.2,35.0,27.9,4.0,90.0,70.0,31.45
SAMPALOC III,2017,4,0,39.3,33.8,27.2,4.0,90.0,73.0,30.5
SAMPALOC III,2018,4,0,0.2,34.3,27.2,3.0,90.0,69.0,30.75
SAMPALOC III,2019,4,7,3.6,35.4,27.3,3.0,90.0,66.0,31.35
SAMPALOC III,2020,4,0,0.0,35.0,27.4,3.0,90.0,71.0,31.2
SAMPALOC III,2021,4,0,4.4,33.9,26.7,3.0,90.0,73.0,30.3
SAMPALOC III,2022,4,0,41.4,33.2,26.7,3.0,90.0,72.0,29.950000000000003
SAMPALOC III,2023,4,1,68.7,33.5,26.7,3.0,90.0,69.0,30.1
SAMPALOC IV,2010,4,0,45.4,34.3,27.030769230769224,5.0,110.0,70.76923076923077,30.665384615384617
SAMPALOC IV,2011,4,0,3.0,32.7,26.0,5.0,110.0,70.0,29.35
SAMPALOC IV,2012,4,0,10.5,34.5,27.0,4.0,140.0,71.0,30.75
SAMPALOC IV,2013,4,0,1.4,35.3,27.7,4.0,140.0,71.0,31.5
SAMPALOC IV,2014,4,0,1.2,35.0,26.8,4.0,140.0,72.0,30.9
SAMPALOC IV,2015,4,3,0.0,34.3,26.8,2.0,140.0,73.0,30.55
SAMPALOC IV,2016,4,0,20.2,35.0,27.9,4.0,90.0,70.0,31.45
SAMPALOC IV,2017,4,1,39.3,33.8,27.2,4.0,90.0,73.0,30.5
SAMPALOC IV,2018,4,1,0.2,34.3,27.2,3.0,90.0,69.0,30.75
SAMPALOC IV,2019,4,1,3.6,35.4,27.3,3.0,90.0,66.0,31.35
SAMPALOC IV,2020,4,0,0.0,35.0,27.4,3.0,90.0,71.0,31.2
SAMPALOC IV,2021,4,0,4.4,33.9,26.7,3.0,90.0,73.0,30.3
SAMPALOC IV,2022,4,1,41.4,33.2,26.7,3.0,90.0,72.0,29.950000000000003
SAMPALOC IV,2023,4,0,68.7,33.5,26.7,3.0,90.0,69.0,30.1
SAMPALOC V,2010,4,0,45.4,34.3,27.030769230769224,5.0,110.0,70.76923076923077,30.665384615384617
SAMPALOC V,2011,4,0,3.0,32.7,26.0,5.0,110.0,70.0,29.35
SAMPALOC V,2012,4,0,10.5,34.5,27.0,4.0,140.0,71.0,30.75
SAMPALOC V,2013,4,0,1.4,35.3,27.7,4.0,140.0,71.0,31.5
SAMPALOC V,2014,4,0,1.2,35.0,26.8,4.0,140.0,72.0,30.9
SAMPALOC V,2015,4,1,0.0,34.3,26.8,2.0,140.0,73.0,30.55
SAMPALOC V,2017,4,0,39.3,33.8,27.2,4.0,90.0,73.0,30.5
SAMPALOC V,2018,4,0,0.2,34.3,27.2,3.0,90.0,69.0,30.75
SAMPALOC V,2019,4,0,3.6,35.4,27.3,3.0,90.0,66.0,31.35
SAMPALOC V,2023,4,0,68.7,33.5,26.7,3.0,90.0,69.0,30.1
SAN AGUSTIN I,2010,4,0,45.4,34.3,27.030769230769224,5.0,110.0,70.76923076923077,30.665384615384617
SAN AGUSTIN I,2011,4,0,3.0,32.7,26.0,5.0,110.0,70.0,29.35
SAN AGUSTIN I,2012,4,0,10.5,34.5,27.0,4.0,140.0,71.0,30.75
SAN AGUSTIN I,2013,4,1,1.4,35.3,27.7,4.0,140.0,71.0,31.5
SAN AGUSTIN I,2014,4,0,1.2,35.0,26.8,4.0,140.0,72.0,30.9
SAN AGUSTIN I,2015,4,0,0.0,34.3,26.8,2.0,140.0,73.0,30.55
SAN AGUSTIN I,2016,4,0,20.2,35.0,27.9,4.0,90.0,70.0,31.45
SAN AGUSTIN I,2017,4,0,39.3,33.8,27.2,4.0,90.0,73.0,30.5
SAN AGUSTIN I,2018,4,0,0.2,34.3,27.2,3.0,90.0,69.0,30.75
SAN AGUSTIN I,2019,4,0,3.6,35.4,27.3,3.0,90.0,66.0,31.35
SAN AGUSTIN I,2020,4,0,0.0,35.0,27.4,3.0,90.0,71.0,31.2
SAN AGUSTIN I,2021,4,0,4.4,33.9,26.7,3.0,90.0,73.0,30.3
SAN AGUSTIN I,2022,4,1,41.4,33.2,26.7,3.0,90.0,72.0,29.950000000000003
SAN AGUSTIN I,2023,4,0,68.7,33.5,26.7,3.0,90.0,69.0,30.1
SAN AGUSTIN II,2010,4,0,45.4,34.3,27.030769230769224,5.0,110.0,70.76923076923077,30.665384615384617
SAN AGUSTIN II,2011,4,0,3.0,32.7,26.0,5.0,110.0,70.0,29.35
SAN AGUSTIN II,2012,4,0,10.5,34.5,27.0,4.0,140.0,71.0,30.75
SAN AGUSTIN II,2013,4,0,1.4,35.3,27.7,4.0,140.0,71.0,31.5
SAN AGUSTIN II,2014,4,0,1.2,35.0,26.8,4.0,140.0,72.0,30.9
SAN AGUSTIN II,2015,4,1,0.0,34.3,26.8,2.0,140.0,73.0,30.55
SAN AGUSTIN II,2016,4,0,20.2,35.0,27.9,4.0,90.0,70.0,31.45
SAN AGUSTIN II,2017,4,0,39.3,33.8,27.2,4.0,90.0,73.0,30.5
SAN AGUSTIN II,2018,4,0,0.2,34.3,27.2,3.0,90.0,69.0,30.75
SAN AGUSTIN II,2019,4,1,3.6,35.4,27.3,3.0,90.0,66.0,31.35
SAN AGUSTIN II,2020,4,0,0.0,35.0,27.4,3.0,90.0,71.0,31.2
SAN AGUSTIN II,2021,4,0,4.4,33.9,26.7,3.0,90.0,73.0,30.3
SAN AGUSTIN II,2022,4,0,41.4,33.2,26.7,3.0,90.0,72.0,29.950000000000003
SAN AGUSTIN II,2023,4,0,68.7,33.5,26.7,3.0,90.0,69.0,30.1
SAN AGUSTIN III,2010,4,0,45.4,34.3,27.030769230769224,5.0,110.0,70.76923076923077,30.665384615384617
SAN AGUSTIN III,2011,4,1,3.0,32.7,26.0,5.0,110.0,70.0,29.35
SAN AGUSTIN III,2012,4,0,10.5,34.5,27.0,4.0,140.0,71.0,30.75
SAN AGUSTIN III,2013,4,0,1.4,35.3,27.7,4.0,140.0,71.0,31.5
SAN AGUSTIN III,2014,4,0,1.2,35.0,26.8,4.0,140.0,72.0,30.9
SAN AGUSTIN III,2015,4,0,0.0,34.3,26.8,2.0,140.0,73.0,30.55
SAN AGUSTIN III,2016,4,1,20.2,35.0,27.9,4.0,90.0,70.0,31.45
SAN AGUSTIN III,2017,4,0,39.3,33.8,27.2,4.0,90.0,73.0,30.5
SAN AGUSTIN III,2018,4,0,0.2,34.3,27.2,3.0,90.0,69.0,30.75
SAN AGUSTIN III,2019,4,0,3.6,35.4,27.3,3.0,90.0,66.0,31.35
SAN AGUSTIN III,2020,4,0,0.0,35.0,27.4,3.0,90.0,71.0,31.2
SAN AGUSTIN III,2021,4,0,4.4,33.9,26.7,3.0,90.0,73.0,30.3
SAN AGUSTIN III,2022,4,1,41.4,33.2,26.7,3.0,90.0,72.0,29.950000000000003
SAN AGUSTIN III,2023,4,0,68.7,33.5,26.7,3.0,90.0,69.0,30.1
SAN ANDRES I,2010,4,0,45.4,34.3,27.030769230769224,5.0,110.0,70.76923076923077,30.665384615384617
SAN ANDRES I,2011,4,0,3.0,32.7,26.0,5.0,110.0,70.0,29.35
SAN ANDRES I,2012,4,0,10.5,34.5,27.0,4.0,140.0,71.0,30.75
SAN ANDRES I,2013,4,0,1.4,35.3,27.7,4.0,140.0,71.0,31.5
SAN ANDRES I,2014,4,0,1.2,35.0,26.8,4.0,140.0,72.0,30.9
SAN ANDRES I,2015,4,0,0.0,34.3,26.8,2.0,140.0,73.0,30.55
SAN ANDRES I,2016,4,0,20.2,35.0,27.9,4.0,90.0,70.0,31.45
SAN ANDRES I,2017,4,0,39.3,33.8,27.2,4.0,90.0,73.0,30.5
SAN ANDRES I,2018,4,0,0.2,34.3,27.2,3.0,90.0,69.0,30.75
SAN ANDRES I,2019,4,0,3.6,35.4,27.3,3.0,90.0,66.0,31.35
SAN ANDRES I,2020,4,0,0.0,35.0,27.4,3.0,90.0,71.0,31.2
SAN ANDRES I,2021,4,0,4.4,33.9,26.7,3.0,90.0,73.0,30.3
SAN ANDRES I,2022,4,0,41.4,33.2,26.7,3.0,90.0,72.0,29.950000000000003
SAN ANDRES I,2023,4,0,68.7,33.5,26.7,3.0,90.0,69.0,30.1
SAN ANDRES II,2011,4,0,3.0,32.7,26.0,5.0,110.0,70.0,29.35
SAN ANDRES II,2012,4,0,10.5,34.5,27.0,4.0,140.0,71.0,30.75
SAN ANDRES II,2014,4,0,1.2,35.0,26.8,4.0,140.0,72.0,30.9
SAN ANDRES II,2015,4,0,0.0,34.3,26.8,2.0,140.0,73.0,30.55
SAN ANDRES II,2016,4,0,20.2,35.0,27.9,4.0,90.0,70.0,31.45
SAN ANDRES II,2017,4,0,39.3,33.8,27.2,4.0,90.0,73.0,30.5
SAN ANDRES II,2018,4,0,0.2,34.3,27.2,3.0,90.0,69.0,30.75
SAN ANDRES II,2019,4,0,3.6,35.4,27.3,3.0,90.0,66.0,31.35
SAN ANDRES II,2020,4,0,0.0,35.0,27.4,3.0,90.0,71.0,31.2
SAN ANDRES II,2021,4,0,4.4,33.9,26.7,3.0,90.0,73.0,30.3
SAN ANDRES II,2022,4,0,41.4,33.2,26.7,3.0,90.0,72.0,29.950000000000003
SAN ANDRES II,2023,4,0,68.7,33.5,26.7,3.0,90.0,69.0,30.1
SAN ANTONIO DE PADUA I,2011,4,0,3.0,32.7,26.0,5.0,110.0,70.0,29.35
SAN ANTONIO DE PADUA I,2012,4,0,10.5,34.5,27.0,4.0,140.0,71.0,30.75
SAN ANTONIO DE PADUA I,2013,4,0,1.4,35.3,27.7,4.0,140.0,71.0,31.5
SAN ANTONIO DE PADUA I,2014,4,0,1.2,35.0,26.8,4.0,140.0,72.0,30.9
SAN ANTONIO DE PADUA I,2015,4,0,0.0,34.3,26.8,2.0,140.0,73.0,30.55
SAN ANTONIO DE PADUA I,2016,4,0,20.2,35.0,27.9,4.0,90.0,70.0,31.45
SAN ANTONIO DE PADUA I,2017,4,0,39.3,33.8,27.2,4.0,90.0,73.0,30.5
SAN ANTONIO DE PADUA I,2018,4,0,0.2,34.3,27.2,3.0,90.0,69.0,30.75
SAN ANTONIO DE PADUA I,2019,4,0,3.6,35.4,27.3,3.0,90.0,66.0,31.35
SAN ANTONIO DE PADUA I,2020,4,0,0.0,35.0,27.4,3.0,90.0,71.0,31.2
SAN ANTONIO DE PADUA I,2021,4,0,4.4,33.9,26.7,3.0,90.0,73.0,30.3
SAN ANTONIO DE PADUA I,2022,4,0,41.4,33.2,26.7,3.0,90.0,72.0,29.950000000000003
SAN ANTONIO DE PADUA I,2023,4,0,68.7,33.5,26.7,3.0,90.0,69.0,30.1
SAN ANTONIO DE PADUA II,2010,4,1,45.4,34.3,27.030769230769224,5.0,110.0,70.76923076923077,30.665384615384617
SAN ANTONIO DE PADUA II,2011,4,0,3.0,32.7,26.0,5.0,110.0,70.0,29.35
SAN ANTONIO DE PADUA II,2012,4,0,10.5,34.5,27.0,4.0,140.0,71.0,30.75
SAN ANTONIO DE PADUA II,2013,4,0,1.4,35.3,27.7,4.0,140.0,71.0,31.5
SAN ANTONIO DE PADUA II,2014,4,0,1.2,35.0,26.8,4.0,140.0,72.0,30.9
SAN ANTONIO DE PADUA II,2015,4,0,0.0,34.3,26.8,2.0,140.0,73.0,30.55
SAN ANTONIO DE PADUA II,2016,4,0,20.2,35.0,27.9,4.0,90.0,70.0,31.45
SAN ANTONIO DE PADUA II,2017,4,0,39.3,33.8,27.2,4.0,90.0,73.0,30.5
SAN ANTONIO DE PADUA II,2018,4,0,0.2,34.3,27.2,3.0,90.0,69.0,30.75
SAN ANTONIO DE PADUA II,2019,4,0,3.6,35.4,27.3,3.0,90.0,66.0,31.35
SAN ANTONIO DE PADUA II,2020,4,0,0.0,35.0,27.4,3.0,90.0,71.0,31.2
SAN ANTONIO DE PADUA II,2021,4,0,4.4,33.9,26.7,3.0,90.0,73.0,30.3
SAN ANTONIO DE PADUA II,2022,4,0,41.4,33.2,26.7,3.0,90.0,72.0,29.950000000000003
SAN ANTONIO DE PADUA II,2023,4,0,68.7,33.5,26.7,3.0,90.0,69.0,30.1
SAN DIONISIO (BARANGAY I),2010,4,0,45.4,34.3,27.030769230769224,5.0,110.0,70.76923076923077,30.665384615384617
SAN DIONISIO (BARANGAY I),2011,4,0,3.0,32.7,26.0,5.0,110.0,70.0,29.35
SAN DIONISIO (BARANGAY I),2012,4,0,10.5,34.5,27.0,4.0,140.0,71.0,30.75
SAN DIONISIO (BARANGAY I),2013,4,0,1.4,35.3,27.7,4.0,140.0,71.0,31.5
SAN DIONISIO (BARANGAY I),2014,4,0,1.2,35.0,26.8,4.0,140.0,72.0,30.9
SAN DIONISIO (BARANGAY I),2015,4,1,0.0,34.3,26.8,2.0,140.0,73.0,30.55
SAN DIONISIO (BARANGAY I),2016,4,0,20.2,35.0,27.9,4.0,90.0,70.0,31.45
SAN DIONISIO (BARANGAY I),2017,4,0,39.3,33.8,27.2,4.0,90.0,73.0,30.5
SAN DIONISIO (BARANGAY I),2018,4,2,0.2,34.3,27.2,3.0,90.0,69.0,30.75
SAN DIONISIO (BARANGAY I),2019,4,1,3.6,35.4,27.3,3.0,90.0,66.0,31.35
SAN DIONISIO (BARANGAY I),2021,4,0,4.4,33.9,26.7,3.0,90.0,73.0,30.3
SAN DIONISIO (BARANGAY I),2022,4,0,41.4,33.2,26.7,3.0,90.0,72.0,29.950000000000003
SAN DIONISIO (BARANGAY I),2023,4,0,68.7,33.5,26.7,3.0,90.0,69.0,30.1
SAN ESTEBAN (BARANGAY IV),2010,4,0,45.4,34.3,27.030769230769224,5.0,110.0,70.76923076923077,30.665384615384617
SAN ESTEBAN (BARANGAY IV),2011,4,0,3.0,32.7,26.0,5.0,110.0,70.0,29.35
SAN ESTEBAN (BARANGAY IV),2012,4,0,10.5,34.5,27.0,4.0,140.0,71.0,30.75
SAN ESTEBAN (BARANGAY IV),2013,4,0,1.4,35.3,27.7,4.0,140.0,71.0,31.5
SAN ESTEBAN (BARANGAY IV),2014,4,0,1.2,35.0,26.8,4.0,140.0,72.0,30.9
SAN ESTEBAN (BARANGAY IV),2015,4,0,0.0,34.3,26.8,2.0,140.0,73.0,30.55
SAN ESTEBAN (BARANGAY IV),2016,4,0,20.2,35.0,27.9,4.0,90.0,70.0,31.45
SAN ESTEBAN (BARANGAY IV),2017,4,0,39.3,33.8,27.2,4.0,90.0,73.0,30.5
SAN ESTEBAN (BARANGAY IV),2018,4,0,0.2,34.3,27.2,3.0,90.0,69.0,30.75
SAN ESTEBAN (BARANGAY IV),2019,4,0,3.6,35.4,27.3,3.0,90.0,66.0,31.35
SAN ESTEBAN (BARANGAY IV),2020,4,0,0.0,35.0,27.4,3.0,90.0,71.0,31.2
SAN ESTEBAN (BARANGAY IV),2021,4,0,4.4,33.9,26.7,3.0,90.0,73.0,30.3
SAN ESTEBAN (BARANGAY IV),2022,4,0,41.4,33.2,26.7,3.0,90.0,72.0,29.950000000000003
SAN ESTEBAN (BARANGAY IV),2023,4,0,68.7,33.5,26.7,3.0,90.0,69.0,30.1
SAN FRANCISCO I,2010,4,0,45.4,34.3,27.030769230769224,5.0,110.0,70.76923076923077,30.665384615384617
SAN FRANCISCO I,2011,4,0,3.0,32.7,26.0,5.0,110.0,70.0,29.35
SAN FRANCISCO I,2012,4,0,10.5,34.5,27.0,4.0,140.0,71.0,30.75
SAN FRANCISCO I,2014,4,0,1.2,35.0,26.8,4.0,140.0,72.0,30.9
SAN FRANCISCO I,2015,4,0,0.0,34.3,26.8,2.0,140.0,73.0,30.55
SAN FRANCISCO I,2016,4,0,20.2,35.0,27.9,4.0,90.0,70.0,31.45
SAN FRANCISCO I,2017,4,0,39.3,33.8,27.2,4.0,90.0,73.0,30.5
SAN FRANCISCO I,2018,4,0,0.2,34.3,27.2,3.0,90.0,69.0,30.75
SAN FRANCISCO I,2019,4,0,3.6,35.4,27.3,3.0,90.0,66.0,31.35
SAN FRANCISCO I,2020,4,0,0.0,35.0,27.4,3.0,90.0,71.0,31.2
SAN FRANCISCO I,2021,4,0,4.4,33.9,26.7,3.0,90.0,73.0,30.3
SAN FRANCISCO I,2022,4,0,41.4,33.2,26.7,3.0,90.0,72.0,29.950000000000003
SAN FRANCISCO I,2023,4,0,68.7,33.5,26.7,3.0,90.0,69.0,30.1
SAN FRANCISCO II,2011,4,1,3.0,32.7,26.0,5.0,110.0,70.0,29.35
SAN FRANCISCO II,2012,4,0,10.5,34.5,27.0,4.0,140.0,71.0,30.75
SAN FRANCISCO II,2013,4,0,1.4,35.3,27.7,4.0,140.0,71.0,31.5
SAN FRANCISCO II,2014,4,0,1.2,35.0,26.8,4.0,140.0,72.0,30.9
SAN FRANCISCO II,2015,4,0,0.0,34.3,26.8,2.0,140.0,73.0,30.55
SAN FRANCISCO II,2016,4,0,20.2,35.0,27.9,4.0,90.0,70.0,31.45
SAN FRANCISCO II,2017,4,0,39.3,33.8,27.2,4.0,90.0,73.0,30.5
SAN FRANCISCO II,2018,4,0,0.2,34.3,27.2,3.0,90.0,69.0,30.75
SAN FRANCISCO II,2019,4,0,3.6,35.4,27.3,3.0,90.0,66.0,31.35
SAN FRANCISCO II,2020,4,0,0.0,35.0,27.4,3.0,90.0,71.0,31.2
SAN FRANCISCO II,2022,4,0,41.4,33.2,26.7,3.0,90.0,72.0,29.950000000000003
SAN FRANCISCO II,2023,4,0,68.7,33.5,26.7,3.0,90.0,69.0,30.1
SAN ISIDRO LABRADOR I,2010,4,0,45.4,34.3,27.030769230769224,5.0,110.0,70.76923076923077,30.665384615384617
SAN ISIDRO LABRADOR I,2011,4,0,3.0,32.7,26.0,5.0,110.0,70.0,29.35
SAN ISIDRO LABRADOR I,2012,4,0,10.5,34.5,27.0,4.0,140.0,71.0,30.75
SAN ISIDRO LABRADOR I,2013,4,0,1.4,35.3,27.7,4.0,140.0,71.0,31.5
SAN ISIDRO LABRADOR I,2014,4,0,1.2,35.0,26.8,4.0,140.0,72.0,30.9
SAN ISIDRO LABRADOR I,2015,4,0,0.0,34.3,26.8,2.0,140.0,73.0,30.55
SAN ISIDRO LABRADOR I,2016,4,0,20.2,35.0,27.9,4.0,90.0,70.0,31.45
SAN ISIDRO LABRADOR I,2017,4,0,39.3,33.8,27.2,4.0,90.0,73.0,30.5
SAN ISIDRO LABRADOR I,2018,4,0,0.2,34.3,27.2,3.0,90.0,69.0,30.75
SAN ISIDRO LABRADOR I,2019,4,0,3.6,35.4,27.3,3.0,90.0,66.0,31.35
SAN ISIDRO LABRADOR I,2020,4,0,0.0,35.0,27.4,3.0,90.0,71.0,31.2
SAN ISIDRO LABRADOR I,2021,4,1,4.4,33.9,26.7,3.0,90.0,73.0,30.3
SAN ISIDRO LABRADOR I,2022,4,1,41.4,33.2,26.7,3.0,90.0,72.0,29.950000000000003
SAN ISIDRO LABRADOR I,2023,4,0,68.7,33.5,26.7,3.0,90.0,69.0,30.1
SAN ISIDRO LABRADOR II,2010,4,0,45.4,34.3,27.030769230769224,5.0,110.0,70.76923076923077,30.665384615384617
SAN ISIDRO LABRADOR II,2011,4,0,3.0,32.7,26.0,5.0,110.0,70.0,29.35
SAN ISIDRO LABRADOR II,2012,4,1,10.5,34.5,27.0,4.0,140.0,71.0,30.75
SAN ISIDRO LABRADOR II,2013,4,0,1.4,35.3,27.7,4.0,140.0,71.0,31.5
SAN ISIDRO LABRADOR II,2014,4,1,1.2,35.0,26.8,4.0,140.0,72.0,30.9
SAN ISIDRO LABRADOR II,2015,4,0,0.0,34.3,26.8,2.0,140.0,73.0,30.55
SAN ISIDRO LABRADOR II,2016,4,0,20.2,35.0,27.9,4.0,90.0,70.0,31.45
SAN ISIDRO LABRADOR II,2017,4,0,39.3,33.8,27.2,4.0,90.0,73.0,30.5
SAN ISIDRO LABRADOR II,2018,4,0,0.2,34.3,27.2,3.0,90.0,69.0,30.75
SAN ISIDRO LABRADOR II,2019,4,0,3.6,35.4,27.3,3.0,90.0,66.0,31.35
SAN ISIDRO LABRADOR II,2020,4,0,0.0,35.0,27.4,3.0,90.0,71.0,31.2
SAN ISIDRO LABRADOR II,2021,4,0,4.4,33.9,26.7,3.0,90.0,73.0,30.3
SAN ISIDRO LABRADOR II,2022,4,0,41.4,33.2,26.7,3.0,90.0,72.0,29.950000000000003
SAN ISIDRO LABRADOR II,2023,4,0,68.7,33.5,26.7,3.0,90.0,69.0,30.1
SAN JOSE,2010,4,0,45.4,34.3,27.030769230769224,5.0,110.0,70.76923076923077,30.665384615384617
SAN JOSE,2011,4,1,3.0,32.7,26.0,5.0,110.0,70.0,29.35
SAN JOSE,2012,4,0,10.5,34.5,27.0,4.0,140.0,71.0,30.75
SAN JOSE,2013,4,0,1.4,35.3,27.7,4.0,140.0,71.0,31.5
SAN JOSE,2014,4,0,1.2,35.0,26.8,4.0,140.0,72.0,30.9
SAN JOSE,2015,4,0,0.0,34.3,26.8,2.0,140.0,73.0,30.55
SAN JOSE,2016,4,0,20.2,35.0,27.9,4.0,90.0,70.0,31.45
SAN JOSE,2017,4,2,39.3,33.8,27.2,4.0,90.0,73.0,30.5
SAN JOSE,2018,4,0,0.2,34.3,27.2,3.0,90.0,69.0,30.75
SAN JOSE,2019,4,1,3.6,35.4,27.3,3.0,90.0,66.0,31.35
SAN JOSE,2020,4,0,0.0,35.0,27.4,3.0,90.0,71.0,31.2
SAN JOSE,2021,4,0,4.4,33.9,26.7,3.0,90.0,73.0,30.3
SAN JOSE,2022,4,1,41.4,33.2,26.7,3.0,90.0,72.0,29.950000000000003
SAN JOSE,2023,4,0,68.7,33.5,26.7,3.0,90.0,69.0,30.1
SAN JUAN (SAN JUAN I),2010,4,0,45.4,34.3,27.030769230769224,5.0,110.0,70.76923076923077,30.665384615384617
SAN JUAN (SAN JUAN I),2011,4,0,3.0,32.7,26.0,5.0,110.0,70.0,29.35
SAN JUAN (SAN JUAN I),2012,4,0,10.5,34.5,27.0,4.0,140.0,71.0,30.75
SAN JUAN (SAN JUAN I),2013,4,0,1.4,35.3,27.7,4.0,140.0,71.0,31.5
SAN JUAN (SAN JUAN I),2014,4,0,1.2,35.0,26.8,4.0,140.0,72.0,30.9
SAN JUAN (SAN JUAN I),2015,4,0,0.0,34.3,26.8,2.0,140.0,73.0,30.55
SAN JUAN (SAN JUAN I),2016,4,0,20.2,35.0,27.9,4.0,90.0,70.0,31.45
SAN JUAN (SAN JUAN I),2017,4,0,39.3,33.8,27.2,4.0,90.0,73.0,30.5
SAN JUAN (SAN JUAN I),2018,4,0,0.2,34.3,27.2,3.0,90.0,69.0,30.75
SAN JUAN (SAN JUAN I),2019,4,0,3.6,35.4,27.3,3.0,90.0,66.0,31.35
SAN JUAN (SAN JUAN I),2021,4,0,4.4,33.9,26.7,3.0,90.0,73.0,30.3
SAN JUAN (SAN JUAN I),2022,4,0,41.4,33.2,26.7,3.0,90.0,72.0,29.950000000000003
SAN JUAN (SAN JUAN I),2023,4,0,68.7,33.5,26.7,3.0,90.0,69.0,30.1
SAN LORENZO RUIZ I,2010,4,0,45.4,34.3,27.030769230769224,5.0,110.0,70.76923076923077,30.665384615384617
SAN LORENZO RUIZ I,2011,4,0,3.0,32.7,26.0,5.0,110.0,70.0,29.35
SAN LORENZO RUIZ I,2013,4,0,1.4,35.3,27.7,4.0,140.0,71.0,31.5
SAN LORENZO RUIZ I,2015,4,1,0.0,34.3,26.8,2.0,140.0,73.0,30.55
SAN LORENZO RUIZ I,2016,4,0,20.2,35.0,27.9,4.0,90.0,70.0,31.45
SAN LORENZO RUIZ I,2017,4,0,39.3,33.8,27.2,4.0,90.0,73.0,30.5
SAN LORENZO RUIZ I,2018,4,0,0.2,34.3,27.2,3.0,90.0,69.0,30.75
SAN LORENZO RUIZ I,2019,4,0,3.6,35.4,27.3,3.0,90.0,66.0,31.35
SAN LORENZO RUIZ I,2020,4,0,0.0,35.0,27.4,3.0,90.0,71.0,31.2
SAN LORENZO RUIZ I,2021,4,0,4.4,33.9,26.7,3.0,90.0,73.0,30.3
SAN LORENZO RUIZ I,2022,4,0,41.4,33.2,26.7,3.0,90.0,72.0,29.950000000000003
SAN LORENZO RUIZ I,2023,4,0,68.7,33.5,26.7,3.0,90.0,69.0,30.1
SAN LORENZO RUIZ II,2010,4,0,45.4,34.3,27.030769230769224,5.0,110.0,70.76923076923077,30.665384615384617
SAN LORENZO RUIZ II,2011,4,1,3.0,32.7,26.0,5.0,110.0,70.0,29.35
SAN LORENZO RUIZ II,2012,4,0,10.5,34.5,27.0,4.0,140.0,71.0,30.75
SAN LORENZO RUIZ II,2013,4,0,1.4,35.3,27.7,4.0,140.0,71.0,31.5
SAN LORENZO RUIZ II,2014,4,0,1.2,35.0,26.8,4.0,140.0,72.0,30.9
SAN LORENZO RUIZ II,2015,4,0,0.0,34.3,26.8,2.0,140.0,73.0,30.55
SAN LORENZO RUIZ II,2016,4,0,20.2,35.0,27.9,4.0,90.0,70.0,31.45
SAN LORENZO RUIZ II,2018,4,0,0.2,34.3,27.2,3.0,90.0,69.0,30.75
SAN LORENZO RUIZ II,2019,4,0,3.6,35.4,27.3,3.0,90.0,66.0,31.35
SAN LORENZO RUIZ II,2020,4,0,0.0,35.0,27.4,3.0,90.0,71.0,31.2
SAN LORENZO RUIZ II,2021,4,0,4.4,33.9,26.7,3.0,90.0,73.0,30.3
SAN LORENZO RUIZ II,2023,4,0,68.7,33.5,26.7,3.0,90.0,69.0,30.1
SAN LUIS I,2010,4,0,45.4,34.3,27.030769230769224,5.0,110.0,70.76923076923077,30.665384615384617
SAN LUIS I,2011,4,0,3.0,32.7,26.0,5.0,110.0,70.0,29.35
SAN LUIS I,2012,4,0,10.5,34.5,27.0,4.0,140.0,71.0,30.75
SAN LUIS I,2013,4,0,1.4,35.3,27.7,4.0,140.0,71.0,31.5
SAN LUIS I,2014,4,0,1.2,35.0,26.8,4.0,140.0,72.0,30.9
SAN LUIS I,2015,4,0,0.0,34.3,26.8,2.0,140.0,73.0,30.55
SAN LUIS I,2016,4,0,20.2,35.0,27.9,4.0,90.0,70.0,31.45
SAN LUIS I,2017,4,0,39.3,33.8,27.2,4.0,90.0,73.0,30.5
SAN LUIS I,2018,4,0,0.2,34.3,27.2,3.0,90.0,69.0,30.75
SAN LUIS I,2019,4,0,3.6,35.4,27.3,3.0,90.0,66.0,31.35
SAN LUIS I,2020,4,0,0.0,35.0,27.4,3.0,90.0,71.0,31.2
SAN LUIS I,2021,4,0,4.4,33.9,26.7,3.0,90.0,73.0,30.3
SAN LUIS I,2022,4,0,41.4,33.2,26.7,3.0,90.0,72.0,29.950000000000003
SAN LUIS I,2023,4,0,68.7,33.5,26.7,3.0,90.0,69.0,30.1
SAN LUIS II,2010,4,0,45.4,34.3,27.030769230769224,5.0,110.0,70.76923076923077,30.665384615384617
SAN LUIS II,2011,4,0,3.0,32.7,26.0,5.0,110.0,70.0,29.35
SAN LUIS II,2012,4,0,10.5,34.5,27.0,4.0,140.0,71.0,30.75
SAN LUIS II,2013,4,0,1.4,35.3,27.7,4.0,140.0,71.0,31.5
SAN LUIS II,2014,4,0,1.2,35.0,26.8,4.0,140.0,72.0,30.9
SAN LUIS II,2015,4,0,0.0,34.3,26.8,2.0,140.0,73.0,30.55
SAN LUIS II,2016,4,0,20.2,35.0,27.9,4.0,90.0,70.0,31.45
SAN LUIS II,2017,4,0,39.3,33.8,27.2,4.0,90.0,73.0,30.5
SAN LUIS II,2018,4,0,0.2,34.3,27.2,3.0,90.0,69.0,30.75
SAN LUIS II,2019,4,1,3.6,35.4,27.3,3.0,90.0,66.0,31.35
SAN LUIS II,2020,4,0,0.0,35.0,27.4,3.0,90.0,71.0,31.2
SAN LUIS II,2021,4,0,4.4,33.9,26.7,3.0,90.0,73.0,30.3
SAN LUIS II,2022,4,1,41.4,33.2,26.7,3.0,90.0,72.0,29.950000000000003
SAN LUIS II,2023,4,0,68.7,33.5,26.7,3.0,90.0,69.0,30.1
SAN MANUEL I,2010,4,0,45.4,34.3,27.030769230769224,5.0,110.0,70.76923076923077,30.665384615384617
SAN MANUEL I,2012,4,0,10.5,34.5,27.0,4.0,140.0,71.0,30.75
SAN MANUEL I,2013,4,0,1.4,35.3,27.7,4.0,140.0,71.0,31.5
SAN MANUEL I,2014,4,0,1.2,35.0,26.8,4.0,140.0,72.0,30.9
SAN MANUEL I,2015,4,0,0.0,34.3,26.8,2.0,140.0,73.0,30.55
SAN MANUEL I,2016,4,0,20.2,35.0,27.9,4.0,90.0,70.0,31.45
SAN MANUEL I,2017,4,0,39.3,33.8,27.2,4.0,90.0,73.0,30.5
SAN MANUEL I,2018,4,0,0.2,34.3,27.2,3.0,90.0,69.0,30.75
SAN MANUEL I,2019,4,1,3.6,35.4,27.3,3.0,90.0,66.0,31.35
SAN MANUEL I,2022,4,0,41.4,33.2,26.7,3.0,90.0,72.0,29.950000000000003
SAN MANUEL I,2023,4,0,68.7,33.5,26.7,3.0,90.0,69.0,30.1
SAN MANUEL II,2010,4,0,45.4,34.3,27.030769230769224,5.0,110.0,70.76923076923077,30.665384615384617
SAN MANUEL II,2011,4,0,3.0,32.7,26.0,5.0,110.0,70.0,29.35
SAN MANUEL II,2012,4,0,10.5,34.5,27.0,4.0,140.0,71.0,30.75
SAN MANUEL II,2013,4,0,1.4,35.3,27.7,4.0,140.0,71.0,31.5
SAN MANUEL II,2014,4,0,1.2,35.0,26.8,4.0,140.0,72.0,30.9
SAN MANUEL II,2015,4,0,0.0,34.3,26.8,2.0,140.0,73.0,30.55
SAN MANUEL II,2016,4,0,20.2,35.0,27.9,4.0,90.0,70.0,31.45
SAN MANUEL II,2017,4,0,39.3,33.8,27.2,4.0,90.0,73.0,30.5
SAN MANUEL II,2018,4,0,0.2,34.3,27.2,3.0,90.0,69.0,30.75
SAN MANUEL II,2019,4,0,3.6,35.4,27.3,3.0,90.0,66.0,31.35
SAN MANUEL II,2020,4,0,0.0,35.0,27.4,3.0,90.0,71.0,31.2
SAN MANUEL II,2021,4,0,4.4,33.9,26.7,3.0,90.0,73.0,30.3
SAN MANUEL II,2022,4,0,41.4,33.2,26.7,3.0,90.0,72.0,29.950000000000003
SAN MANUEL II,2023,4,0,68.7,33.5,26.7,3.0,90.0,69.0,30.1
SAN MATEO,2010,4,0,45.4,34.3,27.030769230769224,5.0,110.0,70.76923076923077,30.665384615384617
SAN MATEO,2011,4,0,3.0,32.7,26.0,5.0,110.0,70.0,29.35
SAN MATEO,2012,4,0,10.5,34.5,27.0,4.0,140.0,71.0,30.75
SAN MATEO,2013,4,0,1.4,35.3,27.7,4.0,140.0,71.0,31.5
SAN MATEO,2014,4,0,1.2,35.0,26.8,4.0,140.0,72.0,30.9
SAN MATEO,2015,4,0,0.0,34.3,26.8,2.0,140.0,73.0,30.55
SAN MATEO,2016,4,0,20.2,35.0,27.9,4.0,90.0,70.0,31.45
SAN MATEO,2017,4,0,39.3,33.8,27.2,4.0,90.0,73.0,30.5
SAN MATEO,2018,4,1,0.2,34.3,27.2,3.0,90.0,69.0,30.75
SAN MATEO,2019,4,0,3.6,35.4,27.3,3.0,90.0,66.0,31.35
SAN MATEO,2020,4,0,0.0,35.0,27.4,3.0,90.0,71.0,31.2
SAN MATEO,2021,4,0,4.4,33.9,26.7,3.0,90.0,73.0,30.3
SAN MATEO,2022,4,0,41.4,33.2,26.7,3.0,90.0,72.0,29.950000000000003
SAN MATEO,2023,4,0,68.7,33.5,26.7,3.0,90.0,69.0,30.1
SAN MIGUEL,2010,4,0,45.4,34.3,27.030769230769224,5.0,110.0,70.76923076923077,30.665384615384617
SAN MIGUEL,2011,4,0,3.0,32.7,26.0,5.0,110.0,70.0,29.35
SAN MIGUEL,2013,4,0,1.4,35.3,27.7,4.0,140.0,71.0,31.5
SAN MIGUEL,2015,4,0,0.0,34.3,26.8,2.0,140.0,73.0,30.55
SAN MIGUEL,2016,4,0,20.2,35.0,27.9,4.0,90.0,70.0,31.45
SAN MIGUEL,2017,4,0,39.3,33.8,27.2,4.0,90.0,73.0,30.5
SAN MIGUEL,2018,4,0,0.2,34.3,27.2,3.0,90.0,69.0,30.75
SAN MIGUEL,2019,4,0,3.6,35.4,27.3,3.0,90.0,66.0,31.35
SAN MIGUEL,2020,4,0,0.0,35.0,27.4,3.0,90.0,71.0,31.2
SAN MIGUEL,2021,4,1,4.4,33.9,26.7,3.0,90.0,73.0,30.3
SAN MIGUEL,2022,4,0,41.4,33.2,26.7,3.0,90.0,72.0,29.950000000000003
SAN MIGUEL,2023,4,0,68.7,33.5,26.7,3.0,90.0,69.0,30.1
SAN MIGUEL II,2010,4,0,45.4,34.3,27.030769230769224,5.0,110.0,70.76923076923077,30.665384615384617
SAN MIGUEL II,2011,4,0,3.0,32.7,26.0,5.0,110.0,70.0,29.35
SAN MIGUEL II,2012,4,0,10.5,34.5,27.0,4.0,140.0,71.0,30.75
SAN MIGUEL II,2013,4,0,1.4,35.3,27.7,4.0,140.0,71.0,31.5
SAN MIGUEL II,2014,4,0,1.2,35.0,26.8,4.0,140.0,72.0,30.9
SAN MIGUEL II,2015,4,0,0.0,34.3,26.8,2.0,140.0,73.0,30.55
SAN MIGUEL II,2018,4,0,0.2,34.3,27.2,3.0,90.0,69.0,30.75
SAN MIGUEL II,2019,4,0,3.6,35.4,27.3,3.0,90.0,66.0,31.35
SAN MIGUEL II,2020,4,0,0.0,35.0,27.4,3.0,90.0,71.0,31.2
SAN MIGUEL II,2022,4,0,41.4,33.2,26.7,3.0,90.0,72.0,29.950000000000003
SAN NICOLAS I,2010,4,0,45.4,34.3,27.030769230769224,5.0,110.0,70.76923076923077,30.665384615384617
SAN NICOLAS I,2011,4,2,3.0,32.7,26.0,5.0,110.0,70.0,29.35
SAN NICOLAS I,2012,4,0,10.5,34.5,27.0,4.0,140.0,71.0,30.75
SAN NICOLAS I,2013,4,0,1.4,35.3,27.7,4.0,140.0,71.0,31.5
SAN NICOLAS I,2014,4,0,1.2,35.0,26.8,4.0,140.0,72.0,30.9
SAN NICOLAS I,2015,4,0,0.0,34.3,26.8,2.0,140.0,73.0,30.55
SAN NICOLAS I,2017,4,0,39.3,33.8,27.2,4.0,90.0,73.0,30.5
SAN NICOLAS I,2018,4,0,0.2,34.3,27.2,3.0,90.0,69.0,30.75
SAN NICOLAS I,2019,4,0,3.6,35.4,27.3,3.0,90.0,66.0,31.35
SAN NICOLAS I,2020,4,0,0.0,35.0,27.4,3.0,90.0,71.0,31.2
SAN NICOLAS I,2023,4,0,68.7,33.5,26.7,3.0,90.0,69.0,30.1
SAN NICOLAS II,2010,4,0,45.4,34.3,27.030769230769224,5.0,110.0,70.76923076923077,30.665384615384617
SAN NICOLAS II,2011,4,0,3.0,32.7,26.0,5.0,110.0,70.0,29.35
SAN NICOLAS II,2012,4,0,10.5,34.5,27.0,4.0,140.0,71.0,30.75
SAN NICOLAS II,2013,4,0,1.4,35.3,27.7,4.0,140.0,71.0,31.5
SAN NICOLAS II,2014,4,0,1.2,35.0,26.8,4.0,140.0,72.0,30.9
SAN NICOLAS II,2015,4,1,0.0,34.3,26.8,2.0,140.0,73.0,30.55
SAN NICOLAS II,2016,4,0,20.2,35.0,27.9,4.0,90.0,70.0,31.45
SAN NICOLAS II,2017,4,0,39.3,33.8,27.2,4.0,90.0,73.0,30.5
SAN NICOLAS II,2018,4,1,0.2,34.3,27.2,3.0,90.0,69.0,30.75
SAN NICOLAS II,2019,4,0,3.6,35.4,27.3,3.0,90.0,66.0,31.35
SAN NICOLAS II,2020,4,1,0.0,35.0,27.4,3.0,90.0,71.0,31.2
SAN NICOLAS II,2021,4,0,4.4,33.9,26.7,3.0,90.0,73.0,30.3
SAN NICOLAS II,2023,4,0,68.7,33.5,26.7,3.0,90.0,69.0,30.1
SAN ROQUE (STA. CRISTINA II),2010,4,0,45.4,34.3,27.030769230769224,5.0,110.0,70.76923076923077,30.665384615384617
SAN ROQUE (STA. CRISTINA II),2012,4,0,10.5,34.5,27.0,4.0,140.0,71.0,30.75
SAN ROQUE (STA. CRISTINA II),2014,4,0,1.2,35.0,26.8,4.0,140.0,72.0,30.9
SAN ROQUE (STA. CRISTINA II),2015,4,0,0.0,34.3,26.8,2.0,140.0,73.0,30.55
SAN ROQUE (STA. CRISTINA II),2016,4,0,20.2,35.0,27.9,4.0,90.0,70.0,31.45
SAN ROQUE (STA. CRISTINA II),2017,4,1,39.3,33.8,27.2,4.0,90.0,73.0,30.5
SAN ROQUE (STA. CRISTINA II),2018,4,0,0.2,34.3,27.2,3.0,90.0,69.0,30.75
SAN ROQUE (STA. CRISTINA II),2019,4,0,3.6,35.4,27.3,3.0,90.0,66.0,31.35
SAN ROQUE (STA. CRISTINA II),2020,4,0,0.0,35.0,27.4,3.0,90.0,71.0,31.2
SAN SIMON (BARANGAY 7),2010,4,0,45.4,34.3,27.030769230769224,5.0,110.0,70.76923076923077,30.665384615384617
SAN SIMON (BARANGAY 7),2011,4,0,3.0,32.7,26.0,5.0,110.0,70.0,29.35
SAN SIMON (BARANGAY 7),2012,4,0,10.5,34.5,27.0,4.0,140.0,71.0,30.75
SAN SIMON (BARANGAY 7),2013,4,0,1.4,35.3,27.7,4.0,140.0,71.0,31.5
SAN SIMON (BARANGAY 7),2014,4,0,1.2,35.0,26.8,4.0,140.0,72.0,30.9
SAN SIMON (BARANGAY 7),2015,4,0,0.0,34.3,26.8,2.0,140.0,73.0,30.55
SAN SIMON (BARANGAY 7),2016,4,0,20.2,35.0,27.9,4.0,90.0,70.0,31.45
SAN SIMON (BARANGAY 7),2017,4,0,39.3,33.8,27.2,4.0,90.0,73.0,30.5
SAN SIMON (BARANGAY 7),2018,4,0,0.2,34.3,27.2,3.0,90.0,69.0,30.75
SAN SIMON (BARANGAY 7),2019,4,0,3.6,35.4,27.3,3.0,90.0,66.0,31.35
SAN SIMON (BARANGAY 7),2020,4,0,0.0,35.0,27.4,3.0,90.0,71.0,31.2
SAN SIMON (BARANGAY 7),2021,4,0,4.4,33.9,26.7,3.0,90.0,73.0,30.3
SAN SIMON (BARANGAY 7),2022,4,0,41.4,33.2,26.7,3.0,90.0,72.0,29.950000000000003
SAN SIMON (BARANGAY 7),2023,4,0,68.7,33.5,26.7,3.0,90.0,69.0,30.1
SANTA CRISTINA I,2010,4,0,45.4,34.3,27.030769230769224,5.0,110.0,70.76923076923077,30.665384615384617
SANTA CRISTINA I,2011,4,1,3.0,32.7,26.0,5.0,110.0,70.0,29.35
SANTA CRISTINA I,2012,4,0,10.5,34.5,27.0,4.0,140.0,71.0,30.75
SANTA CRISTINA I,2013,4,1,1.4,35.3,27.7,4.0,140.0,71.0,31.5
SANTA CRISTINA I,2014,4,0,1.2,35.0,26.8,4.0,140.0,72.0,30.9
SANTA CRISTINA I,2015,4,0,0.0,34.3,26.8,2.0,140.0,73.0,30.55
SANTA CRISTINA I,2016,4,0,20.2,35.0,27.9,4.0,90.0,70.0,31.45
SANTA CRISTINA I,2017,4,0,39.3,33.8,27.2,4.0,90.0,73.0,30.5
SANTA CRISTINA I,2018,4,0,0.2,34.3,27.2,3.0,90.0,69.0,30.75
SANTA CRISTINA I,2019,4,0,3.6,35.4,27.3,3.0,90.0,66.0,31.35
SANTA CRISTINA I,2020,4,0,0.0,35.0,27.4,3.0,90.0,71.0,31.2
SANTA CRISTINA I,2021,4,0,4.4,33.9,26.7,3.0,90.0,73.0,30.3
SANTA CRISTINA I,2022,4,0,41.4,33.2,26.7,3.0,90.0,72.0,29.950000000000003
SANTA CRISTINA II,2010,4,0,45.4,34.3,27.030769230769224,5.0,110.0,70.76923076923077,30.665384615384617
SANTA CRISTINA II,2011,4,0,3.0,32.7,26.0,5.0,110.0,70.0,29.35
SANTA CRISTINA II,2012,4,0,10.5,34.5,27.0,4.0,140.0,71.0,30.75
SANTA CRISTINA II,2013,4,0,1.4,35.3,27.7,4.0,140.0,71.0,31.5
SANTA CRISTINA II,2014,4,0,1.2,35.0,26.8,4.0,140.0,72.0,30.9
SANTA CRISTINA II,2015,4,0,0.0,34.3,26.8,2.0,140.0,73.0,30.55
SANTA CRISTINA II,2016,4,0,20.2,35.0,27.9,4.0,90.0,70.0,31.45
SANTA CRISTINA II,2017,4,0,39.3,33.8,27.2,4.0,90.0,73.0,30.5
SANTA CRISTINA II,2018,4,0,0.2,34.3,27.2,3.0,90.0,69.0,30.75
SANTA CRISTINA II,2019,4,0,3.6,35.4,27.3,3.0,90.0,66.0,31.35
SANTA CRISTINA II,2020,4,0,0.0,35.0,27.4,3.0,90.0,71.0,31.2
SANTA CRISTINA II,2022,4,0,41.4,33.2,26.7,3.0,90.0,72.0,29.950000000000003
SANTA CRISTINA II,2023,4,0,68.7,33.5,26.7,3.0,90.0,69.0,30.1
SANTA CRUZ I,2010,4,0,45.4,34.3,27.030769230769224,5.0,110.0,70.76923076923077,30.665384615384617
SANTA CRUZ I,2011,4,0,3.0,32.7,26.0,5.0,110.0,70.0,29.35
SANTA CRUZ I,2012,4,1,10.5,34.5,27.0,4.0,140.0,71.0,30.75
SANTA CRUZ I,2013,4,0,1.4,35.3,27.7,4.0,140.0,71.0,31.5
SANTA CRUZ I,2014,4,1,1.2,35.0,26.8,4.0,140.0,72.0,30.9
SANTA CRUZ I,2015,4,0,0.0,34.3,26.8,2.0,140.0,73.0,30.55
SANTA CRUZ I,2016,4,0,20.2,35.0,27.9,4.0,90.0,70.0,31.45
SANTA CRUZ I,2017,4,0,39.3,33.8,27.2,4.0,90.0,73.0,30.5
SANTA CRUZ I,2018,4,0,0.2,34.3,27.2,3.0,90.0,69.0,30.75
SANTA CRUZ I,2019,4,0,3.6,35.4,27.3,3.0,90.0,66.0,31.35
SANTA CRUZ I,2020,4,0,0.0,35.0,27.4,3.0,90.0,71.0,31.2
SANTA CRUZ I,2021,4,0,4.4,33.9,26.7,3.0,90.0,73.0,30.3
SANTA CRUZ I,2022,4,1,41.4,33.2,26.7,3.0,90.0,72.0,29.950000000000003
SANTA CRUZ II,2010,4,0,45.4,34.3,27.030769230769224,5.0,110.0,70.76923076923077,30.665384615384617
SANTA CRUZ II,2011,4,0,3.0,32.7,26.0,5.0,110.0,70.0,29.35
SANTA CRUZ II,2012,4,0,10.5,34.5,27.0,4.0,140.0,71.0,30.75
SANTA CRUZ II,2013,4,0,1.4,35.3,27.7,4.0,140.0,71.0,31.5
SANTA CRUZ II,2014,4,0,1.2,35.0,26.8,4.0,140.0,72.0,30.9
SANTA CRUZ II,2015,4,1,0.0,34.3,26.8,2.0,140.0,73.0,30.55
SANTA CRUZ II,2016,4,0,20.2,35.0,27.9,4.0,90.0,70.0,31.45
SANTA CRUZ II,2017,4,0,39.3,33.8,27.2,4.0,90.0,73.0,30.5
SANTA CRUZ II,2019,4,0,3.6,35.4,27.3,3.0,90.0,66.0,31.35
SANTA CRUZ II,2020,4,0,0.0,35.0,27.4,3.0,90.0,71.0,31.2
SANTA CRUZ II,2021,4,0,4.4,33.9,26.7,3.0,90.0,73.0,30.3
SANTA CRUZ II,2022,4,0,41.4,33.2,26.7,3.0,90.0,72.0,29.950000000000003
SANTA CRUZ II,2023,4,0,68.7,33.5,26.7,3.0,90.0,69.0,30.1
SANTA FE,2010,4,0,45.4,34.3,27.030769230769224,5.0,110.0,70.76923076923077,30.665384615384617
SANTA FE,2011,4,3,3.0,32.7,26.0,5.0,110.0,70.0,29.35
SANTA FE,2012,4,0,10.5,34.5,27.0,4.0,140.0,71.0,30.75
SANTA FE,2013,4,0,1.4,35.3,27.7,4.0,140.0,71.0,31.5
SANTA FE,2014,4,0,1.2,35.0,26.8,4.0,140.0,72.0,30.9
SANTA FE,2015,4,0,0.0,34.3,26.8,2.0,140.0,73.0,30.55
SANTA FE,2016,4,0,20.2,35.0,27.9,4.0,90.0,70.0,31.45
SANTA FE,2017,4,0,39.3,33.8,27.2,4.0,90.0,73.0,30.5
SANTA FE,2018,4,0,0.2,34.3,27.2,3.0,90.0,69.0,30.75
SANTA FE,2019,4,0,3.6,35.4,27.3,3.0,90.0,66.0,31.35
SANTA FE,2020,4,0,0.0,35.0,27.4,3.0,90.0,71.0,31.2
SANTA FE,2021,4,0,4.4,33.9,26.7,3.0,90.0,73.0,30.3
SANTA FE,2023,4,0,68.7,33.5,26.7,3.0,90.0,69.0,30.1
SANTA LUCIA (SAN JUAN II),2010,4,0,45.4,34.3,27.030769230769224,5.0,110.0,70.76923076923077,30.665384615384617
SANTA LUCIA (SAN JUAN II),2011,4,0,3.0,32.7,26.0,5.0,110.0,70.0,29.35
SANTA LUCIA (SAN JUAN II),2012,4,0,10.5,34.5,27.0,4.0,140.0,71.0,30.75
SANTA LUCIA (SAN JUAN II),2013,4,0,1.4,35.3,27.7,4.0,140.0,71.0,31.5
SANTA LUCIA (SAN JUAN II),2014,4,0,1.2,35.0,26.8,4.0,140.0,72.0,30.9
SANTA LUCIA (SAN JUAN II),2015,4,0,0.0,34.3,26.8,2.0,140.0,73.0,30.55
SANTA LUCIA (SAN JUAN II),2016,4,0,20.2,35.0,27.9,4.0,90.0,70.0,31.45
SANTA LUCIA (SAN JUAN II),2017,4,0,39.3,33.8,27.2,4.0,90.0,73.0,30.5
SANTA LUCIA (SAN JUAN II),2018,4,0,0.2,34.3,27.2,3.0,90.0,69.0,30.75
SANTA LUCIA (SAN JUAN II),2019,4,1,3.6,35.4,27.3,3.0,90.0,66.0,31.35
SANTA LUCIA (SAN JUAN II),2020,4,0,0.0,35.0,27.4,3.0,90.0,71.0,31.2
SANTA LUCIA (SAN JUAN II),2021,4,0,4.4,33.9,26.7,3.0,90.0,73.0,30.3
SANTA LUCIA (SAN JUAN II),2022,4,0,41.4,33.2,26.7,3.0,90.0,72.0,29.950000000000003
SANTA LUCIA (SAN JUAN II),2023,4,0,68.7,33.5,26.7,3.0,90.0,69.0,30.1
SANTA MARIA (BARANGAY 20),2010,4,0,45.4,34.3,27.030769230769224,5.0,110.0,70.76923076923077,30.665384615384617
SANTA MARIA (BARANGAY 20),2011,4,0,3.0,32.7,26.0,5.0,110.0,70.0,29.35
SANTA MARIA (BARANGAY 20),2012,4,0,10.5,34.5,27.0,4.0,140.0,71.0,30.75
SANTA MARIA (BARANGAY 20),2013,4,0,1.4,35.3,27.7,4.0,140.0,71.0,31.5
SANTA MARIA (BARANGAY 20),2014,4,0,1.2,35.0,26.8,4.0,140.0,72.0,30.9
SANTA MARIA (BARANGAY 20),2015,4,0,0.0,34.3,26.8,2.0,140.0,73.0,30.55
SANTA MARIA (BARANGAY 20),2016,4,0,20.2,35.0,27.9,4.0,90.0,70.0,31.45
SANTA MARIA (BARANGAY 20),2017,4,0,39.3,33.8,27.2,4.0,90.0,73.0,30.5
SANTA MARIA (BARANGAY 20),2018,4,0,0.2,34.3,27.2,3.0,90.0,69.0,30.75
SANTA MARIA (BARANGAY 20),2019,4,1,3.6,35.4,27.3,3.0,90.0,66.0,31.35
SANTA MARIA (BARANGAY 20),2020,4,0,0.0,35.0,27.4,3.0,90.0,71.0,31.2
SANTA MARIA (BARANGAY 20),2021,4,0,4.4,33.9,26.7,3.0,90.0,73.0,30.3
SANTA MARIA (BARANGAY 20),2022,4,0,41.4,33.2,26.7,3.0,90.0,72.0,29.950000000000003
SANTA MARIA (BARANGAY 20),2023,4,0,68.7,33.5,26.7,3.0,90.0,69.0,30.1
SANTO CRISTO (BARANGAY III),2010,4,0,45.4,34.3,27.030769230769224,5.0,110.0,70.76923076923077,30.665384615384617
SANTO CRISTO (BARANGAY III),2011,4,0,3.0,32.7,26.0,5.0,110.0,70.0,29.35
SANTO CRISTO (BARANGAY III),2012,4,0,10.5,34.5,27.0,4.0,140.0,71.0,30.75
SANTO CRISTO (BARANGAY III),2013,4,0,1.4,35.3,27.7,4.0,140.0,71.0,31.5
SANTO CRISTO (BARANGAY III),2014,4,0,1.2,35.0,26.8,4.0,140.0,72.0,30.9
SANTO CRISTO (BARANGAY III),2015,4,0,0.0,34.3,26.8,2.0,140.0,73.0,30.55
SANTO CRISTO (BARANGAY III),2016,4,0,20.2,35.0,27.9,4.0,90.0,70.0,31.45
SANTO CRISTO (BARANGAY III),2017,4,0,39.3,33.8,27.2,4.0,90.0,73.0,30.5
SANTO CRISTO (BARANGAY III),2018,4,0,0.2,34.3,27.2,3.0,90.0,69.0,30.75
SANTO CRISTO (BARANGAY III),2019,4,0,3.6,35.4,27.3,3.0,90.0,66.0,31.35
SANTO CRISTO (BARANGAY III),2020,4,0,0.0,35.0,27.4,3.0,90.0,71.0,31.2
SANTO CRISTO (BARANGAY III),2021,4,0,4.4,33.9,26.7,3.0,90.0,73.0,30.3
SANTO CRISTO (BARANGAY III),2022,4,0,41.4,33.2,26.7,3.0,90.0,72.0,29.950000000000003
SANTO CRISTO (BARANGAY III),2023,4,0,68.7,33.5,26.7,3.0,90.0,69.0,30.1
SANTO NIÑO I,2010,4,0,45.4,34.3,27.030769230769224,5.0,110.0,70.76923076923077,30.665384615384617
SANTO NIÑO I,2011,4,0,3.0,32.7,26.0,5.0,110.0,70.0,29.35
SANTO NIÑO I,2012,4,0,10.5,34.5,27.0,4.0,140.0,71.0,30.75
SANTO NIÑO I,2013,4,0,1.4,35.3,27.7,4.0,140.0,71.0,31.5
SANTO NIÑO I,2014,4,0,1.2,35.0,26.8,4.0,140.0,72.0,30.9
SANTO NIÑO I,2015,4,0,0.0,34.3,26.8,2.0,140.0,73.0,30.55
SANTO NIÑO I,2016,4,0,20.2,35.0,27.9,4.0,90.0,70.0,31.45
SANTO NIÑO I,2017,4,0,39.3,33.8,27.2,4.0,90.0,73.0,30.5
SANTO NIÑO I,2018,4,0,0.2,34.3,27.2,3.0,90.0,69.0,30.75
SANTO NIÑO I,2019,4,0,3.6,35.4,27.3,3.0,90.0,66.0,31.35
SANTO NIÑO I,2020,4,0,0.0,35.0,27.4,3.0,90.0,71.0,31.2
SANTO NIÑO I,2021,4,0,4.4,33.9,26.7,3.0,90.0,73.0,30.3
SANTO NIÑO I,2022,4,0,41.4,33.2,26.7,3.0,90.0,72.0,29.950000000000003
SANTO NIÑO I,2023,4,0,68.7,33.5,26.7,3.0,90.0,69.0,30.1
SANTO NIÑO II,2010,4,0,45.4,34.3,27.030769230769224,5.0,110.0,70.76923076923077,30.665384615384617
SANTO NIÑO II,2011,4,0,3.0,32.7,26.0,5.0,110.0,70.0,29.35
SANTO NIÑO II,2012,4,0,10.5,34.5,27.0,4.0,140.0,71.0,30.75
SANTO NIÑO II,2014,4,0,1.2,35.0,26.8,4.0,140.0,72.0,30.9
SANTO NIÑO II,2015,4,0,0.0,34.3,26.8,2.0,140.0,73.0,30.55
SANTO NIÑO II,2016,4,0,20.2,35.0,27.9,4.0,90.0,70.0,31.45
SANTO NIÑO II,2017,4,0,39.3,33.8,27.2,4.0,90.0,73.0,30.5
SANTO NIÑO II,2018,4,0,0.2,34.3,27.2,3.0,90.0,69.0,30.75
SANTO NIÑO II,2019,4,0,3.6,35.4,27.3,3.0,90.0,66.0,31.35
SANTO NIÑO II,2020,4,0,0.0,35.0,27.4,3.0,90.0,71.0,31.2
SANTO NIÑO II,2023,4,0,68.7,33.5,26.7,3.0,90.0,69.0,30.1
VICTORIA REYES,2010,4,0,45.4,34.3,27.030769230769224,5.0,110.0,70.76923076923077,30.665384615384617
VICTORIA REYES,2011,4,2,3.0,32.7,26.0,5.0,110.0,70.0,29.35
VICTORIA REYES,2012,4,1,10.5,34.5,27.0,4.0,140.0,71.0,30.75
VICTORIA REYES,2013,4,0,1.4,35.3,27.7,4.0,140.0,71.0,31.5
VICTORIA REYES,2014,4,1,1.2,35.0,26.8,4.0,140.0,72.0,30.9
VICTORIA REYES,2015,4,0,0.0,34.3,26.8,2.0,140.0,73.0,30.55
VICTORIA REYES,2016,4,0,20.2,35.0,27.9,4.0,90.0,70.0,31.45
VICTORIA REYES,2017,4,0,39.3,33.8,27.2,4.0,90.0,73.0,30.5
VICTORIA REYES,2018,4,0,0.2,34.3,27.2,3.0,90.0,69.0,30.75
VICTORIA REYES,2019,4,2,3.6,35.4,27.3,3.0,90.0,66.0,31.35
VICTORIA REYES,2020,4,0,0.0,35.0,27.4,3.0,90.0,71.0,31.2
VICTORIA REYES,2021,4,0,4.4,33.9,26.7,3.0,90.0,73.0,30.3
VICTORIA REYES,2022,4,0,41.4,33.2,26.7,3.0,90.0,72.0,29.950000000000003
VICTORIA REYES,2023,4,0,68.7,33.5,26.7,3.0,90.0,69.0,30.1
ZONE I,2010,4,0,45.4,34.3,27.030769230769224,5.0,110.0,70.76923076923077,30.665384615384617
ZONE I,2011,4,0,3.0,32.7,26.0,5.0,110.0,70.0,29.35
ZONE I,2019,4,0,3.6,35.4,27.3,3.0,90.0,66.0,31.35
ZONE I-B,2010,4,0,45.4,34.3,27.030769230769224,5.0,110.0,70.76923076923077,30.665384615384617
ZONE I-B,2011,4,0,3.0,32.7,26.0,5.0,110.0,70.0,29.35
ZONE I-B,2012,4,2,10.5,34.5,27.0,4.0,140.0,71.0,30.75
ZONE I-B,2013,4,0,1.4,35.3,27.7,4.0,140.0,71.0,31.5
ZONE I-B,2014,4,2,1.2,35.0,26.8,4.0,140.0,72.0,30.9
ZONE I-B,2015,4,0,0.0,34.3,26.8,2.0,140.0,73.0,30.55
ZONE I-B,2016,4,0,20.2,35.0,27.9,4.0,90.0,70.0,31.45
ZONE I-B,2017,4,1,39.3,33.8,27.2,4.0,90.0,73.0,30.5
ZONE I-B,2018,4,0,0.2,34.3,27.2,3.0,90.0,69.0,30.75
ZONE I-B,2019,4,0,3.6,35.4,27.3,3.0,90.0,66.0,31.35
ZONE I-B,2020,4,0,0.0,35.0,27.4,3.0,90.0,71.0,31.2
ZONE I-B,2021,4,0,4.4,33.9,26.7,3.0,90.0,73.0,30.3
ZONE I-B,2022,4,0,41.4,33.2,26.7,3.0,90.0,72.0,29.950000000000003
ZONE I-B,2023,4,0,68.7,33.5,26.7,3.0,90.0,69.0,30.1
ZONE II,2010,4,0,45.4,34.3,27.030769230769224,5.0,110.0,70.76923076923077,30.665384615384617
ZONE II,2011,4,0,3.0,32.7,26.0,5.0,110.0,70.0,29.35
ZONE II,2019,4,0,3.6,35.4,27.3,3.0,90.0,66.0,31.35
ZONE III,2010,4,0,45.4,34.3,27.030769230769224,5.0,110.0,70.76923076923077,30.665384615384617
ZONE III,2011,4,0,3.0,32.7,26.0,5.0,110.0,70.0,29.35
ZONE III,2015,4,0,0.0,34.3,26.8,2.0,140.0,73.0,30.55
ZONE III,2023,4,0,68.7,33.5,26.7,3.0,90.0,69.0,30.1
ZONE IV,2010,4,0,45.4,34.3,27.030769230769224,5.0,110.0,70.76923076923077,30.665384615384617
ZONE IV,2011,4,1,3.0,32.7,26.0,5.0,110.0,70.0,29.35
ZONE IV,2013,4,0,1.4,35.3,27.7,4.0,140.0,71.0,31.5
ZONE IV,2015,4,0,0.0,34.3,26.8,2.0,140.0,73.0,30.55
ZONE IV,2019,4,0,3.6,35.4,27.3,3.0,90.0,66.0,31.35
ZONE IV,2023,4,0,68.7,33.5,26.7,3.0,90.0,69.0,30.1
BUROL,2010,5,0,36.8,34.89230769230769,27.876923076923077,4.0,110.0,73.61538461538461,31.38461538461539
BUROL,2011,5,0,251.7,34.3,27.1,3.0,140.0,76.0,30.7
BUROL,2012,5,0,294.3,34.5,27.5,3.0,270.0,77.0,31.0
BUROL,2013,5,0,47.4,35.0,28.0,3.0,140.0,75.0,31.5
BUROL,2014,5,0,84.5,36.3,28.3,3.0,140.0,72.0,32.3
BUROL,2015,5,0,10.2,35.3,28.0,3.0,220.0,74.0,31.65
BUROL,2016,5,0,93.4,34.8,28.3,3.0,90.0,73.0,31.55
BUROL,2017,5,0,186.4,34.4,28.3,3.0,90.0,75.0,31.35
BUROL,2018,5,0,20.0,35.5,28.5,3.0,90.0,69.0,32.0
BUROL,2019,5,2,61.9,34.5,27.6,3.0,220.0,74.0,31.05
BUROL,2020,5,0,190.2,34.9,27.8,2.0,90.0,75.0,31.35
BUROL,2021,5,0,0.2,35.6,28.2,3.0,90.0,70.0,31.9
BUROL,2022,5,0,232.2,34.1,27.1,3.0,90.0,75.0,30.6
BUROL,2023,5,0,134.6,34.4,27.7,4.0,220.0,72.0,31.05
BUROL I,2010,5,0,36.8,34.89230769230769,27.876923076923077,4.0,110.0,73.61538461538461,31.38461538461539
BUROL I,2011,5,0,251.7,34.3,27.1,3.0,140.0,76.0,30.7
BUROL I,2012,5,2,294.3,34.5,27.5,3.0,270.0,77.0,31.0
BUROL I,2013,5,0,47.4,35.0,28.0,3.0,140.0,75.0,31.5
BUROL I,2014,5,2,84.5,36.3,28.3,3.0,140.0,72.0,32.3
BUROL I,2015,5,0,10.2,35.3,28.0,3.0,220.0,74.0,31.65
BUROL I,2016,5,0,93.4,34.8,28.3,3.0,90.0,73.0,31.55
BUROL I,2017,5,0,186.4,34.4,28.3,3.0,90.0,75.0,31.35
BUROL I,2018,5,1,20.0,35.5,28.5,3.0,90.0,69.0,32.0
BUROL I,2019,5,1,61.9,34.5,27.6,3.0,220.0,74.0,31.05
BUROL I,2020,5,0,190.2,34.9,27.8,2.0,90.0,75.0,31.35
BUROL I,2021,5,0,0.2,35.6,28.2,3.0,90.0,70.0,31.9
BUROL I,2022,5,0,232.2,34.1,27.1,3.0,90.0,75.0,30.6
BUROL I,2023,5,1,134.6,34.4,27.7,4.0,220.0,72.0,31.05
BUROL II,2011,5,0,251.7,34.3,27.1,3.0,140.0,76.0,30.7
BUROL II,2012,5,0,294.3,34.5,27.5,3.0,270.0,77.0,31.0
BUROL II,2013,5,0,47.4,35.0,28.0,3.0,140.0,75.0,31.5
BUROL II,2014,5,0,84.5,36.3,28.3,3.0,140.0,72.0,32.3
BUROL II,2015,5,0,10.2,35.3,28.0,3.0,220.0,74.0,31.65
BUROL II,2016,5,0,93.4,34.8,28.3,3.0,90.0,73.0,31.55
BUROL II,2017,5,0,186.4,34.4,28.3,3.0,90.0,75.0,31.35
BUROL II,2018,5,0,20.0,35.5,28.5,3.0,90.0,69.0,32.0
BUROL II,2019,5,0,61.9,34.5,27.6,3.0,220.0,74.0,31.05
BUROL II,2020,5,0,190.2,34.9,27.8,2.0,90.0,75.0,31.35
BUROL II,2021,5,0,0.2,35.6,28.2,3.0,90.0,70.0,31.9
BUROL II,2023,5,0,134.6,34.4,27.7,4.0,220.0,72.0,31.05
BUROL III,2010,5,0,36.8,34.89230769230769,27.876923076923077,4.0,110.0,73.61538461538461,31.38461538461539
BUROL III,2011,5,0,251.7,34.3,27.1,3.0,140.0,76.0,30.7
BUROL III,2012,5,0,294.3,34.5,27.5,3.0,270.0,77.0,31.0
BUROL III,2013,5,0,47.4,35.0,28.0,3.0,140.0,75.0,31.5
BUROL III,2014,5,0,84.5,36.3,28.3,3.0,140.0,72.0,32.3
BUROL III,2015,5,0,10.2,35.3,28.0,3.0,220.0,74.0,31.65
BUROL III,2016,5,0,93.4,34.8,28.3,3.0,90.0,73.0,31.55
BUROL III,2017,5,0,186.4,34.4,28.3,3.0,90.0,75.0,31.35
BUROL III,2018,5,0,20.0,35.5,28.5,3.0,90.0,69.0,32.0
BUROL III,2019,5,0,61.9,34.5,27.6,3.0,220.0,74.0,31.05
BUROL III,2020,5,0,190.2,34.9,27.8,2.0,90.0,75.0,31.35
BUROL III,2021,5,1,0.2,35.6,28.2,3.0,90.0,70.0,31.9
BUROL III,2022,5,0,232.2,34.1,27.1,3.0,90.0,75.0,30.6
BUROL III,2023,5,0,134.6,34.4,27.7,4.0,220.0,72.0,31.05
DASMARIÑAS,2013,5,12,47.4,35.0,28.0,3.0,140.0,75.0,31.5
DATU ESMAEL (BAGO-A-INGUD),2010,5,0,36.8,34.89230769230769,27.876923076923077,4.0,110.0,73.61538461538461,31.38461538461539
DATU ESMAEL (BAGO-A-INGUD),2011,5,0,251.7,34.3,27.1,3.0,140.0,76.0,30.7
DATU ESMAEL (BAGO-A-INGUD),2012,5,0,294.3,34.5,27.5,3.0,270.0,77.0,31.0
DATU ESMAEL (BAGO-A-INGUD),2013,5,0,47.4,35.0,28.0,3.0,140.0,75.0,31.5
DATU ESMAEL (BAGO-A-INGUD),2014,5,0,84.5,36.3,28.3,3.0,140.0,72.0,32.3
DATU ESMAEL (BAGO-A-INGUD),2015,5,0,10.2,35.3,28.0,3.0,220.0,74.0,31.65
DATU ESMAEL (BAGO-A-INGUD),2016,5,0,93.4,34.8,28.3,3.0,90.0,73.0,31.55
DATU ESMAEL (BAGO-A-INGUD),2017,5,0,186.4,34.4,28.3,3.0,90.0,75.0,31.35
DATU ESMAEL (BAGO-A-INGUD),2018,5,0,20.0,35.5,28.5,3.0,90.0,69.0,32.0
DATU ESMAEL (BAGO-A-INGUD),2019,5,1,61.9,34.5,27.6,3.0,220.0,74.0,31.05
DATU ESMAEL (BAGO-A-INGUD),2020,5,0,190.2,34.9,27.8,2.0,90.0,75.0,31.35
DATU ESMAEL (BAGO-A-INGUD),2022,5,0,232.2,34.1,27.1,3.0,90.0,75.0,30.6
EMMANUEL BERGADO I,2010,5,0,36.8,34.89230769230769,27.876923076923077,4.0,110.0,73.61538461538461,31.38461538461539
EMMANUEL BERGADO I,2011,5,0,251.7,34.3,27.1,3.0,140.0,76.0,30.7
EMMANUEL BERGADO I,2012,5,0,294.3,34.5,27.5,3.0,270.0,77.0,31.0
EMMANUEL BERGADO I,2013,5,0,47.4,35.0,28.0,3.0,140.0,75.0,31.5
EMMANUEL BERGADO I,2014,5,0,84.5,36.3,28.3,3.0,140.0,72.0,32.3
EMMANUEL BERGADO I,2015,5,0,10.2,35.3,28.0,3.0,220.0,74.0,31.65
EMMANUEL BERGADO I,2016,5,0,93.4,34.8,28.3,3.0,90.0,73.0,31.55
EMMANUEL BERGADO I,2017,5,0,186.4,34.4,28.3,3.0,90.0,75.0,31.35
EMMANUEL BERGADO I,2018,5,0,20.0,35.5,28.5,3.0,90.0,69.0,32.0
EMMANUEL BERGADO I,2019,5,0,61.9,34.5,27.6,3.0,220.0,74.0,31.05
EMMANUEL BERGADO I,2020,5,0,190.2,34.9,27.8,2.0,90.0,75.0,31.35
EMMANUEL BERGADO I,2021,5,0,0.2,35.6,28.2,3.0,90.0,70.0,31.9
EMMANUEL BERGADO I,2022,5,0,232.2,34.1,27.1,3.0,90.0,75.0,30.6
EMMANUEL BERGADO I,2023,5,0,134.6,34.4,27.7,4.0,220.0,72.0,31.05
EMMANUEL BERGADO II,2010,5,0,36.8,34.89230769230769,27.876923076923077,4.0,110.0,73.61538461538461,31.38461538461539
EMMANUEL BERGADO II,2011,5,1,251.7,34.3,27.1,3.0,140.0,76.0,30.7
EMMANUEL BERGADO II,2012,5,0,294.3,34.5,27.5,3.0,270.0,77.0,31.0
EMMANUEL BERGADO II,2013,5,0,47.4,35.0,28.0,3.0,140.0,75.0,31.5
EMMANUEL BERGADO II,2014,5,0,84.5,36.3,28.3,3.0,140.0,72.0,32.3
EMMANUEL BERGADO II,2015,5,0,10.2,35.3,28.0,3.0,220.0,74.0,31.65
EMMANUEL BERGADO II,2016,5,0,93.4,34.8,28.3,3.0,90.0,73.0,31.55
EMMANUEL BERGADO II,2017,5,0,186.4,34.4,28.3,3.0,90.0,75.0,31.35
EMMANUEL BERGADO II,2018,5,0,20.0,35.5,28.5,3.0,90.0,69.0,32.0
EMMANUEL BERGADO II,2019,5,0,61.9,34.5,27.6,3.0,220.0,74.0,31.05
EMMANUEL BERGADO II,2020,5,0,190.2,34.9,27.8,2.0,90.0,75.0,31.35
EMMANUEL BERGADO II,2021,5,0,0.2,35.6,28.2,3.0,90.0,70.0,31.9
EMMANUEL BERGADO II,2022,5,0,232.2,34.1,27.1,3.0,90.0,75.0,30.6
EMMANUEL BERGADO II,2023,5,0,134.6,34.4,27.7,4.0,220.0,72.0,31.05
FATIMA I,2010,5,0,36.8,34.89230769230769,27.876923076923077,4.0,110.0,73.61538461538461,31.38461538461539
FATIMA I,2011,5,0,251.7,34.3,27.1,3.0,140.0,76.0,30.7
FATIMA I,2012,5,0,294.3,34.5,27.5,3.0,270.0,77.0,31.0
FATIMA I,2013,5,0,47.4,35.0,28.0,3.0,140.0,75.0,31.5
FATIMA I,2014,5,0,84.5,36.3,28.3,3.0,140.0,72.0,32.3
FATIMA I,2015,5,2,10.2,35.3,28.0,3.0,220.0,74.0,31.65
FATIMA I,2016,5,0,93.4,34.8,28.3,3.0,90.0,73.0,31.55
FATIMA I,2017,5,0,186.4,34.4,28.3,3.0,90.0,75.0,31.35
FATIMA I,2018,5,0,20.0,35.5,28.5,3.0,90.0,69.0,32.0
FATIMA I,2019,5,0,61.9,34.5,27.6,3.0,220.0,74.0,31.05
FATIMA I,2020,5,0,190.2,34.9,27.8,2.0,90.0,75.0,31.35
FATIMA I,2022,5,0,232.2,34.1,27.1,3.0,90.0,75.0,30.6
FATIMA I,2023,5,0,134.6,34.4,27.7,4.0,220.0,72.0,31.05
FATIMA II,2010,5,0,36.8,34.89230769230769,27.876923076923077,4.0,110.0,73.61538461538461,31.38461538461539
FATIMA II,2011,5,0,251.7,34.3,27.1,3.0,140.0,76.0,30.7
FATIMA II,2012,5,0,294.3,34.5,27.5,3.0,270.0,77.0,31.0
FATIMA II,2013,5,0,47.4,35.0,28.0,3.0,140.0,75.0,31.5
FATIMA II,2014,5,0,84.5,36.3,28.3,3.0,140.0,72.0,32.3
FATIMA II,2015,5,0,10.2,35.3,28.0,3.0,220.0,74.0,31.65
FATIMA II,2016,5,0,93.4,34.8,28.3,3.0,90.0,73.0,31.55
FATIMA II,2017,5,0,186.4,34.4,28.3,3.0,90.0,75.0,31.35
FATIMA II,2018,5,0,20.0,35.5,28.5,3.0,90.0,69.0,32.0
FATIMA II,2019,5,0,61.9,34.5,27.6,3.0,220.0,74.0,31.05
FATIMA II,2020,5,0,190.2,34.9,27.8,2.0,90.0,75.0,31.35
FATIMA II,2021,5,0,0.2,35.6,28.2,3.0,90.0,70.0,31.9
FATIMA II,2022,5,0,232.2,34.1,27.1,3.0,90.0,75.0,30.6
FATIMA II,2023,5,0,134.6,34.4,27.7,4.0,220.0,72.0,31.05
FATIMA III,2010,5,0,36.8,34.89230769230769,27.876923076923077,4.0,110.0,73.61538461538461,31.38461538461539
FATIMA III,2011,5,0,251.7,34.3,27.1,3.0,140.0,76.0,30.7
FATIMA III,2012,5,0,294.3,34.5,27.5,3.0,270.0,77.0,31.0
FATIMA III,2013,5,0,47.4,35.0,28.0,3.0,140.0,75.0,31.5
FATIMA III,2014,5,0,84.5,36.3,28.3,3.0,140.0,72.0,32.3
FATIMA III,2015,5,1,10.2,35.3,28.0,3.0,220.0,74.0,31.65
FATIMA III,2016,5,0,93.4,34.8,28.3,3.0,90.0,73.0,31.55
FATIMA III,2017,5,0,186.4,34.4,28.3,3.0,90.0,75.0,31.35
FATIMA III,2018,5,0,20.0,35.5,28.5,3.0,90.0,69.0,32.0
FATIMA III,2019,5,0,61.9,34.5,27.6,3.0,220.0,74.0,31.05
FATIMA III,2020,5,0,190.2,34.9,27.8,2.0,90.0,75.0,31.35
FATIMA III,2021,5,0,0.2,35.6,28.2,3.0,90.0,70.0,31.9
FATIMA III,2022,5,0,232.2,34.1,27.1,3.0,90.0,75.0,30.6
FATIMA III,2023,5,0,134.6,34.4,27.7,4.0,220.0,72.0,31.05
H-II,2010,5,0,36.8,34.89230769230769,27.876923076923077,4.0,110.0,73.61538461538461,31.38461538461539
H-II,2015,5,0,10.2,35.3,28.0,3.0,220.0,74.0,31.65
H-II,2017,5,0,186.4,34.4,28.3,3.0,90.0,75.0,31.35
H-II,2018,5,0,20.0,35.5,28.5,3.0,90.0,69.0,32.0
LANGKAAN I,2010,5,0,36.8,34.89230769230769,27.876923076923077,4.0,110.0,73.61538461538461,31.38461538461539
LANGKAAN I,2011,5,1,251.7,34.3,27.1,3.0,140.0,76.0,30.7
LANGKAAN I,2012,5,1,294.3,34.5,27.5,3.0,270.0,77.0,31.0
LANGKAAN I,2013,5,2,47.4,35.0,28.0,3.0,140.0,75.0,31.5
LANGKAAN I,2014,5,1,84.5,36.3,28.3,3.0,140.0,72.0,32.3
LANGKAAN I,2015,5,0,10.2,35.3,28.0,3.0,220.0,74.0,31.65
LANGKAAN I,2016,5,1,93.4,34.8,28.3,3.0,90.0,73.0,31.55
LANGKAAN I,2017,5,0,186.4,34.4,28.3,3.0,90.0,75.0,31.35
LANGKAAN I,2018,5,1,20.0,35.5,28.5,3.0,90.0,69.0,32.0
LANGKAAN I,2019,5,2,61.9,34.5,27.6,3.0,220.0,74.0,31.05
LANGKAAN I,2020,5,0,190.2,34.9,27.8,2.0,90.0,75.0,31.35
LANGKAAN I,2021,5,1,0.2,35.6,28.2,3.0,90.0,70.0,31.9
LANGKAAN I,2022,5,3,232.2,34.1,27.1,3.0,90.0,75.0,30.6
LANGKAAN I,2023,5,4,134.6,34.4,27.7,4.0,220.0,72.0,31.05
LANGKAAN II,2010,5,0,36.8,34.89230769230769,27.876923076923077,4.0,110.0,73.61538461538461,31.38461538461539
LANGKAAN II,2011,5,1,251.7,34.3,27.1,3.0,140.0,76.0,30.7
LANGKAAN II,2012,5,0,294.3,34.5,27.5,3.0,270.0,77.0,31.0
LANGKAAN II,2013,5,0,47.4,35.0,28.0,3.0,140.0,75.0,31.5
LANGKAAN II,2014,5,0,84.5,36.3,28.3,3.0,140.0,72.0,32.3
LANGKAAN II,2015,5,0,10.2,35.3,28.0,3.0,220.0,74.0,31.65
LANGKAAN II,2016,5,1,93.4,34.8,28.3,3.0,90.0,73.0,31.55
LANGKAAN II,2017,5,0,186.4,34.4,28.3,3.0,90.0,75.0,31.35
LANGKAAN II,2018,5,1,20.0,35.5,28.5,3.0,90.0,69.0,32.0
LANGKAAN II,2019,5,2,61.9,34.5,27.6,3.0,220.0,74.0,31.05
LANGKAAN II,2020,5,1,190.2,34.9,27.8,2.0,90.0,75.0,31.35
LANGKAAN II,2021,5,1,0.2,35.6,28.2,3.0,90.0,70.0,31.9
LANGKAAN II,2022,5,1,232.2,34.1,27.1,3.0,90.0,75.0,30.6
LANGKAAN II,2023,5,2,134.6,34.4,27.7,4.0,220.0,72.0,31.05
LUZVIMINDA I,2011,5,0,251.7,34.3,27.1,3.0,140.0,76.0,30.7
LUZVIMINDA I,2012,5,0,294.3,34.5,27.5,3.0,270.0,77.0,31.0
LUZVIMINDA I,2014,5,0,84.5,36.3,28.3,3.0,140.0,72.0,32.3
LUZVIMINDA I,2015,5,0,10.2,35.3,28.0,3.0,220.0,74.0,31.65
LUZVIMINDA I,2016,5,0,93.4,34.8,28.3,3.0,90.0,73.0,31.55
LUZVIMINDA I,2017,5,0,186.4,34.4,28.3,3.0,90.0,75.0,31.35
LUZVIMINDA I,2018,5,0,20.0,35.5,28.5,3.0,90.0,69.0,32.0
LUZVIMINDA I,2019,5,0,61.9,34.5,27.6,3.0,220.0,74.0,31.05
LUZVIMINDA I,2020,5,0,190.2,34.9,27.8,2.0,90.0,75.0,31.35
LUZVIMINDA I,2021,5,0,0.2,35.6,28.2,3.0,90.0,70.0,31.9
LUZVIMINDA I,2022,5,0,232.2,34.1,27.1,3.0,90.0,75.0,30.6
LUZVIMINDA I,2023,5,0,134.6,34.4,27.7,4.0,220.0,72.0,31.05
LUZVIMINDA II,2011,5,0,251.7,34.3,27.1,3.0,140.0,76.0,30.7
LUZVIMINDA II,2012,5,0,294.3,34.5,27.5,3.0,270.0,77.0,31.0
LUZVIMINDA II,2013,5,0,47.4,35.0,28.0,3.0,140.0,75.0,31.5
LUZVIMINDA II,2014,5,0,84.5,36.3,28.3,3.0,140.0,72.0,32.3
LUZVIMINDA II,2015,5,0,10.2,35.3,28.0,3.0,220.0,74.0,31.65
LUZVIMINDA II,2016,5,0,93.4,34.8,28.3,3.0,90.0,73.0,31.55
LUZVIMINDA II,2017,5,0,186.4,34.4,28.3,3.0,90.0,75.0,31.35
LUZVIMINDA II,2018,5,0,20.0,35.5,28.5,3.0,90.0,69.0,32.0
LUZVIMINDA II,2019,5,0,61.9,34.5,27.6,3.0,220.0,74.0,31.05
LUZVIMINDA II,2020,5,0,190.2,34.9,27.8,2.0,90.0,75.0,31.35
LUZVIMINDA II,2022,5,0,232.2,34.1,27.1,3.0,90.0,75.0,30.6
LUZVIMINDA II,2023,5,0,134.6,34.4,27.7,4.0,220.0,72.0,31.05
PALIPARAN I,2010,5,0,36.8,34.89230769230769,27.876923076923077,4.0,110.0,73.61538461538461,31.38461538461539
PALIPARAN I,2011,5,1,251.7,34.3,27.1,3.0,140.0,76.0,30.7
PALIPARAN I,2012,5,0,294.3,34.5,27.5,3.0,270.0,77.0,31.0
PALIPARAN I,2013,5,0,47.4,35.0,28.0,3.0,140.0,75.0,31.5
PALIPARAN I,2014,5,0,84.5,36.3,28.3,3.0,140.0,72.0,32.3
PALIPARAN I,2015,5,2,10.2,35.3,28.0,3.0,220.0,74.0,31.65
PALIPARAN I,2016,5,0,93.4,34.8,28.3,3.0,90.0,73.0,31.55
PALIPARAN I,2017,5,0,186.4,34.4,28.3,3.0,90.0,75.0,31.35
PALIPARAN I,2018,5,0,20.0,35.5,28.5,3.0,90.0,69.0,32.0
PALIPARAN I,2019,5,10,61.9,34.5,27.6,3.0,220.0,74.0,31.05
PALIPARAN I,2020,5,0,190.2,34.9,27.8,2.0,90.0,75.0,31.35
PALIPARAN I,2021,5,0,0.2,35.6,28.2,3.0,90.0,70.0,31.9
PALIPARAN I,2022,5,0,232.2,34.1,27.1,3.0,90.0,75.0,30.6
PALIPARAN I,2023,5,1,134.6,34.4,27.7,4.0,220.0,72.0,31.05
PALIPARAN II,2010,5,0,36.8,34.89230769230769,27.876923076923077,4.0,110.0,73.61538461538461,31.38461538461539
PALIPARAN II,2011,5,0,251.7,34.3,27.1,3.0,140.0,76.0,30.7
PALIPARAN II,2012,5,1,294.3,34.5,27.5,3.0,270.0,77.0,31.0
PALIPARAN II,2013,5,0,47.4,35.0,28.0,3.0,140.0,75.0,31.5
PALIPARAN II,2014,5,1,84.5,36.3,28.3,3.0,140.0,72.0,32.3
PALIPARAN II,2015,5,1,10.2,35.3,28.0,3.0,220.0,74.0,31.65
PALIPARAN II,2016,5,0,93.4,34.8,28.3,3.0,90.0,73.0,31.55
PALIPARAN II,2017,5,0,186.4,34.4,28.3,3.0,90.0,75.0,31.35
PALIPARAN II,2018,5,0,20.0,35.5,28.5,3.0,90.0,69.0,32.0
PALIPARAN II,2019,5,1,61.9,34.5,27.6,3.0,220.0,74.0,31.05
PALIPARAN II,2020,5,0,190.2,34.9,27.8,2.0,90.0,75.0,31.35
PALIPARAN II,2021,5,0,0.2,35.6,28.2,3.0,90.0,70.0,31.9
PALIPARAN II,2022,5,0,232.2,34.1,27.1,3.0,90.0,75.0,30.6
PALIPARAN II,2023,5,0,134.6,34.4,27.7,4.0,220.0,72.0,31.05
PALIPARAN III,2010,5,0,36.8,34.89230769230769,27.876923076923077,4.0,110.0,73.61538461538461,31.38461538461539
PALIPARAN III,2011,5,0,251.7,34.3,27.1,3.0,140.0,76.0,30.7
PALIPARAN III,2012,5,0,294.3,34.5,27.5,3.0,270.0,77.0,31.0
PALIPARAN III,2013,5,2,47.4,35.0,28.0,3.0,140.0,75.0,31.5
PALIPARAN III,2014,5,0,84.5,36.3,28.3,3.0,140.0,72.0,32.3
PALIPARAN III,2015,5,0,10.2,35.3,28.0,3.0,220.0,74.0,31.65
PALIPARAN III,2016,5,0,93.4,34.8,28.3,3.0,90.0,73.0,31.55
PALIPARAN III,2017,5,3,186.4,34.4,28.3,3.0,90.0,75.0,31.35
PALIPARAN III,2018,5,0,20.0,35.5,28.5,3.0,90.0,69.0,32.0
PALIPARAN III,2019,5,13,61.9,34.5,27.6,3.0,220.0,74.0,31.05
PALIPARAN III,2020,5,0,190.2,34.9,27.8,2.0,90.0,75.0,31.35
PALIPARAN III,2021,5,1,0.2,35.6,28.2,3.0,90.0,70.0,31.9
PALIPARAN III,2022,5,0,232.2,34.1,27.1,3.0,90.0,75.0,30.6
PALIPARAN III,2023,5,0,134.6,34.4,27.7,4.0,220.0,72.0,31.05
SABANG,2010,5,0,36.8,34.89230769230769,27.876923076923077,4.0,110.0,73.61538461538461,31.38461538461539
SABANG,2011,5,0,251.7,34.3,27.1,3.0,140.0,76.0,30.7
SABANG,2012,5,1,294.3,34.5,27.5,3.0,270.0,77.0,31.0
SABANG,2013,5,0,47.4,35.0,28.0,3.0,140.0,75.0,31.5
SABANG,2014,5,1,84.5,36.3,28.3,3.0,140.0,72.0,32.3
SABANG,2015,5,0,10.2,35.3,28.0,3.0,220.0,74.0,31.65
SABANG,2016,5,1,93.4,34.8,28.3,3.0,90.0,73.0,31.55
SABANG,2017,5,0,186.4,34.4,28.3,3.0,90.0,75.0,31.35
SABANG,2018,5,0,20.0,35.5,28.5,3.0,90.0,69.0,32.0
SABANG,2019,5,4,61.9,34.5,27.6,3.0,220.0,74.0,31.05
SABANG,2020,5,0,190.2,34.9,27.8,2.0,90.0,75.0,31.35
SABANG,2021,5,0,0.2,35.6,28.2,3.0,90.0,70.0,31.9
SABANG,2022,5,0,232.2,34.1,27.1,3.0,90.0,75.0,30.6
SABANG,2023,5,0,134.6,34.4,27.7,4.0,220.0,72.0,31.05
SAINT PETER I,2010,5,0,36.8,34.89230769230769,27.876923076923077,4.0,110.0,73.61538461538461,31.38461538461539
SAINT PETER I,2011,5,0,251.7,34.3,27.1,3.0,140.0,76.0,30.7
SAINT PETER I,2012,5,0,294.3,34.5,27.5,3.0,270.0,77.0,31.0
SAINT PETER I,2013,5,0,47.4,35.0,28.0,3.0,140.0,75.0,31.5
SAINT PETER I,2014,5,0,84.5,36.3,28.3,3.0,140.0,72.0,32.3
SAINT PETER I,2015,5,0,10.2,35.3,28.0,3.0,220.0,74.0,31.65
SAINT PETER I,2016,5,0,93.4,34.8,28.3,3.0,90.0,73.0,31.55
SAINT PETER I,2017,5,0,186.4,34.4,28.3,3.0,90.0,75.0,31.35
SAINT PETER I,2018,5,0,20.0,35.5,28.5,3.0,90.0,69.0,32.0
SAINT PETER I,2019,5,0,61.9,34.5,27.6,3.0,220.0,74.0,31.05
SAINT PETER I,2020,5,0,190.2,34.9,27.8,2.0,90.0,75.0,31.35
SAINT PETER I,2021,5,0,0.2,35.6,28.2,3.0,90.0,70.0,31.9
SAINT PETER I,2022,5,1,232.2,34.1,27.1,3.0,90.0,75.0,30.6
SAINT PETER II,2010,5,0,36.8,34.89230769230769,27.876923076923077,4.0,110.0,73.61538461538461,31.38461538461539
SAINT PETER II,2011,5,0,251.7,34.3,27.1,3.0,140.0,76.0,30.7
SAINT PETER II,2013,5,0,47.4,35.0,28.0,3.0,140.0,75.0,31.5
SAINT PETER II,2015,5,0,10.2,35.3,28.0,3.0,220.0,74.0,31.65
SAINT PETER II,2016,5,0,93.4,34.8,28.3,3.0,90.0,73.0,31.55
SAINT PETER II,2017,5,0,186.4,34.4,28.3,3.0,90.0,75.0,31.35
SAINT PETER II,2018,5,0,20.0,35.5,28.5,3.0,90.0,69.0,32.0
SAINT PETER II,2019,5,1,61.9,34.5,27.6,3.0,220.0,74.0,31.05
SAINT PETER II,2022,5,0,232.2,34.1,27.1,3.0,90.0,75.0,30.6
SAINT PETER II,2023,5,0,134.6,34.4,27.7,4.0,220.0,72.0,31.05
SALAWAG,2010,5,0,36.8,34.89230769230769,27.876923076923077,4.0,110.0,73.61538461538461,31.38461538461539
SALAWAG,2011,5,0,251.7,34.3,27.1,3.0,140.0,76.0,30.7
SALAWAG,2012,5,0,294.3,34.5,27.5,3.0,270.0,77.0,31.0
SALAWAG,2013,5,0,47.4,35.0,28.0,3.0,140.0,75.0,31.5
SALAWAG,2014,5,0,84.5,36.3,28.3,3.0,140.0,72.0,32.3
SALAWAG,2015,5,1,10.2,35.3,28.0,3.0,220.0,74.0,31.65
SALAWAG,2016,5,1,93.4,34.8,28.3,3.0,90.0,73.0,31.55
SALAWAG,2017,5,0,186.4,34.4,28.3,3.0,90.0,75.0,31.35
SALAWAG,2018,5,2,20.0,35.5,28.5,3.0,90.0,69.0,32.0
SALAWAG,2019,5,4,61.9,34.5,27.6,3.0,220.0,74.0,31.05
SALAWAG,2020,5,0,190.2,34.9,27.8,2.0,90.0,75.0,31.35
SALAWAG,2021,5,1,0.2,35.6,28.2,3.0,90.0,70.0,31.9
SALAWAG,2022,5,1,232.2,34.1,27.1,3.0,90.0,75.0,30.6
SALAWAG,2023,5,5,134.6,34.4,27.7,4.0,220.0,72.0,31.05
SALITRAN I,2010,5,0,36.8,34.89230769230769,27.876923076923077,4.0,110.0,73.61538461538461,31.38461538461539
SALITRAN I,2011,5,0,251.7,34.3,27.1,3.0,140.0,76.0,30.7
SALITRAN I,2012,5,0,294.3,34.5,27.5,3.0,270.0,77.0,31.0
SALITRAN I,2013,5,3,47.4,35.0,28.0,3.0,140.0,75.0,31.5
SALITRAN I,2014,5,0,84.5,36.3,28.3,3.0,140.0,72.0,32.3
SALITRAN I,2015,5,0,10.2,35.3,28.0,3.0,220.0,74.0,31.65
SALITRAN I,2016,5,0,93.4,34.8,28.3,3.0,90.0,73.0,31.55
SALITRAN I,2017,5,0,186.4,34.4,28.3,3.0,90.0,75.0,31.35
SALITRAN I,2018,5,0,20.0,35.5,28.5,3.0,90.0,69.0,32.0
SALITRAN I,2019,5,0,61.9,34.5,27.6,3.0,220.0,74.0,31.05
SALITRAN I,2020,5,0,190.2,34.9,27.8,2.0,90.0,75.0,31.35
SALITRAN I,2021,5,0,0.2,35.6,28.2,3.0,90.0,70.0,31.9
SALITRAN I,2022,5,0,232.2,34.1,27.1,3.0,90.0,75.0,30.6
SALITRAN I,2023,5,1,134.6,34.4,27.7,4.0,220.0,72.0,31.05
SALITRAN II,2010,5,0,36.8,34.89230769230769,27.876923076923077,4.0,110.0,73.61538461538461,31.38461538461539
SALITRAN II,2011,5,0,251.7,34.3,27.1,3.0,140.0,76.0,30.7
SALITRAN II,2012,5,0,294.3,34.5,27.5,3.0,270.0,77.0,31.0
SALITRAN II,2013,5,0,47.4,35.0,28.0,3.0,140.0,75.0,31.5
SALITRAN II,2014,5,0,84.5,36.3,28.3,3.0,140.0,72.0,32.3
SALITRAN II,2015,5,0,10.2,35.3,28.0,3.0,220.0,74.0,31.65
SALITRAN II,2016,5,0,93.4,34.8,28.3,3.0,90.0,73.0,31.55
SALITRAN II,2017,5,0,186.4,34.4,28.3,3.0,90.0,75.0,31.35
SALITRAN II,2018,5,1,20.0,35.5,28.5,3.0,90.0,69.0,32.0
SALITRAN II,2019,5,1,61.9,34.5,27.6,3.0,220.0,74.0,31.05
SALITRAN II,2020,5,0,190.2,34.9,27.8,2.0,90.0,75.0,31.35
SALITRAN II,2021,5,1,0.2,35.6,28.2,3.0,90.0,70.0,31.9
SALITRAN II,2022,5,0,232.2,34.1,27.1,3.0,90.0,75.0,30.6
SALITRAN II,2023,5,0,134.6,34.4,27.7,4.0,220.0,72.0,31.05
SALITRAN III,2010,5,0,36.8,34.89230769230769,27.876923076923077,4.0,110.0,73.61538461538461,31.38461538461539
SALITRAN III,2011,5,0,251.7,34.3,27.1,3.0,140.0,76.0,30.7
SALITRAN III,2012,5,0,294.3,34.5,27.5,3.0,270.0,77.0,31.0
SALITRAN III,2013,5,0,47.4,35.0,28.0,3.0,140.0,75.0,31.5
SALITRAN III,2014,5,0,84.5,36.3,28.3,3.0,140.0,72.0,32.3
SALITRAN III,2015,5,1,10.2,35.3,28.0,3.0,220.0,74.0,31.65
SALITRAN III,2016,5,0,93.4,34.8,28.3,3.0,90.0,73.0,31.55
SALITRAN III,2017,5,0,186.4,34.4,28.3,3.0,90.0,75.0,31.35
SALITRAN III,2018,5,1,20.0,35.5,28.5,3.0,90.0,69.0,32.0
SALITRAN III,2019,5,0,61.9,34.5,27.6,3.0,220.0,74.0,31.05
SALITRAN III,2020,5,0,190.2,34.9,27.8,2.0,90.0,75.0,31.35
SALITRAN III,2021,5,0,0.2,35.6,28.2,3.0,90.0,70.0,31.9
SALITRAN III,2022,5,1,232.2,34.1,27.1,3.0,90.0,75.0,30.6
SALITRAN III,2023,5,1,134.6,34.4,27.7,4.0,220.0,72.0,31.05
SALITRAN IV,2010,5,0,36.8,34.89230769230769,27.876923076923077,4.0,110.0,73.61538461538461,31.38461538461539
SALITRAN IV,2011,5,0,251.7,34.3,27.1,3.0,140.0,76.0,30.7
SALITRAN IV,2012,5,2,294.3,34.5,27.5,3.0,270.0,77.0,31.0
SALITRAN IV,2013,5,2,47.4,35.0,28.0,3.0,140.0,75.0,31.5
SALITRAN IV,2014,5,2,84.5,36.3,28.3,3.0,140.0,72.0,32.3
SALITRAN IV,2015,5,0,10.2,35.3,28.0,3.0,220.0,74.0,31.65
SALITRAN IV,2016,5,0,93.4,34.8,28.3,3.0,90.0,73.0,31.55
SALITRAN IV,2017,5,0,186.4,34.4,28.3,3.0,90.0,75.0,31.35
SALITRAN IV,2018,5,0,20.0,35.5,28.5,3.0,90.0,69.0,32.0
SALITRAN IV,2019,5,0,61.9,34.5,27.6,3.0,220.0,74.0,31.05
SALITRAN IV,2020,5,0,190.2,34.9,27.8,2.0,90.0,75.0,31.35
SALITRAN IV,2021,5,0,0.2,35.6,28.2,3.0,90.0,70.0,31.9
SALITRAN IV,2022,5,0,232.2,34.1,27.1,3.0,90.0,75.0,30.6
SALITRAN IV,2023,5,0,134.6,34.4,27.7,4.0,220.0,72.0,31.05
SAMPALOC I,2010,5,0,36.8,34.89230769230769,27.876923076923077,4.0,110.0,73.61538461538461,31.38461538461539
SAMPALOC I,2011,5,1,251.7,34.3,27.1,3.0,140.0,76.0,30.7
SAMPALOC I,2012,5,0,294.3,34.5,27.5,3.0,270.0,77.0,31.0
SAMPALOC I,2013,5,0,47.4,35.0,28.0,3.0,140.0,75.0,31.5
SAMPALOC I,2014,5,0,84.5,36.3,28.3,3.0,140.0,72.0,32.3
SAMPALOC I,2015,5,0,10.2,35.3,28.0,3.0,220.0,74.0,31.65
SAMPALOC I,2016,5,0,93.4,34.8,28.3,3.0,90.0,73.0,31.55
SAMPALOC I,2017,5,1,186.4,34.4,28.3,3.0,90.0,75.0,31.35
SAMPALOC I,2018,5,0,20.0,35.5,28.5,3.0,90.0,69.0,32.0
SAMPALOC I,2019,5,0,61.9,34.5,27.6,3.0,220.0,74.0,31.05
SAMPALOC I,2020,5,0,190.2,34.9,27.8,2.0,90.0,75.0,31.35
SAMPALOC I,2021,5,0,0.2,35.6,28.2,3.0,90.0,70.0,31.9
SAMPALOC I,2022,5,0,232.2,34.1,27.1,3.0,90.0,75.0,30.6
SAMPALOC I,2023,5,0,134.6,34.4,27.7,4.0,220.0,72.0,31.05
SAMPALOC II,2010,5,0,36.8,34.89230769230769,27.876923076923077,4.0,110.0,73.61538461538461,31.38461538461539
SAMPALOC II,2011,5,0,251.7,34.3,27.1,3.0,140.0,76.0,30.7
SAMPALOC II,2012,5,0,294.3,34.5,27.5,3.0,270.0,77.0,31.0
SAMPALOC II,2013,5,0,47.4,35.0,28.0,3.0,140.0,75.0,31.5
SAMPALOC II,2014,5,0,84.5,36.3,28.3,3.0,140.0,72.0,32.3
SAMPALOC II,2015,5,0,10.2,35.3,28.0,3.0,220.0,74.0,31.65
SAMPALOC II,2016,5,0,93.4,34.8,28.3,3.0,90.0,73.0,31.55
SAMPALOC II,2017,5,0,186.4,34.4,28.3,3.0,90.0,75.0,31.35
SAMPALOC II,2018,5,0,20.0,35.5,28.5,3.0,90.0,69.0,32.0
SAMPALOC II,2019,5,1,61.9,34.5,27.6,3.0,220.0,74.0,31.05
SAMPALOC II,2020,5,0,190.2,34.9,27.8,2.0,90.0,75.0,31.35
SAMPALOC II,2021,5,0,0.2,35.6,28.2,3.0,90.0,70.0,31.9
SAMPALOC II,2022,5,0,232.2,34.1,27.1,3.0,90.0,75.0,30.6
SAMPALOC II,2023,5,0,134.6,34.4,27.7,4.0,220.0,72.0,31.05
SAMPALOC III,2010,5,0,36.8,34.89230769230769,27.876923076923077,4.0,110.0,73.61538461538461,31.38461538461539
SAMPALOC III,2011,5,0,251.7,34.3,27.1,3.0,140.0,76.0,30.7
SAMPALOC III,2012,5,0,294.3,34.5,27.5,3.0,270.0,77.0,31.0
SAMPALOC III,2013,5,0,47.4,35.0,28.0,3.0,140.0,75.0,31.5
SAMPALOC III,2014,5,0,84.5,36.3,28.3,3.0,140.0,72.0,32.3
SAMPALOC III,2015,5,1,10.2,35.3,28.0,3.0,220.0,74.0,31.65
SAMPALOC III,2016,5,1,93.4,34.8,28.3,3.0,90.0,73.0,31.55
SAMPALOC III,2017,5,0,186.4,34.4,28.3,3.0,90.0,75.0,31.35
SAMPALOC III,2018,5,0,20.0,35.5,28.5,3.0,90.0,69.0,32.0
SAMPALOC III,2019,5,2,61.9,34.5,27.6,3.0,220.0,74.0,31.05
SAMPALOC III,2020,5,0,190.2,34.9,27.8,2.0,90.0,75.0,31.35
SAMPALOC III,2021,5,0,0.2,35.6,28.2,3.0,90.0,70.0,31.9
SAMPALOC III,2022,5,0,232.2,34.1,27.1,3.0,90.0,75.0,30.6
SAMPALOC III,2023,5,0,134.6,34.4,27.7,4.0,220.0,72.0,31.05
SAMPALOC IV,2010,5,0,36.8,34.89230769230769,27.876923076923077,4.0,110.0,73.61538461538461,31.38461538461539
SAMPALOC IV,2011,5,0,251.7,34.3,27.1,3.0,140.0,76.0,30.7
SAMPALOC IV,2012,5,0,294.3,34.5,27.5,3.0,270.0,77.0,31.0
SAMPALOC IV,2013,5,1,47.4,35.0,28.0,3.0,140.0,75.0,31.5
SAMPALOC IV,2014,5,0,84.5,36.3,28.3,3.0,140.0,72.0,32.3
SAMPALOC IV,2015,5,0,10.2,35.3,28.0,3.0,220.0,74.0,31.65
SAMPALOC IV,2016,5,0,93.4,34.8,28.3,3.0,90.0,73.0,31.55
SAMPALOC IV,2017,5,0,186.4,34.4,28.3,3.0,90.0,75.0,31.35
SAMPALOC IV,2018,5,0,20.0,35.5,28.5,3.0,90.0,69.0,32.0
SAMPALOC IV,2019,5,3,61.9,34.5,27.6,3.0,220.0,74.0,31.05
SAMPALOC IV,2020,5,0,190.2,34.9,27.8,2.0,90.0,75.0,31.35
SAMPALOC IV,2021,5,0,0.2,35.6,28.2,3.0,90.0,70.0,31.9
SAMPALOC IV,2022,5,1,232.2,34.1,27.1,3.0,90.0,75.0,30.6
SAMPALOC IV,2023,5,0,134.6,34.4,27.7,4.0,220.0,72.0,31.05
SAMPALOC V,2010,5,0,36.8,34.89230769230769,27.876923076923077,4.0,110.0,73.61538461538461,31.38461538461539
SAMPALOC V,2011,5,0,251.7,34.3,27.1,3.0,140.0,76.0,30.7
SAMPALOC V,2012,5,0,294.3,34.5,27.5,3.0,270.0,77.0,31.0
SAMPALOC V,2013,5,0,47.4,35.0,28.0,3.0,140.0,75.0,31.5
SAMPALOC V,2014,5,0,84.5,36.3,28.3,3.0,140.0,72.0,32.3
SAMPALOC V,2015,5,0,10.2,35.3,28.0,3.0,220.0,74.0,31.65
SAMPALOC V,2017,5,0,186.4,34.4,28.3,3.0,90.0,75.0,31.35
SAMPALOC V,2018,5,0,20.0,35.5,28.5,3.0,90.0,69.0,32.0
SAMPALOC V,2019,5,0,61.9,34.5,27.6,3.0,220.0,74.0,31.05
SAMPALOC V,2023,5,0,134.6,34.4,27.7,4.0,220.0,72.0,31.05
SAN AGUSTIN I,2010,5,0,36.8,34.89230769230769,27.876923076923077,4.0,110.0,73.61538461538461,31.38461538461539
SAN AGUSTIN I,2011,5,0,251.7,34.3,27.1,3.0,140.0,76.0,30.7
SAN AGUSTIN I,2012,5,0,294.3,34.5,27.5,3.0,270.0,77.0,31.0
SAN AGUSTIN I,2013,5,0,47.4,35.0,28.0,3.0,140.0,75.0,31.5
SAN AGUSTIN I,2014,5,0,84.5,36.3,28.3,3.0,140.0,72.0,32.3
SAN AGUSTIN I,2015,5,0,10.2,35.3,28.0,3.0,220.0,74.0,31.65
SAN AGUSTIN I,2016,5,0,93.4,34.8,28.3,3.0,90.0,73.0,31.55
SAN AGUSTIN I,2017,5,0,186.4,34.4,28.3,3.0,90.0,75.0,31.35
SAN AGUSTIN I,2018,5,0,20.0,35.5,28.5,3.0,90.0,69.0,32.0
SAN AGUSTIN I,2019,5,1,61.9,34.5,27.6,3.0,220.0,74.0,31.05
SAN AGUSTIN I,2020,5,0,190.2,34.9,27.8,2.0,90.0,75.0,31.35
SAN AGUSTIN I,2021,5,0,0.2,35.6,28.2,3.0,90.0,70.0,31.9
SAN AGUSTIN I,2022,5,0,232.2,34.1,27.1,3.0,90.0,75.0,30.6
SAN AGUSTIN I,2023,5,1,134.6,34.4,27.7,4.0,220.0,72.0,31.05
SAN AGUSTIN II,2010,5,0,36.8,34.89230769230769,27.876923076923077,4.0,110.0,73.61538461538461,31.38461538461539
SAN AGUSTIN II,2011,5,0,251.7,34.3,27.1,3.0,140.0,76.0,30.7
SAN AGUSTIN II,2012,5,0,294.3,34.5,27.5,3.0,270.0,77.0,31.0
SAN AGUSTIN II,2013,5,1,47.4,35.0,28.0,3.0,140.0,75.0,31.5
SAN AGUSTIN II,2014,5,0,84.5,36.3,28.3,3.0,140.0,72.0,32.3
SAN AGUSTIN II,2015,5,0,10.2,35.3,28.0,3.0,220.0,74.0,31.65
SAN AGUSTIN II,2016,5,1,93.4,34.8,28.3,3.0,90.0,73.0,31.55
SAN AGUSTIN II,2017,5,0,186.4,34.4,28.3,3.0,90.0,75.0,31.35
SAN AGUSTIN II,2018,5,0,20.0,35.5,28.5,3.0,90.0,69.0,32.0
SAN AGUSTIN II,2019,5,2,61.9,34.5,27.6,3.0,220.0,74.0,31.05
SAN AGUSTIN II,2020,5,0,190.2,34.9,27.8,2.0,90.0,75.0,31.35
SAN AGUSTIN II,2021,5,0,0.2,35.6,28.2,3.0,90.0,70.0,31.9
SAN AGUSTIN II,2022,5,0,232.2,34.1,27.1,3.0,90.0,75.0,30.6
SAN AGUSTIN II,2023,5,1,134.6,34.4,27.7,4.0,220.0,72.0,31.05
SAN AGUSTIN III,2010,5,0,36.8,34.89230769230769,27.876923076923077,4.0,110.0,73.61538461538461,31.38461538461539
SAN AGUSTIN III,2011,5,0,251.7,34.3,27.1,3.0,140.0,76.0,30.7
SAN AGUSTIN III,2012,5,2,294.3,34.5,27.5,3.0,270.0,77.0,31.0
SAN AGUSTIN III,2013,5,0,47.4,35.0,28.0,3.0,140.0,75.0,31.5
SAN AGUSTIN III,2014,5,2,84.5,36.3,28.3,3.0,140.0,72.0,32.3
SAN AGUSTIN III,2015,5,0,10.2,35.3,28.0,3.0,220.0,74.0,31.65
SAN AGUSTIN III,2016,5,0,93.4,34.8,28.3,3.0,90.0,73.0,31.55
SAN AGUSTIN III,2017,5,0,186.4,34.4,28.3,3.0,90.0,75.0,31.35
SAN AGUSTIN III,2018,5,0,20.0,35.5,28.5,3.0,90.0,69.0,32.0
SAN AGUSTIN III,2019,5,0,61.9,34.5,27.6,3.0,220.0,74.0,31.05
SAN AGUSTIN III,2020,5,0,190.2,34.9,27.8,2.0,90.0,75.0,31.35
SAN AGUSTIN III,2021,5,0,0.2,35.6,28.2,3.0,90.0,70.0,31.9
SAN AGUSTIN III,2022,5,0,232.2,34.1,27.1,3.0,90.0,75.0,30.6
SAN AGUSTIN III,2023,5,1,134.6,34.4,27.7,4.0,220.0,72.0,31.05
SAN ANDRES I,2010,5,0,36.8,34.89230769230769,27.876923076923077,4.0,110.0,73.61538461538461,31.38461538461539
SAN ANDRES I,2011,5,0,251.7,34.3,27.1,3.0,140.0,76.0,30.7
SAN ANDRES I,2012,5,0,294.3,34.5,27.5,3.0,270.0,77.0,31.0
SAN ANDRES I,2013,5,0,47.4,35.0,28.0,3.0,140.0,75.0,31.5
SAN ANDRES I,2014,5,0,84.5,36.3,28.3,3.0,140.0,72.0,32.3
SAN ANDRES I,2015,5,0,10.2,35.3,28.0,3.0,220.0,74.0,31.65
SAN ANDRES I,2016,5,0,93.4,34.8,28.3,3.0,90.0,73.0,31.55
SAN ANDRES I,2017,5,0,186.4,34.4,28.3,3.0,90.0,75.0,31.35
SAN ANDRES I,2018,5,0,20.0,35.5,28.5,3.0,90.0,69.0,32.0
SAN ANDRES I,2019,5,0,61.9,34.5,27.6,3.0,220.0,74.0,31.05
SAN ANDRES I,2020,5,0,190.2,34.9,27.8,2.0,90.0,75.0,31.35
SAN ANDRES I,2021,5,0,0.2,35.6,28.2,3.0,90.0,70.0,31.9
SAN ANDRES I,2022,5,0,232.2,34.1,27.1,3.0,90.0,75.0,30.6
SAN ANDRES I,2023,5,0,134.6,34.4,27.7,4.0,220.0,72.0,31.05
SAN ANDRES II,2011,5,0,251.7,34.3,27.1,3.0,140.0,76.0,30.7
SAN ANDRES II,2012,5,0,294.3,34.5,27.5,3.0,270.0,77.0,31.0
SAN ANDRES II,2014,5,0,84.5,36.3,28.3,3.0,140.0,72.0,32.3
SAN ANDRES II,2015,5,0,10.2,35.3,28.0,3.0,220.0,74.0,31.65
SAN ANDRES II,2016,5,0,93.4,34.8,28.3,3.0,90.0,73.0,31.55
SAN ANDRES II,2017,5,0,186.4,34.4,28.3,3.0,90.0,75.0,31.35
SAN ANDRES II,2018,5,0,20.0,35.5,28.5,3.0,90.0,69.0,32.0
SAN ANDRES II,2019,5,0,61.9,34.5,27.6,3.0,220.0,74.0,31.05
SAN ANDRES II,2020,5,0,190.2,34.9,27.8,2.0,90.0,75.0,31.35
SAN ANDRES II,2021,5,0,0.2,35.6,28.2,3.0,90.0,70.0,31.9
SAN ANDRES II,2022,5,0,232.2,34.1,27.1,3.0,90.0,75.0,30.6
SAN ANDRES II,2023,5,1,134.6,34.4,27.7,4.0,220.0,72.0,31.05
SAN ANTONIO DE PADUA I,2011,5,0,251.7,34.3,27.1,3.0,140.0,76.0,30.7
SAN ANTONIO DE PADUA I,2012,5,0,294.3,34.5,27.5,3.0,270.0,77.0,31.0
SAN ANTONIO DE PADUA I,2013,5,0,47.4,35.0,28.0,3.0,140.0,75.0,31.5
SAN ANTONIO DE PADUA I,2014,5,0,84.5,36.3,28.3,3.0,140.0,72.0,32.3
SAN ANTONIO DE PADUA I,2015,5,0,10.2,35.3,28.0,3.0,220.0,74.0,31.65
SAN ANTONIO DE PADUA I,2016,5,0,93.4,34.8,28.3,3.0,90.0,73.0,31.55
SAN ANTONIO DE PADUA I,2017,5,0,186.4,34.4,28.3,3.0,90.0,75.0,31.35
SAN ANTONIO DE PADUA I,2018,5,0,20.0,35.5,28.5,3.0,90.0,69.0,32.0
SAN ANTONIO DE PADUA I,2019,5,0,61.9,34.5,27.6,3.0,220.0,74.0,31.05
SAN ANTONIO DE PADUA I,2020,5,0,190.2,34.9,27.8,2.0,90.0,75.0,31.35
SAN ANTONIO DE PADUA I,2021,5,0,0.2,35.6,28.2,3.0,90.0,70.0,31.9
SAN ANTONIO DE PADUA I,2022,5,0,232.2,34.1,27.1,3.0,90.0,75.0,30.6
SAN ANTONIO DE PADUA I,2023,5,0,134.6,34.4,27.7,4.0,220.0,72.0,31.05
SAN ANTONIO DE PADUA II,2010,5,0,36.8,34.89230769230769,27.876923076923077,4.0,110.0,73.61538461538461,31.38461538461539
SAN ANTONIO DE PADUA II,2011,5,0,251.7,34.3,27.1,3.0,140.0,76.0,30.7
SAN ANTONIO DE PADUA II,2012,5,0,294.3,34.5,27.5,3.0,270.0,77.0,31.0
SAN ANTONIO DE PADUA II,2013,5,0,47.4,35.0,28.0,3.0,140.0,75.0,31.5
SAN ANTONIO DE PADUA II,2014,5,0,84.5,36.3,28.3,3.0,140.0,72.0,32.3
SAN ANTONIO DE PADUA II,2015,5,0,10.2,35.3,28.0,3.0,220.0,74.0,31.65
SAN ANTONIO DE PADUA II,2016,5,0,93.4,34.8,28.3,3.0,90.0,73.0,31.55
SAN ANTONIO DE PADUA II,2017,5,0,186.4,34.4,28.3,3.0,90.0,75.0,31.35
SAN ANTONIO DE PADUA II,2018,5,0,20.0,35.5,28.5,3.0,90.0,69.0,32.0
SAN ANTONIO DE PADUA II,2019,5,0,61.9,34.5,27.6,3.0,220.0,74.0,31.05
SAN ANTONIO DE PADUA II,2020,5,0,190.2,34.9,27.8,2.0,90.0,75.0,31.35
SAN ANTONIO DE PADUA II,2021,5,0,0.2,35.6,28.2,3.0,90.0,70.0,31.9
SAN ANTONIO DE PADUA II,2022,5,0,232.2,34.1,27.1,3.0,90.0,75.0,30.6
SAN ANTONIO DE PADUA II,2023,5,1,134.6,34.4,27.7,4.0,220.0,72.0,31.05
SAN DIONISIO (BARANGAY I),2010,5,0,36.8,34.89230769230769,27.876923076923077,4.0,110.0,73.61538461538461,31.38461538461539
SAN DIONISIO (BARANGAY I),2011,5,0,251.7,34.3,27.1,3.0,140.0,76.0,30.7
SAN DIONISIO (BARANGAY I),2012,5,0,294.3,34.5,27.5,3.0,270.0,77.0,31.0
SAN DIONISIO (BARANGAY I),2013,5,0,47.4,35.0,28.0,3.0,140.0,75.0,31.5
SAN DIONISIO (BARANGAY I),2014,5,0,84.5,36.3,28.3,3.0,140.0,72.0,32.3
SAN DIONISIO (BARANGAY I),2015,5,0,10.2,35.3,28.0,3.0,220.0,74.0,31.65
SAN DIONISIO (BARANGAY I),2016,5,0,93.4,34.8,28.3,3.0,90.0,73.0,31.55
SAN DIONISIO (BARANGAY I),2017,5,1,186.4,34.4,28.3,3.0,90.0,75.0,31.35
SAN DIONISIO (BARANGAY I),2018,5,0,20.0,35.5,28.5,3.0,90.0,69.0,32.0
SAN DIONISIO (BARANGAY I),2019,5,0,61.9,34.5,27.6,3.0,220.0,74.0,31.05
SAN DIONISIO (BARANGAY I),2021,5,0,0.2,35.6,28.2,3.0,90.0,70.0,31.9
SAN DIONISIO (BARANGAY I),2022,5,1,232.2,34.1,27.1,3.0,90.0,75.0,30.6
SAN DIONISIO (BARANGAY I),2023,5,0,134.6,34.4,27.7,4.0,220.0,72.0,31.05
SAN ESTEBAN (BARANGAY IV),2010,5,0,36.8,34.89230769230769,27.876923076923077,4.0,110.0,73.61538461538461,31.38461538461539
SAN ESTEBAN (BARANGAY IV),2011,5,0,251.7,34.3,27.1,3.0,140.0,76.0,30.7
SAN ESTEBAN (BARANGAY IV),2012,5,0,294.3,34.5,27.5,3.0,270.0,77.0,31.0
SAN ESTEBAN (BARANGAY IV),2013,5,0,47.4,35.0,28.0,3.0,140.0,75.0,31.5
SAN ESTEBAN (BARANGAY IV),2014,5,0,84.5,36.3,28.3,3.0,140.0,72.0,32.3
SAN ESTEBAN (BARANGAY IV),2015,5,0,10.2,35.3,28.0,3.0,220.0,74.0,31.65
SAN ESTEBAN (BARANGAY IV),2016,5,0,93.4,34.8,28.3,3.0,90.0,73.0,31.55
SAN ESTEBAN (BARANGAY IV),2017,5,0,186.4,34.4,28.3,3.0,90.0,75.0,31.35
SAN ESTEBAN (BARANGAY IV),2018,5,0,20.0,35.5,28.5,3.0,90.0,69.0,32.0
SAN ESTEBAN (BARANGAY IV),2019,5,0,61.9,34.5,27.6,3.0,220.0,74.0,31.05
SAN ESTEBAN (BARANGAY IV),2020,5,0,190.2,34.9,27.8,2.0,90.0,75.0,31.35
SAN ESTEBAN (BARANGAY IV),2021,5,0,0.2,35.6,28.2,3.0,90.0,70.0,31.9
SAN ESTEBAN (BARANGAY IV),2022,5,0,232.2,34.1,27.1,3.0,90.0,75.0,30.6
SAN ESTEBAN (BARANGAY IV),2023,5,0,134.6,34.4,27.7,4.0,220.0,72.0,31.05
SAN FRANCISCO I,2010,5,0,36.8,34.89230769230769,27.876923076923077,4.0,110.0,73.61538461538461,31.38461538461539
SAN FRANCISCO I,2011,5,1,251.7,34.3,27.1,3.0,140.0,76.0,30.7
SAN FRANCISCO I,2012,5,0,294.3,34.5,27.5,3.0,270.0,77.0,31.0
SAN FRANCISCO I,2014,5,0,84.5,36.3,28.3,3.0,140.0,72.0,32.3
SAN FRANCISCO I,2015,5,0,10.2,35.3,28.0,3.0,220.0,74.0,31.65
SAN FRANCISCO I,2016,5,0,93.4,34.8,28.3,3.0,90.0,73.0,31.55
SAN FRANCISCO I,2017,5,0,186.4,34.4,28.3,3.0,90.0,75.0,31.35
SAN FRANCISCO I,2018,5,0,20.0,35.5,28.5,3.0,90.0,69.0,32.0
SAN FRANCISCO I,2019,5,0,61.9,34.5,27.6,3.0,220.0,74.0,31.05
SAN FRANCISCO I,2020,5,0,190.2,34.9,27.8,2.0,90.0,75.0,31.35
SAN FRANCISCO I,2021,5,0,0.2,35.6,28.2,3.0,90.0,70.0,31.9
SAN FRANCISCO I,2022,5,0,232.2,34.1,27.1,3.0,90.0,75.0,30.6
SAN FRANCISCO I,2023,5,0,134.6,34.4,27.7,4.0,220.0,72.0,31.05
SAN FRANCISCO II,2011,5,0,251.7,34.3,27.1,3.0,140.0,76.0,30.7
SAN FRANCISCO II,2012,5,0,294.3,34.5,27.5,3.0,270.0,77.0,31.0
SAN FRANCISCO II,2013,5,0,47.4,35.0,28.0,3.0,140.0,75.0,31.5
SAN FRANCISCO II,2014,5,0,84.5,36.3,28.3,3.0,140.0,72.0,32.3
SAN FRANCISCO II,2015,5,0,10.2,35.3,28.0,3.0,220.0,74.0,31.65
SAN FRANCISCO II,2016,5,0,93.4,34.8,28.3,3.0,90.0,73.0,31.55
SAN FRANCISCO II,2017,5,0,186.4,34.4,28.3,3.0,90.0,75.0,31.35
SAN FRANCISCO II,2018,5,0,20.0,35.5,28.5,3.0,90.0,69.0,32.0
SAN FRANCISCO II,2019,5,0,61.9,34.5,27.6,3.0,220.0,74.0,31.05
SAN FRANCISCO II,2020,5,0,190.2,34.9,27.8,2.0,90.0,75.0,31.35
SAN FRANCISCO II,2022,5,0,232.2,34.1,27.1,3.0,90.0,75.0,30.6
SAN FRANCISCO II,2023,5,0,134.6,34.4,27.7,4.0,220.0,72.0,31.05
SAN ISIDRO LABRADOR I,2010,5,0,36.8,34.89230769230769,27.876923076923077,4.0,110.0,73.61538461538461,31.38461538461539
SAN ISIDRO LABRADOR I,2011,5,0,251.7,34.3,27.1,3.0,140.0,76.0,30.7
SAN ISIDRO LABRADOR I,2012,5,0,294.3,34.5,27.5,3.0,270.0,77.0,31.0
SAN ISIDRO LABRADOR I,2013,5,0,47.4,35.0,28.0,3.0,140.0,75.0,31.5
SAN ISIDRO LABRADOR I,2014,5,0,84.5,36.3,28.3,3.0,140.0,72.0,32.3
SAN ISIDRO LABRADOR I,2015,5,0,10.2,35.3,28.0,3.0,220.0,74.0,31.65
SAN ISIDRO LABRADOR I,2016,5,0,93.4,34.8,28.3,3.0,90.0,73.0,31.55
SAN ISIDRO LABRADOR I,2017,5,0,186.4,34.4,28.3,3.0,90.0,75.0,31.35
SAN ISIDRO LABRADOR I,2018,5,0,20.0,35.5,28.5,3.0,90.0,69.0,32.0
SAN ISIDRO LABRADOR I,2019,5,1,61.9,34.5,27.6,3.0,220.0,74.0,31.05
SAN ISIDRO LABRADOR I,2020,5,0,190.2,34.9,27.8,2.0,90.0,75.0,31.35
SAN ISIDRO LABRADOR I,2021,5,0,0.2,35.6,28.2,3.0,90.0,70.0,31.9
SAN ISIDRO LABRADOR I,2022,5,0,232.2,34.1,27.1,3.0,90.0,75.0,30.6
SAN ISIDRO LABRADOR I,2023,5,0,134.6,34.4,27.7,4.0,220.0,72.0,31.05
SAN ISIDRO LABRADOR II,2010,5,0,36.8,34.89230769230769,27.876923076923077,4.0,110.0,73.61538461538461,31.38461538461539
SAN ISIDRO LABRADOR II,2011,5,0,251.7,34.3,27.1,3.0,140.0,76.0,30.7
SAN ISIDRO LABRADOR II,2012,5,0,294.3,34.5,27.5,3.0,270.0,77.0,31.0
SAN ISIDRO LABRADOR II,2013,5,0,47.4,35.0,28.0,3.0,140.0,75.0,31.5
SAN ISIDRO LABRADOR II,2014,5,0,84.5,36.3,28.3,3.0,140.0,72.0,32.3
SAN ISIDRO LABRADOR II,2015,5,0,10.2,35.3,28.0,3.0,220.0,74.0,31.65
SAN ISIDRO LABRADOR II,2016,5,0,93.4,34.8,28.3,3.0,90.0,73.0,31.55
SAN ISIDRO LABRADOR II,2017,5,0,186.4,34.4,28.3,3.0,90.0,75.0,31.35
SAN ISIDRO LABRADOR II,2018,5,0,20.0,35.5,28.5,3.0,90.0,69.0,32.0
SAN ISIDRO LABRADOR II,2019,5,0,61.9,34.5,27.6,3.0,220.0,74.0,31.05
SAN ISIDRO LABRADOR II,2020,5,0,190.2,34.9,27.8,2.0,90.0,75.0,31.35
SAN ISIDRO LABRADOR II,2021,5,0,0.2,35.6,28.2,3.0,90.0,70.0,31.9
SAN ISIDRO LABRADOR II,2022,5,0,232.2,34.1,27.1,3.0,90.0,75.0,30.6
SAN ISIDRO LABRADOR II,2023,5,0,134.6,34.4,27.7,4.0,220.0,72.0,31.05
SAN JOSE,2010,5,0,36.8,34.89230769230769,27.876923076923077,4.0,110.0,73.61538461538461,31.38461538461539
SAN JOSE,2011,5,0,251.7,34.3,27.1,3.0,140.0,76.0,30.7
SAN JOSE,2012,5,2,294.3,34.5,27.5,3.0,270.0,77.0,31.0
SAN JOSE,2013,5,0,47.4,35.0,28.0,3.0,140.0,75.0,31.5
SAN JOSE,2014,5,2,84.5,36.3,28.3,3.0,140.0,72.0,32.3
SAN JOSE,2015,5,0,10.2,35.3,28.0,3.0,220.0,74.0,31.65
SAN JOSE,2016,5,0,93.4,34.8,28.3,3.0,90.0,73.0,31.55
SAN JOSE,2017,5,0,186.4,34.4,28.3,3.0,90.0,75.0,31.35
SAN JOSE,2018,5,0,20.0,35.5,28.5,3.0,90.0,69.0,32.0
SAN JOSE,2019,5,2,61.9,34.5,27.6,3.0,220.0,74.0,31.05
SAN JOSE,2020,5,0,190.2,34.9,27.8,2.0,90.0,75.0,31.35
SAN JOSE,2021,5,0,0.2,35.6,28.2,3.0,90.0,70.0,31.9
SAN JOSE,2022,5,1,232.2,34.1,27.1,3.0,90.0,75.0,30.6
SAN JOSE,2023,5,1,134.6,34.4,27.7,4.0,220.0,72.0,31.05
SAN JUAN (SAN JUAN I),2010,5,0,36.8,34.89230769230769,27.876923076923077,4.0,110.0,73.61538461538461,31.38461538461539
SAN JUAN (SAN JUAN I),2011,5,0,251.7,34.3,27.1,3.0,140.0,76.0,30.7
SAN JUAN (SAN JUAN I),2012,5,1,294.3,34.5,27.5,3.0,270.0,77.0,31.0
SAN JUAN (SAN JUAN I),2013,5,0,47.4,35.0,28.0,3.0,140.0,75.0,31.5
SAN JUAN (SAN JUAN I),2014,5,1,84.5,36.3,28.3,3.0,140.0,72.0,32.3
SAN JUAN (SAN JUAN I),2015,5,0,10.2,35.3,28.0,3.0,220.0,74.0,31.65
SAN JUAN (SAN JUAN I),2016,5,0,93.4,34.8,28.3,3.0,90.0,73.0,31.55
SAN JUAN (SAN JUAN I),2017,5,0,186.4,34.4,28.3,3.0,90.0,75.0,31.35
SAN JUAN (SAN JUAN I),2018,5,0,20.0,35.5,28.5,3.0,90.0,69.0,32.0
SAN JUAN (SAN JUAN I),2019,5,0,61.9,34.5,27.6,3.0,220.0,74.0,31.05
SAN JUAN (SAN JUAN I),2021,5,0,0.2,35.6,28.2,3.0,90.0,70.0,31.9
SAN JUAN (SAN JUAN I),2022,5,0,232.2,34.1,27.1,3.0,90.0,75.0,30.6
SAN JUAN (SAN JUAN I),2023,5,0,134.6,34.4,27.7,4.0,220.0,72.0,31.05
SAN LORENZO RUIZ I,2010,5,0,36.8,34.89230769230769,27.876923076923077,4.0,110.0,73.61538461538461,31.38461538461539
SAN LORENZO RUIZ I,2011,5,0,251.7,34.3,27.1,3.0,140.0,76.0,30.7
SAN LORENZO RUIZ I,2013,5,0,47.4,35.0,28.0,3.0,140.0,75.0,31.5
SAN LORENZO RUIZ I,2015,5,0,10.2,35.3,28.0,3.0,220.0,74.0,31.65
SAN LORENZO RUIZ I,2016,5,0,93.4,34.8,28.3,3.0,90.0,73.0,31.55
SAN LORENZO RUIZ I,2017,5,0,186.4,34.4,28.3,3.0,90.0,75.0,31.35
SAN LORENZO RUIZ I,2018,5,0,20.0,35.5,28.5,3.0,90.0,69.0,32.0
SAN LORENZO RUIZ I,2019,5,0,61.9,34.5,27.6,3.0,220.0,74.0,31.05
SAN LORENZO RUIZ I,2020,5,0,190.2,34.9,27.8,2.0,90.0,75.0,31.35
SAN LORENZO RUIZ I,2021,5,0,0.2,35.6,28.2,3.0,90.0,70.0,31.9
SAN LORENZO RUIZ I,2022,5,0,232.2,34.1,27.1,3.0,90.0,75.0,30.6
SAN LORENZO RUIZ I,2023,5,0,134.6,34.4,27.7,4.0,220.0,72.0,31.05
SAN LORENZO RUIZ II,2010,5,0,36.8,34.89230769230769,27.876923076923077,4.0,110.0,73.61538461538461,31.38461538461539
SAN LORENZO RUIZ II,2011,5,0,251.7,34.3,27.1,3.0,140.0,76.0,30.7
SAN LORENZO RUIZ II,2012,5,0,294.3,34.5,27.5,3.0,270.0,77.0,31.0
SAN LORENZO RUIZ II,2013,5,0,47.4,35.0,28.0,3.0,140.0,75.0,31.5
SAN LORENZO RUIZ II,2014,5,0,84.5,36.3,28.3,3.0,140.0,72.0,32.3
SAN LORENZO RUIZ II,2015,5,0,10.2,35.3,28.0,3.0,220.0,74.0,31.65
SAN LORENZO RUIZ II,2016,5,0,93.4,34.8,28.3,3.0,90.0,73.0,31.55
SAN LORENZO RUIZ II,2018,5,0,20.0,35.5,28.5,3.0,90.0,69.0,32.0
SAN LORENZO RUIZ II,2019,5,0,61.9,34.5,27.6,3.0,220.0,74.0,31.05
SAN LORENZO RUIZ II,2020,5,0,190.2,34.9,27.8,2.0,90.0,75.0,31.35
SAN LORENZO RUIZ II,2021,5,0,0.2,35.6,28.2,3.0,90.0,70.0,31.9
SAN LORENZO RUIZ II,2023,5,0,134.6,34.4,27.7,4.0,220.0,72.0,31.05
SAN LUIS I,2010,5,0,36.8,34.89230769230769,27.876923076923077,4.0,110.0,73.61538461538461,31.38461538461539
SAN LUIS I,2011,5,0,251.7,34.3,27.1,3.0,140.0,76.0,30.7
SAN LUIS I,2012,5,0,294.3,34.5,27.5,3.0,270.0,77.0,31.0
SAN LUIS I,2013,5,0,47.4,35.0,28.0,3.0,140.0,75.0,31.5
SAN LUIS I,2014,5,0,84.5,36.3,28.3,3.0,140.0,72.0,32.3
SAN LUIS I,2015,5,0,10.2,35.3,28.0,3.0,220.0,74.0,31.65
SAN LUIS I,2016,5,0,93.4,34.8,28.3,3.0,90.0,73.0,31.55
SAN LUIS I,2017,5,0,186.4,34.4,28.3,3.0,90.0,75.0,31.35
SAN LUIS I,2018,5,0,20.0,35.5,28.5,3.0,90.0,69.0,32.0
SAN LUIS I,2019,5,0,61.9,34.5,27.6,3.0,220.0,74.0,31.05
SAN LUIS I,2020,5,0,190.2,34.9,27.8,2.0,90.0,75.0,31.35
SAN LUIS I,2021,5,0,0.2,35.6,28.2,3.0,90.0,70.0,31.9
SAN LUIS I,2022,5,0,232.2,34.1,27.1,3.0,90.0,75.0,30.6
SAN LUIS I,2023,5,0,134.6,34.4,27.7,4.0,220.0,72.0,31.05
SAN LUIS II,2010,5,0,36.8,34.89230769230769,27.876923076923077,4.0,110.0,73.61538461538461,31.38461538461539
SAN LUIS II,2011,5,0,251.7,34.3,27.1,3.0,140.0,76.0,30.7
SAN LUIS II,2012,5,0,294.3,34.5,27.5,3.0,270.0,77.0,31.0
SAN LUIS II,2013,5,0,47.4,35.0,28.0,3.0,140.0,75.0,31.5
SAN LUIS II,2014,5,0,84.5,36.3,28.3,3.0,140.0,72.0,32.3
SAN LUIS II,2015,5,0,10.2,35.3,28.0,3.0,220.0,74.0,31.65
SAN LUIS II,2016,5,0,93.4,34.8,28.3,3.0,90.0,73.0,31.55
SAN LUIS II,2017,5,0,186.4,34.4,28.3,3.0,90.0,75.0,31.35
SAN LUIS II,2018,5,0,20.0,35.5,28.5,3.0,90.0,69.0,32.0
SAN LUIS II,2019,5,0,61.9,34.5,27.6,3.0,220.0,74.0,31.05
SAN LUIS II,2020,5,0,190.2,34.9,27.8,2.0,90.0,75.0,31.35
SAN LUIS II,2021,5,0,0.2,35.6,28.2,3.0,90.0,70.0,31.9
SAN LUIS II,2022,5,0,232.2,34.1,27.1,3.0,90.0,75.0,30.6
SAN LUIS II,2023,5,0,134.6,34.4,27.7,4.0,220.0,72.0,31.05
SAN MANUEL I,2010,5,0,36.8,34.89230769230769,27.876923076923077,4.0,110.0,73.61538461538461,31.38461538461539
SAN MANUEL I,2012,5,0,294.3,34.5,27.5,3.0,270.0,77.0,31.0
SAN MANUEL I,2013,5,0,47.4,35.0,28.0,3.0,140.0,75.0,31.5
SAN MANUEL I,2014,5,0,84.5,36.3,28.3,3.0,140.0,72.0,32.3
SAN MANUEL I,2015,5,0,10.2,35.3,28.0,3.0,220.0,74.0,31.65
SAN MANUEL I,2016,5,0,93.4,34.8,28.3,3.0,90.0,73.0,31.55
SAN MANUEL I,2017,5,0,186.4,34.4,28.3,3.0,90.0,75.0,31.35
SAN MANUEL I,2018,5,0,20.0,35.5,28.5,3.0,90.0,69.0,32.0
SAN MANUEL I,2019,5,1,61.9,34.5,27.6,3.0,220.0,74.0,31.05
SAN MANUEL I,2022,5,0,232.2,34.1,27.1,3.0,90.0,75.0,30.6
SAN MANUEL I,2023,5,0,134.6,34.4,27.7,4.0,220.0,72.0,31.05
SAN MANUEL II,2010,5,0,36.8,34.89230769230769,27.876923076923077,4.0,110.0,73.61538461538461,31.38461538461539
SAN MANUEL II,2011,5,0,251.7,34.3,27.1,3.0,140.0,76.0,30.7
SAN MANUEL II,2012,5,0,294.3,34.5,27.5,3.0,270.0,77.0,31.0
SAN MANUEL II,2013,5,0,47.4,35.0,28.0,3.0,140.0,75.0,31.5
SAN MANUEL II,2014,5,0,84.5,36.3,28.3,3.0,140.0,72.0,32.3
SAN MANUEL II,2015,5,0,10.2,35.3,28.0,3.0,220.0,74.0,31.65
SAN MANUEL II,2016,5,0,93.4,34.8,28.3,3.0,90.0,73.0,31.55
SAN MANUEL II,2017,5,0,186.4,34.4,28.3,3.0,90.0,75.0,31.35
SAN MANUEL II,2018,5,0,20.0,35.5,28.5,3.0,90.0,69.0,32.0
SAN MANUEL II,2019,5,0,61.9,34.5,27.6,3.0,220.0,74.0,31.05
SAN MANUEL II,2020,5,1,190.2,34.9,27.8,2.0,90.0,75.0,31.35
SAN MANUEL II,2021,5,0,0.2,35.6,28.2,3.0,90.0,70.0,31.9
SAN MANUEL II,2022,5,1,232.2,34.1,27.1,3.0,90.0,75.0,30.6
SAN MANUEL II,2023,5,0,134.6,34.4,27.7,4.0,220.0,72.0,31.05
SAN MATEO,2010,5,0,36.8,34.89230769230769,27.876923076923077,4.0,110.0,73.61538461538461,31.38461538461539
SAN MATEO,2011,5,0,251.7,34.3,27.1,3.0,140.0,76.0,30.7
SAN MATEO,2012,5,0,294.3,34.5,27.5,3.0,270.0,77.0,31.0
SAN MATEO,2013,5,0,47.4,35.0,28.0,3.0,140.0,75.0,31.5
SAN MATEO,2014,5,0,84.5,36.3,28.3,3.0,140.0,72.0,32.3
SAN MATEO,2015,5,0,10.2,35.3,28.0,3.0,220.0,74.0,31.65
SAN MATEO,2016,5,0,93.4,34.8,28.3,3.0,90.0,73.0,31.55
SAN MATEO,2017,5,0,186.4,34.4,28.3,3.0,90.0,75.0,31.35
SAN MATEO,2018,5,0,20.0,35.5,28.5,3.0,90.0,69.0,32.0
SAN MATEO,2019,5,0,61.9,34.5,27.6,3.0,220.0,74.0,31.05
SAN MATEO,2020,5,0,190.2,34.9,27.8,2.0,90.0,75.0,31.35
SAN MATEO,2021,5,0,0.2,35.6,28.2,3.0,90.0,70.0,31.9
SAN MATEO,2022,5,0,232.2,34.1,27.1,3.0,90.0,75.0,30.6
SAN MATEO,2023,5,0,134.6,34.4,27.7,4.0,220.0,72.0,31.05
SAN MIGUEL,2010,5,0,36.8,34.89230769230769,27.876923076923077,4.0,110.0,73.61538461538461,31.38461538461539
SAN MIGUEL,2011,5,0,251.7,34.3,27.1,3.0,140.0,76.0,30.7
SAN MIGUEL,2013,5,0,47.4,35.0,28.0,3.0,140.0,75.0,31.5
SAN MIGUEL,2015,5,0,10.2,35.3,28.0,3.0,220.0,74.0,31.65
SAN MIGUEL,2016,5,0,93.4,34.8,28.3,3.0,90.0,73.0,31.55
SAN MIGUEL,2017,5,0,186.4,34.4,28.3,3.0,90.0,75.0,31.35
SAN MIGUEL,2018,5,0,20.0,35.5,28.5,3.0,90.0,69.0,32.0
SAN MIGUEL,2019,5,0,61.9,34.5,27.6,3.0,220.0,74.0,31.05
SAN MIGUEL,2020,5,0,190.2,34.9,27.8,2.0,90.0,75.0,31.35
SAN MIGUEL,2021,5,0,0.2,35.6,28.2,3.0,90.0,70.0,31.9
SAN MIGUEL,2022,5,0,232.2,34.1,27.1,3.0,90.0,75.0,30.6
SAN MIGUEL,2023,5,0,134.6,34.4,27.7,4.0,220.0,72.0,31.05
SAN MIGUEL II,2010,5,0,36.8,34.89230769230769,27.876923076923077,4.0,110.0,73.61538461538461,31.38461538461539
SAN MIGUEL II,2011,5,0,251.7,34.3,27.1,3.0,140.0,76.0,30.7
SAN MIGUEL II,2012,5,0,294.3,34.5,27.5,3.0,270.0,77.0,31.0
SAN MIGUEL II,2013,5,0,47.4,35.0,28.0,3.0,140.0,75.0,31.5
SAN MIGUEL II,2014,5,0,84.5,36.3,28.3,3.0,140.0,72.0,32.3
SAN MIGUEL II,2015,5,0,10.2,35.3,28.0,3.0,220.0,74.0,31.65
SAN MIGUEL II,2018,5,0,20.0,35.5,28.5,3.0,90.0,69.0,32.0
SAN MIGUEL II,2019,5,0,61.9,34.5,27.6,3.0,220.0,74.0,31.05
SAN MIGUEL II,2020,5,0,190.2,34.9,27.8,2.0,90.0,75.0,31.35
SAN MIGUEL II,2022,5,0,232.2,34.1,27.1,3.0,90.0,75.0,30.6
SAN NICOLAS I,2010,5,0,36.8,34.89230769230769,27.876923076923077,4.0,110.0,73.61538461538461,31.38461538461539
SAN NICOLAS I,2011,5,0,251.7,34.3,27.1,3.0,140.0,76.0,30.7
SAN NICOLAS I,2012,5,1,294.3,34.5,27.5,3.0,270.0,77.0,31.0
SAN NICOLAS I,2013,5,0,47.4,35.0,28.0,3.0,140.0,75.0,31.5
SAN NICOLAS I,2014,5,1,84.5,36.3,28.3,3.0,140.0,72.0,32.3
SAN NICOLAS I,2015,5,0,10.2,35.3,28.0,3.0,220.0,74.0,31.65
SAN NICOLAS I,2017,5,0,186.4,34.4,28.3,3.0,90.0,75.0,31.35
SAN NICOLAS I,2018,5,0,20.0,35.5,28.5,3.0,90.0,69.0,32.0
SAN NICOLAS I,2019,5,0,61.9,34.5,27.6,3.0,220.0,74.0,31.05
SAN NICOLAS I,2020,5,0,190.2,34.9,27.8,2.0,90.0,75.0,31.35
SAN NICOLAS I,2023,5,0,134.6,34.4,27.7,4.0,220.0,72.0,31.05
SAN NICOLAS II,2010,5,0,36.8,34.89230769230769,27.876923076923077,4.0,110.0,73.61538461538461,31.38461538461539
SAN NICOLAS II,2011,5,0,251.7,34.3,27.1,3.0,140.0,76.0,30.7
SAN NICOLAS II,2012,5,0,294.3,34.5,27.5,3.0,270.0,77.0,31.0
SAN NICOLAS II,2013,5,0,47.4,35.0,28.0,3.0,140.0,75.0,31.5
SAN NICOLAS II,2014,5,0,84.5,36.3,28.3,3.0,140.0,72.0,32.3
SAN NICOLAS II,2015,5,0,10.2,35.3,28.0,3.0,220.0,74.0,31.65
SAN NICOLAS II,2016,5,0,93.4,34.8,28.3,3.0,90.0,73.0,31.55
SAN NICOLAS II,2017,5,0,186.4,34.4,28.3,3.0,90.0,75.0,31.35
SAN NICOLAS II,2018,5,0,20.0,35.5,28.5,3.0,90.0,69.0,32.0
SAN NICOLAS II,2019,5,0,61.9,34.5,27.6,3.0,220.0,74.0,31.05
SAN NICOLAS II,2020,5,0,190.2,34.9,27.8,2.0,90.0,75.0,31.35
SAN NICOLAS II,2021,5,0,0.2,35.6,28.2,3.0,90.0,70.0,31.9
SAN NICOLAS II,2023,5,0,134.6,34.4,27.7,4.0,220.0,72.0,31.05
SAN ROQUE (STA. CRISTINA II),2010,5,0,36.8,34.89230769230769,27.876923076923077,4.0,110.0,73.61538461538461,31.38461538461539
SAN ROQUE (STA. CRISTINA II),2012,5,2,294.3,34.5,27.5,3.0,270.0,77.0,31.0
SAN ROQUE (STA. CRISTINA II),2014,5,2,84.5,36.3,28.3,3.0,140.0,72.0,32.3
SAN ROQUE (STA. CRISTINA II),2015,5,0,10.2,35.3,28.0,3.0,220.0,74.0,31.65
SAN ROQUE (STA. CRISTINA II),2016,5,0,93.4,34.8,28.3,3.0,90.0,73.0,31.55
SAN ROQUE (STA. CRISTINA II),2017,5,0,186.4,34.4,28.3,3.0,90.0,75.0,31.35
SAN ROQUE (STA. CRISTINA II),2018,5,0,20.0,35.5,28.5,3.0,90.0,69.0,32.0
SAN ROQUE (STA. CRISTINA II),2019,5,0,61.9,34.5,27.6,3.0,220.0,74.0,31.05
SAN ROQUE (STA. CRISTINA II),2020,5,0,190.2,34.9,27.8,2.0,90.0,75.0,31.35
SAN SIMON (BARANGAY 7),2010,5,0,36.8,34.89230769230769,27.876923076923077,4.0,110.0,73.61538461538461,31.38461538461539
SAN SIMON (BARANGAY 7),2011,5,0,251.7,34.3,27.1,3.0,140.0,76.0,30.7
SAN SIMON (BARANGAY 7),2012,5,0,294.3,34.5,27.5,3.0,270.0,77.0,31.0
SAN SIMON (BARANGAY 7),2013,5,0,47.4,35.0,28.0,3.0,140.0,75.0,31.5
SAN SIMON (BARANGAY 7),2014,5,0,84.5,36.3,28.3,3.0,140.0,72.0,32.3
SAN SIMON (BARANGAY 7),2015,5,0,10.2,35.3,28.0,3.0,220.0,74.0,31.65
SAN SIMON (BARANGAY 7),2016,5,0,93.4,34.8,28.3,3.0,90.0,73.0,31.55
SAN SIMON (BARANGAY 7),2017,5,0,186.4,34.4,28.3,3.0,90.0,75.0,31.35
SAN SIMON (BARANGAY 7),2018,5,0,20.0,35.5,28.5,3.0,90.0,69.0,32.0
SAN SIMON (BARANGAY 7),2019,5,0,61.9,34.5,27.6,3.0,220.0,74.0,31.05
SAN SIMON (BARANGAY 7),2020,5,0,190.2,34.9,27.8,2.0,90.0,75.0,31.35
SAN SIMON (BARANGAY 7),2021,5,0,0.2,35.6,28.2,3.0,90.0,70.0,31.9
SAN SIMON (BARANGAY 7),2022,5,0,232.2,34.1,27.1,3.0,90.0,75.0,30.6
SAN SIMON (BARANGAY 7),2023,5,0,134.6,34.4,27.7,4.0,220.0,72.0,31.05
SANTA CRISTINA I,2010,5,0,36.8,34.89230769230769,27.876923076923077,4.0,110.0,73.61538461538461,31.38461538461539
SANTA CRISTINA I,2011,5,0,251.7,34.3,27.1,3.0,140.0,76.0,30.7
SANTA CRISTINA I,2012,5,0,294.3,34.5,27.5,3.0,270.0,77.0,31.0
SANTA CRISTINA I,2013,5,0,47.4,35.0,28.0,3.0,140.0,75.0,31.5
SANTA CRISTINA I,2014,5,0,84.5,36.3,28.3,3.0,140.0,72.0,32.3
SANTA CRISTINA I,2015,5,0,10.2,35.3,28.0,3.0,220.0,74.0,31.65
SANTA CRISTINA I,2016,5,0,93.4,34.8,28.3,3.0,90.0,73.0,31.55
SANTA CRISTINA I,2017,5,1,186.4,34.4,28.3,3.0,90.0,75.0,31.35
SANTA CRISTINA I,2018,5,0,20.0,35.5,28.5,3.0,90.0,69.0,32.0
SANTA CRISTINA I,2019,5,0,61.9,34.5,27.6,3.0,220.0,74.0,31.05
SANTA CRISTINA I,2020,5,0,190.2,34.9,27.8,2.0,90.0,75.0,31.35
SANTA CRISTINA I,2021,5,0,0.2,35.6,28.2,3.0,90.0,70.0,31.9
SANTA CRISTINA I,2022,5,0,232.2,34.1,27.1,3.0,90.0,75.0,30.6
SANTA CRISTINA II,2010,5,0,36.8,34.89230769230769,27.876923076923077,4.0,110.0,73.61538461538461,31.38461538461539
SANTA CRISTINA II,2011,5,0,251.7,34.3,27.1,3.0,140.0,76.0,30.7
SANTA CRISTINA II,2012,5,0,294.3,34.5,27.5,3.0,270.0,77.0,31.0
SANTA CRISTINA II,2013,5,0,47.4,35.0,28.0,3.0,140.0,75.0,31.5
SANTA CRISTINA II,2014,5,0,84.5,36.3,28.3,3.0,140.0,72.0,32.3
SANTA CRISTINA II,2015,5,0,10.2,35.3,28.0,3.0,220.0,74.0,31.65
SANTA CRISTINA II,2016,5,0,93.4,34.8,28.3,3.0,90.0,73.0,31.55
SANTA CRISTINA II,2017,5,0,186.4,34.4,28.3,3.0,90.0,75.0,31.35
SANTA CRISTINA II,2018,5,0,20.0,35.5,28.5,3.0,90.0,69.0,32.0
SANTA CRISTINA II,2019,5,1,61.9,34.5,27.6,3.0,220.0,74.0,31.05
SANTA CRISTINA II,2020,5,0,190.2,34.9,27.8,2.0,90.0,75.0,31.35
SANTA CRISTINA II,2022,5,0,232.2,34.1,27.1,3.0,90.0,75.0,30.6
SANTA CRISTINA II,2023,5,0,134.6,34.4,27.7,4.0,220.0,72.0,31.05
SANTA CRUZ I,2010,5,0,36.8,34.89230769230769,27.876923076923077,4.0,110.0,73.61538461538461,31.38461538461539
SANTA CRUZ I,2011,5,0,251.7,34.3,27.1,3.0,140.0,76.0,30.7
SANTA CRUZ I,2012,5,0,294.3,34.5,27.5,3.0,270.0,77.0,31.0
SANTA CRUZ I,2013,5,0,47.4,35.0,28.0,3.0,140.0,75.0,31.5
SANTA CRUZ I,2014,5,0,84.5,36.3,28.3,3.0,140.0,72.0,32.3
SANTA CRUZ I,2015,5,0,10.2,35.3,28.0,3.0,220.0,74.0,31.65
SANTA CRUZ I,2016,5,0,93.4,34.8,28.3,3.0,90.0,73.0,31.55
SANTA CRUZ I,2017,5,0,186.4,34.4,28.3,3.0,90.0,75.0,31.35
SANTA CRUZ I,2018,5,0,20.0,35.5,28.5,3.0,90.0,69.0,32.0
SANTA CRUZ I,2019,5,0,61.9,34.5,27.6,3.0,220.0,74.0,31.05
SANTA CRUZ I,2020,5,0,190.2,34.9,27.8,2.0,90.0,75.0,31.35
SANTA CRUZ I,2021,5,0,0.2,35.6,28.2,3.0,90.0,70.0,31.9
SANTA CRUZ I,2022,5,0,232.2,34.1,27.1,3.0,90.0,75.0,30.6
SANTA CRUZ II,2010,5,0,36.8,34.89230769230769,27.876923076923077,4.0,110.0,73.61538461538461,31.38461538461539
SANTA CRUZ II,2011,5,0,251.7,34.3,27.1,3.0,140.0,76.0,30.7
SANTA CRUZ II,2012,5,0,294.3,34.5,27.5,3.0,270.0,77.0,31.0
SANTA CRUZ II,2013,5,0,47.4,35.0,28.0,3.0,140.0,75.0,31.5
SANTA CRUZ II,2014,5,0,84.5,36.3,28.3,3.0,140.0,72.0,32.3
SANTA CRUZ II,2015,5,0,10.2,35.3,28.0,3.0,220.0,74.0,31.65
SANTA CRUZ II,2016,5,0,93.4,34.8,28.3,3.0,90.0,73.0,31.55
SANTA CRUZ II,2017,5,1,186.4,34.4,28.3,3.0,90.0,75.0,31.35
SANTA CRUZ II,2019,5,0,61.9,34.5,27.6,3.0,220.0,74.0,31.05
SANTA CRUZ II,2020,5,0,190.2,34.9,27.8,2.0,90.0,75.0,31.35
SANTA CRUZ II,2021,5,0,0.2,35.6,28.2,3.0,90.0,70.0,31.9
SANTA CRUZ II,2022,5,0,232.2,34.1,27.1,3.0,90.0,75.0,30.6
SANTA CRUZ II,2023,5,0,134.6,34.4,27.7,4.0,220.0,72.0,31.05
SANTA FE,2010,5,0,36.8,34.89230769230769,27.876923076923077,4.0,110.0,73.61538461538461,31.38461538461539
SANTA FE,2011,5,0,251.7,34.3,27.1,3.0,140.0,76.0,30.7
SANTA FE,2012,5,0,294.3,34.5,27.5,3.0,270.0,77.0,31.0
SANTA FE,2013,5,0,47.4,35.0,28.0,3.0,140.0,75.0,31.5
SANTA FE,2014,5,0,84.5,36.3,28.3,3.0,140.0,72.0,32.3
SANTA FE,2015,5,0,10.2,35.3,28.0,3.0,220.0,74.0,31.65
SANTA FE,2016,5,0,93.4,34.8,28.3,3.0,90.0,73.0,31.55
SANTA FE,2017,5,0,186.4,34.4,28.3,3.0,90.0,75.0,31.35
SANTA FE,2018,5,1,20.0,35.5,28.5,3.0,90.0,69.0,32.0
SANTA FE,2019,5,1,61.9,34.5,27.6,3.0,220.0,74.0,31.05
SANTA FE,2020,5,0,190.2,34.9,27.8,2.0,90.0,75.0,31.35
SANTA FE,2021,5,0,0.2,35.6,28.2,3.0,90.0,70.0,31.9
SANTA FE,2023,5,0,134.6,34.4,27.7,4.0,220.0,72.0,31.05
SANTA LUCIA (SAN JUAN II),2010,5,0,36.8,34.89230769230769,27.876923076923077,4.0,110.0,73.61538461538461,31.38461538461539
SANTA LUCIA (SAN JUAN II),2011,5,0,251.7,34.3,27.1,3.0,140.0,76.0,30.7
SANTA LUCIA (SAN JUAN II),2012,5,0,294.3,34.5,27.5,3.0,270.0,77.0,31.0
SANTA LUCIA (SAN JUAN II),2013,5,0,47.4,35.0,28.0,3.0,140.0,75.0,31.5
SANTA LUCIA (SAN JUAN II),2014,5,0,84.5,36.3,28.3,3.0,140.0,72.0,32.3
SANTA LUCIA (SAN JUAN II),2015,5,0,10.2,35.3,28.0,3.0,220.0,74.0,31.65
SANTA LUCIA (SAN JUAN II),2016,5,0,93.4,34.8,28.3,3.0,90.0,73.0,31.55
SANTA LUCIA (SAN JUAN II),2017,5,0,186.4,34.4,28.3,3.0,90.0,75.0,31.35
SANTA LUCIA (SAN JUAN II),2018,5,0,20.0,35.5,28.5,3.0,90.0,69.0,32.0
SANTA LUCIA (SAN JUAN II),2019,5,0,61.9,34.5,27.6,3.0,220.0,74.0,31.05
SANTA LUCIA (SAN JUAN II),2020,5,0,190.2,34.9,27.8,2.0,90.0,75.0,31.35
SANTA LUCIA (SAN JUAN II),2021,5,0,0.2,35.6,28.2,3.0,90.0,70.0,31.9
SANTA LUCIA (SAN JUAN II),2022,5,0,232.2,34.1,27.1,3.0,90.0,75.0,30.6
SANTA LUCIA (SAN JUAN II),2023,5,0,134.6,34.4,27.7,4.0,220.0,72.0,31.05
SANTA MARIA (BARANGAY 20),2010,5,0,36.8,34.89230769230769,27.876923076923077,4.0,110.0,73.61538461538461,31.38461538461539
SANTA MARIA (BARANGAY 20),2011,5,0,251.7,34.3,27.1,3.0,140.0,76.0,30.7
SANTA MARIA (BARANGAY 20),2012,5,0,294.3,34.5,27.5,3.0,270.0,77.0,31.0
SANTA MARIA (BARANGAY 20),2013,5,0,47.4,35.0,28.0,3.0,140.0,75.0,31.5
SANTA MARIA (BARANGAY 20),2014,5,0,84.5,36.3,28.3,3.0,140.0,72.0,32.3
SANTA MARIA (BARANGAY 20),2015,5,0,10.2,35.3,28.0,3.0,220.0,74.0,31.65
SANTA MARIA (BARANGAY 20),2016,5,0,93.4,34.8,28.3,3.0,90.0,73.0,31.55
SANTA MARIA (BARANGAY 20),2017,5,0,186.4,34.4,28.3,3.0,90.0,75.0,31.35
SANTA MARIA (BARANGAY 20),2018,5,0,20.0,35.5,28.5,3.0,90.0,69.0,32.0
SANTA MARIA (BARANGAY 20),2019,5,0,61.9,34.5,27.6,3.0,220.0,74.0,31.05
SANTA MARIA (BARANGAY 20),2020,5,0,190.2,34.9,27.8,2.0,90.0,75.0,31.35
SANTA MARIA (BARANGAY 20),2021,5,1,0.2,35.6,28.2,3.0,90.0,70.0,31.9
SANTA MARIA (BARANGAY 20),2022,5,0,232.2,34.1,27.1,3.0,90.0,75.0,30.6
SANTA MARIA (BARANGAY 20),2023,5,0,134.6,34.4,27.7,4.0,220.0,72.0,31.05
SANTO CRISTO (BARANGAY III),2010,5,0,36.8,34.89230769230769,27.876923076923077,4.0,110.0,73.61538461538461,31.38461538461539
SANTO CRISTO (BARANGAY III),2011,5,0,251.7,34.3,27.1,3.0,140.0,76.0,30.7
SANTO CRISTO (BARANGAY III),2012,5,0,294.3,34.5,27.5,3.0,270.0,77.0,31.0
SANTO CRISTO (BARANGAY III),2013,5,0,47.4,35.0,28.0,3.0,140.0,75.0,31.5
SANTO CRISTO (BARANGAY III),2014,5,0,84.5,36.3,28.3,3.0,140.0,72.0,32.3
SANTO CRISTO (BARANGAY III),2015,5,1,10.2,35.3,28.0,3.0,220.0,74.0,31.65
SANTO CRISTO (BARANGAY III),2016,5,0,93.4,34.8,28.3,3.0,90.0,73.0,31.55
SANTO CRISTO (BARANGAY III),2017,5,0,186.4,34.4,28.3,3.0,90.0,75.0,31.35
SANTO CRISTO (BARANGAY III),2018,5,0,20.0,35.5,28.5,3.0,90.0,69.0,32.0
SANTO CRISTO (BARANGAY III),2019,5,0,61.9,34.5,27.6,3.0,220.0,74.0,31.05
SANTO CRISTO (BARANGAY III),2020,5,0,190.2,34.9,27.8,2.0,90.0,75.0,31.35
SANTO CRISTO (BARANGAY III),2021,5,1,0.2,35.6,28.2,3.0,90.0,70.0,31.9
SANTO CRISTO (BARANGAY III),2022,5,0,232.2,34.1,27.1,3.0,90.0,75.0,30.6
SANTO CRISTO (BARANGAY III),2023,5,0,134.6,34.4,27.7,4.0,220.0,72.0,31.05
SANTO NIÑO I,2010,5,0,36.8,34.89230769230769,27.876923076923077,4.0,110.0,73.61538461538461,31.38461538461539
SANTO NIÑO I,2011,5,0,251.7,34.3,27.1,3.0,140.0,76.0,30.7
SANTO NIÑO I,2012,5,0,294.3,34.5,27.5,3.0,270.0,77.0,31.0
SANTO NIÑO I,2013,5,0,47.4,35.0,28.0,3.0,140.0,75.0,31.5
SANTO NIÑO I,2014,5,0,84.5,36.3,28.3,3.0,140.0,72.0,32.3
SANTO NIÑO I,2015,5,0,10.2,35.3,28.0,3.0,220.0,74.0,31.65
SANTO NIÑO I,2016,5,0,93.4,34.8,28.3,3.0,90.0,73.0,31.55
SANTO NIÑO I,2017,5,0,186.4,34.4,28.3,3.0,90.0,75.0,31.35
SANTO NIÑO I,2018,5,0,20.0,35.5,28.5,3.0,90.0,69.0,32.0
SANTO NIÑO I,2019,5,0,61.9,34.5,27.6,3.0,220.0,74.0,31.05
SANTO NIÑO I,2020,5,0,190.2,34.9,27.8,2.0,90.0,75.0,31.35
SANTO NIÑO I,2021,5,0,0.2,35.6,28.2,3.0,90.0,70.0,31.9
SANTO NIÑO I,2022,5,0,232.2,34.1,27.1,3.0,90.0,75.0,30.6
SANTO NIÑO I,2023,5,1,134.6,34.4,27.7,4.0,220.0,72.0,31.05
SANTO NIÑO II,2010,5,0,36.8,34.89230769230769,27.876923076923077,4.0,110.0,73.61538461538461,31.38461538461539
SANTO NIÑO II,2011,5,0,251.7,34.3,27.1,3.0,140.0,76.0,30.7
SANTO NIÑO II,2012,5,1,294.3,34.5,27.5,3.0,270.0,77.0,31.0
SANTO NIÑO II,2014,5,1,84.5,36.3,28.3,3.0,140.0,72.0,32.3
SANTO NIÑO II,2015,5,0,10.2,35.3,28.0,3.0,220.0,74.0,31.65
SANTO NIÑO II,2016,5,0,93.4,34.8,28.3,3.0,90.0,73.0,31.55
SANTO NIÑO II,2017,5,0,186.4,34.4,28.3,3.0,90.0,75.0,31.35
SANTO NIÑO II,2018,5,0,20.0,35.5,28.5,3.0,90.0,69.0,32.0
SANTO NIÑO II,2019,5,0,61.9,34.5,27.6,3.0,220.0,74.0,31.05
SANTO NIÑO II,2020,5,0,190.2,34.9,27.8,2.0,90.0,75.0,31.35
SANTO NIÑO II,2023,5,0,134.6,34.4,27.7,4.0,220.0,72.0,31.05
VICTORIA REYES,2010,5,0,36.8,34.89230769230769,27.876923076923077,4.0,110.0,73.61538461538461,31.38461538461539
VICTORIA REYES,2011,5,0,251.7,34.3,27.1,3.0,140.0,76.0,30.7
VICTORIA REYES,2012,5,0,294.3,34.5,27.5,3.0,270.0,77.0,31.0
VICTORIA REYES,2013,5,0,47.4,35.0,28.0,3.0,140.0,75.0,31.5
VICTORIA REYES,2014,5,0,84.5,36.3,28.3,3.0,140.0,72.0,32.3
VICTORIA REYES,2015,5,0,10.2,35.3,28.0,3.0,220.0,74.0,31.65
VICTORIA REYES,2016,5,1,93.4,34.8,28.3,3.0,90.0,73.0,31.55
VICTORIA REYES,2017,5,0,186.4,34.4,28.3,3.0,90.0,75.0,31.35
VICTORIA REYES,2018,5,0,20.0,35.5,28.5,3.0,90.0,69.0,32.0
VICTORIA REYES,2019,5,1,61.9,34.5,27.6,3.0,220.0,74.0,31.05
VICTORIA REYES,2020,5,0,190.2,34.9,27.8,2.0,90.0,75.0,31.35
VICTORIA REYES,2021,5,0,0.2,35.6,28.2,3.0,90.0,70.0,31.9
VICTORIA REYES,2022,5,1,232.2,34.1,27.1,3.0,90.0,75.0,30.6
VICTORIA REYES,2023,5,0,134.6,34.4,27.7,4.0,220.0,72.0,31.05
ZONE I,2010,5,0,36.8,34.89230769230769,27.876923076923077,4.0,110.0,73.61538461538461,31.38461538461539
ZONE I,2011,5,1,251.7,34.3,27.1,3.0,140.0,76.0,30.7
ZONE I,2019,5,0,61.9,34.5,27.6,3.0,220.0,74.0,31.05
ZONE I-B,2010,5,0,36.8,34.89230769230769,27.876923076923077,4.0,110.0,73.61538461538461,31.38461538461539
ZONE I-B,2011,5,0,251.7,34.3,27.1,3.0,140.0,76.0,30.7
ZONE I-B,2012,5,1,294.3,34.5,27.5,3.0,270.0,77.0,31.0
ZONE I-B,2013,5,1,47.4,35.0,28.0,3.0,140.0,75.0,31.5
ZONE I-B,2014,5,1,84.5,36.3,28.3,3.0,140.0,72.0,32.3
ZONE I-B,2015,5,1,10.2,35.3,28.0,3.0,220.0,74.0,31.65
ZONE I-B,2016,5,0,93.4,34.8,28.3,3.0,90.0,73.0,31.55
ZONE I-B,2017,5,0,186.4,34.4,28.3,3.0,90.0,75.0,31.35
ZONE I-B,2018,5,0,20.0,35.5,28.5,3.0,90.0,69.0,32.0
ZONE I-B,2019,5,3,61.9,34.5,27.6,3.0,220.0,74.0,31.05
ZONE I-B,2020,5,0,190.2,34.9,27.8,2.0,90.0,75.0,31.35
ZONE I-B,2021,5,0,0.2,35.6,28.2,3.0,90.0,70.0,31.9
ZONE I-B,2022,5,0,232.2,34.1,27.1,3.0,90.0,75.0,30.6
ZONE I-B,2023,5,0,134.6,34.4,27.7,4.0,220.0,72.0,31.05
ZONE II,2010,5,0,36.8,34.89230769230769,27.876923076923077,4.0,110.0,73.61538461538461,31.38461538461539
ZONE II,2011,5,0,251.7,34.3,27.1,3.0,140.0,76.0,30.7
ZONE II,2019,5,0,61.9,34.5,27.6,3.0,220.0,74.0,31.05
ZONE III,2010,5,0,36.8,34.89230769230769,27.876923076923077,4.0,110.0,73.61538461538461,31.38461538461539
ZONE III,2011,5,2,251.7,34.3,27.1,3.0,140.0,76.0,30.7
ZONE III,2015,5,0,10.2,35.3,28.0,3.0,220.0,74.0,31.65
ZONE III,2023,5,0,134.6,34.4,27.7,4.0,220.0,72.0,31.05
ZONE IV,2010,5,0,36.8,34.89230769230769,27.876923076923077,4.0,110.0,73.61538461538461,31.38461538461539
ZONE IV,2011,5,0,251.7,34.3,27.1,3.0,140.0,76.0,30.7
ZONE IV,2013,5,0,47.4,35.0,28.0,3.0,140.0,75.0,31.5
ZONE IV,2015,5,0,10.2,35.3,28.0,3.0,220.0,74.0,31.65
ZONE IV,2019,5,0,61.9,34.5,27.6,3.0,220.0,74.0,31.05
ZONE IV,2023,5,0,134.6,34.4,27.7,4.0,220.0,72.0,31.05
BUROL,2010,6,0,151.2,33.31538461538462,27.09230769230769,3.0,180.0,78.53846153846153,30.20384615384616
BUROL,2011,6,1,744.5,32.0,26.4,3.0,140.0,83.0,29.2
BUROL,2012,6,0,232.0,32.2,26.7,3.0,270.0,81.0,29.450000000000003
BUROL,2013,6,0,290.9,34.1,27.1,2.0,140.0,80.0,30.6
BUROL,2014,6,0,321.4,33.2,27.0,2.0,270.0,80.0,30.1
BUROL,2015,6,0,166.8,34.6,27.7,3.0,110.0,77.0,31.15
BUROL,2016,6,1,182.2,33.4,27.5,3.0,220.0,79.0,30.45
BUROL,2017,6,2,105.1,33.6,27.7,3.0,220.0,79.0,30.65
BUROL,2018,6,1,723.0,31.6,26.5,3.0,220.0,82.0,29.05
BUROL,2019,6,1,271.1,34.5,27.4,3.0,90.0,75.0,30.95
BUROL,2020,6,0,269.5,34.1,27.5,3.0,90.0,75.0,30.8
BUROL,2021,6,0,121.5,32.8,26.8,3.0,220.0,77.0,29.8
BUROL,2022,6,3,74.0,33.8,27.2,2.0,90.0,75.0,30.5
BUROL,2023,6,0,200.4,33.2,26.7,3.0,220.0,78.0,29.950000000000003
BUROL I,2010,6,0,151.2,33.31538461538462,27.09230769230769,3.0,180.0,78.53846153846153,30.20384615384616
BUROL I,2011,6,4,744.5,32.0,26.4,3.0,140.0,83.0,29.2
BUROL I,2012,6,2,232.0,32.2,26.7,3.0,270.0,81.0,29.450000000000003
BUROL I,2013,6,0,290.9,34.1,27.1,2.0,140.0,80.0,30.6
BUROL I,2014,6,2,321.4,33.2,27.0,2.0,270.0,80.0,30.1
BUROL I,2015,6,1,166.8,34.6,27.7,3.0,110.0,77.0,31.15
BUROL I,2016,6,1,182.2,33.4,27.5,3.0,220.0,79.0,30.45
BUROL I,2017,6,0,105.1,33.6,27.7,3.0,220.0,79.0,30.65
BUROL I,2018,6,0,723.0,31.6,26.5,3.0,220.0,82.0,29.05
BUROL I,2019,6,2,271.1,34.5,27.4,3.0,90.0,75.0,30.95
BUROL I,2020,6,1,269.5,34.1,27.5,3.0,90.0,75.0,30.8
BUROL I,2021,6,0,121.5,32.8,26.8,3.0,220.0,77.0,29.8
BUROL I,2022,6,0,74.0,33.8,27.2,2.0,90.0,75.0,30.5
BUROL I,2023,6,0,200.4,33.2,26.7,3.0,220.0,78.0,29.950000000000003
BUROL II,2011,6,0,744.5,32.0,26.4,3.0,140.0,83.0,29.2
BUROL II,2012,6,1,232.0,32.2,26.7,3.0,270.0,81.0,29.450000000000003
BUROL II,2013,6,0,290.9,34.1,27.1,2.0,140.0,80.0,30.6
BUROL II,2014,6,1,321.4,33.2,27.0,2.0,270.0,80.0,30.1
BUROL II,2015,6,0,166.8,34.6,27.7,3.0,110.0,77.0,31.15
BUROL II,2016,6,0,182.2,33.4,27.5,3.0,220.0,79.0,30.45
BUROL II,2017,6,1,105.1,33.6,27.7,3.0,220.0,79.0,30.65
BUROL II,2018,6,0,723.0,31.6,26.5,3.0,220.0,82.0,29.05
BUROL II,2019,6,0,271.1,34.5,27.4,3.0,90.0,75.0,30.95
BUROL II,2020,6,0,269.5,34.1,27.5,3.0,90.0,75.0,30.8
BUROL II,2021,6,0,121.5,32.8,26.8,3.0,220.0,77.0,29.8
BUROL II,2023,6,0,200.4,33.2,26.7,3.0,220.0,78.0,29.950000000000003
BUROL III,2010,6,0,151.2,33.31538461538462,27.09230769230769,3.0,180.0,78.53846153846153,30.20384615384616
BUROL III,2011,6,0,744.5,32.0,26.4,3.0,140.0,83.0,29.2
BUROL III,2012,6,1,232.0,32.2,26.7,3.0,270.0,81.0,29.450000000000003
BUROL III,2013,6,0,290.9,34.1,27.1,2.0,140.0,80.0,30.6
BUROL III,2014,6,1,321.4,33.2,27.0,2.0,270.0,80.0,30.1
BUROL III,2015,6,0,166.8,34.6,27.7,3.0,110.0,77.0,31.15
BUROL III,2016,6,0,182.2,33.4,27.5,3.0,220.0,79.0,30.45
BUROL III,2017,6,0,105.1,33.6,27.7,3.0,220.0,79.0,30.65
BUROL III,2018,6,0,723.0,31.6,26.5,3.0,220.0,82.0,29.05
BUROL III,2019,6,2,271.1,34.5,27.4,3.0,90.0,75.0,30.95
BUROL III,2020,6,0,269.5,34.1,27.5,3.0,90.0,75.0,30.8
BUROL III,2021,6,0,121.5,32.8,26.8,3.0,220.0,77.0,29.8
BUROL III,2022,6,1,74.0,33.8,27.2,2.0,90.0,75.0,30.5
BUROL III,2023,6,1,200.4,33.2,26.7,3.0,220.0,78.0,29.950000000000003
DASMARIÑAS,2013,6,22,290.9,34.1,27.1,2.0,140.0,80.0,30.6
DATU ESMAEL (BAGO-A-INGUD),2010,6,0,151.2,33.31538461538462,27.09230769230769,3.0,180.0,78.53846153846153,30.20384615384616
DATU ESMAEL (BAGO-A-INGUD),2011,6,0,744.5,32.0,26.4,3.0,140.0,83.0,29.2
DATU ESMAEL (BAGO-A-INGUD),2012,6,0,232.0,32.2,26.7,3.0,270.0,81.0,29.450000000000003
DATU ESMAEL (BAGO-A-INGUD),2013,6,2,290.9,34.1,27.1,2.0,140.0,80.0,30.6
DATU ESMAEL (BAGO-A-INGUD),2014,6,0,321.4,33.2,27.0,2.0,270.0,80.0,30.1
DATU ESMAEL (BAGO-A-INGUD),2015,6,0,166.8,34.6,27.7,3.0,110.0,77.0,31.15
DATU ESMAEL (BAGO-A-INGUD),2016,6,2,182.2,33.4,27.5,3.0,220.0,79.0,30.45
DATU ESMAEL (BAGO-A-INGUD),2017,6,0,105.1,33.6,27.7,3.0,220.0,79.0,30.65
DATU ESMAEL (BAGO-A-INGUD),2018,6,0,723.0,31.6,26.5,3.0,220.0,82.0,29.05
DATU ESMAEL (BAGO-A-INGUD),2019,6,3,271.1,34.5,27.4,3.0,90.0,75.0,30.95
DATU ESMAEL (BAGO-A-INGUD),2020,6,0,269.5,34.1,27.5,3.0,90.0,75.0,30.8
DATU ESMAEL (BAGO-A-INGUD),2022,6,0,74.0,33.8,27.2,2.0,90.0,75.0,30.5
EMMANUEL BERGADO I,2010,6,0,151.2,33.31538461538462,27.09230769230769,3.0,180.0,78.53846153846153,30.20384615384616
EMMANUEL BERGADO I,2011,6,0,744.5,32.0,26.4,3.0,140.0,83.0,29.2
EMMANUEL BERGADO I,2012,6,1,232.0,32.2,26.7,3.0,270.0,81.0,29.450000000000003
EMMANUEL BERGADO I,2013,6,0,290.9,34.1,27.1,2.0,140.0,80.0,30.6
EMMANUEL BERGADO I,2014,6,1,321.4,33.2,27.0,2.0,270.0,80.0,30.1
EMMANUEL BERGADO I,2015,6,0,166.8,34.6,27.7,3.0,110.0,77.0,31.15
EMMANUEL BERGADO I,2016,6,0,182.2,33.4,27.5,3.0,220.0,79.0,30.45
EMMANUEL BERGADO I,2017,6,0,105.1,33.6,27.7,3.0,220.0,79.0,30.65
EMMANUEL BERGADO I,2018,6,0,723.0,31.6,26.5,3.0,220.0,82.0,29.05
EMMANUEL BERGADO I,2019,6,1,271.1,34.5,27.4,3.0,90.0,75.0,30.95
EMMANUEL BERGADO I,2020,6,0,269.5,34.1,27.5,3.0,90.0,75.0,30.8
EMMANUEL BERGADO I,2021,6,0,121.5,32.8,26.8,3.0,220.0,77.0,29.8
EMMANUEL BERGADO I,2022,6,0,74.0,33.8,27.2,2.0,90.0,75.0,30.5
EMMANUEL BERGADO I,2023,6,0,200.4,33.2,26.7,3.0,220.0,78.0,29.950000000000003
EMMANUEL BERGADO II,2010,6,0,151.2,33.31538461538462,27.09230769230769,3.0,180.0,78.53846153846153,30.20384615384616
EMMANUEL BERGADO II,2011,6,0,744.5,32.0,26.4,3.0,140.0,83.0,29.2
EMMANUEL BERGADO II,2012,6,0,232.0,32.2,26.7,3.0,270.0,81.0,29.450000000000003
EMMANUEL BERGADO II,2013,6,0,290.9,34.1,27.1,2.0,140.0,80.0,30.6
EMMANUEL BERGADO II,2014,6,0,321.4,33.2,27.0,2.0,270.0,80.0,30.1
EMMANUEL BERGADO II,2015,6,0,166.8,34.6,27.7,3.0,110.0,77.0,31.15
EMMANUEL BERGADO II,2016,6,0,182.2,33.4,27.5,3.0,220.0,79.0,30.45
EMMANUEL BERGADO II,2017,6,0,105.1,33.6,27.7,3.0,220.0,79.0,30.65
EMMANUEL BERGADO II,2018,6,0,723.0,31.6,26.5,3.0,220.0,82.0,29.05
EMMANUEL BERGADO II,2019,6,0,271.1,34.5,27.4,3.0,90.0,75.0,30.95
EMMANUEL BERGADO II,2020,6,0,269.5,34.1,27.5,3.0,90.0,75.0,30.8
EMMANUEL BERGADO II,2021,6,1,121.5,32.8,26.8,3.0,220.0,77.0,29.8
EMMANUEL BERGADO II,2022,6,0,74.0,33.8,27.2,2.0,90.0,75.0,30.5
EMMANUEL BERGADO II,2023,6,0,200.4,33.2,26.7,3.0,220.0,78.0,29.950000000000003
FATIMA I,2010,6,0,151.2,33.31538461538462,27.09230769230769,3.0,180.0,78.53846153846153,30.20384615384616
FATIMA I,2011,6,0,744.5,32.0,26.4,3.0,140.0,83.0,29.2
FATIMA I,2012,6,0,232.0,32.2,26.7,3.0,270.0,81.0,29.450000000000003
FATIMA I,2013,6,0,290.9,34.1,27.1,2.0,140.0,80.0,30.6
FATIMA I,2014,6,0,321.4,33.2,27.0,2.0,270.0,80.0,30.1
FATIMA I,2015,6,0,166.8,34.6,27.7,3.0,110.0,77.0,31.15
FATIMA I,2016,6,0,182.2,33.4,27.5,3.0,220.0,79.0,30.45
FATIMA I,2017,6,0,105.1,33.6,27.7,3.0,220.0,79.0,30.65
FATIMA I,2018,6,0,723.0,31.6,26.5,3.0,220.0,82.0,29.05
FATIMA I,2019,6,1,271.1,34.5,27.4,3.0,90.0,75.0,30.95
FATIMA I,2020,6,0,269.5,34.1,27.5,3.0,90.0,75.0,30.8
FATIMA I,2022,6,0,74.0,33.8,27.2,2.0,90.0,75.0,30.5
FATIMA I,2023,6,1,200.4,33.2,26.7,3.0,220.0,78.0,29.950000000000003
FATIMA II,2010,6,0,151.2,33.31538461538462,27.09230769230769,3.0,180.0,78.53846153846153,30.20384615384616
FATIMA II,2011,6,0,744.5,32.0,26.4,3.0,140.0,83.0,29.2
FATIMA II,2012,6,0,232.0,32.2,26.7,3.0,270.0,81.0,29.450000000000003
FATIMA II,2013,6,0,290.9,34.1,27.1,2.0,140.0,80.0,30.6
FATIMA II,2014,6,0,321.4,33.2,27.0,2.0,270.0,80.0,30.1
FATIMA II,2015,6,0,166.8,34.6,27.7,3.0,110.0,77.0,31.15
FATIMA II,2016,6,0,182.2,33.4,27.5,3.0,220.0,79.0,30.45
FATIMA II,2017,6,0,105.1,33.6,27.7,3.0,220.0,79.0,30.65
FATIMA II,2018,6,0,723.0,31.6,26.5,3.0,220.0,82.0,29.05
FATIMA II,2019,6,9,271.1,34.5,27.4,3.0,90.0,75.0,30.95
FATIMA II,2020,6,0,269.5,34.1,27.5,3.0,90.0,75.0,30.8
FATIMA II,2021,6,0,121.5,32.8,26.8,3.0,220.0,77.0,29.8
FATIMA II,2022,6,0,74.0,33.8,27.2,2.0,90.0,75.0,30.5
FATIMA II,2023,6,1,200.4,33.2,26.7,3.0,220.0,78.0,29.950000000000003
FATIMA III,2010,6,0,151.2,33.31538461538462,27.09230769230769,3.0,180.0,78.53846153846153,30.20384615384616
FATIMA III,2011,6,0,744.5,32.0,26.4,3.0,140.0,83.0,29.2
FATIMA III,2012,6,0,232.0,32.2,26.7,3.0,270.0,81.0,29.450000000000003
FATIMA III,2013,6,0,290.9,34.1,27.1,2.0,140.0,80.0,30.6
FATIMA III,2014,6,0,321.4,33.2,27.0,2.0,270.0,80.0,30.1
FATIMA III,2015,6,0,166.8,34.6,27.7,3.0,110.0,77.0,31.15
FATIMA III,2016,6,0,182.2,33.4,27.5,3.0,220.0,79.0,30.45
FATIMA III,2017,6,0,105.1,33.6,27.7,3.0,220.0,79.0,30.65
FATIMA III,2018,6,1,723.0,31.6,26.5,3.0,220.0,82.0,29.05
FATIMA III,2019,6,0,271.1,34.5,27.4,3.0,90.0,75.0,30.95
FATIMA III,2020,6,0,269.5,34.1,27.5,3.0,90.0,75.0,30.8
FATIMA III,2021,6,0,121.5,32.8,26.8,3.0,220.0,77.0,29.8
FATIMA III,2022,6,0,74.0,33.8,27.2,2.0,90.0,75.0,30.5
FATIMA III,2023,6,0,200.4,33.2,26.7,3.0,220.0,78.0,29.950000000000003
H-II,2010,6,0,151.2,33.31538461538462,27.09230769230769,3.0,180.0,78.53846153846153,30.20384615384616
H-II,2015,6,0,166.8,34.6,27.7,3.0,110.0,77.0,31.15
H-II,2017,6,0,105.1,33.6,27.7,3.0,220.0,79.0,30.65
H-II,2018,6,0,723.0,31.6,26.5,3.0,220.0,82.0,29.05
LANGKAAN I,2010,6,0,151.2,33.31538461538462,27.09230769230769,3.0,180.0,78.53846153846153,30.20384615384616
LANGKAAN I,2011,6,4,744.5,32.0,26.4,3.0,140.0,83.0,29.2
LANGKAAN I,2012,6,0,232.0,32.2,26.7,3.0,270.0,81.0,29.450000000000003
LANGKAAN I,2013,6,2,290.9,34.1,27.1,2.0,140.0,80.0,30.6
LANGKAAN I,2014,6,0,321.4,33.2,27.0,2.0,270.0,80.0,30.1
LANGKAAN I,2015,6,1,166.8,34.6,27.7,3.0,110.0,77.0,31.15
LANGKAAN I,2016,6,2,182.2,33.4,27.5,3.0,220.0,79.0,30.45
LANGKAAN I,2017,6,0,105.1,33.6,27.7,3.0,220.0,79.0,30.65
LANGKAAN I,2018,6,0,723.0,31.6,26.5,3.0,220.0,82.0,29.05
LANGKAAN I,2019,6,5,271.1,34.5,27.4,3.0,90.0,75.0,30.95
LANGKAAN I,2020,6,0,269.5,34.1,27.5,3.0,90.0,75.0,30.8
LANGKAAN I,2021,6,1,121.5,32.8,26.8,3.0,220.0,77.0,29.8
LANGKAAN I,2022,6,0,74.0,33.8,27.2,2.0,90.0,75.0,30.5
LANGKAAN I,2023,6,1,200.4,33.2,26.7,3.0,220.0,78.0,29.950000000000003
LANGKAAN II,2010,6,0,151.2,33.31538461538462,27.09230769230769,3.0,180.0,78.53846153846153,30.20384615384616
LANGKAAN II,2011,6,5,744.5,32.0,26.4,3.0,140.0,83.0,29.2
LANGKAAN II,2012,6,2,232.0,32.2,26.7,3.0,270.0,81.0,29.450000000000003
LANGKAAN II,2013,6,5,290.9,34.1,27.1,2.0,140.0,80.0,30.6
LANGKAAN II,2014,6,2,321.4,33.2,27.0,2.0,270.0,80.0,30.1
LANGKAAN II,2015,6,1,166.8,34.6,27.7,3.0,110.0,77.0,31.15
LANGKAAN II,2016,6,0,182.2,33.4,27.5,3.0,220.0,79.0,30.45
LANGKAAN II,2017,6,0,105.1,33.6,27.7,3.0,220.0,79.0,30.65
LANGKAAN II,2018,6,0,723.0,31.6,26.5,3.0,220.0,82.0,29.05
LANGKAAN II,2019,6,15,271.1,34.5,27.4,3.0,90.0,75.0,30.95
LANGKAAN II,2020,6,0,269.5,34.1,27.5,3.0,90.0,75.0,30.8
LANGKAAN II,2021,6,0,121.5,32.8,26.8,3.0,220.0,77.0,29.8
LANGKAAN II,2022,6,3,74.0,33.8,27.2,2.0,90.0,75.0,30.5
LANGKAAN II,2023,6,0,200.4,33.2,26.7,3.0,220.0,78.0,29.950000000000003
LUZVIMINDA I,2011,6,0,744.5,32.0,26.4,3.0,140.0,83.0,29.2
LUZVIMINDA I,2012,6,0,232.0,32.2,26.7,3.0,270.0,81.0,29.450000000000003
LUZVIMINDA I,2014,6,0,321.4,33.2,27.0,2.0,270.0,80.0,30.1
LUZVIMINDA I,2015,6,0,166.8,34.6,27.7,3.0,110.0,77.0,31.15
LUZVIMINDA I,2016,6,0,182.2,33.4,27.5,3.0,220.0,79.0,30.45
LUZVIMINDA I,2017,6,0,105.1,33.6,27.7,3.0,220.0,79.0,30.65
LUZVIMINDA I,2018,6,0,723.0,31.6,26.5,3.0,220.0,82.0,29.05
LUZVIMINDA I,2019,6,0,271.1,34.5,27.4,3.0,90.0,75.0,30.95
LUZVIMINDA I,2020,6,1,269.5,34.1,27.5,3.0,90.0,75.0,30.8
LUZVIMINDA I,2021,6,0,121.5,32.8,26.8,3.0,220.0,77.0,29.8
LUZVIMINDA I,2022,6,0,74.0,33.8,27.2,2.0,90.0,75.0,30.5
LUZVIMINDA I,2023,6,0,200.4,33.2,26.7,3.0,220.0,78.0,29.950000000000003
LUZVIMINDA II,2011,6,0,744.5,32.0,26.4,3.0,140.0,83.0,29.2
LUZVIMINDA II,2012,6,0,232.0,32.2,26.7,3.0,270.0,81.0,29.450000000000003
LUZVIMINDA II,2013,6,0,290.9,34.1,27.1,2.0,140.0,80.0,30.6
LUZVIMINDA II,2014,6,0,321.4,33.2,27.0,2.0,270.0,80.0,30.1
LUZVIMINDA II,2015,6,1,166.8,34.6,27.7,3.0,110.0,77.0,31.15
LUZVIMINDA II,2016,6,0,182.2,33.4,27.5,3.0,220.0,79.0,30.45
LUZVIMINDA II,2017,6,0,105.1,33.6,27.7,3.0,220.0,79.0,30.65
LUZVIMINDA II,2018,6,0,723.0,31.6,26.5,3.0,220.0,82.0,29.05
LUZVIMINDA II,2019,6,0,271.1,34.5,27.4,3.0,90.0,75.0,30.95
LUZVIMINDA II,2020,6,0,269.5,34.1,27.5,3.0,90.0,75.0,30.8
LUZVIMINDA II,2022,6,0,74.0,33.8,27.2,2.0,90.0,75.0,30.5
LUZVIMINDA II,2023,6,0,200.4,33.2,26.7,3.0,220.0,78.0,29.950000000000003
PALIPARAN I,2010,6,1,151.2,33.31538461538462,27.09230769230769,3.0,180.0,78.53846153846153,30.20384615384616
PALIPARAN I,2011,6,1,744.5,32.0,26.4,3.0,140.0,83.0,29.2
PALIPARAN I,2012,6,0,232.0,32.2,26.7,3.0,270.0,81.0,29.450000000000003
PALIPARAN I,2013,6,0,290.9,34.1,27.1,2.0,140.0,80.0,30.6
PALIPARAN I,2014,6,0,321.4,33.2,27.0,2.0,270.0,80.0,30.1
PALIPARAN I,2015,6,1,166.8,34.6,27.7,3.0,110.0,77.0,31.15
PALIPARAN I,2016,6,0,182.2,33.4,27.5,3.0,220.0,79.0,30.45
PALIPARAN I,2017,6,0,105.1,33.6,27.7,3.0,220.0,79.0,30.65
PALIPARAN I,2018,6,0,723.0,31.6,26.5,3.0,220.0,82.0,29.05
PALIPARAN I,2019,6,39,271.1,34.5,27.4,3.0,90.0,75.0,30.95
PALIPARAN I,2020,6,1,269.5,34.1,27.5,3.0,90.0,75.0,30.8
PALIPARAN I,2021,6,0,121.5,32.8,26.8,3.0,220.0,77.0,29.8
PALIPARAN I,2022,6,1,74.0,33.8,27.2,2.0,90.0,75.0,30.5
PALIPARAN I,2023,6,1,200.4,33.2,26.7,3.0,220.0,78.0,29.950000000000003
PALIPARAN II,2010,6,0,151.2,33.31538461538462,27.09230769230769,3.0,180.0,78.53846153846153,30.20384615384616
PALIPARAN II,2011,6,1,744.5,32.0,26.4,3.0,140.0,83.0,29.2
PALIPARAN II,2012,6,1,232.0,32.2,26.7,3.0,270.0,81.0,29.450000000000003
PALIPARAN II,2013,6,0,290.9,34.1,27.1,2.0,140.0,80.0,30.6
PALIPARAN II,2014,6,1,321.4,33.2,27.0,2.0,270.0,80.0,30.1
PALIPARAN II,2015,6,8,166.8,34.6,27.7,3.0,110.0,77.0,31.15
PALIPARAN II,2016,6,0,182.2,33.4,27.5,3.0,220.0,79.0,30.45
PALIPARAN II,2017,6,2,105.1,33.6,27.7,3.0,220.0,79.0,30.65
PALIPARAN II,2018,6,0,723.0,31.6,26.5,3.0,220.0,82.0,29.05
PALIPARAN II,2019,6,2,271.1,34.5,27.4,3.0,90.0,75.0,30.95
PALIPARAN II,2020,6,0,269.5,34.1,27.5,3.0,90.0,75.0,30.8
PALIPARAN II,2021,6,0,121.5,32.8,26.8,3.0,220.0,77.0,29.8
PALIPARAN II,2022,6,1,74.0,33.8,27.2,2.0,90.0,75.0,30.5
PALIPARAN II,2023,6,0,200.4,33.2,26.7,3.0,220.0,78.0,29.950000000000003
PALIPARAN III,2010,6,0,151.2,33.31538461538462,27.09230769230769,3.0,180.0,78.53846153846153,30.20384615384616
PALIPARAN III,2011,6,0,744.5,32.0,26.4,3.0,140.0,83.0,29.2
PALIPARAN III,2012,6,3,232.0,32.2,26.7,3.0,270.0,81.0,29.450000000000003
PALIPARAN III,2013,6,0,290.9,34.1,27.1,2.0,140.0,80.0,30.6
PALIPARAN III,2014,6,3,321.4,33.2,27.0,2.0,270.0,80.0,30.1
PALIPARAN III,2015,6,2,166.8,34.6,27.7,3.0,110.0,77.0,31.15
PALIPARAN III,2016,6,0,182.2,33.4,27.5,3.0,220.0,79.0,30.45
PALIPARAN III,2017,6,1,105.1,33.6,27.7,3.0,220.0,79.0,30.65
PALIPARAN III,2018,6,2,723.0,31.6,26.5,3.0,220.0,82.0,29.05
PALIPARAN III,2019,6,13,271.1,34.5,27.4,3.0,90.0,75.0,30.95
PALIPARAN III,2020,6,0,269.5,34.1,27.5,3.0,90.0,75.0,30.8
PALIPARAN III,2021,6,0,121.5,32.8,26.8,3.0,220.0,77.0,29.8
PALIPARAN III,2022,6,2,74.0,33.8,27.2,2.0,90.0,75.0,30.5
PALIPARAN III,2023,6,1,200.4,33.2,26.7,3.0,220.0,78.0,29.950000000000003
SABANG,2010,6,0,151.2,33.31538461538462,27.09230769230769,3.0,180.0,78.53846153846153,30.20384615384616
SABANG,2011,6,3,744.5,32.0,26.4,3.0,140.0,83.0,29.2
SABANG,2012,6,1,232.0,32.2,26.7,3.0,270.0,81.0,29.450000000000003
SABANG,2013,6,1,290.9,34.1,27.1,2.0,140.0,80.0,30.6
SABANG,2014,6,1,321.4,33.2,27.0,2.0,270.0,80.0,30.1
SABANG,2015,6,1,166.8,34.6,27.7,3.0,110.0,77.0,31.15
SABANG,2016,6,0,182.2,33.4,27.5,3.0,220.0,79.0,30.45
SABANG,2017,6,0,105.1,33.6,27.7,3.0,220.0,79.0,30.65
SABANG,2018,6,0,723.0,31.6,26.5,3.0,220.0,82.0,29.05
SABANG,2019,6,1,271.1,34.5,27.4,3.0,90.0,75.0,30.95
SABANG,2020,6,0,269.5,34.1,27.5,3.0,90.0,75.0,30.8
SABANG,2021,6,1,121.5,32.8,26.8,3.0,220.0,77.0,29.8
SABANG,2022,6,2,74.0,33.8,27.2,2.0,90.0,75.0,30.5
SABANG,2023,6,0,200.4,33.2,26.7,3.0,220.0,78.0,29.950000000000003
SAINT PETER I,2010,6,0,151.2,33.31538461538462,27.09230769230769,3.0,180.0,78.53846153846153,30.20384615384616
SAINT PETER I,2011,6,0,744.5,32.0,26.4,3.0,140.0,83.0,29.2
SAINT PETER I,2012,6,0,232.0,32.2,26.7,3.0,270.0,81.0,29.450000000000003
SAINT PETER I,2013,6,0,290.9,34.1,27.1,2.0,140.0,80.0,30.6
SAINT PETER I,2014,6,0,321.4,33.2,27.0,2.0,270.0,80.0,30.1
SAINT PETER I,2015,6,0,166.8,34.6,27.7,3.0,110.0,77.0,31.15
SAINT PETER I,2016,6,0,182.2,33.4,27.5,3.0,220.0,79.0,30.45
SAINT PETER I,2017,6,0,105.1,33.6,27.7,3.0,220.0,79.0,30.65
SAINT PETER I,2018,6,0,723.0,31.6,26.5,3.0,220.0,82.0,29.05
SAINT PETER I,2019,6,0,271.1,34.5,27.4,3.0,90.0,75.0,30.95
SAINT PETER I,2020,6,0,269.5,34.1,27.5,3.0,90.0,75.0,30.8
SAINT PETER I,2021,6,0,121.5,32.8,26.8,3.0,220.0,77.0,29.8
SAINT PETER I,2022,6,1,74.0,33.8,27.2,2.0,90.0,75.0,30.5
SAINT PETER II,2010,6,0,151.2,33.31538461538462,27.09230769230769,3.0,180.0,78.53846153846153,30.20384615384616
SAINT PETER II,2011,6,0,744.5,32.0,26.4,3.0,140.0,83.0,29.2
SAINT PETER II,2013,6,0,290.9,34.1,27.1,2.0,140.0,80.0,30.6
SAINT PETER II,2015,6,0,166.8,34.6,27.7,3.0,110.0,77.0,31.15
SAINT PETER II,2016,6,0,182.2,33.4,27.5,3.0,220.0,79.0,30.45
SAINT PETER II,2017,6,0,105.1,33.6,27.7,3.0,220.0,79.0,30.65
SAINT PETER II,2018,6,0,723.0,31.6,26.5,3.0,220.0,82.0,29.05
SAINT PETER II,2019,6,0,271.1,34.5,27.4,3.0,90.0,75.0,30.95
SAINT PETER II,2022,6,0,74.0,33.8,27.2,2.0,90.0,75.0,30.5
SAINT PETER II,2023,6,0,200.4,33.2,26.7,3.0,220.0,78.0,29.950000000000003
SALAWAG,2010,6,1,151.2,33.31538461538462,27.09230769230769,3.0,180.0,78.53846153846153,30.20384615384616
SALAWAG,2011,6,0,744.5,32.0,26.4,3.0,140.0,83.0,29.2
SALAWAG,2012,6,7,232.0,32.2,26.7,3.0,270.0,81.0,29.450000000000003
SALAWAG,2013,6,1,290.9,34.1,27.1,2.0,140.0,80.0,30.6
SALAWAG,2014,6,7,321.4,33.2,27.0,2.0,270.0,80.0,30.1
SALAWAG,2015,6,1,166.8,34.6,27.7,3.0,110.0,77.0,31.15
SALAWAG,2016,6,0,182.2,33.4,27.5,3.0,220.0,79.0,30.45
SALAWAG,2017,6,1,105.1,33.6,27.7,3.0,220.0,79.0,30.65
SALAWAG,2018,6,4,723.0,31.6,26.5,3.0,220.0,82.0,29.05
SALAWAG,2019,6,13,271.1,34.5,27.4,3.0,90.0,75.0,30.95
SALAWAG,2020,6,1,269.5,34.1,27.5,3.0,90.0,75.0,30.8
SALAWAG,2021,6,0,121.5,32.8,26.8,3.0,220.0,77.0,29.8
SALAWAG,2022,6,1,74.0,33.8,27.2,2.0,90.0,75.0,30.5
SALAWAG,2023,6,5,200.4,33.2,26.7,3.0,220.0,78.0,29.950000000000003
SALITRAN I,2010,6,0,151.2,33.31538461538462,27.09230769230769,3.0,180.0,78.53846153846153,30.20384615384616
SALITRAN I,2011,6,0,744.5,32.0,26.4,3.0,140.0,83.0,29.2
SALITRAN I,2012,6,1,232.0,32.2,26.7,3.0,270.0,81.0,29.450000000000003
SALITRAN I,2013,6,1,290.9,34.1,27.1,2.0,140.0,80.0,30.6
SALITRAN I,2014,6,1,321.4,33.2,27.0,2.0,270.0,80.0,30.1
SALITRAN I,2015,6,0,166.8,34.6,27.7,3.0,110.0,77.0,31.15
SALITRAN I,2016,6,1,182.2,33.4,27.5,3.0,220.0,79.0,30.45
SALITRAN I,2017,6,0,105.1,33.6,27.7,3.0,220.0,79.0,30.65
SALITRAN I,2018,6,0,723.0,31.6,26.5,3.0,220.0,82.0,29.05
SALITRAN I,2019,6,1,271.1,34.5,27.4,3.0,90.0,75.0,30.95
SALITRAN I,2020,6,0,269.5,34.1,27.5,3.0,90.0,75.0,30.8
SALITRAN I,2021,6,0,121.5,32.8,26.8,3.0,220.0,77.0,29.8
SALITRAN I,2022,6,0,74.0,33.8,27.2,2.0,90.0,75.0,30.5
SALITRAN I,2023,6,0,200.4,33.2,26.7,3.0,220.0,78.0,29.950000000000003
SALITRAN II,2010,6,0,151.2,33.31538461538462,27.09230769230769,3.0,180.0,78.53846153846153,30.20384615384616
SALITRAN II,2011,6,0,744.5,32.0,26.4,3.0,140.0,83.0,29.2
SALITRAN II,2012,6,4,232.0,32.2,26.7,3.0,270.0,81.0,29.450000000000003
SALITRAN II,2013,6,0,290.9,34.1,27.1,2.0,140.0,80.0,30.6
SALITRAN II,2014,6,4,321.4,33.2,27.0,2.0,270.0,80.0,30.1
SALITRAN II,2015,6,1,166.8,34.6,27.7,3.0,110.0,77.0,31.15
SALITRAN II,2016,6,2,182.2,33.4,27.5,3.0,220.0,79.0,30.45
SALITRAN II,2017,6,0,105.1,33.6,27.7,3.0,220.0,79.0,30.65
SALITRAN II,2018,6,1,723.0,31.6,26.5,3.0,220.0,82.0,29.05
SALITRAN II,2019,6,7,271.1,34.5,27.4,3.0,90.0,75.0,30.95
SALITRAN II,2020,6,0,269.5,34.1,27.5,3.0,90.0,75.0,30.8
SALITRAN II,2021,6,0,121.5,32.8,26.8,3.0,220.0,77.0,29.8
SALITRAN II,2022,6,1,74.0,33.8,27.2,2.0,90.0,75.0,30.5
SALITRAN II,2023,6,0,200.4,33.2,26.7,3.0,220.0,78.0,29.950000000000003
SALITRAN III,2010,6,0,151.2,33.31538461538462,27.09230769230769,3.0,180.0,78.53846153846153,30.20384615384616
SALITRAN III,2011,6,0,744.5,32.0,26.4,3.0,140.0,83.0,29.2
SALITRAN III,2012,6,2,232.0,32.2,26.7,3.0,270.0,81.0,29.450000000000003
SALITRAN III,2013,6,0,290.9,34.1,27.1,2.0,140.0,80.0,30.6
SALITRAN III,2014,6,2,321.4,33.2,27.0,2.0,270.0,80.0,30.1
SALITRAN III,2015,6,1,166.8,34.6,27.7,3.0,110.0,77.0,31.15
SALITRAN III,2016,6,0,182.2,33.4,27.5,3.0,220.0,79.0,30.45
SALITRAN III,2017,6,2,105.1,33.6,27.7,3.0,220.0,79.0,30.65
SALITRAN III,2018,6,1,723.0,31.6,26.5,3.0,220.0,82.0,29.05
SALITRAN III,2019,6,0,271.1,34.5,27.4,3.0,90.0,75.0,30.95
SALITRAN III,2020,6,0,269.5,34.1,27.5,3.0,90.0,75.0,30.8
SALITRAN III,2021,6,0,121.5,32.8,26.8,3.0,220.0,77.0,29.8
SALITRAN III,2022,6,0,74.0,33.8,27.2,2.0,90.0,75.0,30.5
SALITRAN III,2023,6,0,200.4,33.2,26.7,3.0,220.0,78.0,29.950000000000003
SALITRAN IV,2010,6,0,151.2,33.31538461538462,27.09230769230769,3.0,180.0,78.53846153846153,30.20384615384616
SALITRAN IV,2011,6,0,744.5,32.0,26.4,3.0,140.0,83.0,29.2
SALITRAN IV,2012,6,2,232.0,32.2,26.7,3.0,270.0,81.0,29.450000000000003
SALITRAN IV,2013,6,0,290.9,34.1,27.1,2.0,140.0,80.0,30.6
SALITRAN IV,2014,6,2,321.4,33.2,27.0,2.0,270.0,80.0,30.1
SALITRAN IV,2015,6,2,166.8,34.6,27.7,3.0,110.0,77.0,31.15
SALITRAN IV,2016,6,0,182.2,33.4,27.5,3.0,220.0,79.0,30.45
SALITRAN IV,2017,6,0,105.1,33.6,27.7,3.0,220.0,79.0,30.65
SALITRAN IV,2018,6,0,723.0,31.6,26.5,3.0,220.0,82.0,29.05
SALITRAN IV,2019,6,2,271.1,34.5,27.4,3.0,90.0,75.0,30.95
SALITRAN IV,2020,6,0,269.5,34.1,27.5,3.0,90.0,75.0,30.8
SALITRAN IV,2021,6,0,121.5,32.8,26.8,3.0,220.0,77.0,29.8
SALITRAN IV,2022,6,0,74.0,33.8,27.2,2.0,90.0,75.0,30.5
SALITRAN IV,2023,6,3,200.4,33.2,26.7,3.0,220.0,78.0,29.950000000000003
SAMPALOC I,2010,6,0,151.2,33.31538461538462,27.09230769230769,3.0,180.0,78.53846153846153,30.20384615384616
SAMPALOC I,2011,6,0,744.5,32.0,26.4,3.0,140.0,83.0,29.2
SAMPALOC I,2012,6,1,232.0,32.2,26.7,3.0,270.0,81.0,29.450000000000003
SAMPALOC I,2013,6,1,290.9,34.1,27.1,2.0,140.0,80.0,30.6
SAMPALOC I,2014,6,1,321.4,33.2,27.0,2.0,270.0,80.0,30.1
SAMPALOC I,2015,6,0,166.8,34.6,27.7,3.0,110.0,77.0,31.15
SAMPALOC I,2016,6,2,182.2,33.4,27.5,3.0,220.0,79.0,30.45
SAMPALOC I,2017,6,1,105.1,33.6,27.7,3.0,220.0,79.0,30.65
SAMPALOC I,2018,6,1,723.0,31.6,26.5,3.0,220.0,82.0,29.05
SAMPALOC I,2019,6,3,271.1,34.5,27.4,3.0,90.0,75.0,30.95
SAMPALOC I,2020,6,0,269.5,34.1,27.5,3.0,90.0,75.0,30.8
SAMPALOC I,2021,6,0,121.5,32.8,26.8,3.0,220.0,77.0,29.8
SAMPALOC I,2022,6,0,74.0,33.8,27.2,2.0,90.0,75.0,30.5
SAMPALOC I,2023,6,1,200.4,33.2,26.7,3.0,220.0,78.0,29.950000000000003
SAMPALOC II,2010,6,0,151.2,33.31538461538462,27.09230769230769,3.0,180.0,78.53846153846153,30.20384615384616
SAMPALOC II,2011,6,0,744.5,32.0,26.4,3.0,140.0,83.0,29.2
SAMPALOC II,2012,6,2,232.0,32.2,26.7,3.0,270.0,81.0,29.450000000000003
SAMPALOC II,2013,6,1,290.9,34.1,27.1,2.0,140.0,80.0,30.6
SAMPALOC II,2014,6,2,321.4,33.2,27.0,2.0,270.0,80.0,30.1
SAMPALOC II,2015,6,0,166.8,34.6,27.7,3.0,110.0,77.0,31.15
SAMPALOC II,2016,6,1,182.2,33.4,27.5,3.0,220.0,79.0,30.45
SAMPALOC II,2017,6,0,105.1,33.6,27.7,3.0,220.0,79.0,30.65
SAMPALOC II,2018,6,1,723.0,31.6,26.5,3.0,220.0,82.0,29.05
SAMPALOC II,2019,6,16,271.1,34.5,27.4,3.0,90.0,75.0,30.95
SAMPALOC II,2020,6,0,269.5,34.1,27.5,3.0,90.0,75.0,30.8
SAMPALOC II,2021,6,2,121.5,32.8,26.8,3.0,220.0,77.0,29.8
SAMPALOC II,2022,6,0,74.0,33.8,27.2,2.0,90.0,75.0,30.5
SAMPALOC II,2023,6,1,200.4,33.2,26.7,3.0,220.0,78.0,29.950000000000003
SAMPALOC III,2010,6,0,151.2,33.31538461538462,27.09230769230769,3.0,180.0,78.53846153846153,30.20384615384616
SAMPALOC III,2011,6,0,744.5,32.0,26.4,3.0,140.0,83.0,29.2
SAMPALOC III,2012,6,0,232.0,32.2,26.7,3.0,270.0,81.0,29.450000000000003
SAMPALOC III,2013,6,0,290.9,34.1,27.1,2.0,140.0,80.0,30.6
SAMPALOC III,2014,6,0,321.4,33.2,27.0,2.0,270.0,80.0,30.1
SAMPALOC III,2015,6,2,166.8,34.6,27.7,3.0,110.0,77.0,31.15
SAMPALOC III,2016,6,0,182.2,33.4,27.5,3.0,220.0,79.0,30.45
SAMPALOC III,2017,6,1,105.1,33.6,27.7,3.0,220.0,79.0,30.65
SAMPALOC III,2018,6,0,723.0,31.6,26.5,3.0,220.0,82.0,29.05
SAMPALOC III,2019,6,7,271.1,34.5,27.4,3.0,90.0,75.0,30.95
SAMPALOC III,2020,6,1,269.5,34.1,27.5,3.0,90.0,75.0,30.8
SAMPALOC III,2021,6,0,121.5,32.8,26.8,3.0,220.0,77.0,29.8
SAMPALOC III,2022,6,0,74.0,33.8,27.2,2.0,90.0,75.0,30.5
SAMPALOC III,2023,6,2,200.4,33.2,26.7,3.0,220.0,78.0,29.950000000000003
SAMPALOC IV,2010,6,0,151.2,33.31538461538462,27.09230769230769,3.0,180.0,78.53846153846153,30.20384615384616
SAMPALOC IV,2011,6,1,744.5,32.0,26.4,3.0,140.0,83.0,29.2
SAMPALOC IV,2012,6,0,232.0,32.2,26.7,3.0,270.0,81.0,29.450000000000003
SAMPALOC IV,2013,6,0,290.9,34.1,27.1,2.0,140.0,80.0,30.6
SAMPALOC IV,2014,6,0,321.4,33.2,27.0,2.0,270.0,80.0,30.1
SAMPALOC IV,2015,6,3,166.8,34.6,27.7,3.0,110.0,77.0,31.15
SAMPALOC IV,2016,6,0,182.2,33.4,27.5,3.0,220.0,79.0,30.45
SAMPALOC IV,2017,6,0,105.1,33.6,27.7,3.0,220.0,79.0,30.65
SAMPALOC IV,2018,6,1,723.0,31.6,26.5,3.0,220.0,82.0,29.05
SAMPALOC IV,2019,6,8,271.1,34.5,27.4,3.0,90.0,75.0,30.95
SAMPALOC IV,2020,6,0,269.5,34.1,27.5,3.0,90.0,75.0,30.8
SAMPALOC IV,2021,6,0,121.5,32.8,26.8,3.0,220.0,77.0,29.8
SAMPALOC IV,2022,6,2,74.0,33.8,27.2,2.0,90.0,75.0,30.5
SAMPALOC IV,2023,6,1,200.4,33.2,26.7,3.0,220.0,78.0,29.950000000000003
SAMPALOC V,2010,6,0,151.2,33.31538461538462,27.09230769230769,3.0,180.0,78.53846153846153,30.20384615384616
SAMPALOC V,2011,6,0,744.5,32.0,26.4,3.0,140.0,83.0,29.2
SAMPALOC V,2012,6,2,232.0,32.2,26.7,3.0,270.0,81.0,29.450000000000003
SAMPALOC V,2013,6,0,290.9,34.1,27.1,2.0,140.0,80.0,30.6
SAMPALOC V,2014,6,2,321.4,33.2,27.0,2.0,270.0,80.0,30.1
SAMPALOC V,2015,6,0,166.8,34.6,27.7,3.0,110.0,77.0,31.15
SAMPALOC V,2017,6,0,105.1,33.6,27.7,3.0,220.0,79.0,30.65
SAMPALOC V,2018,6,0,723.0,31.6,26.5,3.0,220.0,82.0,29.05
SAMPALOC V,2019,6,0,271.1,34.5,27.4,3.0,90.0,75.0,30.95
SAMPALOC V,2023,6,0,200.4,33.2,26.7,3.0,220.0,78.0,29.950000000000003
SAN AGUSTIN I,2010,6,0,151.2,33.31538461538462,27.09230769230769,3.0,180.0,78.53846153846153,30.20384615384616
SAN AGUSTIN I,2011,6,1,744.5,32.0,26.4,3.0,140.0,83.0,29.2
SAN AGUSTIN I,2012,6,1,232.0,32.2,26.7,3.0,270.0,81.0,29.450000000000003
SAN AGUSTIN I,2013,6,2,290.9,34.1,27.1,2.0,140.0,80.0,30.6
SAN AGUSTIN I,2014,6,1,321.4,33.2,27.0,2.0,270.0,80.0,30.1
SAN AGUSTIN I,2015,6,0,166.8,34.6,27.7,3.0,110.0,77.0,31.15
SAN AGUSTIN I,2016,6,0,182.2,33.4,27.5,3.0,220.0,79.0,30.45
SAN AGUSTIN I,2017,6,1,105.1,33.6,27.7,3.0,220.0,79.0,30.65
SAN AGUSTIN I,2018,6,2,723.0,31.6,26.5,3.0,220.0,82.0,29.05
SAN AGUSTIN I,2019,6,0,271.1,34.5,27.4,3.0,90.0,75.0,30.95
SAN AGUSTIN I,2020,6,0,269.5,34.1,27.5,3.0,90.0,75.0,30.8
SAN AGUSTIN I,2021,6,0,121.5,32.8,26.8,3.0,220.0,77.0,29.8
SAN AGUSTIN I,2022,6,0,74.0,33.8,27.2,2.0,90.0,75.0,30.5
SAN AGUSTIN I,2023,6,0,200.4,33.2,26.7,3.0,220.0,78.0,29.950000000000003
SAN AGUSTIN II,2010,6,0,151.2,33.31538461538462,27.09230769230769,3.0,180.0,78.53846153846153,30.20384615384616
SAN AGUSTIN II,2011,6,0,744.5,32.0,26.4,3.0,140.0,83.0,29.2
SAN AGUSTIN II,2012,6,0,232.0,32.2,26.7,3.0,270.0,81.0,29.450000000000003
SAN AGUSTIN II,2013,6,0,290.9,34.1,27.1,2.0,140.0,80.0,30.6
SAN AGUSTIN II,2014,6,0,321.4,33.2,27.0,2.0,270.0,80.0,30.1
SAN AGUSTIN II,2015,6,1,166.8,34.6,27.7,3.0,110.0,77.0,31.15
SAN AGUSTIN II,2016,6,0,182.2,33.4,27.5,3.0,220.0,79.0,30.45
SAN AGUSTIN II,2017,6,0,105.1,33.6,27.7,3.0,220.0,79.0,30.65
SAN AGUSTIN II,2018,6,1,723.0,31.6,26.5,3.0,220.0,82.0,29.05
SAN AGUSTIN II,2019,6,6,271.1,34.5,27.4,3.0,90.0,75.0,30.95
SAN AGUSTIN II,2020,6,0,269.5,34.1,27.5,3.0,90.0,75.0,30.8
SAN AGUSTIN II,2021,6,0,121.5,32.8,26.8,3.0,220.0,77.0,29.8
SAN AGUSTIN II,2022,6,1,74.0,33.8,27.2,2.0,90.0,75.0,30.5
SAN AGUSTIN II,2023,6,0,200.4,33.2,26.7,3.0,220.0,78.0,29.950000000000003
SAN AGUSTIN III,2010,6,0,151.2,33.31538461538462,27.09230769230769,3.0,180.0,78.53846153846153,30.20384615384616
SAN AGUSTIN III,2011,6,0,744.5,32.0,26.4,3.0,140.0,83.0,29.2
SAN AGUSTIN III,2012,6,1,232.0,32.2,26.7,3.0,270.0,81.0,29.450000000000003
SAN AGUSTIN III,2013,6,0,290.9,34.1,27.1,2.0,140.0,80.0,30.6
SAN AGUSTIN III,2014,6,1,321.4,33.2,27.0,2.0,270.0,80.0,30.1
SAN AGUSTIN III,2015,6,0,166.8,34.6,27.7,3.0,110.0,77.0,31.15
SAN AGUSTIN III,2016,6,0,182.2,33.4,27.5,3.0,220.0,79.0,30.45
SAN AGUSTIN III,2017,6,0,105.1,33.6,27.7,3.0,220.0,79.0,30.65
SAN AGUSTIN III,2018,6,0,723.0,31.6,26.5,3.0,220.0,82.0,29.05
SAN AGUSTIN III,2019,6,3,271.1,34.5,27.4,3.0,90.0,75.0,30.95
SAN AGUSTIN III,2020,6,0,269.5,34.1,27.5,3.0,90.0,75.0,30.8
SAN AGUSTIN III,2021,6,0,121.5,32.8,26.8,3.0,220.0,77.0,29.8
SAN AGUSTIN III,2022,6,0,74.0,33.8,27.2,2.0,90.0,75.0,30.5
SAN AGUSTIN III,2023,6,0,200.4,33.2,26.7,3.0,220.0,78.0,29.950000000000003
SAN ANDRES I,2010,6,0,151.2,33.31538461538462,27.09230769230769,3.0,180.0,78.53846153846153,30.20384615384616
SAN ANDRES I,2011,6,0,744.5,32.0,26.4,3.0,140.0,83.0,29.2
SAN ANDRES I,2012,6,0,232.0,32.2,26.7,3.0,270.0,81.0,29.450000000000003
SAN ANDRES I,2013,6,0,290.9,34.1,27.1,2.0,140.0,80.0,30.6
SAN ANDRES I,2014,6,0,321.4,33.2,27.0,2.0,270.0,80.0,30.1
SAN ANDRES I,2015,6,0,166.8,34.6,27.7,3.0,110.0,77.0,31.15
SAN ANDRES I,2016,6,0,182.2,33.4,27.5,3.0,220.0,79.0,30.45
SAN ANDRES I,2017,6,0,105.1,33.6,27.7,3.0,220.0,79.0,30.65
SAN ANDRES I,2018,6,0,723.0,31.6,26.5,3.0,220.0,82.0,29.05
SAN ANDRES I,2019,6,0,271.1,34.5,27.4,3.0,90.0,75.0,30.95
SAN ANDRES I,2020,6,0,269.5,34.1,27.5,3.0,90.0,75.0,30.8
SAN ANDRES I,2021,6,0,121.5,32.8,26.8,3.0,220.0,77.0,29.8
SAN ANDRES I,2022,6,0,74.0,33.8,27.2,2.0,90.0,75.0,30.5
SAN ANDRES I,2023,6,0,200.4,33.2,26.7,3.0,220.0,78.0,29.950000000000003
SAN ANDRES II,2011,6,0,744.5,32.0,26.4,3.0,140.0,83.0,29.2
SAN ANDRES II,2012,6,0,232.0,32.2,26.7,3.0,270.0,81.0,29.450000000000003
SAN ANDRES II,2014,6,0,321.4,33.2,27.0,2.0,270.0,80.0,30.1
SAN ANDRES II,2015,6,0,166.8,34.6,27.7,3.0,110.0,77.0,31.15
SAN ANDRES II,2016,6,0,182.2,33.4,27.5,3.0,220.0,79.0,30.45
SAN ANDRES II,2017,6,0,105.1,33.6,27.7,3.0,220.0,79.0,30.65
SAN ANDRES II,2018,6,0,723.0,31.6,26.5,3.0,220.0,82.0,29.05
SAN ANDRES II,2019,6,0,271.1,34.5,27.4,3.0,90.0,75.0,30.95
SAN ANDRES II,2020,6,0,269.5,34.1,27.5,3.0,90.0,75.0,30.8
SAN ANDRES II,2021,6,0,121.5,32.8,26.8,3.0,220.0,77.0,29.8
SAN ANDRES II,2022,6,0,74.0,33.8,27.2,2.0,90.0,75.0,30.5
SAN ANDRES II,2023,6,0,200.4,33.2,26.7,3.0,220.0,78.0,29.950000000000003
SAN ANTONIO DE PADUA I,2011,6,0,744.5,32.0,26.4,3.0,140.0,83.0,29.2
SAN ANTONIO DE PADUA I,2012,6,0,232.0,32.2,26.7,3.0,270.0,81.0,29.450000000000003
SAN ANTONIO DE PADUA I,2013,6,1,290.9,34.1,27.1,2.0,140.0,80.0,30.6
SAN ANTONIO DE PADUA I,2014,6,0,321.4,33.2,27.0,2.0,270.0,80.0,30.1
SAN ANTONIO DE PADUA I,2015,6,0,166.8,34.6,27.7,3.0,110.0,77.0,31.15
SAN ANTONIO DE PADUA I,2016,6,0,182.2,33.4,27.5,3.0,220.0,79.0,30.45
SAN ANTONIO DE PADUA I,2017,6,1,105.1,33.6,27.7,3.0,220.0,79.0,30.65
SAN ANTONIO DE PADUA I,2018,6,0,723.0,31.6,26.5,3.0,220.0,82.0,29.05
SAN ANTONIO DE PADUA I,2019,6,0,271.1,34.5,27.4,3.0,90.0,75.0,30.95
SAN ANTONIO DE PADUA I,2020,6,0,269.5,34.1,27.5,3.0,90.0,75.0,30.8
SAN ANTONIO DE PADUA I,2021,6,0,121.5,32.8,26.8,3.0,220.0,77.0,29.8
SAN ANTONIO DE PADUA I,2022,6,1,74.0,33.8,27.2,2.0,90.0,75.0,30.5
SAN ANTONIO DE PADUA I,2023,6,0,200.4,33.2,26.7,3.0,220.0,78.0,29.950000000000003
SAN ANTONIO DE PADUA II,2010,6,0,151.2,33.31538461538462,27.09230769230769,3.0,180.0,78.53846153846153,30.20384615384616
SAN ANTONIO DE PADUA II,2011,6,0,744.5,32.0,26.4,3.0,140.0,83.0,29.2
SAN ANTONIO DE PADUA II,2012,6,0,232.0,32.2,26.7,3.0,270.0,81.0,29.450000000000003
SAN ANTONIO DE PADUA II,2013,6,0,290.9,34.1,27.1,2.0,140.0,80.0,30.6
SAN ANTONIO DE PADUA II,2014,6,0,321.4,33.2,27.0,2.0,270.0,80.0,30.1
SAN ANTONIO DE PADUA II,2015,6,0,166.8,34.6,27.7,3.0,110.0,77.0,31.15
SAN ANTONIO DE PADUA II,2016,6,0,182.2,33.4,27.5,3.0,220.0,79.0,30.45
SAN ANTONIO DE PADUA II,2017,6,0,105.1,33.6,27.7,3.0,220.0,79.0,30.65
SAN ANTONIO DE PADUA II,2018,6,0,723.0,31.6,26.5,3.0,220.0,82.0,29.05
SAN ANTONIO DE PADUA II,2019,6,0,271.1,34.5,27.4,3.0,90.0,75.0,30.95
SAN ANTONIO DE PADUA II,2020,6,0,269.5,34.1,27.5,3.0,90.0,75.0,30.8
SAN ANTONIO DE PADUA II,2021,6,0,121.5,32.8,26.8,3.0,220.0,77.0,29.8
SAN ANTONIO DE PADUA II,2022,6,0,74.0,33.8,27.2,2.0,90.0,75.0,30.5
SAN ANTONIO DE PADUA II,2023,6,0,200.4,33.2,26.7,3.0,220.0,78.0,29.950000000000003
SAN DIONISIO (BARANGAY I),2010,6,0,151.2,33.31538461538462,27.09230769230769,3.0,180.0,78.53846153846153,30.20384615384616
SAN DIONISIO (BARANGAY I),2011,6,0,744.5,32.0,26.4,3.0,140.0,83.0,29.2
SAN DIONISIO (BARANGAY I),2012,6,0,232.0,32.2,26.7,3.0,270.0,81.0,29.450000000000003
SAN DIONISIO (BARANGAY I),2013,6,0,290.9,34.1,27.1,2.0,140.0,80.0,30.6
SAN DIONISIO (BARANGAY I),2014,6,0,321.4,33.2,27.0,2.0,270.0,80.0,30.1
SAN DIONISIO (BARANGAY I),2015,6,0,166.8,34.6,27.7,3.0,110.0,77.0,31.15
SAN DIONISIO (BARANGAY I),2016,6,0,182.2,33.4,27.5,3.0,220.0,79.0,30.45
SAN DIONISIO (BARANGAY I),2017,6,0,105.1,33.6,27.7,3.0,220.0,79.0,30.65
SAN DIONISIO (BARANGAY I),2018,6,0,723.0,31.6,26.5,3.0,220.0,82.0,29.05
SAN DIONISIO (BARANGAY I),2019,6,1,271.1,34.5,27.4,3.0,90.0,75.0,30.95
SAN DIONISIO (BARANGAY I),2021,6,0,121.5,32.8,26.8,3.0,220.0,77.0,29.8
SAN DIONISIO (BARANGAY I),2022,6,0,74.0,33.8,27.2,2.0,90.0,75.0,30.5
SAN DIONISIO (BARANGAY I),2023,6,0,200.4,33.2,26.7,3.0,220.0,78.0,29.950000000000003
SAN ESTEBAN (BARANGAY IV),2010,6,0,151.2,33.31538461538462,27.09230769230769,3.0,180.0,78.53846153846153,30.20384615384616
SAN ESTEBAN (BARANGAY IV),2011,6,0,744.5,32.0,26.4,3.0,140.0,83.0,29.2
SAN ESTEBAN (BARANGAY IV),2012,6,0,232.0,32.2,26.7,3.0,270.0,81.0,29.450000000000003
SAN ESTEBAN (BARANGAY IV),2013,6,0,290.9,34.1,27.1,2.0,140.0,80.0,30.6
SAN ESTEBAN (BARANGAY IV),2014,6,0,321.4,33.2,27.0,2.0,270.0,80.0,30.1
SAN ESTEBAN (BARANGAY IV),2015,6,0,166.8,34.6,27.7,3.0,110.0,77.0,31.15
SAN ESTEBAN (BARANGAY IV),2016,6,0,182.2,33.4,27.5,3.0,220.0,79.0,30.45
SAN ESTEBAN (BARANGAY IV),2017,6,0,105.1,33.6,27.7,3.0,220.0,79.0,30.65
SAN ESTEBAN (BARANGAY IV),2018,6,1,723.0,31.6,26.5,3.0,220.0,82.0,29.05
SAN ESTEBAN (BARANGAY IV),2019,6,2,271.1,34.5,27.4,3.0,90.0,75.0,30.95
SAN ESTEBAN (BARANGAY IV),2020,6,0,269.5,34.1,27.5,3.0,90.0,75.0,30.8
SAN ESTEBAN (BARANGAY IV),2021,6,0,121.5,32.8,26.8,3.0,220.0,77.0,29.8
SAN ESTEBAN (BARANGAY IV),2022,6,0,74.0,33.8,27.2,2.0,90.0,75.0,30.5
SAN ESTEBAN (BARANGAY IV),2023,6,0,200.4,33.2,26.7,3.0,220.0,78.0,29.950000000000003
SAN FRANCISCO I,2010,6,0,151.2,33.31538461538462,27.09230769230769,3.0,180.0,78.53846153846153,30.20384615384616
SAN FRANCISCO I,2011,6,1,744.5,32.0,26.4,3.0,140.0,83.0,29.2
SAN FRANCISCO I,2012,6,1,232.0,32.2,26.7,3.0,270.0,81.0,29.450000000000003
SAN FRANCISCO I,2014,6,1,321.4,33.2,27.0,2.0,270.0,80.0,30.1
SAN FRANCISCO I,2015,6,0,166.8,34.6,27.7,3.0,110.0,77.0,31.15
SAN FRANCISCO I,2016,6,0,182.2,33.4,27.5,3.0,220.0,79.0,30.45
SAN FRANCISCO I,2017,6,0,105.1,33.6,27.7,3.0,220.0,79.0,30.65
SAN FRANCISCO I,2018,6,0,723.0,31.6,26.5,3.0,220.0,82.0,29.05
SAN FRANCISCO I,2019,6,0,271.1,34.5,27.4,3.0,90.0,75.0,30.95
SAN FRANCISCO I,2020,6,0,269.5,34.1,27.5,3.0,90.0,75.0,30.8
SAN FRANCISCO I,2021,6,0,121.5,32.8,26.8,3.0,220.0,77.0,29.8
SAN FRANCISCO I,2022,6,0,74.0,33.8,27.2,2.0,90.0,75.0,30.5
SAN FRANCISCO I,2023,6,0,200.4,33.2,26.7,3.0,220.0,78.0,29.950000000000003
SAN FRANCISCO II,2011,6,0,744.5,32.0,26.4,3.0,140.0,83.0,29.2
SAN FRANCISCO II,2012,6,0,232.0,32.2,26.7,3.0,270.0,81.0,29.450000000000003
SAN FRANCISCO II,2013,6,0,290.9,34.1,27.1,2.0,140.0,80.0,30.6
SAN FRANCISCO II,2014,6,0,321.4,33.2,27.0,2.0,270.0,80.0,30.1
SAN FRANCISCO II,2015,6,0,166.8,34.6,27.7,3.0,110.0,77.0,31.15
SAN FRANCISCO II,2016,6,0,182.2,33.4,27.5,3.0,220.0,79.0,30.45
SAN FRANCISCO II,2017,6,0,105.1,33.6,27.7,3.0,220.0,79.0,30.65
SAN FRANCISCO II,2018,6,0,723.0,31.6,26.5,3.0,220.0,82.0,29.05
SAN FRANCISCO II,2019,6,0,271.1,34.5,27.4,3.0,90.0,75.0,30.95
SAN FRANCISCO II,2020,6,0,269.5,34.1,27.5,3.0,90.0,75.0,30.8
SAN FRANCISCO II,2022,6,0,74.0,33.8,27.2,2.0,90.0,75.0,30.5
SAN FRANCISCO II,2023,6,0,200.4,33.2,26.7,3.0,220.0,78.0,29.950000000000003
SAN ISIDRO LABRADOR I,2010,6,0,151.2,33.31538461538462,27.09230769230769,3.0,180.0,78.53846153846153,30.20384615384616
SAN ISIDRO LABRADOR I,2011,6,0,744.5,32.0,26.4,3.0,140.0,83.0,29.2
SAN ISIDRO LABRADOR I,2012,6,0,232.0,32.2,26.7,3.0,270.0,81.0,29.450000000000003
SAN ISIDRO LABRADOR I,2013,6,0,290.9,34.1,27.1,2.0,140.0,80.0,30.6
SAN ISIDRO LABRADOR I,2014,6,0,321.4,33.2,27.0,2.0,270.0,80.0,30.1
SAN ISIDRO LABRADOR I,2015,6,3,166.8,34.6,27.7,3.0,110.0,77.0,31.15
SAN ISIDRO LABRADOR I,2016,6,0,182.2,33.4,27.5,3.0,220.0,79.0,30.45
SAN ISIDRO LABRADOR I,2017,6,0,105.1,33.6,27.7,3.0,220.0,79.0,30.65
SAN ISIDRO LABRADOR I,2018,6,0,723.0,31.6,26.5,3.0,220.0,82.0,29.05
SAN ISIDRO LABRADOR I,2019,6,0,271.1,34.5,27.4,3.0,90.0,75.0,30.95
SAN ISIDRO LABRADOR I,2020,6,0,269.5,34.1,27.5,3.0,90.0,75.0,30.8
SAN ISIDRO LABRADOR I,2021,6,0,121.5,32.8,26.8,3.0,220.0,77.0,29.8
SAN ISIDRO LABRADOR I,2022,6,0,74.0,33.8,27.2,2.0,90.0,75.0,30.5
SAN ISIDRO LABRADOR I,2023,6,0,200.4,33.2,26.7,3.0,220.0,78.0,29.950000000000003
SAN ISIDRO LABRADOR II,2010,6,0,151.2,33.31538461538462,27.09230769230769,3.0,180.0,78.53846153846153,30.20384615384616
SAN ISIDRO LABRADOR II,2011,6,0,744.5,32.0,26.4,3.0,140.0,83.0,29.2
SAN ISIDRO LABRADOR II,2012,6,0,232.0,32.2,26.7,3.0,270.0,81.0,29.450000000000003
SAN ISIDRO LABRADOR II,2013,6,0,290.9,34.1,27.1,2.0,140.0,80.0,30.6
SAN ISIDRO LABRADOR II,2014,6,0,321.4,33.2,27.0,2.0,270.0,80.0,30.1
SAN ISIDRO LABRADOR II,2015,6,0,166.8,34.6,27.7,3.0,110.0,77.0,31.15
SAN ISIDRO LABRADOR II,2016,6,0,182.2,33.4,27.5,3.0,220.0,79.0,30.45
SAN ISIDRO LABRADOR II,2017,6,0,105.1,33.6,27.7,3.0,220.0,79.0,30.65
SAN ISIDRO LABRADOR II,2018,6,0,723.0,31.6,26.5,3.0,220.0,82.0,29.05
SAN ISIDRO LABRADOR II,2019,6,1,271.1,34.5,27.4,3.0,90.0,75.0,30.95
SAN ISIDRO LABRADOR II,2020,6,0,269.5,34.1,27.5,3.0,90.0,75.0,30.8
SAN ISIDRO LABRADOR II,2021,6,0,121.5,32.8,26.8,3.0,220.0,77.0,29.8
SAN ISIDRO LABRADOR II,2022,6,0,74.0,33.8,27.2,2.0,90.0,75.0,30.5
SAN ISIDRO LABRADOR II,2023,6,0,200.4,33.2,26.7,3.0,220.0,78.0,29.950000000000003
SAN JOSE,2010,6,0,151.2,33.31538461538462,27.09230769230769,3.0,180.0,78.53846153846153,30.20384615384616
SAN JOSE,2011,6,1,744.5,32.0,26.4,3.0,140.0,83.0,29.2
SAN JOSE,2012,6,0,232.0,32.2,26.7,3.0,270.0,81.0,29.450000000000003
SAN JOSE,2013,6,0,290.9,34.1,27.1,2.0,140.0,80.0,30.6
SAN JOSE,2014,6,0,321.4,33.2,27.0,2.0,270.0,80.0,30.1
SAN JOSE,2015,6,0,166.8,34.6,27.7,3.0,110.0,77.0,31.15
SAN JOSE,2016,6,0,182.2,33.4,27.5,3.0,220.0,79.0,30.45
SAN JOSE,2017,6,0,105.1,33.6,27.7,3.0,220.0,79.0,30.65
SAN JOSE,2018,6,1,723.0,31.6,26.5,3.0,220.0,82.0,29.05
SAN JOSE,2019,6,0,271.1,34.5,27.4,3.0,90.0,75.0,30.95
SAN JOSE,2020,6,0,269.5,34.1,27.5,3.0,90.0,75.0,30.8
SAN JOSE,2021,6,1,121.5,32.8,26.8,3.0,220.0,77.0,29.8
SAN JOSE,2022,6,0,74.0,33.8,27.2,2.0,90.0,75.0,30.5
SAN JOSE,2023,6,0,200.4,33.2,26.7,3.0,220.0,78.0,29.950000000000003
SAN JUAN (SAN JUAN I),2010,6,0,151.2,33.31538461538462,27.09230769230769,3.0,180.0,78.53846153846153,30.20384615384616
SAN JUAN (SAN JUAN I),2011,6,0,744.5,32.0,26.4,3.0,140.0,83.0,29.2
SAN JUAN (SAN JUAN I),2012,6,0,232.0,32.2,26.7,3.0,270.0,81.0,29.450000000000003
SAN JUAN (SAN JUAN I),2013,6,0,290.9,34.1,27.1,2.0,140.0,80.0,30.6
SAN JUAN (SAN JUAN I),2014,6,0,321.4,33.2,27.0,2.0,270.0,80.0,30.1
SAN JUAN (SAN JUAN I),2015,6,2,166.8,34.6,27.7,3.0,110.0,77.0,31.15
SAN JUAN (SAN JUAN I),2016,6,0,182.2,33.4,27.5,3.0,220.0,79.0,30.45
SAN JUAN (SAN JUAN I),2017,6,0,105.1,33.6,27.7,3.0,220.0,79.0,30.65
SAN JUAN (SAN JUAN I),2018,6,0,723.0,31.6,26.5,3.0,220.0,82.0,29.05
SAN JUAN (SAN JUAN I),2019,6,0,271.1,34.5,27.4,3.0,90.0,75.0,30.95
SAN JUAN (SAN JUAN I),2021,6,0,121.5,32.8,26.8,3.0,220.0,77.0,29.8
SAN JUAN (SAN JUAN I),2022,6,0,74.0,33.8,27.2,2.0,90.0,75.0,30.5
SAN JUAN (SAN JUAN I),2023,6,0,200.4,33.2,26.7,3.0,220.0,78.0,29.950000000000003
SAN LORENZO RUIZ I,2010,6,0,151.2,33.31538461538462,27.09230769230769,3.0,180.0,78.53846153846153,30.20384615384616
SAN LORENZO RUIZ I,2011,6,0,744.5,32.0,26.4,3.0,140.0,83.0,29.2
SAN LORENZO RUIZ I,2013,6,0,290.9,34.1,27.1,2.0,140.0,80.0,30.6
SAN LORENZO RUIZ I,2015,6,0,166.8,34.6,27.7,3.0,110.0,77.0,31.15
SAN LORENZO RUIZ I,2016,6,0,182.2,33.4,27.5,3.0,220.0,79.0,30.45
SAN LORENZO RUIZ I,2017,6,1,105.1,33.6,27.7,3.0,220.0,79.0,30.65
SAN LORENZO RUIZ I,2018,6,0,723.0,31.6,26.5,3.0,220.0,82.0,29.05
SAN LORENZO RUIZ I,2019,6,0,271.1,34.5,27.4,3.0,90.0,75.0,30.95
SAN LORENZO RUIZ I,2020,6,0,269.5,34.1,27.5,3.0,90.0,75.0,30.8
SAN LORENZO RUIZ I,2021,6,0,121.5,32.8,26.8,3.0,220.0,77.0,29.8
SAN LORENZO RUIZ I,2022,6,0,74.0,33.8,27.2,2.0,90.0,75.0,30.5
SAN LORENZO RUIZ I,2023,6,0,200.4,33.2,26.7,3.0,220.0,78.0,29.950000000000003
SAN LORENZO RUIZ II,2010,6,1,151.2,33.31538461538462,27.09230769230769,3.0,180.0,78.53846153846153,30.20384615384616
SAN LORENZO RUIZ II,2011,6,0,744.5,32.0,26.4,3.0,140.0,83.0,29.2
SAN LORENZO RUIZ II,2012,6,0,232.0,32.2,26.7,3.0,270.0,81.0,29.450000000000003
SAN LORENZO RUIZ II,2013,6,0,290.9,34.1,27.1,2.0,140.0,80.0,30.6
SAN LORENZO RUIZ II,2014,6,0,321.4,33.2,27.0,2.0,270.0,80.0,30.1
SAN LORENZO RUIZ II,2015,6,0,166.8,34.6,27.7,3.0,110.0,77.0,31.15
SAN LORENZO RUIZ II,2016,6,0,182.2,33.4,27.5,3.0,220.0,79.0,30.45
SAN LORENZO RUIZ II,2018,6,0,723.0,31.6,26.5,3.0,220.0,82.0,29.05
SAN LORENZO RUIZ II,2019,6,0,271.1,34.5,27.4,3.0,90.0,75.0,30.95
SAN LORENZO RUIZ II,2020,6,0,269.5,34.1,27.5,3.0,90.0,75.0,30.8
SAN LORENZO RUIZ II,2021,6,0,121.5,32.8,26.8,3.0,220.0,77.0,29.8
SAN LORENZO RUIZ II,2023,6,0,200.4,33.2,26.7,3.0,220.0,78.0,29.950000000000003
SAN LUIS I,2010,6,0,151.2,33.31538461538462,27.09230769230769,3.0,180.0,78.53846153846153,30.20384615384616
SAN LUIS I,2011,6,0,744.5,32.0,26.4,3.0,140.0,83.0,29.2
SAN LUIS I,2012,6,0,232.0,32.2,26.7,3.0,270.0,81.0,29.450000000000003
SAN LUIS I,2013,6,0,290.9,34.1,27.1,2.0,140.0,80.0,30.6
SAN LUIS I,2014,6,0,321.4,33.2,27.0,2.0,270.0,80.0,30.1
SAN LUIS I,2015,6,0,166.8,34.6,27.7,3.0,110.0,77.0,31.15
SAN LUIS I,2016,6,0,182.2,33.4,27.5,3.0,220.0,79.0,30.45
SAN LUIS I,2017,6,0,105.1,33.6,27.7,3.0,220.0,79.0,30.65
SAN LUIS I,2018,6,0,723.0,31.6,26.5,3.0,220.0,82.0,29.05
SAN LUIS I,2019,6,0,271.1,34.5,27.4,3.0,90.0,75.0,30.95
SAN LUIS I,2020,6,0,269.5,34.1,27.5,3.0,90.0,75.0,30.8
SAN LUIS I,2021,6,0,121.5,32.8,26.8,3.0,220.0,77.0,29.8
SAN LUIS I,2022,6,0,74.0,33.8,27.2,2.0,90.0,75.0,30.5
SAN LUIS I,2023,6,0,200.4,33.2,26.7,3.0,220.0,78.0,29.950000000000003
SAN LUIS II,2010,6,0,151.2,33.31538461538462,27.09230769230769,3.0,180.0,78.53846153846153,30.20384615384616
SAN LUIS II,2011,6,0,744.5,32.0,26.4,3.0,140.0,83.0,29.2
SAN LUIS II,2012,6,0,232.0,32.2,26.7,3.0,270.0,81.0,29.450000000000003
SAN LUIS II,2013,6,0,290.9,34.1,27.1,2.0,140.0,80.0,30.6
SAN LUIS II,2014,6,0,321.4,33.2,27.0,2.0,270.0,80.0,30.1
SAN LUIS II,2015,6,2,166.8,34.6,27.7,3.0,110.0,77.0,31.15
SAN LUIS II,2016,6,0,182.2,33.4,27.5,3.0,220.0,79.0,30.45
SAN LUIS II,2017,6,0,105.1,33.6,27.7,3.0,220.0,79.0,30.65
SAN LUIS II,2018,6,0,723.0,31.6,26.5,3.0,220.0,82.0,29.05
SAN LUIS II,2019,6,1,271.1,34.5,27.4,3.0,90.0,75.0,30.95
SAN LUIS II,2020,6,0,269.5,34.1,27.5,3.0,90.0,75.0,30.8
SAN LUIS II,2021,6,0,121.5,32.8,26.8,3.0,220.0,77.0,29.8
SAN LUIS II,2022,6,0,74.0,33.8,27.2,2.0,90.0,75.0,30.5
SAN LUIS II,2023,6,0,200.4,33.2,26.7,3.0,220.0,78.0,29.950000000000003
SAN MANUEL I,2010,6,0,151.2,33.31538461538462,27.09230769230769,3.0,180.0,78.53846153846153,30.20384615384616
SAN MANUEL I,2012,6,0,232.0,32.2,26.7,3.0,270.0,81.0,29.450000000000003
SAN MANUEL I,2013,6,0,290.9,34.1,27.1,2.0,140.0,80.0,30.6
SAN MANUEL I,2014,6,0,321.4,33.2,27.0,2.0,270.0,80.0,30.1
SAN MANUEL I,2015,6,0,166.8,34.6,27.7,3.0,110.0,77.0,31.15
SAN MANUEL I,2016,6,0,182.2,33.4,27.5,3.0,220.0,79.0,30.45
SAN MANUEL I,2017,6,0,105.1,33.6,27.7,3.0,220.0,79.0,30.65
SAN MANUEL I,2018,6,0,723.0,31.6,26.5,3.0,220.0,82.0,29.05
SAN MANUEL I,2019,6,0,271.1,34.5,27.4,3.0,90.0,75.0,30.95
SAN MANUEL I,2022,6,0,74.0,33.8,27.2,2.0,90.0,75.0,30.5
SAN MANUEL I,2023,6,1,200.4,33.2,26.7,3.0,220.0,78.0,29.950000000000003
SAN MANUEL II,2010,6,0,151.2,33.31538461538462,27.09230769230769,3.0,180.0,78.53846153846153,30.20384615384616
SAN MANUEL II,2011,6,0,744.5,32.0,26.4,3.0,140.0,83.0,29.2
SAN MANUEL II,2012,6,0,232.0,32.2,26.7,3.0,270.0,81.0,29.450000000000003
SAN MANUEL II,2013,6,0,290.9,34.1,27.1,2.0,140.0,80.0,30.6
SAN MANUEL II,2014,6,0,321.4,33.2,27.0,2.0,270.0,80.0,30.1
SAN MANUEL II,2015,6,0,166.8,34.6,27.7,3.0,110.0,77.0,31.15
SAN MANUEL II,2016,6,0,182.2,33.4,27.5,3.0,220.0,79.0,30.45
SAN MANUEL II,2017,6,0,105.1,33.6,27.7,3.0,220.0,79.0,30.65
SAN MANUEL II,2018,6,0,723.0,31.6,26.5,3.0,220.0,82.0,29.05
SAN MANUEL II,2019,6,0,271.1,34.5,27.4,3.0,90.0,75.0,30.95
SAN MANUEL II,2020,6,0,269.5,34.1,27.5,3.0,90.0,75.0,30.8
SAN MANUEL II,2021,6,0,121.5,32.8,26.8,3.0,220.0,77.0,29.8
SAN MANUEL II,2022,6,0,74.0,33.8,27.2,2.0,90.0,75.0,30.5
SAN MANUEL II,2023,6,0,200.4,33.2,26.7,3.0,220.0,78.0,29.950000000000003
SAN MATEO,2010,6,0,151.2,33.31538461538462,27.09230769230769,3.0,180.0,78.53846153846153,30.20384615384616
SAN MATEO,2011,6,0,744.5,32.0,26.4,3.0,140.0,83.0,29.2
SAN MATEO,2012,6,0,232.0,32.2,26.7,3.0,270.0,81.0,29.450000000000003
SAN MATEO,2013,6,1,290.9,34.1,27.1,2.0,140.0,80.0,30.6
SAN MATEO,2014,6,0,321.4,33.2,27.0,2.0,270.0,80.0,30.1
SAN MATEO,2015,6,0,166.8,34.6,27.7,3.0,110.0,77.0,31.15
SAN MATEO,2016,6,0,182.2,33.4,27.5,3.0,220.0,79.0,30.45
SAN MATEO,2017,6,0,105.1,33.6,27.7,3.0,220.0,79.0,30.65
SAN MATEO,2018,6,0,723.0,31.6,26.5,3.0,220.0,82.0,29.05
SAN MATEO,2019,6,0,271.1,34.5,27.4,3.0,90.0,75.0,30.95
SAN MATEO,2020,6,0,269.5,34.1,27.5,3.0,90.0,75.0,30.8
SAN MATEO,2021,6,4,121.5,32.8,26.8,3.0,220.0,77.0,29.8
SAN MATEO,2022,6,0,74.0,33.8,27.2,2.0,90.0,75.0,30.5
SAN MATEO,2023,6,0,200.4,33.2,26.7,3.0,220.0,78.0,29.950000000000003
SAN MIGUEL,2010,6,0,151.2,33.31538461538462,27.09230769230769,3.0,180.0,78.53846153846153,30.20384615384616
SAN MIGUEL,2011,6,0,744.5,32.0,26.4,3.0,140.0,83.0,29.2
SAN MIGUEL,2013,6,0,290.9,34.1,27.1,2.0,140.0,80.0,30.6
SAN MIGUEL,2015,6,1,166.8,34.6,27.7,3.0,110.0,77.0,31.15
SAN MIGUEL,2016,6,0,182.2,33.4,27.5,3.0,220.0,79.0,30.45
SAN MIGUEL,2017,6,0,105.1,33.6,27.7,3.0,220.0,79.0,30.65
SAN MIGUEL,2018,6,0,723.0,31.6,26.5,3.0,220.0,82.0,29.05
SAN MIGUEL,2019,6,1,271.1,34.5,27.4,3.0,90.0,75.0,30.95
SAN MIGUEL,2020,6,0,269.5,34.1,27.5,3.0,90.0,75.0,30.8
SAN MIGUEL,2021,6,0,121.5,32.8,26.8,3.0,220.0,77.0,29.8
SAN MIGUEL,2022,6,0,74.0,33.8,27.2,2.0,90.0,75.0,30.5
SAN MIGUEL,2023,6,0,200.4,33.2,26.7,3.0,220.0,78.0,29.950000000000003
SAN MIGUEL II,2010,6,0,151.2,33.31538461538462,27.09230769230769,3.0,180.0,78.53846153846153,30.20384615384616
SAN MIGUEL II,2011,6,0,744.5,32.0,26.4,3.0,140.0,83.0,29.2
SAN MIGUEL II,2012,6,0,232.0,32.2,26.7,3.0,270.0,81.0,29.450000000000003
SAN MIGUEL II,2013,6,0,290.9,34.1,27.1,2.0,140.0,80.0,30.6
SAN MIGUEL II,2014,6,0,321.4,33.2,27.0,2.0,270.0,80.0,30.1
SAN MIGUEL II,2015,6,0,166.8,34.6,27.7,3.0,110.0,77.0,31.15
SAN MIGUEL II,2018,6,0,723.0,31.6,26.5,3.0,220.0,82.0,29.05
SAN MIGUEL II,2019,6,0,271.1,34.5,27.4,3.0,90.0,75.0,30.95
SAN MIGUEL II,2020,6,0,269.5,34.1,27.5,3.0,90.0,75.0,30.8
SAN MIGUEL II,2022,6,2,74.0,33.8,27.2,2.0,90.0,75.0,30.5
SAN NICOLAS I,2010,6,0,151.2,33.31538461538462,27.09230769230769,3.0,180.0,78.53846153846153,30.20384615384616
SAN NICOLAS I,2011,6,0,744.5,32.0,26.4,3.0,140.0,83.0,29.2
SAN NICOLAS I,2012,6,0,232.0,32.2,26.7,3.0,270.0,81.0,29.450000000000003
SAN NICOLAS I,2013,6,0,290.9,34.1,27.1,2.0,140.0,80.0,30.6
SAN NICOLAS I,2014,6,0,321.4,33.2,27.0,2.0,270.0,80.0,30.1
SAN NICOLAS I,2015,6,0,166.8,34.6,27.7,3.0,110.0,77.0,31.15
SAN NICOLAS I,2017,6,1,105.1,33.6,27.7,3.0,220.0,79.0,30.65
SAN NICOLAS I,2018,6,0,723.0,31.6,26.5,3.0,220.0,82.0,29.05
SAN NICOLAS I,2019,6,0,271.1,34.5,27.4,3.0,90.0,75.0,30.95
SAN NICOLAS I,2020,6,0,269.5,34.1,27.5,3.0,90.0,75.0,30.8
SAN NICOLAS I,2023,6,0,200.4,33.2,26.7,3.0,220.0,78.0,29.950000000000003
SAN NICOLAS II,2010,6,0,151.2,33.31538461538462,27.09230769230769,3.0,180.0,78.53846153846153,30.20384615384616
SAN NICOLAS II,2011,6,2,744.5,32.0,26.4,3.0,140.0,83.0,29.2
SAN NICOLAS II,2012,6,0,232.0,32.2,26.7,3.0,270.0,81.0,29.450000000000003
SAN NICOLAS II,2013,6,0,290.9,34.1,27.1,2.0,140.0,80.0,30.6
SAN NICOLAS II,2014,6,0,321.4,33.2,27.0,2.0,270.0,80.0,30.1
SAN NICOLAS II,2015,6,0,166.8,34.6,27.7,3.0,110.0,77.0,31.15
SAN NICOLAS II,2016,6,0,182.2,33.4,27.5,3.0,220.0,79.0,30.45
SAN NICOLAS II,2017,6,0,105.1,33.6,27.7,3.0,220.0,79.0,30.65
SAN NICOLAS II,2018,6,0,723.0,31.6,26.5,3.0,220.0,82.0,29.05
SAN NICOLAS II,2019,6,0,271.1,34.5,27.4,3.0,90.0,75.0,30.95
SAN NICOLAS II,2020,6,0,269.5,34.1,27.5,3.0,90.0,75.0,30.8
SAN NICOLAS II,2021,6,0,121.5,32.8,26.8,3.0,220.0,77.0,29.8
SAN NICOLAS II,2023,6,0,200.4,33.2,26.7,3.0,220.0,78.0,29.950000000000003
SAN ROQUE (STA. CRISTINA II),2010,6,0,151.2,33.31538461538462,27.09230769230769,3.0,180.0,78.53846153846153,30.20384615384616
SAN ROQUE (STA. CRISTINA II),2012,6,0,232.0,32.2,26.7,3.0,270.0,81.0,29.450000000000003
SAN ROQUE (STA. CRISTINA II),2014,6,0,321.4,33.2,27.0,2.0,270.0,80.0,30.1
SAN ROQUE (STA. CRISTINA II),2015,6,0,166.8,34.6,27.7,3.0,110.0,77.0,31.15
SAN ROQUE (STA. CRISTINA II),2016,6,0,182.2,33.4,27.5,3.0,220.0,79.0,30.45
SAN ROQUE (STA. CRISTINA II),2017,6,0,105.1,33.6,27.7,3.0,220.0,79.0,30.65
SAN ROQUE (STA. CRISTINA II),2018,6,0,723.0,31.6,26.5,3.0,220.0,82.0,29.05
SAN ROQUE (STA. CRISTINA II),2019,6,0,271.1,34.5,27.4,3.0,90.0,75.0,30.95
SAN ROQUE (STA. CRISTINA II),2020,6,0,269.5,34.1,27.5,3.0,90.0,75.0,30.8
SAN SIMON (BARANGAY 7),2010,6,0,151.2,33.31538461538462,27.09230769230769,3.0,180.0,78.53846153846153,30.20384615384616
SAN SIMON (BARANGAY 7),2011,6,0,744.5,32.0,26.4,3.0,140.0,83.0,29.2
SAN SIMON (BARANGAY 7),2012,6,1,232.0,32.2,26.7,3.0,270.0,81.0,29.450000000000003
SAN SIMON (BARANGAY 7),2013,6,0,290.9,34.1,27.1,2.0,140.0,80.0,30.6
SAN SIMON (BARANGAY 7),2014,6,1,321.4,33.2,27.0,2.0,270.0,80.0,30.1
SAN SIMON (BARANGAY 7),2015,6,0,166.8,34.6,27.7,3.0,110.0,77.0,31.15
SAN SIMON (BARANGAY 7),2016,6,1,182.2,33.4,27.5,3.0,220.0,79.0,30.45
SAN SIMON (BARANGAY 7),2017,6,0,105.1,33.6,27.7,3.0,220.0,79.0,30.65
SAN SIMON (BARANGAY 7),2018,6,0,723.0,31.6,26.5,3.0,220.0,82.0,29.05
SAN SIMON (BARANGAY 7),2019,6,0,271.1,34.5,27.4,3.0,90.0,75.0,30.95
SAN SIMON (BARANGAY 7),2020,6,0,269.5,34.1,27.5,3.0,90.0,75.0,30.8
SAN SIMON (BARANGAY 7),2021,6,0,121.5,32.8,26.8,3.0,220.0,77.0,29.8
SAN SIMON (BARANGAY 7),2022,6,0,74.0,33.8,27.2,2.0,90.0,75.0,30.5
SAN SIMON (BARANGAY 7),2023,6,0,200.4,33.2,26.7,3.0,220.0,78.0,29.950000000000003
SANTA CRISTINA I,2010,6,0,151.2,33.31538461538462,27.09230769230769,3.0,180.0,78.53846153846153,30.20384615384616
SANTA CRISTINA I,2011,6,0,744.5,32.0,26.4,3.0,140.0,83.0,29.2
SANTA CRISTINA I,2012,6,0,232.0,32.2,26.7,3.0,270.0,81.0,29.450000000000003
SANTA CRISTINA I,2013,6,0,290.9,34.1,27.1,2.0,140.0,80.0,30.6
SANTA CRISTINA I,2014,6,0,321.4,33.2,27.0,2.0,270.0,80.0,30.1
SANTA CRISTINA I,2015,6,0,166.8,34.6,27.7,3.0,110.0,77.0,31.15
SANTA CRISTINA I,2016,6,0,182.2,33.4,27.5,3.0,220.0,79.0,30.45
SANTA CRISTINA I,2017,6,0,105.1,33.6,27.7,3.0,220.0,79.0,30.65
SANTA CRISTINA I,2018,6,0,723.0,31.6,26.5,3.0,220.0,82.0,29.05
SANTA CRISTINA I,2019,6,0,271.1,34.5,27.4,3.0,90.0,75.0,30.95
SANTA CRISTINA I,2020,6,0,269.5,34.1,27.5,3.0,90.0,75.0,30.8
SANTA CRISTINA I,2021,6,0,121.5,32.8,26.8,3.0,220.0,77.0,29.8
SANTA CRISTINA I,2022,6,1,74.0,33.8,27.2,2.0,90.0,75.0,30.5
SANTA CRISTINA II,2010,6,0,151.2,33.31538461538462,27.09230769230769,3.0,180.0,78.53846153846153,30.20384615384616
SANTA CRISTINA II,2011,6,0,744.5,32.0,26.4,3.0,140.0,83.0,29.2
SANTA CRISTINA II,2012,6,0,232.0,32.2,26.7,3.0,270.0,81.0,29.450000000000003
SANTA CRISTINA II,2013,6,0,290.9,34.1,27.1,2.0,140.0,80.0,30.6
SANTA CRISTINA II,2014,6,0,321.4,33.2,27.0,2.0,270.0,80.0,30.1
SANTA CRISTINA II,2015,6,1,166.8,34.6,27.7,3.0,110.0,77.0,31.15
SANTA CRISTINA II,2016,6,0,182.2,33.4,27.5,3.0,220.0,79.0,30.45
SANTA CRISTINA II,2017,6,0,105.1,33.6,27.7,3.0,220.0,79.0,30.65
SANTA CRISTINA II,2018,6,0,723.0,31.6,26.5,3.0,220.0,82.0,29.05
SANTA CRISTINA II,2019,6,0,271.1,34.5,27.4,3.0,90.0,75.0,30.95
SANTA CRISTINA II,2020,6,0,269.5,34.1,27.5,3.0,90.0,75.0,30.8
SANTA CRISTINA II,2022,6,0,74.0,33.8,27.2,2.0,90.0,75.0,30.5
SANTA CRISTINA II,2023,6,0,200.4,33.2,26.7,3.0,220.0,78.0,29.950000000000003
SANTA CRUZ I,2010,6,0,151.2,33.31538461538462,27.09230769230769,3.0,180.0,78.53846153846153,30.20384615384616
SANTA CRUZ I,2011,6,0,744.5,32.0,26.4,3.0,140.0,83.0,29.2
SANTA CRUZ I,2012,6,0,232.0,32.2,26.7,3.0,270.0,81.0,29.450000000000003
SANTA CRUZ I,2013,6,0,290.9,34.1,27.1,2.0,140.0,80.0,30.6
SANTA CRUZ I,2014,6,0,321.4,33.2,27.0,2.0,270.0,80.0,30.1
SANTA CRUZ I,2015,6,0,166.8,34.6,27.7,3.0,110.0,77.0,31.15
SANTA CRUZ I,2016,6,0,182.2,33.4,27.5,3.0,220.0,79.0,30.45
SANTA CRUZ I,2017,6,0,105.1,33.6,27.7,3.0,220.0,79.0,30.65
SANTA CRUZ I,2018,6,0,723.0,31.6,26.5,3.0,220.0,82.0,29.05
SANTA CRUZ I,2019,6,1,271.1,34.5,27.4,3.0,90.0,75.0,30.95
SANTA CRUZ I,2020,6,0,269.5,34.1,27.5,3.0,90.0,75.0,30.8
SANTA CRUZ I,2021,6,0,121.5,32.8,26.8,3.0,220.0,77.0,29.8
SANTA CRUZ I,2022,6,0,74.0,33.8,27.2,2.0,90.0,75.0,30.5
SANTA CRUZ II,2010,6,0,151.2,33.31538461538462,27.09230769230769,3.0,180.0,78.53846153846153,30.20384615384616
SANTA CRUZ II,2011,6,0,744.5,32.0,26.4,3.0,140.0,83.0,29.2
SANTA CRUZ II,2012,6,0,232.0,32.2,26.7,3.0,270.0,81.0,29.450000000000003
SANTA CRUZ II,2013,6,0,290.9,34.1,27.1,2.0,140.0,80.0,30.6
SANTA CRUZ II,2014,6,0,321.4,33.2,27.0,2.0,270.0,80.0,30.1
SANTA CRUZ II,2015,6,2,166.8,34.6,27.7,3.0,110.0,77.0,31.15
SANTA CRUZ II,2016,6,0,182.2,33.4,27.5,3.0,220.0,79.0,30.45
SANTA CRUZ II,2017,6,0,105.1,33.6,27.7,3.0,220.0,79.0,30.65
SANTA CRUZ II,2019,6,0,271.1,34.5,27.4,3.0,90.0,75.0,30.95
SANTA CRUZ II,2020,6,0,269.5,34.1,27.5,3.0,90.0,75.0,30.8
SANTA CRUZ II,2021,6,0,121.5,32.8,26.8,3.0,220.0,77.0,29.8
SANTA CRUZ II,2022,6,0,74.0,33.8,27.2,2.0,90.0,75.0,30.5
SANTA CRUZ II,2023,6,0,200.4,33.2,26.7,3.0,220.0,78.0,29.950000000000003
SANTA FE,2010,6,0,151.2,33.31538461538462,27.09230769230769,3.0,180.0,78.53846153846153,30.20384615384616
SANTA FE,2011,6,0,744.5,32.0,26.4,3.0,140.0,83.0,29.2
SANTA FE,2012,6,0,232.0,32.2,26.7,3.0,270.0,81.0,29.450000000000003
SANTA FE,2013,6,0,290.9,34.1,27.1,2.0,140.0,80.0,30.6
SANTA FE,2014,6,0,321.4,33.2,27.0,2.0,270.0,80.0,30.1
SANTA FE,2015,6,0,166.8,34.6,27.7,3.0,110.0,77.0,31.15
SANTA FE,2016,6,0,182.2,33.4,27.5,3.0,220.0,79.0,30.45
SANTA FE,2017,6,0,105.1,33.6,27.7,3.0,220.0,79.0,30.65
SANTA FE,2018,6,0,723.0,31.6,26.5,3.0,220.0,82.0,29.05
SANTA FE,2019,6,0,271.1,34.5,27.4,3.0,90.0,75.0,30.95
SANTA FE,2020,6,0,269.5,34.1,27.5,3.0,90.0,75.0,30.8
SANTA FE,2021,6,0,121.5,32.8,26.8,3.0,220.0,77.0,29.8
SANTA FE,2023,6,0,200.4,33.2,26.7,3.0,220.0,78.0,29.950000000000003
SANTA LUCIA (SAN JUAN II),2010,6,0,151.2,33.31538461538462,27.09230769230769,3.0,180.0,78.53846153846153,30.20384615384616
SANTA LUCIA (SAN JUAN II),2011,6,0,744.5,32.0,26.4,3.0,140.0,83.0,29.2
SANTA LUCIA (SAN JUAN II),2012,6,0,232.0,32.2,26.7,3.0,270.0,81.0,29.450000000000003
SANTA LUCIA (SAN JUAN II),2013,6,0,290.9,34.1,27.1,2.0,140.0,80.0,30.6
SANTA LUCIA (SAN JUAN II),2014,6,0,321.4,33.2,27.0,2.0,270.0,80.0,30.1
SANTA LUCIA (SAN JUAN II),2015,6,0,166.8,34.6,27.7,3.0,110.0,77.0,31.15
SANTA LUCIA (SAN JUAN II),2016,6,0,182.2,33.4,27.5,3.0,220.0,79.0,30.45
SANTA LUCIA (SAN JUAN II),2017,6,1,105.1,33.6,27.7,3.0,220.0,79.0,30.65
SANTA LUCIA (SAN JUAN II),2018,6,0,723.0,31.6,26.5,3.0,220.0,82.0,29.05
SANTA LUCIA (SAN JUAN II),2019,6,0,271.1,34.5,27.4,3.0,90.0,75.0,30.95
SANTA LUCIA (SAN JUAN II),2020,6,0,269.5,34.1,27.5,3.0,90.0,75.0,30.8
SANTA LUCIA (SAN JUAN II),2021,6,0,121.5,32.8,26.8,3.0,220.0,77.0,29.8
SANTA LUCIA (SAN JUAN II),2022,6,0,74.0,33.8,27.2,2.0,90.0,75.0,30.5
SANTA LUCIA (SAN JUAN II),2023,6,0,200.4,33.2,26.7,3.0,220.0,78.0,29.950000000000003
SANTA MARIA (BARANGAY 20),2010,6,0,151.2,33.31538461538462,27.09230769230769,3.0,180.0,78.53846153846153,30.20384615384616
SANTA MARIA (BARANGAY 20),2011,6,0,744.5,32.0,26.4,3.0,140.0,83.0,29.2
SANTA MARIA (BARANGAY 20),2012,6,0,232.0,32.2,26.7,3.0,270.0,81.0,29.450000000000003
SANTA MARIA (BARANGAY 20),2013,6,0,290.9,34.1,27.1,2.0,140.0,80.0,30.6
SANTA MARIA (BARANGAY 20),2014,6,0,321.4,33.2,27.0,2.0,270.0,80.0,30.1
SANTA MARIA (BARANGAY 20),2015,6,0,166.8,34.6,27.7,3.0,110.0,77.0,31.15
SANTA MARIA (BARANGAY 20),2016,6,0,182.2,33.4,27.5,3.0,220.0,79.0,30.45
SANTA MARIA (BARANGAY 20),2017,6,1,105.1,33.6,27.7,3.0,220.0,79.0,30.65
SANTA MARIA (BARANGAY 20),2018,6,0,723.0,31.6,26.5,3.0,220.0,82.0,29.05
SANTA MARIA (BARANGAY 20),2019,6,0,271.1,34.5,27.4,3.0,90.0,75.0,30.95
SANTA MARIA (BARANGAY 20),2020,6,0,269.5,34.1,27.5,3.0,90.0,75.0,30.8
SANTA MARIA (BARANGAY 20),2021,6,0,121.5,32.8,26.8,3.0,220.0,77.0,29.8
SANTA MARIA (BARANGAY 20),2022,6,0,74.0,33.8,27.2,2.0,90.0,75.0,30.5
SANTA MARIA (BARANGAY 20),2023,6,0,200.4,33.2,26.7,3.0,220.0,78.0,29.950000000000003
SANTO CRISTO (BARANGAY III),2010,6,0,151.2,33.31538461538462,27.09230769230769,3.0,180.0,78.53846153846153,30.20384615384616
SANTO CRISTO (BARANGAY III),2011,6,0,744.5,32.0,26.4,3.0,140.0,83.0,29.2
SANTO CRISTO (BARANGAY III),2012,6,0,232.0,32.2,26.7,3.0,270.0,81.0,29.450000000000003
SANTO CRISTO (BARANGAY III),2013,6,1,290.9,34.1,27.1,2.0,140.0,80.0,30.6
SANTO CRISTO (BARANGAY III),2014,6,0,321.4,33.2,27.0,2.0,270.0,80.0,30.1
SANTO CRISTO (BARANGAY III),2015,6,0,166.8,34.6,27.7,3.0,110.0,77.0,31.15
SANTO CRISTO (BARANGAY III),2016,6,0,182.2,33.4,27.5,3.0,220.0,79.0,30.45
SANTO CRISTO (BARANGAY III),2017,6,0,105.1,33.6,27.7,3.0,220.0,79.0,30.65
SANTO CRISTO (BARANGAY III),2018,6,0,723.0,31.6,26.5,3.0,220.0,82.0,29.05
SANTO CRISTO (BARANGAY III),2019,6,0,271.1,34.5,27.4,3.0,90.0,75.0,30.95
SANTO CRISTO (BARANGAY III),2020,6,0,269.5,34.1,27.5,3.0,90.0,75.0,30.8
SANTO CRISTO (BARANGAY III),2021,6,1,121.5,32.8,26.8,3.0,220.0,77.0,29.8
SANTO CRISTO (BARANGAY III),2022,6,0,74.0,33.8,27.2,2.0,90.0,75.0,30.5
SANTO CRISTO (BARANGAY III),2023,6,0,200.4,33.2,26.7,3.0,220.0,78.0,29.950000000000003
SANTO NIÑO I,2010,6,0,151.2,33.31538461538462,27.09230769230769,3.0,180.0,78.53846153846153,30.20384615384616
SANTO NIÑO I,2011,6,0,744.5,32.0,26.4,3.0,140.0,83.0,29.2
SANTO NIÑO I,2012,6,0,232.0,32.2,26.7,3.0,270.0,81.0,29.450000000000003
SANTO NIÑO I,2013,6,0,290.9,34.1,27.1,2.0,140.0,80.0,30.6
SANTO NIÑO I,2014,6,0,321.4,33.2,27.0,2.0,270.0,80.0,30.1
SANTO NIÑO I,2015,6,0,166.8,34.6,27.7,3.0,110.0,77.0,31.15
SANTO NIÑO I,2016,6,0,182.2,33.4,27.5,3.0,220.0,79.0,30.45
SANTO NIÑO I,2017,6,0,105.1,33.6,27.7,3.0,220.0,79.0,30.65
SANTO NIÑO I,2018,6,0,723.0,31.6,26.5,3.0,220.0,82.0,29.05
SANTO NIÑO I,2019,6,0,271.1,34.5,27.4,3.0,90.0,75.0,30.95
SANTO NIÑO I,2020,6,0,269.5,34.1,27.5,3.0,90.0,75.0,30.8
SANTO NIÑO I,2021,6,0,121.5,32.8,26.8,3.0,220.0,77.0,29.8
SANTO NIÑO I,2022,6,0,74.0,33.8,27.2,2.0,90.0,75.0,30.5
SANTO NIÑO I,2023,6,0,200.4,33.2,26.7,3.0,220.0,78.0,29.950000000000003
SANTO NIÑO II,2010,6,0,151.2,33.31538461538462,27.09230769230769,3.0,180.0,78.53846153846153,30.20384615384616
SANTO NIÑO II,2011,6,0,744.5,32.0,26.4,3.0,140.0,83.0,29.2
SANTO NIÑO II,2012,6,0,232.0,32.2,26.7,3.0,270.0,81.0,29.450000000000003
SANTO NIÑO II,2014,6,0,321.4,33.2,27.0,2.0,270.0,80.0,30.1
SANTO NIÑO II,2015,6,0,166.8,34.6,27.7,3.0,110.0,77.0,31.15
SANTO NIÑO II,2016,6,0,182.2,33.4,27.5,3.0,220.0,79.0,30.45
SANTO NIÑO II,2017,6,0,105.1,33.6,27.7,3.0,220.0,79.0,30.65
SANTO NIÑO II,2018,6,0,723.0,31.6,26.5,3.0,220.0,82.0,29.05
SANTO NIÑO II,2019,6,0,271.1,34.5,27.4,3.0,90.0,75.0,30.95
SANTO NIÑO II,2020,6,0,269.5,34.1,27.5,3.0,90.0,75.0,30.8
SANTO NIÑO II,2023,6,0,200.4,33.2,26.7,3.0,220.0,78.0,29.950000000000003
VICTORIA REYES,2010,6,0,151.2,33.31538461538462,27.09230769230769,3.0,180.0,78.53846153846153,30.20384615384616
VICTORIA REYES,2011,6,1,744.5,32.0,26.4,3.0,140.0,83.0,29.2
VICTORIA REYES,2012,6,0,232.0,32.2,26.7,3.0,270.0,81.0,29.450000000000003
VICTORIA REYES,2013,6,1,290.9,34.1,27.1,2.0,140.0,80.0,30.6
VICTORIA REYES,2014,6,0,321.4,33.2,27.0,2.0,270.0,80.0,30.1
VICTORIA REYES,2015,6,0,166.8,34.6,27.7,3.0,110.0,77.0,31.15
VICTORIA REYES,2016,6,0,182.2,33.4,27.5,3.0,220.0,79.0,30.45
VICTORIA REYES,2017,6,0,105.1,33.6,27.7,3.0,220.0,79.0,30.65
VICTORIA REYES,2018,6,0,723.0,31.6,26.5,3.0,220.0,82.0,29.05
VICTORIA REYES,2019,6,2,271.1,34.5,27.4,3.0,90.0,75.0,30.95
VICTORIA REYES,2020,6,0,269.5,34.1,27.5,3.0,90.0,75.0,30.8
VICTORIA REYES,2021,6,0,121.5,32.8,26.8,3.0,220.0,77.0,29.8
VICTORIA REYES,2022,6,0,74.0,33.8,27.2,2.0,90.0,75.0,30.5
VICTORIA REYES,2023,6,0,200.4,33.2,26.7,3.0,220.0,78.0,29.950000000000003
ZONE I,2010,6,0,151.2,33.31538461538462,27.09230769230769,3.0,180.0,78.53846153846153,30.20384615384616
ZONE I,2011,6,0,744.5,32.0,26.4,3.0,140.0,83.0,29.2
ZONE I,2019,6,0,271.1,34.5,27.4,3.0,90.0,75.0,30.95
ZONE I-B,2010,6,0,151.2,33.31538461538462,27.09230769230769,3.0,180.0,78.53846153846153,30.20384615384616
ZONE I-B,2011,6,0,744.5,32.0,26.4,3.0,140.0,83.0,29.2
ZONE I-B,2012,6,2,232.0,32.2,26.7,3.0,270.0,81.0,29.450000000000003
ZONE I-B,2013,6,0,290.9,34.1,27.1,2.0,140.0,80.0,30.6
ZONE I-B,2014,6,2,321.4,33.2,27.0,2.0,270.0,80.0,30.1
ZONE I-B,2015,6,2,166.8,34.6,27.7,3.0,110.0,77.0,31.15
ZONE I-B,2016,6,0,182.2,33.4,27.5,3.0,220.0,79.0,30.45
ZONE I-B,2017,6,0,105.1,33.6,27.7,3.0,220.0,79.0,30.65
ZONE I-B,2018,6,2,723.0,31.6,26.5,3.0,220.0,82.0,29.05
ZONE I-B,2019,6,6,271.1,34.5,27.4,3.0,90.0,75.0,30.95
ZONE I-B,2020,6,0,269.5,34.1,27.5,3.0,90.0,75.0,30.8
ZONE I-B,2021,6,1,121.5,32.8,26.8,3.0,220.0,77.0,29.8
ZONE I-B,2022,6,1,74.0,33.8,27.2,2.0,90.0,75.0,30.5
ZONE I-B,2023,6,0,200.4,33.2,26.7,3.0,220.0,78.0,29.950000000000003
ZONE II,2010,6,0,151.2,33.31538461538462,27.09230769230769,3.0,180.0,78.53846153846153,30.20384615384616
ZONE II,2011,6,0,744.5,32.0,26.4,3.0,140.0,83.0,29.2
ZONE II,2019,6,0,271.1,34.5,27.4,3.0,90.0,75.0,30.95
ZONE III,2010,6,0,151.2,33.31538461538462,27.09230769230769,3.0,180.0,78.53846153846153,30.20384615384616
ZONE III,2011,6,2,744.5,32.0,26.4,3.0,140.0,83.0,29.2
ZONE III,2015,6,0,166.8,34.6,27.7,3.0,110.0,77.0,31.15
ZONE III,2023,6,0,200.4,33.2,26.7,3.0,220.0,78.0,29.950000000000003
ZONE IV,2010,6,0,151.2,33.31538461538462,27.09230769230769,3.0,180.0,78.53846153846153,30.20384615384616
ZONE IV,2011,6,0,744.5,32.0,26.4,3.0,140.0,83.0,29.2
ZONE IV,2013,6,0,290.9,34.1,27.1,2.0,140.0,80.0,30.6
ZONE IV,2015,6,0,166.8,34.6,27.7,3.0,110.0,77.0,31.15
ZONE IV,2019,6,0,271.1,34.5,27.4,3.0,90.0,75.0,30.95
ZONE IV,2023,6,0,200.4,33.2,26.7,3.0,220.0,78.0,29.950000000000003
BUROL,2010,7,3,355.9,32.9,26.9,3.0,110.0,82.0,29.9
BUROL,2011,7,0,393.1,31.3,26.4,3.0,270.0,84.0,28.85
BUROL,2012,7,1,748.0,31.7,25.9,3.0,270.0,85.0,28.8
BUROL,2013,7,2,533.0,32.7,25.9,2.0,140.0,82.0,29.3
BUROL,2014,7,1,523.4,31.7,25.8,3.0,270.0,85.0,28.75
BUROL,2015,7,3,352.8,32.2,26.7,3.0,220.0,82.0,29.450000000000003
BUROL,2016,7,0,303.0,33.1,27.0,3.0,220.0,80.0,30.05
BUROL,2017,7,3,467.2,31.8,26.8,3.0,180.0,83.0,29.3
BUROL,2018,7,1,757.3,30.4,26.0,3.0,220.0,85.0,28.2
BUROL,2019,7,15,309.8,32.5,26.4,3.0,220.0,79.0,29.45
BUROL,2020,7,0,230.4,33.8,26.6,2.0,90.0,76.0,30.2
BUROL,2021,7,2,682.6,31.6,26.3,3.0,220.0,80.0,28.950000000000003
BUROL,2022,7,6,202.8,33.0,26.8,3.0,320.0,79.0,29.9
BUROL,2023,7,1,476.0,32.9,26.7,3.0,220.0,79.0,29.8
BUROL I,2010,7,1,355.9,32.9,26.9,3.0,110.0,82.0,29.9
BUROL I,2011,7,4,393.1,31.3,26.4,3.0,270.0,84.0,28.85
BUROL I,2012,7,2,748.0,31.7,25.9,3.0,270.0,85.0,28.8
BUROL I,2013,7,0,533.0,32.7,25.9,2.0,140.0,82.0,29.3
BUROL I,2014,7,2,523.4,31.7,25.8,3.0,270.0,85.0,28.75
BUROL I,2015,7,3,352.8,32.2,26.7,3.0,220.0,82.0,29.450000000000003
BUROL I,2016,7,0,303.0,33.1,27.0,3.0,220.0,80.0,30.05
BUROL I,2017,7,0,467.2,31.8,26.8,3.0,180.0,83.0,29.3
BUROL I,2018,7,0,757.3,30.4,26.0,3.0,220.0,85.0,28.2
BUROL I,2019,7,8,309.8,32.5,26.4,3.0,220.0,79.0,29.45
BUROL I,2020,7,0,230.4,33.8,26.6,2.0,90.0,76.0,30.2
BUROL I,2021,7,0,682.6,31.6,26.3,3.0,220.0,80.0,28.950000000000003
BUROL I,2022,7,0,202.8,33.0,26.8,3.0,320.0,79.0,29.9
BUROL I,2023,7,0,476.0,32.9,26.7,3.0,220.0,79.0,29.8
BUROL II,2011,7,0,393.1,31.3,26.4,3.0,270.0,84.0,28.85
BUROL II,2012,7,0,748.0,31.7,25.9,3.0,270.0,85.0,28.8
BUROL II,2013,7,2,533.0,32.7,25.9,2.0,140.0,82.0,29.3
BUROL II,2014,7,0,523.4,31.7,25.8,3.0,270.0,85.0,28.75
BUROL II,2015,7,1,352.8,32.2,26.7,3.0,220.0,82.0,29.450000000000003
BUROL II,2016,7,0,303.0,33.1,27.0,3.0,220.0,80.0,30.05
BUROL II,2017,7,0,467.2,31.8,26.8,3.0,180.0,83.0,29.3
BUROL II,2018,7,0,757.3,30.4,26.0,3.0,220.0,85.0,28.2
BUROL II,2019,7,1,309.8,32.5,26.4,3.0,220.0,79.0,29.45
BUROL II,2020,7,0,230.4,33.8,26.6,2.0,90.0,76.0,30.2
BUROL II,2021,7,0,682.6,31.6,26.3,3.0,220.0,80.0,28.950000000000003
BUROL II,2023,7,1,476.0,32.9,26.7,3.0,220.0,79.0,29.8
BUROL III,2010,7,0,355.9,32.9,26.9,3.0,110.0,82.0,29.9
BUROL III,2011,7,0,393.1,31.3,26.4,3.0,270.0,84.0,28.85
BUROL III,2012,7,0,748.0,31.7,25.9,3.0,270.0,85.0,28.8
BUROL III,2013,7,1,533.0,32.7,25.9,2.0,140.0,82.0,29.3
BUROL III,2014,7,0,523.4,31.7,25.8,3.0,270.0,85.0,28.75
BUROL III,2015,7,0,352.8,32.2,26.7,3.0,220.0,82.0,29.450000000000003
BUROL III,2016,7,0,303.0,33.1,27.0,3.0,220.0,80.0,30.05
BUROL III,2017,7,1,467.2,31.8,26.8,3.0,180.0,83.0,29.3
BUROL III,2018,7,0,757.3,30.4,26.0,3.0,220.0,85.0,28.2
BUROL III,2019,7,6,309.8,32.5,26.4,3.0,220.0,79.0,29.45
BUROL III,2020,7,0,230.4,33.8,26.6,2.0,90.0,76.0,30.2
BUROL III,2021,7,0,682.6,31.6,26.3,3.0,220.0,80.0,28.950000000000003
BUROL III,2022,7,0,202.8,33.0,26.8,3.0,320.0,79.0,29.9
BUROL III,2023,7,0,476.0,32.9,26.7,3.0,220.0,79.0,29.8
DASMARIÑAS,2013,7,101,533.0,32.7,25.9,2.0,140.0,82.0,29.3
DATU ESMAEL (BAGO-A-INGUD),2010,7,0,355.9,32.9,26.9,3.0,110.0,82.0,29.9
DATU ESMAEL (BAGO-A-INGUD),2011,7,1,393.1,31.3,26.4,3.0,270.0,84.0,28.85
DATU ESMAEL (BAGO-A-INGUD),2012,7,1,748.0,31.7,25.9,3.0,270.0,85.0,28.8
DATU ESMAEL (BAGO-A-INGUD),2013,7,0,533.0,32.7,25.9,2.0,140.0,82.0,29.3
DATU ESMAEL (BAGO-A-INGUD),2014,7,1,523.4,31.7,25.8,3.0,270.0,85.0,28.75
DATU ESMAEL (BAGO-A-INGUD),2015,7,0,352.8,32.2,26.7,3.0,220.0,82.0,29.450000000000003
DATU ESMAEL (BAGO-A-INGUD),2016,7,0,303.0,33.1,27.0,3.0,220.0,80.0,30.05
DATU ESMAEL (BAGO-A-INGUD),2017,7,0,467.2,31.8,26.8,3.0,180.0,83.0,29.3
DATU ESMAEL (BAGO-A-INGUD),2018,7,0,757.3,30.4,26.0,3.0,220.0,85.0,28.2
DATU ESMAEL (BAGO-A-INGUD),2019,7,6,309.8,32.5,26.4,3.0,220.0,79.0,29.45
DATU ESMAEL (BAGO-A-INGUD),2020,7,0,230.4,33.8,26.6,2.0,90.0,76.0,30.2
DATU ESMAEL (BAGO-A-INGUD),2022,7,0,202.8,33.0,26.8,3.0,320.0,79.0,29.9
EMMANUEL BERGADO I,2010,7,0,355.9,32.9,26.9,3.0,110.0,82.0,29.9
EMMANUEL BERGADO I,2011,7,0,393.1,31.3,26.4,3.0,270.0,84.0,28.85
EMMANUEL BERGADO I,2012,7,1,748.0,31.7,25.9,3.0,270.0,85.0,28.8
EMMANUEL BERGADO I,2013,7,0,533.0,32.7,25.9,2.0,140.0,82.0,29.3
EMMANUEL BERGADO I,2014,7,1,523.4,31.7,25.8,3.0,270.0,85.0,28.75
EMMANUEL BERGADO I,2015,7,6,352.8,32.2,26.7,3.0,220.0,82.0,29.450000000000003
EMMANUEL BERGADO I,2016,7,2,303.0,33.1,27.0,3.0,220.0,80.0,30.05
EMMANUEL BERGADO I,2017,7,1,467.2,31.8,26.8,3.0,180.0,83.0,29.3
EMMANUEL BERGADO I,2018,7,0,757.3,30.4,26.0,3.0,220.0,85.0,28.2
EMMANUEL BERGADO I,2019,7,5,309.8,32.5,26.4,3.0,220.0,79.0,29.45
EMMANUEL BERGADO I,2020,7,0,230.4,33.8,26.6,2.0,90.0,76.0,30.2
EMMANUEL BERGADO I,2021,7,0,682.6,31.6,26.3,3.0,220.0,80.0,28.950000000000003
EMMANUEL BERGADO I,2022,7,0,202.8,33.0,26.8,3.0,320.0,79.0,29.9
EMMANUEL BERGADO I,2023,7,0,476.0,32.9,26.7,3.0,220.0,79.0,29.8
EMMANUEL BERGADO II,2010,7,0,355.9,32.9,26.9,3.0,110.0,82.0,29.9
EMMANUEL BERGADO II,2011,7,0,393.1,31.3,26.4,3.0,270.0,84.0,28.85
EMMANUEL BERGADO II,2012,7,2,748.0,31.7,25.9,3.0,270.0,85.0,28.8
EMMANUEL BERGADO II,2013,7,0,533.0,32.7,25.9,2.0,140.0,82.0,29.3
EMMANUEL BERGADO II,2014,7,2,523.4,31.7,25.8,3.0,270.0,85.0,28.75
EMMANUEL BERGADO II,2015,7,0,352.8,32.2,26.7,3.0,220.0,82.0,29.450000000000003
EMMANUEL BERGADO II,2016,7,2,303.0,33.1,27.0,3.0,220.0,80.0,30.05
EMMANUEL BERGADO II,2017,7,0,467.2,31.8,26.8,3.0,180.0,83.0,29.3
EMMANUEL BERGADO II,2018,7,0,757.3,30.4,26.0,3.0,220.0,85.0,28.2
EMMANUEL BERGADO II,2019,7,0,309.8,32.5,26.4,3.0,220.0,79.0,29.45
EMMANUEL BERGADO II,2020,7,0,230.4,33.8,26.6,2.0,90.0,76.0,30.2
EMMANUEL BERGADO II,2021,7,0,682.6,31.6,26.3,3.0,220.0,80.0,28.950000000000003
EMMANUEL BERGADO II,2022,7,0,202.8,33.0,26.8,3.0,320.0,79.0,29.9
EMMANUEL BERGADO II,2023,7,0,476.0,32.9,26.7,3.0,220.0,79.0,29.8
FATIMA I,2010,7,0,355.9,32.9,26.9,3.0,110.0,82.0,29.9
FATIMA I,2011,7,1,393.1,31.3,26.4,3.0,270.0,84.0,28.85
FATIMA I,2012,7,0,748.0,31.7,25.9,3.0,270.0,85.0,28.8
FATIMA I,2013,7,1,533.0,32.7,25.9,2.0,140.0,82.0,29.3
FATIMA I,2014,7,0,523.4,31.7,25.8,3.0,270.0,85.0,28.75
FATIMA I,2015,7,0,352.8,32.2,26.7,3.0,220.0,82.0,29.450000000000003
FATIMA I,2016,7,0,303.0,33.1,27.0,3.0,220.0,80.0,30.05
FATIMA I,2017,7,2,467.2,31.8,26.8,3.0,180.0,83.0,29.3
FATIMA I,2018,7,0,757.3,30.4,26.0,3.0,220.0,85.0,28.2
FATIMA I,2019,7,10,309.8,32.5,26.4,3.0,220.0,79.0,29.45
FATIMA I,2020,7,0,230.4,33.8,26.6,2.0,90.0,76.0,30.2
FATIMA I,2022,7,0,202.8,33.0,26.8,3.0,320.0,79.0,29.9
FATIMA I,2023,7,0,476.0,32.9,26.7,3.0,220.0,79.0,29.8
FATIMA II,2010,7,0,355.9,32.9,26.9,3.0,110.0,82.0,29.9
FATIMA II,2011,7,0,393.1,31.3,26.4,3.0,270.0,84.0,28.85
FATIMA II,2012,7,0,748.0,31.7,25.9,3.0,270.0,85.0,28.8
FATIMA II,2013,7,0,533.0,32.7,25.9,2.0,140.0,82.0,29.3
FATIMA II,2014,7,0,523.4,31.7,25.8,3.0,270.0,85.0,28.75
FATIMA II,2015,7,1,352.8,32.2,26.7,3.0,220.0,82.0,29.450000000000003
FATIMA II,2016,7,0,303.0,33.1,27.0,3.0,220.0,80.0,30.05
FATIMA II,2017,7,0,467.2,31.8,26.8,3.0,180.0,83.0,29.3
FATIMA II,2018,7,0,757.3,30.4,26.0,3.0,220.0,85.0,28.2
FATIMA II,2019,7,12,309.8,32.5,26.4,3.0,220.0,79.0,29.45
FATIMA II,2020,7,0,230.4,33.8,26.6,2.0,90.0,76.0,30.2
FATIMA II,2021,7,0,682.6,31.6,26.3,3.0,220.0,80.0,28.950000000000003
FATIMA II,2022,7,0,202.8,33.0,26.8,3.0,320.0,79.0,29.9
FATIMA II,2023,7,0,476.0,32.9,26.7,3.0,220.0,79.0,29.8
FATIMA III,2010,7,0,355.9,32.9,26.9,3.0,110.0,82.0,29.9
FATIMA III,2011,7,0,393.1,31.3,26.4,3.0,270.0,84.0,28.85
FATIMA III,2012,7,0,748.0,31.7,25.9,3.0,270.0,85.0,28.8
FATIMA III,2013,7,1,533.0,32.7,25.9,2.0,140.0,82.0,29.3
FATIMA III,2014,7,0,523.4,31.7,25.8,3.0,270.0,85.0,28.75
FATIMA III,2015,7,2,352.8,32.2,26.7,3.0,220.0,82.0,29.450000000000003
FATIMA III,2016,7,1,303.0,33.1,27.0,3.0,220.0,80.0,30.05
FATIMA III,2017,7,0,467.2,31.8,26.8,3.0,180.0,83.0,29.3
FATIMA III,2018,7,0,757.3,30.4,26.0,3.0,220.0,85.0,28.2
FATIMA III,2019,7,1,309.8,32.5,26.4,3.0,220.0,79.0,29.45
FATIMA III,2020,7,0,230.4,33.8,26.6,2.0,90.0,76.0,30.2
FATIMA III,2021,7,0,682.6,31.6,26.3,3.0,220.0,80.0,28.950000000000003
FATIMA III,2022,7,0,202.8,33.0,26.8,3.0,320.0,79.0,29.9
FATIMA III,2023,7,0,476.0,32.9,26.7,3.0,220.0,79.0,29.8
H-II,2010,7,0,355.9,32.9,26.9,3.0,110.0,82.0,29.9
H-II,2015,7,0,352.8,32.2,26.7,3.0,220.0,82.0,29.450000000000003
H-II,2017,7,0,467.2,31.8,26.8,3.0,180.0,83.0,29.3
H-II,2018,7,0,757.3,30.4,26.0,3.0,220.0,85.0,28.2
LANGKAAN I,2010,7,0,355.9,32.9,26.9,3.0,110.0,82.0,29.9
LANGKAAN I,2011,7,7,393.1,31.3,26.4,3.0,270.0,84.0,28.85
LANGKAAN I,2012,7,3,748.0,31.7,25.9,3.0,270.0,85.0,28.8
LANGKAAN I,2013,7,14,533.0,32.7,25.9,2.0,140.0,82.0,29.3
LANGKAAN I,2014,7,3,523.4,31.7,25.8,3.0,270.0,85.0,28.75
LANGKAAN I,2015,7,1,352.8,32.2,26.7,3.0,220.0,82.0,29.450000000000003
LANGKAAN I,2016,7,2,303.0,33.1,27.0,3.0,220.0,80.0,30.05
LANGKAAN I,2017,7,2,467.2,31.8,26.8,3.0,180.0,83.0,29.3
LANGKAAN I,2018,7,0,757.3,30.4,26.0,3.0,220.0,85.0,28.2
LANGKAAN I,2019,7,22,309.8,32.5,26.4,3.0,220.0,79.0,29.45
LANGKAAN I,2020,7,0,230.4,33.8,26.6,2.0,90.0,76.0,30.2
LANGKAAN I,2021,7,0,682.6,31.6,26.3,3.0,220.0,80.0,28.950000000000003
LANGKAAN I,2022,7,3,202.8,33.0,26.8,3.0,320.0,79.0,29.9
LANGKAAN I,2023,7,0,476.0,32.9,26.7,3.0,220.0,79.0,29.8
LANGKAAN II,2010,7,0,355.9,32.9,26.9,3.0,110.0,82.0,29.9
LANGKAAN II,2011,7,7,393.1,31.3,26.4,3.0,270.0,84.0,28.85
LANGKAAN II,2012,7,2,748.0,31.7,25.9,3.0,270.0,85.0,28.8
LANGKAAN II,2013,7,4,533.0,32.7,25.9,2.0,140.0,82.0,29.3
LANGKAAN II,2014,7,2,523.4,31.7,25.8,3.0,270.0,85.0,28.75
LANGKAAN II,2015,7,4,352.8,32.2,26.7,3.0,220.0,82.0,29.450000000000003
LANGKAAN II,2016,7,1,303.0,33.1,27.0,3.0,220.0,80.0,30.05
LANGKAAN II,2017,7,1,467.2,31.8,26.8,3.0,180.0,83.0,29.3
LANGKAAN II,2018,7,1,757.3,30.4,26.0,3.0,220.0,85.0,28.2
LANGKAAN II,2019,7,79,309.8,32.5,26.4,3.0,220.0,79.0,29.45
LANGKAAN II,2020,7,1,230.4,33.8,26.6,2.0,90.0,76.0,30.2
LANGKAAN II,2021,7,2,682.6,31.6,26.3,3.0,220.0,80.0,28.950000000000003
LANGKAAN II,2022,7,4,202.8,33.0,26.8,3.0,320.0,79.0,29.9
LANGKAAN II,2023,7,0,476.0,32.9,26.7,3.0,220.0,79.0,29.8
LUZVIMINDA I,2011,7,0,393.1,31.3,26.4,3.0,270.0,84.0,28.85
LUZVIMINDA I,2012,7,0,748.0,31.7,25.9,3.0,270.0,85.0,28.8
LUZVIMINDA I,2014,7,0,523.4,31.7,25.8,3.0,270.0,85.0,28.75
LUZVIMINDA I,2015,7,1,352.8,32.2,26.7,3.0,220.0,82.0,29.450000000000003
LUZVIMINDA I,2016,7,0,303.0,33.1,27.0,3.0,220.0,80.0,30.05
LUZVIMINDA I,2017,7,0,467.2,31.8,26.8,3.0,180.0,83.0,29.3
LUZVIMINDA I,2018,7,1,757.3,30.4,26.0,3.0,220.0,85.0,28.2
LUZVIMINDA I,2019,7,3,309.8,32.5,26.4,3.0,220.0,79.0,29.45
LUZVIMINDA I,2020,7,0,230.4,33.8,26.6,2.0,90.0,76.0,30.2
LUZVIMINDA I,2021,7,0,682.6,31.6,26.3,3.0,220.0,80.0,28.950000000000003
LUZVIMINDA I,2022,7,0,202.8,33.0,26.8,3.0,320.0,79.0,29.9
LUZVIMINDA I,2023,7,0,476.0,32.9,26.7,3.0,220.0,79.0,29.8
LUZVIMINDA II,2011,7,0,393.1,31.3,26.4,3.0,270.0,84.0,28.85
LUZVIMINDA II,2012,7,0,748.0,31.7,25.9,3.0,270.0,85.0,28.8
LUZVIMINDA II,2013,7,1,533.0,32.7,25.9,2.0,140.0,82.0,29.3
LUZVIMINDA II,2014,7,0,523.4,31.7,25.8,3.0,270.0,85.0,28.75
LUZVIMINDA II,2015,7,1,352.8,32.2,26.7,3.0,220.0,82.0,29.450000000000003
LUZVIMINDA II,2016,7,0,303.0,33.1,27.0,3.0,220.0,80.0,30.05
LUZVIMINDA II,2017,7,0,467.2,31.8,26.8,3.0,180.0,83.0,29.3
LUZVIMINDA II,2018,7,0,757.3,30.4,26.0,3.0,220.0,85.0,28.2
LUZVIMINDA II,2019,7,10,309.8,32.5,26.4,3.0,220.0,79.0,29.45
LUZVIMINDA II,2020,7,0,230.4,33.8,26.6,2.0,90.0,76.0,30.2
LUZVIMINDA II,2022,7,0,202.8,33.0,26.8,3.0,320.0,79.0,29.9
LUZVIMINDA II,2023,7,0,476.0,32.9,26.7,3.0,220.0,79.0,29.8
PALIPARAN I,2010,7,3,355.9,32.9,26.9,3.0,110.0,82.0,29.9
PALIPARAN I,2011,7,2,393.1,31.3,26.4,3.0,270.0,84.0,28.85
PALIPARAN I,2012,7,2,748.0,31.7,25.9,3.0,270.0,85.0,28.8
PALIPARAN I,2013,7,1,533.0,32.7,25.9,2.0,140.0,82.0,29.3
PALIPARAN I,2014,7,2,523.4,31.7,25.8,3.0,270.0,85.0,28.75
PALIPARAN I,2015,7,6,352.8,32.2,26.7,3.0,220.0,82.0,29.450000000000003
PALIPARAN I,2016,7,0,303.0,33.1,27.0,3.0,220.0,80.0,30.05
PALIPARAN I,2017,7,2,467.2,31.8,26.8,3.0,180.0,83.0,29.3
PALIPARAN I,2018,7,1,757.3,30.4,26.0,3.0,220.0,85.0,28.2
PALIPARAN I,2019,7,60,309.8,32.5,26.4,3.0,220.0,79.0,29.45
PALIPARAN I,2020,7,0,230.4,33.8,26.6,2.0,90.0,76.0,30.2
PALIPARAN I,2021,7,1,682.6,31.6,26.3,3.0,220.0,80.0,28.950000000000003
PALIPARAN I,2022,7,0,202.8,33.0,26.8,3.0,320.0,79.0,29.9
PALIPARAN I,2023,7,0,476.0,32.9,26.7,3.0,220.0,79.0,29.8
PALIPARAN II,2010,7,3,355.9,32.9,26.9,3.0,110.0,82.0,29.9
PALIPARAN II,2011,7,0,393.1,31.3,26.4,3.0,270.0,84.0,28.85
PALIPARAN II,2012,7,1,748.0,31.7,25.9,3.0,270.0,85.0,28.8
PALIPARAN II,2013,7,1,533.0,32.7,25.9,2.0,140.0,82.0,29.3
PALIPARAN II,2014,7,1,523.4,31.7,25.8,3.0,270.0,85.0,28.75
PALIPARAN II,2015,7,3,352.8,32.2,26.7,3.0,220.0,82.0,29.450000000000003
PALIPARAN II,2016,7,0,303.0,33.1,27.0,3.0,220.0,80.0,30.05
PALIPARAN II,2017,7,3,467.2,31.8,26.8,3.0,180.0,83.0,29.3
PALIPARAN II,2018,7,1,757.3,30.4,26.0,3.0,220.0,85.0,28.2
PALIPARAN II,2019,7,19,309.8,32.5,26.4,3.0,220.0,79.0,29.45
PALIPARAN II,2020,7,0,230.4,33.8,26.6,2.0,90.0,76.0,30.2
PALIPARAN II,2021,7,0,682.6,31.6,26.3,3.0,220.0,80.0,28.950000000000003
PALIPARAN II,2022,7,0,202.8,33.0,26.8,3.0,320.0,79.0,29.9
PALIPARAN II,2023,7,0,476.0,32.9,26.7,3.0,220.0,79.0,29.8
PALIPARAN III,2010,7,2,355.9,32.9,26.9,3.0,110.0,82.0,29.9
PALIPARAN III,2011,7,0,393.1,31.3,26.4,3.0,270.0,84.0,28.85
PALIPARAN III,2012,7,6,748.0,31.7,25.9,3.0,270.0,85.0,28.8
PALIPARAN III,2013,7,1,533.0,32.7,25.9,2.0,140.0,82.0,29.3
PALIPARAN III,2014,7,6,523.4,31.7,25.8,3.0,270.0,85.0,28.75
PALIPARAN III,2015,7,6,352.8,32.2,26.7,3.0,220.0,82.0,29.450000000000003
PALIPARAN III,2016,7,2,303.0,33.1,27.0,3.0,220.0,80.0,30.05
PALIPARAN III,2017,7,5,467.2,31.8,26.8,3.0,180.0,83.0,29.3
PALIPARAN III,2018,7,0,757.3,30.4,26.0,3.0,220.0,85.0,28.2
PALIPARAN III,2019,7,85,309.8,32.5,26.4,3.0,220.0,79.0,29.45
PALIPARAN III,2020,7,1,230.4,33.8,26.6,2.0,90.0,76.0,30.2
PALIPARAN III,2021,7,1,682.6,31.6,26.3,3.0,220.0,80.0,28.950000000000003
PALIPARAN III,2022,7,3,202.8,33.0,26.8,3.0,320.0,79.0,29.9
PALIPARAN III,2023,7,3,476.0,32.9,26.7,3.0,220.0,79.0,29.8
SABANG,2010,7,1,355.9,32.9,26.9,3.0,110.0,82.0,29.9
SABANG,2011,7,11,393.1,31.3,26.4,3.0,270.0,84.0,28.85
SABANG,2012,7,0,748.0,31.7,25.9,3.0,270.0,85.0,28.8
SABANG,2013,7,1,533.0,32.7,25.9,2.0,140.0,82.0,29.3
SABANG,2014,7,0,523.4,31.7,25.8,3.0,270.0,85.0,28.75
SABANG,2015,7,1,352.8,32.2,26.7,3.0,220.0,82.0,29.450000000000003
SABANG,2016,7,2,303.0,33.1,27.0,3.0,220.0,80.0,30.05
SABANG,2017,7,2,467.2,31.8,26.8,3.0,180.0,83.0,29.3
SABANG,2018,7,0,757.3,30.4,26.0,3.0,220.0,85.0,28.2
SABANG,2019,7,30,309.8,32.5,26.4,3.0,220.0,79.0,29.45
SABANG,2020,7,0,230.4,33.8,26.6,2.0,90.0,76.0,30.2
SABANG,2021,7,0,682.6,31.6,26.3,3.0,220.0,80.0,28.950000000000003
SABANG,2022,7,6,202.8,33.0,26.8,3.0,320.0,79.0,29.9
SABANG,2023,7,0,476.0,32.9,26.7,3.0,220.0,79.0,29.8
SAINT PETER I,2010,7,0,355.9,32.9,26.9,3.0,110.0,82.0,29.9
SAINT PETER I,2011,7,0,393.1,31.3,26.4,3.0,270.0,84.0,28.85
SAINT PETER I,2012,7,0,748.0,31.7,25.9,3.0,270.0,85.0,28.8
SAINT PETER I,2013,7,0,533.0,32.7,25.9,2.0,140.0,82.0,29.3
SAINT PETER I,2014,7,0,523.4,31.7,25.8,3.0,270.0,85.0,28.75
SAINT PETER I,2015,7,3,352.8,32.2,26.7,3.0,220.0,82.0,29.450000000000003
SAINT PETER I,2016,7,0,303.0,33.1,27.0,3.0,220.0,80.0,30.05
SAINT PETER I,2017,7,0,467.2,31.8,26.8,3.0,180.0,83.0,29.3
SAINT PETER I,2018,7,0,757.3,30.4,26.0,3.0,220.0,85.0,28.2
SAINT PETER I,2019,7,1,309.8,32.5,26.4,3.0,220.0,79.0,29.45
SAINT PETER I,2020,7,0,230.4,33.8,26.6,2.0,90.0,76.0,30.2
SAINT PETER I,2021,7,0,682.6,31.6,26.3,3.0,220.0,80.0,28.950000000000003
SAINT PETER I,2022,7,0,202.8,33.0,26.8,3.0,320.0,79.0,29.9
SAINT PETER II,2010,7,0,355.9,32.9,26.9,3.0,110.0,82.0,29.9
SAINT PETER II,2011,7,2,393.1,31.3,26.4,3.0,270.0,84.0,28.85
SAINT PETER II,2013,7,1,533.0,32.7,25.9,2.0,140.0,82.0,29.3
SAINT PETER II,2015,7,0,352.8,32.2,26.7,3.0,220.0,82.0,29.450000000000003
SAINT PETER II,2016,7,0,303.0,33.1,27.0,3.0,220.0,80.0,30.05
SAINT PETER II,2017,7,1,467.2,31.8,26.8,3.0,180.0,83.0,29.3
SAINT PETER II,2018,7,0,757.3,30.4,26.0,3.0,220.0,85.0,28.2
SAINT PETER II,2019,7,0,309.8,32.5,26.4,3.0,220.0,79.0,29.45
SAINT PETER II,2022,7,2,202.8,33.0,26.8,3.0,320.0,79.0,29.9
SAINT PETER II,2023,7,1,476.0,32.9,26.7,3.0,220.0,79.0,29.8
SALAWAG,2010,7,1,355.9,32.9,26.9,3.0,110.0,82.0,29.9
SALAWAG,2011,7,1,393.1,31.3,26.4,3.0,270.0,84.0,28.85
SALAWAG,2012,7,25,748.0,31.7,25.9,3.0,270.0,85.0,28.8
SALAWAG,2013,7,4,533.0,32.7,25.9,2.0,140.0,82.0,29.3
SALAWAG,2014,7,25,523.4,31.7,25.8,3.0,270.0,85.0,28.75
SALAWAG,2015,7,2,352.8,32.2,26.7,3.0,220.0,82.0,29.450000000000003
SALAWAG,2016,7,2,303.0,33.1,27.0,3.0,220.0,80.0,30.05
SALAWAG,2017,7,5,467.2,31.8,26.8,3.0,180.0,83.0,29.3
SALAWAG,2018,7,1,757.3,30.4,26.0,3.0,220.0,85.0,28.2
SALAWAG,2019,7,45,309.8,32.5,26.4,3.0,220.0,79.0,29.45
SALAWAG,2020,7,0,230.4,33.8,26.6,2.0,90.0,76.0,30.2
SALAWAG,2021,7,0,682.6,31.6,26.3,3.0,220.0,80.0,28.950000000000003
SALAWAG,2022,7,4,202.8,33.0,26.8,3.0,320.0,79.0,29.9
SALAWAG,2023,7,3,476.0,32.9,26.7,3.0,220.0,79.0,29.8
SALITRAN I,2010,7,0,355.9,32.9,26.9,3.0,110.0,82.0,29.9
SALITRAN I,2011,7,1,393.1,31.3,26.4,3.0,270.0,84.0,28.85
SALITRAN I,2012,7,5,748.0,31.7,25.9,3.0,270.0,85.0,28.8
SALITRAN I,2013,7,1,533.0,32.7,25.9,2.0,140.0,82.0,29.3
SALITRAN I,2014,7,5,523.4,31.7,25.8,3.0,270.0,85.0,28.75
SALITRAN I,2015,7,1,352.8,32.2,26.7,3.0,220.0,82.0,29.450000000000003
SALITRAN I,2016,7,0,303.0,33.1,27.0,3.0,220.0,80.0,30.05
SALITRAN I,2017,7,0,467.2,31.8,26.8,3.0,180.0,83.0,29.3
SALITRAN I,2018,7,1,757.3,30.4,26.0,3.0,220.0,85.0,28.2
SALITRAN I,2019,7,6,309.8,32.5,26.4,3.0,220.0,79.0,29.45
SALITRAN I,2020,7,1,230.4,33.8,26.6,2.0,90.0,76.0,30.2
SALITRAN I,2021,7,0,682.6,31.6,26.3,3.0,220.0,80.0,28.950000000000003
SALITRAN I,2022,7,2,202.8,33.0,26.8,3.0,320.0,79.0,29.9
SALITRAN I,2023,7,1,476.0,32.9,26.7,3.0,220.0,79.0,29.8
SALITRAN II,2010,7,0,355.9,32.9,26.9,3.0,110.0,82.0,29.9
SALITRAN II,2011,7,2,393.1,31.3,26.4,3.0,270.0,84.0,28.85
SALITRAN II,2012,7,2,748.0,31.7,25.9,3.0,270.0,85.0,28.8
SALITRAN II,2013,7,3,533.0,32.7,25.9,2.0,140.0,82.0,29.3
SALITRAN II,2014,7,2,523.4,31.7,25.8,3.0,270.0,85.0,28.75
SALITRAN II,2015,7,5,352.8,32.2,26.7,3.0,220.0,82.0,29.450000000000003
SALITRAN II,2016,7,0,303.0,33.1,27.0,3.0,220.0,80.0,30.05
SALITRAN II,2017,7,1,467.2,31.8,26.8,3.0,180.0,83.0,29.3
SALITRAN II,2018,7,10,757.3,30.4,26.0,3.0,220.0,85.0,28.2
SALITRAN II,2019,7,27,309.8,32.5,26.4,3.0,220.0,79.0,29.45
SALITRAN II,2020,7,0,230.4,33.8,26.6,2.0,90.0,76.0,30.2
SALITRAN II,2021,7,1,682.6,31.6,26.3,3.0,220.0,80.0,28.950000000000003
SALITRAN II,2022,7,7,202.8,33.0,26.8,3.0,320.0,79.0,29.9
SALITRAN II,2023,7,0,476.0,32.9,26.7,3.0,220.0,79.0,29.8
SALITRAN III,2010,7,2,355.9,32.9,26.9,3.0,110.0,82.0,29.9
SALITRAN III,2011,7,1,393.1,31.3,26.4,3.0,270.0,84.0,28.85
SALITRAN III,2012,7,1,748.0,31.7,25.9,3.0,270.0,85.0,28.8
SALITRAN III,2013,7,3,533.0,32.7,25.9,2.0,140.0,82.0,29.3
SALITRAN III,2014,7,1,523.4,31.7,25.8,3.0,270.0,85.0,28.75
SALITRAN III,2015,7,2,352.8,32.2,26.7,3.0,220.0,82.0,29.450000000000003
SALITRAN III,2016,7,0,303.0,33.1,27.0,3.0,220.0,80.0,30.05
SALITRAN III,2017,7,0,467.2,31.8,26.8,3.0,180.0,83.0,29.3
SALITRAN III,2018,7,2,757.3,30.4,26.0,3.0,220.0,85.0,28.2
SALITRAN III,2019,7,8,309.8,32.5,26.4,3.0,220.0,79.0,29.45
SALITRAN III,2020,7,0,230.4,33.8,26.6,2.0,90.0,76.0,30.2
SALITRAN III,2021,7,0,682.6,31.6,26.3,3.0,220.0,80.0,28.950000000000003
SALITRAN III,2022,7,2,202.8,33.0,26.8,3.0,320.0,79.0,29.9
SALITRAN III,2023,7,3,476.0,32.9,26.7,3.0,220.0,79.0,29.8
SALITRAN IV,2010,7,0,355.9,32.9,26.9,3.0,110.0,82.0,29.9
SALITRAN IV,2011,7,1,393.1,31.3,26.4,3.0,270.0,84.0,28.85
SALITRAN IV,2012,7,4,748.0,31.7,25.9,3.0,270.0,85.0,28.8
SALITRAN IV,2013,7,2,533.0,32.7,25.9,2.0,140.0,82.0,29.3
SALITRAN IV,2014,7,4,523.4,31.7,25.8,3.0,270.0,85.0,28.75
SALITRAN IV,2015,7,1,352.8,32.2,26.7,3.0,220.0,82.0,29.450000000000003
SALITRAN IV,2016,7,1,303.0,33.1,27.0,3.0,220.0,80.0,30.05
SALITRAN IV,2017,7,1,467.2,31.8,26.8,3.0,180.0,83.0,29.3
SALITRAN IV,2018,7,0,757.3,30.4,26.0,3.0,220.0,85.0,28.2
SALITRAN IV,2019,7,12,309.8,32.5,26.4,3.0,220.0,79.0,29.45
SALITRAN IV,2020,7,0,230.4,33.8,26.6,2.0,90.0,76.0,30.2
SALITRAN IV,2021,7,1,682.6,31.6,26.3,3.0,220.0,80.0,28.950000000000003
SALITRAN IV,2022,7,1,202.8,33.0,26.8,3.0,320.0,79.0,29.9
SALITRAN IV,2023,7,0,476.0,32.9,26.7,3.0,220.0,79.0,29.8
SAMPALOC I,2010,7,0,355.9,32.9,26.9,3.0,110.0,82.0,29.9
SAMPALOC I,2011,7,1,393.1,31.3,26.4,3.0,270.0,84.0,28.85
SAMPALOC I,2012,7,1,748.0,31.7,25.9,3.0,270.0,85.0,28.8
SAMPALOC I,2013,7,5,533.0,32.7,25.9,2.0,140.0,82.0,29.3
SAMPALOC I,2014,7,1,523.4,31.7,25.8,3.0,270.0,85.0,28.75
SAMPALOC I,2015,7,3,352.8,32.2,26.7,3.0,220.0,82.0,29.450000000000003
SAMPALOC I,2016,7,1,303.0,33.1,27.0,3.0,220.0,80.0,30.05
SAMPALOC I,2017,7,2,467.2,31.8,26.8,3.0,180.0,83.0,29.3
SAMPALOC I,2018,7,1,757.3,30.4,26.0,3.0,220.0,85.0,28.2
SAMPALOC I,2019,7,10,309.8,32.5,26.4,3.0,220.0,79.0,29.45
SAMPALOC I,2020,7,0,230.4,33.8,26.6,2.0,90.0,76.0,30.2
SAMPALOC I,2021,7,4,682.6,31.6,26.3,3.0,220.0,80.0,28.950000000000003
SAMPALOC I,2022,7,0,202.8,33.0,26.8,3.0,320.0,79.0,29.9
SAMPALOC I,2023,7,0,476.0,32.9,26.7,3.0,220.0,79.0,29.8
SAMPALOC II,2010,7,1,355.9,32.9,26.9,3.0,110.0,82.0,29.9
SAMPALOC II,2011,7,0,393.1,31.3,26.4,3.0,270.0,84.0,28.85
SAMPALOC II,2012,7,3,748.0,31.7,25.9,3.0,270.0,85.0,28.8
SAMPALOC II,2013,7,3,533.0,32.7,25.9,2.0,140.0,82.0,29.3
SAMPALOC II,2014,7,3,523.4,31.7,25.8,3.0,270.0,85.0,28.75
SAMPALOC II,2015,7,2,352.8,32.2,26.7,3.0,220.0,82.0,29.450000000000003
SAMPALOC II,2016,7,9,303.0,33.1,27.0,3.0,220.0,80.0,30.05
SAMPALOC II,2017,7,0,467.2,31.8,26.8,3.0,180.0,83.0,29.3
SAMPALOC II,2018,7,0,757.3,30.4,26.0,3.0,220.0,85.0,28.2
SAMPALOC II,2019,7,30,309.8,32.5,26.4,3.0,220.0,79.0,29.45
SAMPALOC II,2020,7,0,230.4,33.8,26.6,2.0,90.0,76.0,30.2
SAMPALOC II,2021,7,0,682.6,31.6,26.3,3.0,220.0,80.0,28.950000000000003
SAMPALOC II,2022,7,0,202.8,33.0,26.8,3.0,320.0,79.0,29.9
SAMPALOC II,2023,7,0,476.0,32.9,26.7,3.0,220.0,79.0,29.8
SAMPALOC III,2010,7,0,355.9,32.9,26.9,3.0,110.0,82.0,29.9
SAMPALOC III,2011,7,0,393.1,31.3,26.4,3.0,270.0,84.0,28.85
SAMPALOC III,2012,7,0,748.0,31.7,25.9,3.0,270.0,85.0,28.8
SAMPALOC III,2013,7,2,533.0,32.7,25.9,2.0,140.0,82.0,29.3
SAMPALOC III,2014,7,0,523.4,31.7,25.8,3.0,270.0,85.0,28.75
SAMPALOC III,2015,7,4,352.8,32.2,26.7,3.0,220.0,82.0,29.450000000000003
SAMPALOC III,2016,7,1,303.0,33.1,27.0,3.0,220.0,80.0,30.05
SAMPALOC III,2017,7,0,467.2,31.8,26.8,3.0,180.0,83.0,29.3
SAMPALOC III,2018,7,0,757.3,30.4,26.0,3.0,220.0,85.0,28.2
SAMPALOC III,2019,7,120,309.8,32.5,26.4,3.0,220.0,79.0,29.45
SAMPALOC III,2020,7,1,230.4,33.8,26.6,2.0,90.0,76.0,30.2
SAMPALOC III,2021,7,2,682.6,31.6,26.3,3.0,220.0,80.0,28.950000000000003
SAMPALOC III,2022,7,1,202.8,33.0,26.8,3.0,320.0,79.0,29.9
SAMPALOC III,2023,7,1,476.0,32.9,26.7,3.0,220.0,79.0,29.8
SAMPALOC IV,2010,7,0,355.9,32.9,26.9,3.0,110.0,82.0,29.9
SAMPALOC IV,2011,7,4,393.1,31.3,26.4,3.0,270.0,84.0,28.85
SAMPALOC IV,2012,7,0,748.0,31.7,25.9,3.0,270.0,85.0,28.8
SAMPALOC IV,2013,7,0,533.0,32.7,25.9,2.0,140.0,82.0,29.3
SAMPALOC IV,2014,7,0,523.4,31.7,25.8,3.0,270.0,85.0,28.75
SAMPALOC IV,2015,7,6,352.8,32.2,26.7,3.0,220.0,82.0,29.450000000000003
SAMPALOC IV,2016,7,1,303.0,33.1,27.0,3.0,220.0,80.0,30.05
SAMPALOC IV,2017,7,4,467.2,31.8,26.8,3.0,180.0,83.0,29.3
SAMPALOC IV,2018,7,1,757.3,30.4,26.0,3.0,220.0,85.0,28.2
SAMPALOC IV,2019,7,48,309.8,32.5,26.4,3.0,220.0,79.0,29.45
SAMPALOC IV,2020,7,0,230.4,33.8,26.6,2.0,90.0,76.0,30.2
SAMPALOC IV,2021,7,0,682.6,31.6,26.3,3.0,220.0,80.0,28.950000000000003
SAMPALOC IV,2022,7,2,202.8,33.0,26.8,3.0,320.0,79.0,29.9
SAMPALOC IV,2023,7,1,476.0,32.9,26.7,3.0,220.0,79.0,29.8
SAMPALOC V,2010,7,14,355.9,32.9,26.9,3.0,110.0,82.0,29.9
SAMPALOC V,2011,7,0,393.1,31.3,26.4,3.0,270.0,84.0,28.85
SAMPALOC V,2012,7,0,748.0,31.7,25.9,3.0,270.0,85.0,28.8
SAMPALOC V,2013,7,1,533.0,32.7,25.9,2.0,140.0,82.0,29.3
SAMPALOC V,2014,7,0,523.4,31.7,25.8,3.0,270.0,85.0,28.75
SAMPALOC V,2015,7,0,352.8,32.2,26.7,3.0,220.0,82.0,29.450000000000003
SAMPALOC V,2017,7,0,467.2,31.8,26.8,3.0,180.0,83.0,29.3
SAMPALOC V,2018,7,0,757.3,30.4,26.0,3.0,220.0,85.0,28.2
SAMPALOC V,2019,7,5,309.8,32.5,26.4,3.0,220.0,79.0,29.45
SAMPALOC V,2023,7,0,476.0,32.9,26.7,3.0,220.0,79.0,29.8
SAN AGUSTIN I,2010,7,0,355.9,32.9,26.9,3.0,110.0,82.0,29.9
SAN AGUSTIN I,2011,7,0,393.1,31.3,26.4,3.0,270.0,84.0,28.85
SAN AGUSTIN I,2012,7,2,748.0,31.7,25.9,3.0,270.0,85.0,28.8
SAN AGUSTIN I,2013,7,3,533.0,32.7,25.9,2.0,140.0,82.0,29.3
SAN AGUSTIN I,2014,7,2,523.4,31.7,25.8,3.0,270.0,85.0,28.75
SAN AGUSTIN I,2015,7,1,352.8,32.2,26.7,3.0,220.0,82.0,29.450000000000003
SAN AGUSTIN I,2016,7,3,303.0,33.1,27.0,3.0,220.0,80.0,30.05
SAN AGUSTIN I,2017,7,1,467.2,31.8,26.8,3.0,180.0,83.0,29.3
SAN AGUSTIN I,2018,7,0,757.3,30.4,26.0,3.0,220.0,85.0,28.2
SAN AGUSTIN I,2019,7,13,309.8,32.5,26.4,3.0,220.0,79.0,29.45
SAN AGUSTIN I,2020,7,1,230.4,33.8,26.6,2.0,90.0,76.0,30.2
SAN AGUSTIN I,2021,7,2,682.6,31.6,26.3,3.0,220.0,80.0,28.950000000000003
SAN AGUSTIN I,2022,7,0,202.8,33.0,26.8,3.0,320.0,79.0,29.9
SAN AGUSTIN I,2023,7,0,476.0,32.9,26.7,3.0,220.0,79.0,29.8
SAN AGUSTIN II,2010,7,5,355.9,32.9,26.9,3.0,110.0,82.0,29.9
SAN AGUSTIN II,2011,7,2,393.1,31.3,26.4,3.0,270.0,84.0,28.85
SAN AGUSTIN II,2012,7,3,748.0,31.7,25.9,3.0,270.0,85.0,28.8
SAN AGUSTIN II,2013,7,1,533.0,32.7,25.9,2.0,140.0,82.0,29.3
SAN AGUSTIN II,2014,7,3,523.4,31.7,25.8,3.0,270.0,85.0,28.75
SAN AGUSTIN II,2015,7,4,352.8,32.2,26.7,3.0,220.0,82.0,29.450000000000003
SAN AGUSTIN II,2016,7,1,303.0,33.1,27.0,3.0,220.0,80.0,30.05
SAN AGUSTIN II,2017,7,2,467.2,31.8,26.8,3.0,180.0,83.0,29.3
SAN AGUSTIN II,2018,7,2,757.3,30.4,26.0,3.0,220.0,85.0,28.2
SAN AGUSTIN II,2019,7,27,309.8,32.5,26.4,3.0,220.0,79.0,29.45
SAN AGUSTIN II,2020,7,0,230.4,33.8,26.6,2.0,90.0,76.0,30.2
SAN AGUSTIN II,2021,7,1,682.6,31.6,26.3,3.0,220.0,80.0,28.950000000000003
SAN AGUSTIN II,2022,7,0,202.8,33.0,26.8,3.0,320.0,79.0,29.9
SAN AGUSTIN II,2023,7,0,476.0,32.9,26.7,3.0,220.0,79.0,29.8
SAN AGUSTIN III,2010,7,0,355.9,32.9,26.9,3.0,110.0,82.0,29.9
SAN AGUSTIN III,2011,7,0,393.1,31.3,26.4,3.0,270.0,84.0,28.85
SAN AGUSTIN III,2012,7,4,748.0,31.7,25.9,3.0,270.0,85.0,28.8
SAN AGUSTIN III,2013,7,3,533.0,32.7,25.9,2.0,140.0,82.0,29.3
SAN AGUSTIN III,2014,7,4,523.4,31.7,25.8,3.0,270.0,85.0,28.75
SAN AGUSTIN III,2015,7,1,352.8,32.2,26.7,3.0,220.0,82.0,29.450000000000003
SAN AGUSTIN III,2016,7,1,303.0,33.1,27.0,3.0,220.0,80.0,30.05
SAN AGUSTIN III,2017,7,0,467.2,31.8,26.8,3.0,180.0,83.0,29.3
SAN AGUSTIN III,2018,7,1,757.3,30.4,26.0,3.0,220.0,85.0,28.2
SAN AGUSTIN III,2019,7,14,309.8,32.5,26.4,3.0,220.0,79.0,29.45
SAN AGUSTIN III,2020,7,0,230.4,33.8,26.6,2.0,90.0,76.0,30.2
SAN AGUSTIN III,2021,7,1,682.6,31.6,26.3,3.0,220.0,80.0,28.950000000000003
SAN AGUSTIN III,2022,7,1,202.8,33.0,26.8,3.0,320.0,79.0,29.9
SAN AGUSTIN III,2023,7,1,476.0,32.9,26.7,3.0,220.0,79.0,29.8
SAN ANDRES I,2010,7,0,355.9,32.9,26.9,3.0,110.0,82.0,29.9
SAN ANDRES I,2011,7,0,393.1,31.3,26.4,3.0,270.0,84.0,28.85
SAN ANDRES I,2012,7,0,748.0,31.7,25.9,3.0,270.0,85.0,28.8
SAN ANDRES I,2013,7,0,533.0,32.7,25.9,2.0,140.0,82.0,29.3
SAN ANDRES I,2014,7,0,523.4,31.7,25.8,3.0,270.0,85.0,28.75
SAN ANDRES I,2015,7,0,352.8,32.2,26.7,3.0,220.0,82.0,29.450000000000003
SAN ANDRES I,2016,7,0,303.0,33.1,27.0,3.0,220.0,80.0,30.05
SAN ANDRES I,2017,7,1,467.2,31.8,26.8,3.0,180.0,83.0,29.3
SAN ANDRES I,2018,7,0,757.3,30.4,26.0,3.0,220.0,85.0,28.2
SAN ANDRES I,2019,7,0,309.8,32.5,26.4,3.0,220.0,79.0,29.45
SAN ANDRES I,2020,7,0,230.4,33.8,26.6,2.0,90.0,76.0,30.2
SAN ANDRES I,2021,7,0,682.6,31.6,26.3,3.0,220.0,80.0,28.950000000000003
SAN ANDRES I,2022,7,0,202.8,33.0,26.8,3.0,320.0,79.0,29.9
SAN ANDRES I,2023,7,1,476.0,32.9,26.7,3.0,220.0,79.0,29.8
SAN ANDRES II,2011,7,0,393.1,31.3,26.4,3.0,270.0,84.0,28.85
SAN ANDRES II,2012,7,0,748.0,31.7,25.9,3.0,270.0,85.0,28.8
SAN ANDRES II,2014,7,0,523.4,31.7,25.8,3.0,270.0,85.0,28.75
SAN ANDRES II,2015,7,1,352.8,32.2,26.7,3.0,220.0,82.0,29.450000000000003
SAN ANDRES II,2016,7,0,303.0,33.1,27.0,3.0,220.0,80.0,30.05
SAN ANDRES II,2017,7,0,467.2,31.8,26.8,3.0,180.0,83.0,29.3
SAN ANDRES II,2018,7,0,757.3,30.4,26.0,3.0,220.0,85.0,28.2
SAN ANDRES II,2019,7,3,309.8,32.5,26.4,3.0,220.0,79.0,29.45
SAN ANDRES II,2020,7,0,230.4,33.8,26.6,2.0,90.0,76.0,30.2
SAN ANDRES II,2021,7,0,682.6,31.6,26.3,3.0,220.0,80.0,28.950000000000003
SAN ANDRES II,2022,7,0,202.8,33.0,26.8,3.0,320.0,79.0,29.9
SAN ANDRES II,2023,7,1,476.0,32.9,26.7,3.0,220.0,79.0,29.8
SAN ANTONIO DE PADUA I,2011,7,0,393.1,31.3,26.4,3.0,270.0,84.0,28.85
SAN ANTONIO DE PADUA I,2012,7,2,748.0,31.7,25.9,3.0,270.0,85.0,28.8
SAN ANTONIO DE PADUA I,2013,7,3,533.0,32.7,25.9,2.0,140.0,82.0,29.3
SAN ANTONIO DE PADUA I,2014,7,2,523.4,31.7,25.8,3.0,270.0,85.0,28.75
SAN ANTONIO DE PADUA I,2015,7,1,352.8,32.2,26.7,3.0,220.0,82.0,29.450000000000003
SAN ANTONIO DE PADUA I,2016,7,0,303.0,33.1,27.0,3.0,220.0,80.0,30.05
SAN ANTONIO DE PADUA I,2017,7,0,467.2,31.8,26.8,3.0,180.0,83.0,29.3
SAN ANTONIO DE PADUA I,2018,7,0,757.3,30.4,26.0,3.0,220.0,85.0,28.2
SAN ANTONIO DE PADUA I,2019,7,0,309.8,32.5,26.4,3.0,220.0,79.0,29.45
SAN ANTONIO DE PADUA I,2020,7,0,230.4,33.8,26.6,2.0,90.0,76.0,30.2
SAN ANTONIO DE PADUA I,2021,7,1,682.6,31.6,26.3,3.0,220.0,80.0,28.950000000000003
SAN ANTONIO DE PADUA I,2022,7,1,202.8,33.0,26.8,3.0,320.0,79.0,29.9
SAN ANTONIO DE PADUA I,2023,7,0,476.0,32.9,26.7,3.0,220.0,79.0,29.8
SAN ANTONIO DE PADUA II,2010,7,0,355.9,32.9,26.9,3.0,110.0,82.0,29.9
SAN ANTONIO DE PADUA II,2011,7,0,393.1,31.3,26.4,3.0,270.0,84.0,28.85
SAN ANTONIO DE PADUA II,2012,7,2,748.0,31.7,25.9,3.0,270.0,85.0,28.8
SAN ANTONIO DE PADUA II,2013,7,0,533.0,32.7,25.9,2.0,140.0,82.0,29.3
SAN ANTONIO DE PADUA II,2014,7,2,523.4,31.7,25.8,3.0,270.0,85.0,28.75
SAN ANTONIO DE PADUA II,2015,7,2,352.8,32.2,26.7,3.0,220.0,82.0,29.450000000000003
SAN ANTONIO DE PADUA II,2016,7,0,303.0,33.1,27.0,3.0,220.0,80.0,30.05
SAN ANTONIO DE PADUA II,2017,7,0,467.2,31.8,26.8,3.0,180.0,83.0,29.3
SAN ANTONIO DE PADUA II,2018,7,0,757.3,30.4,26.0,3.0,220.0,85.0,28.2
SAN ANTONIO DE PADUA II,2019,7,2,309.8,32.5,26.4,3.0,220.0,79.0,29.45
SAN ANTONIO DE PADUA II,2020,7,0,230.4,33.8,26.6,2.0,90.0,76.0,30.2
SAN ANTONIO DE PADUA II,2021,7,0,682.6,31.6,26.3,3.0,220.0,80.0,28.950000000000003
SAN ANTONIO DE PADUA II,2022,7,0,202.8,33.0,26.8,3.0,320.0,79.0,29.9
SAN ANTONIO DE PADUA II,2023,7,0,476.0,32.9,26.7,3.0,220.0,79.0,29.8
SAN DIONISIO (BARANGAY I),2010,7,0,355.9,32.9,26.9,3.0,110.0,82.0,29.9
SAN DIONISIO (BARANGAY I),2011,7,0,393.1,31.3,26.4,3.0,270.0,84.0,28.85
SAN DIONISIO (BARANGAY I),2012,7,0,748.0,31.7,25.9,3.0,270.0,85.0,28.8
SAN DIONISIO (BARANGAY I),2013,7,0,533.0,32.7,25.9,2.0,140.0,82.0,29.3
SAN DIONISIO (BARANGAY I),2014,7,0,523.4,31.7,25.8,3.0,270.0,85.0,28.75
SAN DIONISIO (BARANGAY I),2015,7,1,352.8,32.2,26.7,3.0,220.0,82.0,29.450000000000003
SAN DIONISIO (BARANGAY I),2016,7,0,303.0,33.1,27.0,3.0,220.0,80.0,30.05
SAN DIONISIO (BARANGAY I),2017,7,0,467.2,31.8,26.8,3.0,180.0,83.0,29.3
SAN DIONISIO (BARANGAY I),2018,7,1,757.3,30.4,26.0,3.0,220.0,85.0,28.2
SAN DIONISIO (BARANGAY I),2019,7,2,309.8,32.5,26.4,3.0,220.0,79.0,29.45
SAN DIONISIO (BARANGAY I),2021,7,1,682.6,31.6,26.3,3.0,220.0,80.0,28.950000000000003
SAN DIONISIO (BARANGAY I),2022,7,0,202.8,33.0,26.8,3.0,320.0,79.0,29.9
SAN DIONISIO (BARANGAY I),2023,7,0,476.0,32.9,26.7,3.0,220.0,79.0,29.8
SAN ESTEBAN (BARANGAY IV),2010,7,0,355.9,32.9,26.9,3.0,110.0,82.0,29.9
SAN ESTEBAN (BARANGAY IV),2011,7,1,393.1,31.3,26.4,3.0,270.0,84.0,28.85
SAN ESTEBAN (BARANGAY IV),2012,7,0,748.0,31.7,25.9,3.0,270.0,85.0,28.8
SAN ESTEBAN (BARANGAY IV),2013,7,0,533.0,32.7,25.9,2.0,140.0,82.0,29.3
SAN ESTEBAN (BARANGAY IV),2014,7,0,523.4,31.7,25.8,3.0,270.0,85.0,28.75
SAN ESTEBAN (BARANGAY IV),2015,7,0,352.8,32.2,26.7,3.0,220.0,82.0,29.450000000000003
SAN ESTEBAN (BARANGAY IV),2016,7,0,303.0,33.1,27.0,3.0,220.0,80.0,30.05
SAN ESTEBAN (BARANGAY IV),2017,7,1,467.2,31.8,26.8,3.0,180.0,83.0,29.3
SAN ESTEBAN (BARANGAY IV),2018,7,1,757.3,30.4,26.0,3.0,220.0,85.0,28.2
SAN ESTEBAN (BARANGAY IV),2019,7,1,309.8,32.5,26.4,3.0,220.0,79.0,29.45
SAN ESTEBAN (BARANGAY IV),2020,7,0,230.4,33.8,26.6,2.0,90.0,76.0,30.2
SAN ESTEBAN (BARANGAY IV),2021,7,2,682.6,31.6,26.3,3.0,220.0,80.0,28.950000000000003
SAN ESTEBAN (BARANGAY IV),2022,7,1,202.8,33.0,26.8,3.0,320.0,79.0,29.9
SAN ESTEBAN (BARANGAY IV),2023,7,0,476.0,32.9,26.7,3.0,220.0,79.0,29.8
SAN FRANCISCO I,2010,7,0,355.9,32.9,26.9,3.0,110.0,82.0,29.9
SAN FRANCISCO I,2011,7,2,393.1,31.3,26.4,3.0,270.0,84.0,28.85
SAN FRANCISCO I,2012,7,0,748.0,31.7,25.9,3.0,270.0,85.0,28.8
SAN FRANCISCO I,2014,7,0,523.4,31.7,25.8,3.0,270.0,85.0,28.75
SAN FRANCISCO I,2015,7,1,352.8,32.2,26.7,3.0,220.0,82.0,29.450000000000003
SAN FRANCISCO I,2016,7,1,303.0,33.1,27.0,3.0,220.0,80.0,30.05
SAN FRANCISCO I,2017,7,0,467.2,31.8,26.8,3.0,180.0,83.0,29.3
SAN FRANCISCO I,2018,7,0,757.3,30.4,26.0,3.0,220.0,85.0,28.2
SAN FRANCISCO I,2019,7,9,309.8,32.5,26.4,3.0,220.0,79.0,29.45
SAN FRANCISCO I,2020,7,0,230.4,33.8,26.6,2.0,90.0,76.0,30.2
SAN FRANCISCO I,2021,7,0,682.6,31.6,26.3,3.0,220.0,80.0,28.950000000000003
SAN FRANCISCO I,2022,7,0,202.8,33.0,26.8,3.0,320.0,79.0,29.9
SAN FRANCISCO I,2023,7,1,476.0,32.9,26.7,3.0,220.0,79.0,29.8
SAN FRANCISCO II,2011,7,0,393.1,31.3,26.4,3.0,270.0,84.0,28.85
SAN FRANCISCO II,2012,7,0,748.0,31.7,25.9,3.0,270.0,85.0,28.8
SAN FRANCISCO II,2013,7,0,533.0,32.7,25.9,2.0,140.0,82.0,29.3
SAN FRANCISCO II,2014,7,0,523.4,31.7,25.8,3.0,270.0,85.0,28.75
SAN FRANCISCO II,2015,7,2,352.8,32.2,26.7,3.0,220.0,82.0,29.450000000000003
SAN FRANCISCO II,2016,7,0,303.0,33.1,27.0,3.0,220.0,80.0,30.05
SAN FRANCISCO II,2017,7,0,467.2,31.8,26.8,3.0,180.0,83.0,29.3
SAN FRANCISCO II,2018,7,0,757.3,30.4,26.0,3.0,220.0,85.0,28.2
SAN FRANCISCO II,2019,7,4,309.8,32.5,26.4,3.0,220.0,79.0,29.45
SAN FRANCISCO II,2020,7,0,230.4,33.8,26.6,2.0,90.0,76.0,30.2
SAN FRANCISCO II,2022,7,0,202.8,33.0,26.8,3.0,320.0,79.0,29.9
SAN FRANCISCO II,2023,7,2,476.0,32.9,26.7,3.0,220.0,79.0,29.8
SAN ISIDRO LABRADOR I,2010,7,1,355.9,32.9,26.9,3.0,110.0,82.0,29.9
SAN ISIDRO LABRADOR I,2011,7,0,393.1,31.3,26.4,3.0,270.0,84.0,28.85
SAN ISIDRO LABRADOR I,2012,7,0,748.0,31.7,25.9,3.0,270.0,85.0,28.8
SAN ISIDRO LABRADOR I,2013,7,1,533.0,32.7,25.9,2.0,140.0,82.0,29.3
SAN ISIDRO LABRADOR I,2014,7,0,523.4,31.7,25.8,3.0,270.0,85.0,28.75
SAN ISIDRO LABRADOR I,2015,7,7,352.8,32.2,26.7,3.0,220.0,82.0,29.450000000000003
SAN ISIDRO LABRADOR I,2016,7,0,303.0,33.1,27.0,3.0,220.0,80.0,30.05
SAN ISIDRO LABRADOR I,2017,7,1,467.2,31.8,26.8,3.0,180.0,83.0,29.3
SAN ISIDRO LABRADOR I,2018,7,0,757.3,30.4,26.0,3.0,220.0,85.0,28.2
SAN ISIDRO LABRADOR I,2019,7,1,309.8,32.5,26.4,3.0,220.0,79.0,29.45
SAN ISIDRO LABRADOR I,2020,7,0,230.4,33.8,26.6,2.0,90.0,76.0,30.2
SAN ISIDRO LABRADOR I,2021,7,0,682.6,31.6,26.3,3.0,220.0,80.0,28.950000000000003
SAN ISIDRO LABRADOR I,2022,7,1,202.8,33.0,26.8,3.0,320.0,79.0,29.9
SAN ISIDRO LABRADOR I,2023,7,0,476.0,32.9,26.7,3.0,220.0,79.0,29.8
SAN ISIDRO LABRADOR II,2010,7,0,355.9,32.9,26.9,3.0,110.0,82.0,29.9
SAN ISIDRO LABRADOR II,2011,7,0,393.1,31.3,26.4,3.0,270.0,84.0,28.85
SAN ISIDRO LABRADOR II,2012,7,0,748.0,31.7,25.9,3.0,270.0,85.0,28.8
SAN ISIDRO LABRADOR II,2013,7,0,533.0,32.7,25.9,2.0,140.0,82.0,29.3
SAN ISIDRO LABRADOR II,2014,7,0,523.4,31.7,25.8,3.0,270.0,85.0,28.75
SAN ISIDRO LABRADOR II,2015,7,1,352.8,32.2,26.7,3.0,220.0,82.0,29.450000000000003
SAN ISIDRO LABRADOR II,2016,7,1,303.0,33.1,27.0,3.0,220.0,80.0,30.05
SAN ISIDRO LABRADOR II,2017,7,0,467.2,31.8,26.8,3.0,180.0,83.0,29.3
SAN ISIDRO LABRADOR II,2018,7,0,757.3,30.4,26.0,3.0,220.0,85.0,28.2
SAN ISIDRO LABRADOR II,2019,7,1,309.8,32.5,26.4,3.0,220.0,79.0,29.45
SAN ISIDRO LABRADOR II,2020,7,0,230.4,33.8,26.6,2.0,90.0,76.0,30.2
SAN ISIDRO LABRADOR II,2021,7,0,682.6,31.6,26.3,3.0,220.0,80.0,28.950000000000003
SAN ISIDRO LABRADOR II,2022,7,0,202.8,33.0,26.8,3.0,320.0,79.0,29.9
SAN ISIDRO LABRADOR II,2023,7,0,476.0,32.9,26.7,3.0,220.0,79.0,29.8
SAN JOSE,2010,7,1,355.9,32.9,26.9,3.0,110.0,82.0,29.9
SAN JOSE,2011,7,2,393.1,31.3,26.4,3.0,270.0,84.0,28.85
SAN JOSE,2012,7,2,748.0,31.7,25.9,3.0,270.0,85.0,28.8
SAN JOSE,2013,7,2,533.0,32.7,25.9,2.0,140.0,82.0,29.3
SAN JOSE,2014,7,2,523.4,31.7,25.8,3.0,270.0,85.0,28.75
SAN JOSE,2015,7,1,352.8,32.2,26.7,3.0,220.0,82.0,29.450000000000003
SAN JOSE,2016,7,1,303.0,33.1,27.0,3.0,220.0,80.0,30.05
SAN JOSE,2017,7,2,467.2,31.8,26.8,3.0,180.0,83.0,29.3
SAN JOSE,2018,7,3,757.3,30.4,26.0,3.0,220.0,85.0,28.2
SAN JOSE,2019,7,18,309.8,32.5,26.4,3.0,220.0,79.0,29.45
SAN JOSE,2020,7,0,230.4,33.8,26.6,2.0,90.0,76.0,30.2
SAN JOSE,2021,7,2,682.6,31.6,26.3,3.0,220.0,80.0,28.950000000000003
SAN JOSE,2022,7,0,202.8,33.0,26.8,3.0,320.0,79.0,29.9
SAN JOSE,2023,7,1,476.0,32.9,26.7,3.0,220.0,79.0,29.8
SAN JUAN (SAN JUAN I),2010,7,0,355.9,32.9,26.9,3.0,110.0,82.0,29.9
SAN JUAN (SAN JUAN I),2011,7,1,393.1,31.3,26.4,3.0,270.0,84.0,28.85
SAN JUAN (SAN JUAN I),2012,7,1,748.0,31.7,25.9,3.0,270.0,85.0,28.8
SAN JUAN (SAN JUAN I),2013,7,2,533.0,32.7,25.9,2.0,140.0,82.0,29.3
SAN JUAN (SAN JUAN I),2014,7,1,523.4,31.7,25.8,3.0,270.0,85.0,28.75
SAN JUAN (SAN JUAN I),2015,7,0,352.8,32.2,26.7,3.0,220.0,82.0,29.450000000000003
SAN JUAN (SAN JUAN I),2016,7,0,303.0,33.1,27.0,3.0,220.0,80.0,30.05
SAN JUAN (SAN JUAN I),2017,7,2,467.2,31.8,26.8,3.0,180.0,83.0,29.3
SAN JUAN (SAN JUAN I),2018,7,0,757.3,30.4,26.0,3.0,220.0,85.0,28.2
SAN JUAN (SAN JUAN I),2019,7,3,309.8,32.5,26.4,3.0,220.0,79.0,29.45
SAN JUAN (SAN JUAN I),2021,7,1,682.6,31.6,26.3,3.0,220.0,80.0,28.950000000000003
SAN JUAN (SAN JUAN I),2022,7,0,202.8,33.0,26.8,3.0,320.0,79.0,29.9
SAN JUAN (SAN JUAN I),2023,7,0,476.0,32.9,26.7,3.0,220.0,79.0,29.8
SAN LORENZO RUIZ I,2010,7,2,355.9,32.9,26.9,3.0,110.0,82.0,29.9
SAN LORENZO RUIZ I,2011,7,0,393.1,31.3,26.4,3.0,270.0,84.0,28.85
SAN LORENZO RUIZ I,2013,7,1,533.0,32.7,25.9,2.0,140.0,82.0,29.3
SAN LORENZO RUIZ I,2015,7,3,352.8,32.2,26.7,3.0,220.0,82.0,29.450000000000003
SAN LORENZO RUIZ I,2016,7,0,303.0,33.1,27.0,3.0,220.0,80.0,30.05
SAN LORENZO RUIZ I,2017,7,0,467.2,31.8,26.8,3.0,180.0,83.0,29.3
SAN LORENZO RUIZ I,2018,7,0,757.3,30.4,26.0,3.0,220.0,85.0,28.2
SAN LORENZO RUIZ I,2019,7,0,309.8,32.5,26.4,3.0,220.0,79.0,29.45
SAN LORENZO RUIZ I,2020,7,0,230.4,33.8,26.6,2.0,90.0,76.0,30.2
SAN LORENZO RUIZ I,2021,7,0,682.6,31.6,26.3,3.0,220.0,80.0,28.950000000000003
SAN LORENZO RUIZ I,2022,7,0,202.8,33.0,26.8,3.0,320.0,79.0,29.9
SAN LORENZO RUIZ I,2023,7,0,476.0,32.9,26.7,3.0,220.0,79.0,29.8
SAN LORENZO RUIZ II,2010,7,0,355.9,32.9,26.9,3.0,110.0,82.0,29.9
SAN LORENZO RUIZ II,2011,7,0,393.1,31.3,26.4,3.0,270.0,84.0,28.85
SAN LORENZO RUIZ II,2012,7,0,748.0,31.7,25.9,3.0,270.0,85.0,28.8
SAN LORENZO RUIZ II,2013,7,0,533.0,32.7,25.9,2.0,140.0,82.0,29.3
SAN LORENZO RUIZ II,2014,7,0,523.4,31.7,25.8,3.0,270.0,85.0,28.75
SAN LORENZO RUIZ II,2015,7,10,352.8,32.2,26.7,3.0,220.0,82.0,29.450000000000003
SAN LORENZO RUIZ II,2016,7,0,303.0,33.1,27.0,3.0,220.0,80.0,30.05
SAN LORENZO RUIZ II,2018,7,0,757.3,30.4,26.0,3.0,220.0,85.0,28.2
SAN LORENZO RUIZ II,2019,7,0,309.8,32.5,26.4,3.0,220.0,79.0,29.45
SAN LORENZO RUIZ II,2020,7,0,230.4,33.8,26.6,2.0,90.0,76.0,30.2
SAN LORENZO RUIZ II,2021,7,0,682.6,31.6,26.3,3.0,220.0,80.0,28.950000000000003
SAN LORENZO RUIZ II,2023,7,0,476.0,32.9,26.7,3.0,220.0,79.0,29.8
SAN LUIS I,2010,7,0,355.9,32.9,26.9,3.0,110.0,82.0,29.9
SAN LUIS I,2011,7,0,393.1,31.3,26.4,3.0,270.0,84.0,28.85
SAN LUIS I,2012,7,0,748.0,31.7,25.9,3.0,270.0,85.0,28.8
SAN LUIS I,2013,7,2,533.0,32.7,25.9,2.0,140.0,82.0,29.3
SAN LUIS I,2014,7,0,523.4,31.7,25.8,3.0,270.0,85.0,28.75
SAN LUIS I,2015,7,0,352.8,32.2,26.7,3.0,220.0,82.0,29.450000000000003
SAN LUIS I,2016,7,0,303.0,33.1,27.0,3.0,220.0,80.0,30.05
SAN LUIS I,2017,7,0,467.2,31.8,26.8,3.0,180.0,83.0,29.3
SAN LUIS I,2018,7,0,757.3,30.4,26.0,3.0,220.0,85.0,28.2
SAN LUIS I,2019,7,2,309.8,32.5,26.4,3.0,220.0,79.0,29.45
SAN LUIS I,2020,7,0,230.4,33.8,26.6,2.0,90.0,76.0,30.2
SAN LUIS I,2021,7,1,682.6,31.6,26.3,3.0,220.0,80.0,28.950000000000003
SAN LUIS I,2022,7,1,202.8,33.0,26.8,3.0,320.0,79.0,29.9
SAN LUIS I,2023,7,0,476.0,32.9,26.7,3.0,220.0,79.0,29.8
SAN LUIS II,2010,7,0,355.9,32.9,26.9,3.0,110.0,82.0,29.9
SAN LUIS II,2011,7,0,393.1,31.3,26.4,3.0,270.0,84.0,28.85
SAN LUIS II,2012,7,0,748.0,31.7,25.9,3.0,270.0,85.0,28.8
SAN LUIS II,2013,7,0,533.0,32.7,25.9,2.0,140.0,82.0,29.3
SAN LUIS II,2014,7,0,523.4,31.7,25.8,3.0,270.0,85.0,28.75
SAN LUIS II,2015,7,4,352.8,32.2,26.7,3.0,220.0,82.0,29.450000000000003
SAN LUIS II,2016,7,0,303.0,33.1,27.0,3.0,220.0,80.0,30.05
SAN LUIS II,2017,7,1,467.2,31.8,26.8,3.0,180.0,83.0,29.3
SAN LUIS II,2018,7,0,757.3,30.4,26.0,3.0,220.0,85.0,28.2
SAN LUIS II,2019,7,13,309.8,32.5,26.4,3.0,220.0,79.0,29.45
SAN LUIS II,2020,7,0,230.4,33.8,26.6,2.0,90.0,76.0,30.2
SAN LUIS II,2021,7,0,682.6,31.6,26.3,3.0,220.0,80.0,28.950000000000003
SAN LUIS II,2022,7,0,202.8,33.0,26.8,3.0,320.0,79.0,29.9
SAN LUIS II,2023,7,0,476.0,32.9,26.7,3.0,220.0,79.0,29.8
SAN MANUEL I,2010,7,0,355.9,32.9,26.9,3.0,110.0,82.0,29.9
SAN MANUEL I,2012,7,0,748.0,31.7,25.9,3.0,270.0,85.0,28.8
SAN MANUEL I,2013,7,0,533.0,32.7,25.9,2.0,140.0,82.0,29.3
SAN MANUEL I,2014,7,0,523.4,31.7,25.8,3.0,270.0,85.0,28.75
SAN MANUEL I,2015,7,2,352.8,32.2,26.7,3.0,220.0,82.0,29.450000000000003
SAN MANUEL I,2016,7,0,303.0,33.1,27.0,3.0,220.0,80.0,30.05
SAN MANUEL I,2017,7,0,467.2,31.8,26.8,3.0,180.0,83.0,29.3
SAN MANUEL I,2018,7,0,757.3,30.4,26.0,3.0,220.0,85.0,28.2
SAN MANUEL I,2019,7,1,309.8,32.5,26.4,3.0,220.0,79.0,29.45
SAN MANUEL I,2022,7,0,202.8,33.0,26.8,3.0,320.0,79.0,29.9
SAN MANUEL I,2023,7,1,476.0,32.9,26.7,3.0,220.0,79.0,29.8
SAN MANUEL II,2010,7,0,355.9,32.9,26.9,3.0,110.0,82.0,29.9
SAN MANUEL II,2011,7,0,393.1,31.3,26.4,3.0,270.0,84.0,28.85
SAN MANUEL II,2012,7,1,748.0,31.7,25.9,3.0,270.0,85.0,28.8
SAN MANUEL II,2013,7,0,533.0,32.7,25.9,2.0,140.0,82.0,29.3
SAN MANUEL II,2014,7,1,523.4,31.7,25.8,3.0,270.0,85.0,28.75
SAN MANUEL II,2015,7,3,352.8,32.2,26.7,3.0,220.0,82.0,29.450000000000003
SAN MANUEL II,2016,7,0,303.0,33.1,27.0,3.0,220.0,80.0,30.05
SAN MANUEL II,2017,7,2,467.2,31.8,26.8,3.0,180.0,83.0,29.3
SAN MANUEL II,2018,7,1,757.3,30.4,26.0,3.0,220.0,85.0,28.2
SAN MANUEL II,2019,7,0,309.8,32.5,26.4,3.0,220.0,79.0,29.45
SAN MANUEL II,2020,7,0,230.4,33.8,26.6,2.0,90.0,76.0,30.2
SAN MANUEL II,2021,7,0,682.6,31.6,26.3,3.0,220.0,80.0,28.950000000000003
SAN MANUEL II,2022,7,0,202.8,33.0,26.8,3.0,320.0,79.0,29.9
SAN MANUEL II,2023,7,0,476.0,32.9,26.7,3.0,220.0,79.0,29.8
SAN MATEO,2010,7,0,355.9,32.9,26.9,3.0,110.0,82.0,29.9
SAN MATEO,2011,7,1,393.1,31.3,26.4,3.0,270.0,84.0,28.85
SAN MATEO,2012,7,0,748.0,31.7,25.9,3.0,270.0,85.0,28.8
SAN MATEO,2013,7,0,533.0,32.7,25.9,2.0,140.0,82.0,29.3
SAN MATEO,2014,7,0,523.4,31.7,25.8,3.0,270.0,85.0,28.75
SAN MATEO,2015,7,0,352.8,32.2,26.7,3.0,220.0,82.0,29.450000000000003
SAN MATEO,2016,7,1,303.0,33.1,27.0,3.0,220.0,80.0,30.05
SAN MATEO,2017,7,0,467.2,31.8,26.8,3.0,180.0,83.0,29.3
SAN MATEO,2018,7,0,757.3,30.4,26.0,3.0,220.0,85.0,28.2
SAN MATEO,2019,7,8,309.8,32.5,26.4,3.0,220.0,79.0,29.45
SAN MATEO,2020,7,0,230.4,33.8,26.6,2.0,90.0,76.0,30.2
SAN MATEO,2021,7,0,682.6,31.6,26.3,3.0,220.0,80.0,28.950000000000003
SAN MATEO,2022,7,0,202.8,33.0,26.8,3.0,320.0,79.0,29.9
SAN MATEO,2023,7,0,476.0,32.9,26.7,3.0,220.0,79.0,29.8
SAN MIGUEL,2010,7,0,355.9,32.9,26.9,3.0,110.0,82.0,29.9
SAN MIGUEL,2011,7,1,393.1,31.3,26.4,3.0,270.0,84.0,28.85
SAN MIGUEL,2013,7,0,533.0,32.7,25.9,2.0,140.0,82.0,29.3
SAN MIGUEL,2015,7,1,352.8,32.2,26.7,3.0,220.0,82.0,29.450000000000003
SAN MIGUEL,2016,7,0,303.0,33.1,27.0,3.0,220.0,80.0,30.05
SAN MIGUEL,2017,7,0,467.2,31.8,26.8,3.0,180.0,83.0,29.3
SAN MIGUEL,2018,7,0,757.3,30.4,26.0,3.0,220.0,85.0,28.2
SAN MIGUEL,2019,7,6,309.8,32.5,26.4,3.0,220.0,79.0,29.45
SAN MIGUEL,2020,7,0,230.4,33.8,26.6,2.0,90.0,76.0,30.2
SAN MIGUEL,2021,7,0,682.6,31.6,26.3,3.0,220.0,80.0,28.950000000000003
SAN MIGUEL,2022,7,0,202.8,33.0,26.8,3.0,320.0,79.0,29.9
SAN MIGUEL,2023,7,0,476.0,32.9,26.7,3.0,220.0,79.0,29.8
SAN MIGUEL II,2010,7,0,355.9,32.9,26.9,3.0,110.0,82.0,29.9
SAN MIGUEL II,2011,7,0,393.1,31.3,26.4,3.0,270.0,84.0,28.85
SAN MIGUEL II,2012,7,0,748.0,31.7,25.9,3.0,270.0,85.0,28.8
SAN MIGUEL II,2013,7,0,533.0,32.7,25.9,2.0,140.0,82.0,29.3
SAN MIGUEL II,2014,7,0,523.4,31.7,25.8,3.0,270.0,85.0,28.75
SAN MIGUEL II,2015,7,2,352.8,32.2,26.7,3.0,220.0,82.0,29.450000000000003
SAN MIGUEL II,2018,7,0,757.3,30.4,26.0,3.0,220.0,85.0,28.2
SAN MIGUEL II,2019,7,1,309.8,32.5,26.4,3.0,220.0,79.0,29.45
SAN MIGUEL II,2020,7,0,230.4,33.8,26.6,2.0,90.0,76.0,30.2
SAN MIGUEL II,2022,7,0,202.8,33.0,26.8,3.0,320.0,79.0,29.9
SAN NICOLAS I,2010,7,0,355.9,32.9,26.9,3.0,110.0,82.0,29.9
SAN NICOLAS I,2011,7,3,393.1,31.3,26.4,3.0,270.0,84.0,28.85
SAN NICOLAS I,2012,7,1,748.0,31.7,25.9,3.0,270.0,85.0,28.8
SAN NICOLAS I,2013,7,0,533.0,32.7,25.9,2.0,140.0,82.0,29.3
SAN NICOLAS I,2014,7,1,523.4,31.7,25.8,3.0,270.0,85.0,28.75
SAN NICOLAS I,2015,7,0,352.8,32.2,26.7,3.0,220.0,82.0,29.450000000000003
SAN NICOLAS I,2017,7,0,467.2,31.8,26.8,3.0,180.0,83.0,29.3
SAN NICOLAS I,2018,7,0,757.3,30.4,26.0,3.0,220.0,85.0,28.2
SAN NICOLAS I,2019,7,0,309.8,32.5,26.4,3.0,220.0,79.0,29.45
SAN NICOLAS I,2020,7,0,230.4,33.8,26.6,2.0,90.0,76.0,30.2
SAN NICOLAS I,2023,7,0,476.0,32.9,26.7,3.0,220.0,79.0,29.8
SAN NICOLAS II,2010,7,0,355.9,32.9,26.9,3.0,110.0,82.0,29.9
SAN NICOLAS II,2011,7,4,393.1,31.3,26.4,3.0,270.0,84.0,28.85
SAN NICOLAS II,2012,7,0,748.0,31.7,25.9,3.0,270.0,85.0,28.8
SAN NICOLAS II,2013,7,0,533.0,32.7,25.9,2.0,140.0,82.0,29.3
SAN NICOLAS II,2014,7,0,523.4,31.7,25.8,3.0,270.0,85.0,28.75
SAN NICOLAS II,2015,7,1,352.8,32.2,26.7,3.0,220.0,82.0,29.450000000000003
SAN NICOLAS II,2016,7,0,303.0,33.1,27.0,3.0,220.0,80.0,30.05
SAN NICOLAS II,2017,7,0,467.2,31.8,26.8,3.0,180.0,83.0,29.3
SAN NICOLAS II,2018,7,0,757.3,30.4,26.0,3.0,220.0,85.0,28.2
SAN NICOLAS II,2019,7,1,309.8,32.5,26.4,3.0,220.0,79.0,29.45
SAN NICOLAS II,2020,7,0,230.4,33.8,26.6,2.0,90.0,76.0,30.2
SAN NICOLAS II,2021,7,0,682.6,31.6,26.3,3.0,220.0,80.0,28.950000000000003
SAN NICOLAS II,2023,7,0,476.0,32.9,26.7,3.0,220.0,79.0,29.8
SAN ROQUE (STA. CRISTINA II),2010,7,0,355.9,32.9,26.9,3.0,110.0,82.0,29.9
SAN ROQUE (STA. CRISTINA II),2012,7,0,748.0,31.7,25.9,3.0,270.0,85.0,28.8
SAN ROQUE (STA. CRISTINA II),2014,7,0,523.4,31.7,25.8,3.0,270.0,85.0,28.75
SAN ROQUE (STA. CRISTINA II),2015,7,2,352.8,32.2,26.7,3.0,220.0,82.0,29.450000000000003
SAN ROQUE (STA. CRISTINA II),2016,7,0,303.0,33.1,27.0,3.0,220.0,80.0,30.05
SAN ROQUE (STA. CRISTINA II),2017,7,0,467.2,31.8,26.8,3.0,180.0,83.0,29.3
SAN ROQUE (STA. CRISTINA II),2018,7,0,757.3,30.4,26.0,3.0,220.0,85.0,28.2
SAN ROQUE (STA. CRISTINA II),2019,7,1,309.8,32.5,26.4,3.0,220.0,79.0,29.45
SAN ROQUE (STA. CRISTINA II),2020,7,0,230.4,33.8,26.6,2.0,90.0,76.0,30.2
SAN SIMON (BARANGAY 7),2010,7,0,355.9,32.9,26.9,3.0,110.0,82.0,29.9
SAN SIMON (BARANGAY 7),2011,7,0,393.1,31.3,26.4,3.0,270.0,84.0,28.85
SAN SIMON (BARANGAY 7),2012,7,1,748.0,31.7,25.9,3.0,270.0,85.0,28.8
SAN SIMON (BARANGAY 7),2013,7,1,533.0,32.7,25.9,2.0,140.0,82.0,29.3
SAN SIMON (BARANGAY 7),2014,7,1,523.4,31.7,25.8,3.0,270.0,85.0,28.75
SAN SIMON (BARANGAY 7),2015,7,1,352.8,32.2,26.7,3.0,220.0,82.0,29.450000000000003
SAN SIMON (BARANGAY 7),2016,7,0,303.0,33.1,27.0,3.0,220.0,80.0,30.05
SAN SIMON (BARANGAY 7),2017,7,0,467.2,31.8,26.8,3.0,180.0,83.0,29.3
SAN SIMON (BARANGAY 7),2018,7,0,757.3,30.4,26.0,3.0,220.0,85.0,28.2
SAN SIMON (BARANGAY 7),2019,7,3,309.8,32.5,26.4,3.0,220.0,79.0,29.45
SAN SIMON (BARANGAY 7),2020,7,0,230.4,33.8,26.6,2.0,90.0,76.0,30.2
SAN SIMON (BARANGAY 7),2021,7,0,682.6,31.6,26.3,3.0,220.0,80.0,28.950000000000003
SAN SIMON (BARANGAY 7),2022,7,0,202.8,33.0,26.8,3.0,320.0,79.0,29.9
SAN SIMON (BARANGAY 7),2023,7,0,476.0,32.9,26.7,3.0,220.0,79.0,29.8
SANTA CRISTINA I,2010,7,0,355.9,32.9,26.9,3.0,110.0,82.0,29.9
SANTA CRISTINA I,2011,7,0,393.1,31.3,26.4,3.0,270.0,84.0,28.85
SANTA CRISTINA I,2012,7,0,748.0,31.7,25.9,3.0,270.0,85.0,28.8
SANTA CRISTINA I,2013,7,1,533.0,32.7,25.9,2.0,140.0,82.0,29.3
SANTA CRISTINA I,2014,7,0,523.4,31.7,25.8,3.0,270.0,85.0,28.75
SANTA CRISTINA I,2015,7,1,352.8,32.2,26.7,3.0,220.0,82.0,29.450000000000003
SANTA CRISTINA I,2016,7,0,303.0,33.1,27.0,3.0,220.0,80.0,30.05
SANTA CRISTINA I,2017,7,0,467.2,31.8,26.8,3.0,180.0,83.0,29.3
SANTA CRISTINA I,2018,7,0,757.3,30.4,26.0,3.0,220.0,85.0,28.2
SANTA CRISTINA I,2019,7,2,309.8,32.5,26.4,3.0,220.0,79.0,29.45
SANTA CRISTINA I,2020,7,0,230.4,33.8,26.6,2.0,90.0,76.0,30.2
SANTA CRISTINA I,2021,7,0,682.6,31.6,26.3,3.0,220.0,80.0,28.950000000000003
SANTA CRISTINA I,2022,7,0,202.8,33.0,26.8,3.0,320.0,79.0,29.9
SANTA CRISTINA II,2010,7,0,355.9,32.9,26.9,3.0,110.0,82.0,29.9
SANTA CRISTINA II,2011,7,0,393.1,31.3,26.4,3.0,270.0,84.0,28.85
SANTA CRISTINA II,2012,7,1,748.0,31.7,25.9,3.0,270.0,85.0,28.8
SANTA CRISTINA II,2013,7,0,533.0,32.7,25.9,2.0,140.0,82.0,29.3
SANTA CRISTINA II,2014,7,1,523.4,31.7,25.8,3.0,270.0,85.0,28.75
SANTA CRISTINA II,2015,7,0,352.8,32.2,26.7,3.0,220.0,82.0,29.450000000000003
SANTA CRISTINA II,2016,7,0,303.0,33.1,27.0,3.0,220.0,80.0,30.05
SANTA CRISTINA II,2017,7,0,467.2,31.8,26.8,3.0,180.0,83.0,29.3
SANTA CRISTINA II,2018,7,0,757.3,30.4,26.0,3.0,220.0,85.0,28.2
SANTA CRISTINA II,2019,7,0,309.8,32.5,26.4,3.0,220.0,79.0,29.45
SANTA CRISTINA II,2020,7,0,230.4,33.8,26.6,2.0,90.0,76.0,30.2
SANTA CRISTINA II,2022,7,0,202.8,33.0,26.8,3.0,320.0,79.0,29.9
SANTA CRISTINA II,2023,7,0,476.0,32.9,26.7,3.0,220.0,79.0,29.8
SANTA CRUZ I,2010,7,0,355.9,32.9,26.9,3.0,110.0,82.0,29.9
SANTA CRUZ I,2011,7,0,393.1,31.3,26.4,3.0,270.0,84.0,28.85
SANTA CRUZ I,2012,7,0,748.0,31.7,25.9,3.0,270.0,85.0,28.8
SANTA CRUZ I,2013,7,0,533.0,32.7,25.9,2.0,140.0,82.0,29.3
SANTA CRUZ I,2014,7,0,523.4,31.7,25.8,3.0,270.0,85.0,28.75
SANTA CRUZ I,2015,7,4,352.8,32.2,26.7,3.0,220.0,82.0,29.450000000000003
SANTA CRUZ I,2016,7,0,303.0,33.1,27.0,3.0,220.0,80.0,30.05
SANTA CRUZ I,2017,7,0,467.2,31.8,26.8,3.0,180.0,83.0,29.3
SANTA CRUZ I,2018,7,1,757.3,30.4,26.0,3.0,220.0,85.0,28.2
SANTA CRUZ I,2019,7,3,309.8,32.5,26.4,3.0,220.0,79.0,29.45
SANTA CRUZ I,2020,7,0,230.4,33.8,26.6,2.0,90.0,76.0,30.2
SANTA CRUZ I,2021,7,0,682.6,31.6,26.3,3.0,220.0,80.0,28.950000000000003
SANTA CRUZ I,2022,7,0,202.8,33.0,26.8,3.0,320.0,79.0,29.9
SANTA CRUZ II,2010,7,0,355.9,32.9,26.9,3.0,110.0,82.0,29.9
SANTA CRUZ II,2011,7,0,393.1,31.3,26.4,3.0,270.0,84.0,28.85
SANTA CRUZ II,2012,7,1,748.0,31.7,25.9,3.0,270.0,85.0,28.8
SANTA CRUZ II,2013,7,2,533.0,32.7,25.9,2.0,140.0,82.0,29.3
SANTA CRUZ II,2014,7,1,523.4,31.7,25.8,3.0,270.0,85.0,28.75
SANTA CRUZ II,2015,7,3,352.8,32.2,26.7,3.0,220.0,82.0,29.450000000000003
SANTA CRUZ II,2016,7,0,303.0,33.1,27.0,3.0,220.0,80.0,30.05
SANTA CRUZ II,2017,7,0,467.2,31.8,26.8,3.0,180.0,83.0,29.3
SANTA CRUZ II,2019,7,4,309.8,32.5,26.4,3.0,220.0,79.0,29.45
SANTA CRUZ II,2020,7,0,230.4,33.8,26.6,2.0,90.0,76.0,30.2
SANTA CRUZ II,2021,7,0,682.6,31.6,26.3,3.0,220.0,80.0,28.950000000000003
SANTA CRUZ II,2022,7,0,202.8,33.0,26.8,3.0,320.0,79.0,29.9
SANTA CRUZ II,2023,7,0,476.0,32.9,26.7,3.0,220.0,79.0,29.8
SANTA FE,2010,7,0,355.9,32.9,26.9,3.0,110.0,82.0,29.9
SANTA FE,2011,7,0,393.1,31.3,26.4,3.0,270.0,84.0,28.85
SANTA FE,2012,7,4,748.0,31.7,25.9,3.0,270.0,85.0,28.8
SANTA FE,2013,7,0,533.0,32.7,25.9,2.0,140.0,82.0,29.3
SANTA FE,2014,7,4,523.4,31.7,25.8,3.0,270.0,85.0,28.75
SANTA FE,2015,7,0,352.8,32.2,26.7,3.0,220.0,82.0,29.450000000000003
SANTA FE,2016,7,0,303.0,33.1,27.0,3.0,220.0,80.0,30.05
SANTA FE,2017,7,0,467.2,31.8,26.8,3.0,180.0,83.0,29.3
SANTA FE,2018,7,0,757.3,30.4,26.0,3.0,220.0,85.0,28.2
SANTA FE,2019,7,3,309.8,32.5,26.4,3.0,220.0,79.0,29.45
SANTA FE,2020,7,0,230.4,33.8,26.6,2.0,90.0,76.0,30.2
SANTA FE,2021,7,0,682.6,31.6,26.3,3.0,220.0,80.0,28.950000000000003
SANTA FE,2023,7,0,476.0,32.9,26.7,3.0,220.0,79.0,29.8
SANTA LUCIA (SAN JUAN II),2010,7,0,355.9,32.9,26.9,3.0,110.0,82.0,29.9
SANTA LUCIA (SAN JUAN II),2011,7,0,393.1,31.3,26.4,3.0,270.0,84.0,28.85
SANTA LUCIA (SAN JUAN II),2012,7,0,748.0,31.7,25.9,3.0,270.0,85.0,28.8
SANTA LUCIA (SAN JUAN II),2013,7,0,533.0,32.7,25.9,2.0,140.0,82.0,29.3
SANTA LUCIA (SAN JUAN II),2014,7,0,523.4,31.7,25.8,3.0,270.0,85.0,28.75
SANTA LUCIA (SAN JUAN II),2015,7,2,352.8,32.2,26.7,3.0,220.0,82.0,29.450000000000003
SANTA LUCIA (SAN JUAN II),2016,7,0,303.0,33.1,27.0,3.0,220.0,80.0,30.05
SANTA LUCIA (SAN JUAN II),2017,7,1,467.2,31.8,26.8,3.0,180.0,83.0,29.3
SANTA LUCIA (SAN JUAN II),2018,7,0,757.3,30.4,26.0,3.0,220.0,85.0,28.2
SANTA LUCIA (SAN JUAN II),2019,7,1,309.8,32.5,26.4,3.0,220.0,79.0,29.45
SANTA LUCIA (SAN JUAN II),2020,7,0,230.4,33.8,26.6,2.0,90.0,76.0,30.2
SANTA LUCIA (SAN JUAN II),2021,7,1,682.6,31.6,26.3,3.0,220.0,80.0,28.950000000000003
SANTA LUCIA (SAN JUAN II),2022,7,0,202.8,33.0,26.8,3.0,320.0,79.0,29.9
SANTA LUCIA (SAN JUAN II),2023,7,0,476.0,32.9,26.7,3.0,220.0,79.0,29.8
SANTA MARIA (BARANGAY 20),2010,7,0,355.9,32.9,26.9,3.0,110.0,82.0,29.9
SANTA MARIA (BARANGAY 20),2011,7,0,393.1,31.3,26.4,3.0,270.0,84.0,28.85
SANTA MARIA (BARANGAY 20),2012,7,0,748.0,31.7,25.9,3.0,270.0,85.0,28.8
SANTA MARIA (BARANGAY 20),2013,7,0,533.0,32.7,25.9,2.0,140.0,82.0,29.3
SANTA MARIA (BARANGAY 20),2014,7,0,523.4,31.7,25.8,3.0,270.0,85.0,28.75
SANTA MARIA (BARANGAY 20),2015,7,2,352.8,32.2,26.7,3.0,220.0,82.0,29.450000000000003
SANTA MARIA (BARANGAY 20),2016,7,0,303.0,33.1,27.0,3.0,220.0,80.0,30.05
SANTA MARIA (BARANGAY 20),2017,7,1,467.2,31.8,26.8,3.0,180.0,83.0,29.3
SANTA MARIA (BARANGAY 20),2018,7,0,757.3,30.4,26.0,3.0,220.0,85.0,28.2
SANTA MARIA (BARANGAY 20),2019,7,2,309.8,32.5,26.4,3.0,220.0,79.0,29.45
SANTA MARIA (BARANGAY 20),2020,7,0,230.4,33.8,26.6,2.0,90.0,76.0,30.2
SANTA MARIA (BARANGAY 20),2021,7,0,682.6,31.6,26.3,3.0,220.0,80.0,28.950000000000003
SANTA MARIA (BARANGAY 20),2022,7,0,202.8,33.0,26.8,3.0,320.0,79.0,29.9
SANTA MARIA (BARANGAY 20),2023,7,0,476.0,32.9,26.7,3.0,220.0,79.0,29.8
SANTO CRISTO (BARANGAY III),2010,7,0,355.9,32.9,26.9,3.0,110.0,82.0,29.9
SANTO CRISTO (BARANGAY III),2011,7,0,393.1,31.3,26.4,3.0,270.0,84.0,28.85
SANTO CRISTO (BARANGAY III),2012,7,0,748.0,31.7,25.9,3.0,270.0,85.0,28.8
SANTO CRISTO (BARANGAY III),2013,7,1,533.0,32.7,25.9,2.0,140.0,82.0,29.3
SANTO CRISTO (BARANGAY III),2014,7,0,523.4,31.7,25.8,3.0,270.0,85.0,28.75
SANTO CRISTO (BARANGAY III),2015,7,0,352.8,32.2,26.7,3.0,220.0,82.0,29.450000000000003
SANTO CRISTO (BARANGAY III),2016,7,1,303.0,33.1,27.0,3.0,220.0,80.0,30.05
SANTO CRISTO (BARANGAY III),2017,7,0,467.2,31.8,26.8,3.0,180.0,83.0,29.3
SANTO CRISTO (BARANGAY III),2018,7,0,757.3,30.4,26.0,3.0,220.0,85.0,28.2
SANTO CRISTO (BARANGAY III),2019,7,1,309.8,32.5,26.4,3.0,220.0,79.0,29.45
SANTO CRISTO (BARANGAY III),2020,7,0,230.4,33.8,26.6,2.0,90.0,76.0,30.2
SANTO CRISTO (BARANGAY III),2021,7,0,682.6,31.6,26.3,3.0,220.0,80.0,28.950000000000003
SANTO CRISTO (BARANGAY III),2022,7,0,202.8,33.0,26.8,3.0,320.0,79.0,29.9
SANTO CRISTO (BARANGAY III),2023,7,0,476.0,32.9,26.7,3.0,220.0,79.0,29.8
SANTO NIÑO I,2010,7,0,355.9,32.9,26.9,3.0,110.0,82.0,29.9
SANTO NIÑO I,2011,7,0,393.1,31.3,26.4,3.0,270.0,84.0,28.85
SANTO NIÑO I,2012,7,0,748.0,31.7,25.9,3.0,270.0,85.0,28.8
SANTO NIÑO I,2013,7,2,533.0,32.7,25.9,2.0,140.0,82.0,29.3
SANTO NIÑO I,2014,7,0,523.4,31.7,25.8,3.0,270.0,85.0,28.75
SANTO NIÑO I,2015,7,2,352.8,32.2,26.7,3.0,220.0,82.0,29.450000000000003
SANTO NIÑO I,2016,7,0,303.0,33.1,27.0,3.0,220.0,80.0,30.05
SANTO NIÑO I,2017,7,0,467.2,31.8,26.8,3.0,180.0,83.0,29.3
SANTO NIÑO I,2018,7,0,757.3,30.4,26.0,3.0,220.0,85.0,28.2
SANTO NIÑO I,2019,7,2,309.8,32.5,26.4,3.0,220.0,79.0,29.45
SANTO NIÑO I,2020,7,0,230.4,33.8,26.6,2.0,90.0,76.0,30.2
SANTO NIÑO I,2021,7,0,682.6,31.6,26.3,3.0,220.0,80.0,28.950000000000003
SANTO NIÑO I,2022,7,0,202.8,33.0,26.8,3.0,320.0,79.0,29.9
SANTO NIÑO I,2023,7,0,476.0,32.9,26.7,3.0,220.0,79.0,29.8
SANTO NIÑO II,2010,7,0,355.9,32.9,26.9,3.0,110.0,82.0,29.9
SANTO NIÑO II,2011,7,0,393.1,31.3,26.4,3.0,270.0,84.0,28.85
SANTO NIÑO II,2012,7,1,748.0,31.7,25.9,3.0,270.0,85.0,28.8
SANTO NIÑO II,2014,7,1,523.4,31.7,25.8,3.0,270.0,85.0,28.75
SANTO NIÑO II,2015,7,1,352.8,32.2,26.7,3.0,220.0,82.0,29.450000000000003
SANTO NIÑO II,2016,7,1,303.0,33.1,27.0,3.0,220.0,80.0,30.05
SANTO NIÑO II,2017,7,0,467.2,31.8,26.8,3.0,180.0,83.0,29.3
SANTO NIÑO II,2018,7,0,757.3,30.4,26.0,3.0,220.0,85.0,28.2
SANTO NIÑO II,2019,7,1,309.8,32.5,26.4,3.0,220.0,79.0,29.45
SANTO NIÑO II,2020,7,0,230.4,33.8,26.6,2.0,90.0,76.0,30.2
SANTO NIÑO II,2023,7,0,476.0,32.9,26.7,3.0,220.0,79.0,29.8
VICTORIA REYES,2010,7,0,355.9,32.9,26.9,3.0,110.0,82.0,29.9
VICTORIA REYES,2011,7,0,393.1,31.3,26.4,3.0,270.0,84.0,28.85
VICTORIA REYES,2012,7,1,748.0,31.7,25.9,3.0,270.0,85.0,28.8
VICTORIA REYES,2013,7,2,533.0,32.7,25.9,2.0,140.0,82.0,29.3
VICTORIA REYES,2014,7,1,523.4,31.7,25.8,3.0,270.0,85.0,28.75
VICTORIA REYES,2015,7,2,352.8,32.2,26.7,3.0,220.0,82.0,29.450000000000003
VICTORIA REYES,2016,7,0,303.0,33.1,27.0,3.0,220.0,80.0,30.05
VICTORIA REYES,2017,7,0,467.2,31.8,26.8,3.0,180.0,83.0,29.3
VICTORIA REYES,2018,7,0,757.3,30.4,26.0,3.0,220.0,85.0,28.2
VICTORIA REYES,2019,7,13,309.8,32.5,26.4,3.0,220.0,79.0,29.45
VICTORIA REYES,2020,7,0,230.4,33.8,26.6,2.0,90.0,76.0,30.2
VICTORIA REYES,2021,7,0,682.6,31.6,26.3,3.0,220.0,80.0,28.950000000000003
VICTORIA REYES,2022,7,0,202.8,33.0,26.8,3.0,320.0,79.0,29.9
VICTORIA REYES,2023,7,0,476.0,32.9,26.7,3.0,220.0,79.0,29.8
ZONE I,2010,7,0,355.9,32.9,26.9,3.0,110.0,82.0,29.9
ZONE I,2011,7,1,393.1,31.3,26.4,3.0,270.0,84.0,28.85
ZONE I,2019,7,0,309.8,32.5,26.4,3.0,220.0,79.0,29.45
ZONE I-B,2010,7,0,355.9,32.9,26.9,3.0,110.0,82.0,29.9
ZONE I-B,2011,7,0,393.1,31.3,26.4,3.0,270.0,84.0,28.85
ZONE I-B,2012,7,2,748.0,31.7,25.9,3.0,270.0,85.0,28.8
ZONE I-B,2013,7,3,533.0,32.7,25.9,2.0,140.0,82.0,29.3
ZONE I-B,2014,7,2,523.4,31.7,25.8,3.0,270.0,85.0,28.75
ZONE I-B,2015,7,2,352.8,32.2,26.7,3.0,220.0,82.0,29.450000000000003
ZONE I-B,2016,7,2,303.0,33.1,27.0,3.0,220.0,80.0,30.05
ZONE I-B,2017,7,2,467.2,31.8,26.8,3.0,180.0,83.0,29.3
ZONE I-B,2018,7,1,757.3,30.4,26.0,3.0,220.0,85.0,28.2
ZONE I-B,2019,7,56,309.8,32.5,26.4,3.0,220.0,79.0,29.45
ZONE I-B,2020,7,0,230.4,33.8,26.6,2.0,90.0,76.0,30.2
ZONE I-B,2021,7,2,682.6,31.6,26.3,3.0,220.0,80.0,28.950000000000003
ZONE I-B,2022,7,1,202.8,33.0,26.8,3.0,320.0,79.0,29.9
ZONE I-B,2023,7,1,476.0,32.9,26.7,3.0,220.0,79.0,29.8
ZONE II,2010,7,0,355.9,32.9,26.9,3.0,110.0,82.0,29.9
ZONE II,2011,7,0,393.1,31.3,26.4,3.0,270.0,84.0,28.85
ZONE II,2019,7,1,309.8,32.5,26.4,3.0,220.0,79.0,29.45
ZONE III,2010,7,0,355.9,32.9,26.9,3.0,110.0,82.0,29.9
ZONE III,2011,7,1,393.1,31.3,26.4,3.0,270.0,84.0,28.85
ZONE III,2015,7,1,352.8,32.2,26.7,3.0,220.0,82.0,29.450000000000003
ZONE III,2023,7,0,476.0,32.9,26.7,3.0,220.0,79.0,29.8
ZONE IV,2010,7,0,355.9,32.9,26.9,3.0,110.0,82.0,29.9
ZONE IV,2011,7,0,393.1,31.3,26.4,3.0,270.0,84.0,28.85
ZONE IV,2013,7,0,533.0,32.7,25.9,2.0,140.0,82.0,29.3
ZONE IV,2015,7,0,352.8,32.2,26.7,3.0,220.0,82.0,29.450000000000003
ZONE IV,2019,7,1,309.8,32.5,26.4,3.0,220.0,79.0,29.45
ZONE IV,2023,7,1,476.0,32.9,26.7,3.0,220.0,79.0,29.8
BUROL,2010,8,6,375.2,32.3,26.5,3.0,220.0,84.0,29.4
BUROL,2011,8,4,486.6,31.2,26.3,3.0,270.0,86.0,28.75
BUROL,2012,8,10,1186.3,30.4,25.3,3.0,270.0,88.0,27.85
BUROL,2013,8,1,1339.5,31.0,25.5,2.0,270.0,86.0,28.25
BUROL,2014,8,10,296.8,32.0,26.5,3.0,270.0,83.0,29.25
BUROL,2015,8,7,312.6,32.6,26.7,3.0,220.0,82.0,29.65
BUROL,2016,8,1,775.4,31.1,26.6,3.0,220.0,85.0,28.85
BUROL,2017,8,1,323.0,32.6,27.1,3.0,220.0,80.0,29.85
BUROL,2018,8,1,427.2,31.2,26.6,4.0,220.0,82.0,28.9
BUROL,2019,8,23,622.9,30.9,26.3,4.0,220.0,84.0,28.6
BUROL,2020,8,0,214.2,32.2,26.3,2.0,220.0,80.0,29.25
BUROL,2021,8,0,136.4,32.6,26.7,3.0,220.0,78.0,29.65
BUROL,2022,8,6,401.8,31.6,25.9,2.0,220.0,81.0,28.75
BUROL,2023,8,0,289.2,32.0,27.5,4.0,220.0,80.0,29.75
BUROL I,2010,8,2,375.2,32.3,26.5,3.0,220.0,84.0,29.4
BUROL I,2011,8,6,486.6,31.2,26.3,3.0,270.0,86.0,28.75
BUROL I,2012,8,10,1186.3,30.4,25.3,3.0,270.0,88.0,27.85
BUROL I,2013,8,1,1339.5,31.0,25.5,2.0,270.0,86.0,28.25
BUROL I,2014,8,10,296.8,32.0,26.5,3.0,270.0,83.0,29.25
BUROL I,2015,8,9,312.6,32.6,26.7,3.0,220.0,82.0,29.65
BUROL I,2016,8,3,775.4,31.1,26.6,3.0,220.0,85.0,28.85
BUROL I,2017,8,5,323.0,32.6,27.1,3.0,220.0,80.0,29.85
BUROL I,2018,8,6,427.2,31.2,26.6,4.0,220.0,82.0,28.9
BUROL I,2019,8,24,622.9,30.9,26.3,4.0,220.0,84.0,28.6
BUROL I,2020,8,0,214.2,32.2,26.3,2.0,220.0,80.0,29.25
BUROL I,2021,8,0,136.4,32.6,26.7,3.0,220.0,78.0,29.65
BUROL I,2022,8,3,401.8,31.6,25.9,2.0,220.0,81.0,28.75
BUROL I,2023,8,1,289.2,32.0,27.5,4.0,220.0,80.0,29.75
BUROL II,2011,8,1,486.6,31.2,26.3,3.0,270.0,86.0,28.75
BUROL II,2012,8,0,1186.3,30.4,25.3,3.0,270.0,88.0,27.85
BUROL II,2013,8,2,1339.5,31.0,25.5,2.0,270.0,86.0,28.25
BUROL II,2014,8,0,296.8,32.0,26.5,3.0,270.0,83.0,29.25
BUROL II,2015,8,1,312.6,32.6,26.7,3.0,220.0,82.0,29.65
BUROL II,2016,8,1,775.4,31.1,26.6,3.0,220.0,85.0,28.85
BUROL II,2017,8,0,323.0,32.6,27.1,3.0,220.0,80.0,29.85
BUROL II,2018,8,1,427.2,31.2,26.6,4.0,220.0,82.0,28.9
BUROL II,2019,8,5,622.9,30.9,26.3,4.0,220.0,84.0,28.6
BUROL II,2020,8,0,214.2,32.2,26.3,2.0,220.0,80.0,29.25
BUROL II,2021,8,0,136.4,32.6,26.7,3.0,220.0,78.0,29.65
BUROL II,2023,8,0,289.2,32.0,27.5,4.0,220.0,80.0,29.75
BUROL III,2010,8,0,375.2,32.3,26.5,3.0,220.0,84.0,29.4
BUROL III,2011,8,0,486.6,31.2,26.3,3.0,270.0,86.0,28.75
BUROL III,2012,8,1,1186.3,30.4,25.3,3.0,270.0,88.0,27.85
BUROL III,2013,8,2,1339.5,31.0,25.5,2.0,270.0,86.0,28.25
BUROL III,2014,8,1,296.8,32.0,26.5,3.0,270.0,83.0,29.25
BUROL III,2015,8,3,312.6,32.6,26.7,3.0,220.0,82.0,29.65
BUROL III,2016,8,2,775.4,31.1,26.6,3.0,220.0,85.0,28.85
BUROL III,2017,8,1,323.0,32.6,27.1,3.0,220.0,80.0,29.85
BUROL III,2018,8,2,427.2,31.2,26.6,4.0,220.0,82.0,28.9
BUROL III,2019,8,27,622.9,30.9,26.3,4.0,220.0,84.0,28.6
BUROL III,2020,8,0,214.2,32.2,26.3,2.0,220.0,80.0,29.25
BUROL III,2021,8,0,136.4,32.6,26.7,3.0,220.0,78.0,29.65
BUROL III,2022,8,1,401.8,31.6,25.9,2.0,220.0,81.0,28.75
BUROL III,2023,8,0,289.2,32.0,27.5,4.0,220.0,80.0,29.75
DASMARIÑAS,2013,8,126,1339.5,31.0,25.5,2.0,270.0,86.0,28.25
DATU ESMAEL (BAGO-A-INGUD),2010,8,1,375.2,32.3,26.5,3.0,220.0,84.0,29.4
DATU ESMAEL (BAGO-A-INGUD),2011,8,1,486.6,31.2,26.3,3.0,270.0,86.0,28.75
DATU ESMAEL (BAGO-A-INGUD),2012,8,3,1186.3,30.4,25.3,3.0,270.0,88.0,27.85
DATU ESMAEL (BAGO-A-INGUD),2013,8,2,1339.5,31.0,25.5,2.0,270.0,86.0,28.25
DATU ESMAEL (BAGO-A-INGUD),2014,8,3,296.8,32.0,26.5,3.0,270.0,83.0,29.25
DATU ESMAEL (BAGO-A-INGUD),2015,8,2,312.6,32.6,26.7,3.0,220.0,82.0,29.65
DATU ESMAEL (BAGO-A-INGUD),2016,8,0,775.4,31.1,26.6,3.0,220.0,85.0,28.85
DATU ESMAEL (BAGO-A-INGUD),2017,8,1,323.0,32.6,27.1,3.0,220.0,80.0,29.85
DATU ESMAEL (BAGO-A-INGUD),2018,8,2,427.2,31.2,26.6,4.0,220.0,82.0,28.9
DATU ESMAEL (BAGO-A-INGUD),2019,8,7,622.9,30.9,26.3,4.0,220.0,84.0,28.6
DATU ESMAEL (BAGO-A-INGUD),2020,8,0,214.2,32.2,26.3,2.0,220.0,80.0,29.25
DATU ESMAEL (BAGO-A-INGUD),2022,8,0,401.8,31.6,25.9,2.0,220.0,81.0,28.75
EMMANUEL BERGADO I,2010,8,1,375.2,32.3,26.5,3.0,220.0,84.0,29.4
EMMANUEL BERGADO I,2011,8,0,486.6,31.2,26.3,3.0,270.0,86.0,28.75
EMMANUEL BERGADO I,2012,8,0,1186.3,30.4,25.3,3.0,270.0,88.0,27.85
EMMANUEL BERGADO I,2013,8,1,1339.5,31.0,25.5,2.0,270.0,86.0,28.25
EMMANUEL BERGADO I,2014,8,0,296.8,32.0,26.5,3.0,270.0,83.0,29.25
EMMANUEL BERGADO I,2015,8,8,312.6,32.6,26.7,3.0,220.0,82.0,29.65
EMMANUEL BERGADO I,2016,8,0,775.4,31.1,26.6,3.0,220.0,85.0,28.85
EMMANUEL BERGADO I,2017,8,1,323.0,32.6,27.1,3.0,220.0,80.0,29.85
EMMANUEL BERGADO I,2018,8,0,427.2,31.2,26.6,4.0,220.0,82.0,28.9
EMMANUEL BERGADO I,2019,8,6,622.9,30.9,26.3,4.0,220.0,84.0,28.6
EMMANUEL BERGADO I,2020,8,0,214.2,32.2,26.3,2.0,220.0,80.0,29.25
EMMANUEL BERGADO I,2021,8,1,136.4,32.6,26.7,3.0,220.0,78.0,29.65
EMMANUEL BERGADO I,2022,8,0,401.8,31.6,25.9,2.0,220.0,81.0,28.75
EMMANUEL BERGADO I,2023,8,0,289.2,32.0,27.5,4.0,220.0,80.0,29.75
EMMANUEL BERGADO II,2010,8,0,375.2,32.3,26.5,3.0,220.0,84.0,29.4
EMMANUEL BERGADO II,2011,8,4,486.6,31.2,26.3,3.0,270.0,86.0,28.75
EMMANUEL BERGADO II,2012,8,0,1186.3,30.4,25.3,3.0,270.0,88.0,27.85
EMMANUEL BERGADO II,2013,8,0,1339.5,31.0,25.5,2.0,270.0,86.0,28.25
EMMANUEL BERGADO II,2014,8,0,296.8,32.0,26.5,3.0,270.0,83.0,29.25
EMMANUEL BERGADO II,2015,8,0,312.6,32.6,26.7,3.0,220.0,82.0,29.65
EMMANUEL BERGADO II,2016,8,0,775.4,31.1,26.6,3.0,220.0,85.0,28.85
EMMANUEL BERGADO II,2017,8,1,323.0,32.6,27.1,3.0,220.0,80.0,29.85
EMMANUEL BERGADO II,2018,8,0,427.2,31.2,26.6,4.0,220.0,82.0,28.9
EMMANUEL BERGADO II,2019,8,6,622.9,30.9,26.3,4.0,220.0,84.0,28.6
EMMANUEL BERGADO II,2020,8,0,214.2,32.2,26.3,2.0,220.0,80.0,29.25
EMMANUEL BERGADO II,2021,8,0,136.4,32.6,26.7,3.0,220.0,78.0,29.65
EMMANUEL BERGADO II,2022,8,0,401.8,31.6,25.9,2.0,220.0,81.0,28.75
EMMANUEL BERGADO II,2023,8,0,289.2,32.0,27.5,4.0,220.0,80.0,29.75
FATIMA I,2010,8,1,375.2,32.3,26.5,3.0,220.0,84.0,29.4
FATIMA I,2011,8,0,486.6,31.2,26.3,3.0,270.0,86.0,28.75
FATIMA I,2012,8,0,1186.3,30.4,25.3,3.0,270.0,88.0,27.85
FATIMA I,2013,8,2,1339.5,31.0,25.5,2.0,270.0,86.0,28.25
FATIMA I,2014,8,0,296.8,32.0,26.5,3.0,270.0,83.0,29.25
FATIMA I,2015,8,1,312.6,32.6,26.7,3.0,220.0,82.0,29.65
FATIMA I,2016,8,1,775.4,31.1,26.6,3.0,220.0,85.0,28.85
FATIMA I,2017,8,0,323.0,32.6,27.1,3.0,220.0,80.0,29.85
FATIMA I,2018,8,1,427.2,31.2,26.6,4.0,220.0,82.0,28.9
FATIMA I,2019,8,11,622.9,30.9,26.3,4.0,220.0,84.0,28.6
FATIMA I,2020,8,0,214.2,32.2,26.3,2.0,220.0,80.0,29.25
FATIMA I,2022,8,0,401.8,31.6,25.9,2.0,220.0,81.0,28.75
FATIMA I,2023,8,0,289.2,32.0,27.5,4.0,220.0,80.0,29.75
FATIMA II,2010,8,0,375.2,32.3,26.5,3.0,220.0,84.0,29.4
FATIMA II,2011,8,1,486.6,31.2,26.3,3.0,270.0,86.0,28.75
FATIMA II,2012,8,1,1186.3,30.4,25.3,3.0,270.0,88.0,27.85
FATIMA II,2013,8,0,1339.5,31.0,25.5,2.0,270.0,86.0,28.25
FATIMA II,2014,8,1,296.8,32.0,26.5,3.0,270.0,83.0,29.25
FATIMA II,2015,8,0,312.6,32.6,26.7,3.0,220.0,82.0,29.65
FATIMA II,2016,8,1,775.4,31.1,26.6,3.0,220.0,85.0,28.85
FATIMA II,2017,8,0,323.0,32.6,27.1,3.0,220.0,80.0,29.85
FATIMA II,2018,8,1,427.2,31.2,26.6,4.0,220.0,82.0,28.9
FATIMA II,2019,8,10,622.9,30.9,26.3,4.0,220.0,84.0,28.6
FATIMA II,2020,8,0,214.2,32.2,26.3,2.0,220.0,80.0,29.25
FATIMA II,2021,8,0,136.4,32.6,26.7,3.0,220.0,78.0,29.65
FATIMA II,2022,8,1,401.8,31.6,25.9,2.0,220.0,81.0,28.75
FATIMA II,2023,8,1,289.2,32.0,27.5,4.0,220.0,80.0,29.75
FATIMA III,2010,8,1,375.2,32.3,26.5,3.0,220.0,84.0,29.4
FATIMA III,2011,8,0,486.6,31.2,26.3,3.0,270.0,86.0,28.75
FATIMA III,2012,8,0,1186.3,30.4,25.3,3.0,270.0,88.0,27.85
FATIMA III,2013,8,0,1339.5,31.0,25.5,2.0,270.0,86.0,28.25
FATIMA III,2014,8,0,296.8,32.0,26.5,3.0,270.0,83.0,29.25
FATIMA III,2015,8,3,312.6,32.6,26.7,3.0,220.0,82.0,29.65
FATIMA III,2016,8,0,775.4,31.1,26.6,3.0,220.0,85.0,28.85
FATIMA III,2017,8,0,323.0,32.6,27.1,3.0,220.0,80.0,29.85
FATIMA III,2018,8,0,427.2,31.2,26.6,4.0,220.0,82.0,28.9
FATIMA III,2019,8,4,622.9,30.9,26.3,4.0,220.0,84.0,28.6
FATIMA III,2020,8,0,214.2,32.2,26.3,2.0,220.0,80.0,29.25
FATIMA III,2021,8,0,136.4,32.6,26.7,3.0,220.0,78.0,29.65
FATIMA III,2022,8,0,401.8,31.6,25.9,2.0,220.0,81.0,28.75
FATIMA III,2023,8,0,289.2,32.0,27.5,4.0,220.0,80.0,29.75
H-II,2010,8,1,375.2,32.3,26.5,3.0,220.0,84.0,29.4
H-II,2015,8,0,312.6,32.6,26.7,3.0,220.0,82.0,29.65
H-II,2017,8,0,323.0,32.6,27.1,3.0,220.0,80.0,29.85
H-II,2018,8,0,427.2,31.2,26.6,4.0,220.0,82.0,28.9
LANGKAAN I,2010,8,2,375.2,32.3,26.5,3.0,220.0,84.0,29.4
LANGKAAN I,2011,8,4,486.6,31.2,26.3,3.0,270.0,86.0,28.75
LANGKAAN I,2012,8,1,1186.3,30.4,25.3,3.0,270.0,88.0,27.85
LANGKAAN I,2013,8,9,1339.5,31.0,25.5,2.0,270.0,86.0,28.25
LANGKAAN I,2014,8,1,296.8,32.0,26.5,3.0,270.0,83.0,29.25
LANGKAAN I,2015,8,8,312.6,32.6,26.7,3.0,220.0,82.0,29.65
LANGKAAN I,2016,8,3,775.4,31.1,26.6,3.0,220.0,85.0,28.85
LANGKAAN I,2017,8,11,323.0,32.6,27.1,3.0,220.0,80.0,29.85
LANGKAAN I,2018,8,1,427.2,31.2,26.6,4.0,220.0,82.0,28.9
LANGKAAN I,2019,8,39,622.9,30.9,26.3,4.0,220.0,84.0,28.6
LANGKAAN I,2020,8,1,214.2,32.2,26.3,2.0,220.0,80.0,29.25
LANGKAAN I,2021,8,1,136.4,32.6,26.7,3.0,220.0,78.0,29.65
LANGKAAN I,2022,8,3,401.8,31.6,25.9,2.0,220.0,81.0,28.75
LANGKAAN I,2023,8,2,289.2,32.0,27.5,4.0,220.0,80.0,29.75
LANGKAAN II,2010,8,2,375.2,32.3,26.5,3.0,220.0,84.0,29.4
LANGKAAN II,2011,8,13,486.6,31.2,26.3,3.0,270.0,86.0,28.75
LANGKAAN II,2012,8,5,1186.3,30.4,25.3,3.0,270.0,88.0,27.85
LANGKAAN II,2013,8,10,1339.5,31.0,25.5,2.0,270.0,86.0,28.25
LANGKAAN II,2014,8,5,296.8,32.0,26.5,3.0,270.0,83.0,29.25
LANGKAAN II,2015,8,14,312.6,32.6,26.7,3.0,220.0,82.0,29.65
LANGKAAN II,2016,8,8,775.4,31.1,26.6,3.0,220.0,85.0,28.85
LANGKAAN II,2017,8,7,323.0,32.6,27.1,3.0,220.0,80.0,29.85
LANGKAAN II,2018,8,5,427.2,31.2,26.6,4.0,220.0,82.0,28.9
LANGKAAN II,2019,8,144,622.9,30.9,26.3,4.0,220.0,84.0,28.6
LANGKAAN II,2020,8,0,214.2,32.2,26.3,2.0,220.0,80.0,29.25
LANGKAAN II,2021,8,0,136.4,32.6,26.7,3.0,220.0,78.0,29.65
LANGKAAN II,2022,8,2,401.8,31.6,25.9,2.0,220.0,81.0,28.75
LANGKAAN II,2023,8,3,289.2,32.0,27.5,4.0,220.0,80.0,29.75
LUZVIMINDA I,2011,8,5,486.6,31.2,26.3,3.0,270.0,86.0,28.75
LUZVIMINDA I,2012,8,1,1186.3,30.4,25.3,3.0,270.0,88.0,27.85
LUZVIMINDA I,2014,8,1,296.8,32.0,26.5,3.0,270.0,83.0,29.25
LUZVIMINDA I,2015,8,2,312.6,32.6,26.7,3.0,220.0,82.0,29.65
LUZVIMINDA I,2016,8,2,775.4,31.1,26.6,3.0,220.0,85.0,28.85
LUZVIMINDA I,2017,8,0,323.0,32.6,27.1,3.0,220.0,80.0,29.85
LUZVIMINDA I,2018,8,0,427.2,31.2,26.6,4.0,220.0,82.0,28.9
LUZVIMINDA I,2019,8,6,622.9,30.9,26.3,4.0,220.0,84.0,28.6
LUZVIMINDA I,2020,8,0,214.2,32.2,26.3,2.0,220.0,80.0,29.25
LUZVIMINDA I,2021,8,0,136.4,32.6,26.7,3.0,220.0,78.0,29.65
LUZVIMINDA I,2022,8,0,401.8,31.6,25.9,2.0,220.0,81.0,28.75
LUZVIMINDA I,2023,8,0,289.2,32.0,27.5,4.0,220.0,80.0,29.75
LUZVIMINDA II,2011,8,2,486.6,31.2,26.3,3.0,270.0,86.0,28.75
LUZVIMINDA II,2012,8,0,1186.3,30.4,25.3,3.0,270.0,88.0,27.85
LUZVIMINDA II,2013,8,0,1339.5,31.0,25.5,2.0,270.0,86.0,28.25
LUZVIMINDA II,2014,8,0,296.8,32.0,26.5,3.0,270.0,83.0,29.25
LUZVIMINDA II,2015,8,2,312.6,32.6,26.7,3.0,220.0,82.0,29.65
LUZVIMINDA II,2016,8,0,775.4,31.1,26.6,3.0,220.0,85.0,28.85
LUZVIMINDA II,2017,8,1,323.0,32.6,27.1,3.0,220.0,80.0,29.85
LUZVIMINDA II,2018,8,0,427.2,31.2,26.6,4.0,220.0,82.0,28.9
LUZVIMINDA II,2019,8,25,622.9,30.9,26.3,4.0,220.0,84.0,28.6
LUZVIMINDA II,2020,8,0,214.2,32.2,26.3,2.0,220.0,80.0,29.25
LUZVIMINDA II,2022,8,1,401.8,31.6,25.9,2.0,220.0,81.0,28.75
LUZVIMINDA II,2023,8,0,289.2,32.0,27.5,4.0,220.0,80.0,29.75
PALIPARAN I,2010,8,3,375.2,32.3,26.5,3.0,220.0,84.0,29.4
PALIPARAN I,2011,8,2,486.6,31.2,26.3,3.0,270.0,86.0,28.75
PALIPARAN I,2012,8,3,1186.3,30.4,25.3,3.0,270.0,88.0,27.85
PALIPARAN I,2013,8,4,1339.5,31.0,25.5,2.0,270.0,86.0,28.25
PALIPARAN I,2014,8,3,296.8,32.0,26.5,3.0,270.0,83.0,29.25
PALIPARAN I,2015,8,13,312.6,32.6,26.7,3.0,220.0,82.0,29.65
PALIPARAN I,2016,8,1,775.4,31.1,26.6,3.0,220.0,85.0,28.85
PALIPARAN I,2017,8,0,323.0,32.6,27.1,3.0,220.0,80.0,29.85
PALIPARAN I,2018,8,6,427.2,31.2,26.6,4.0,220.0,82.0,28.9
PALIPARAN I,2019,8,49,622.9,30.9,26.3,4.0,220.0,84.0,28.6
PALIPARAN I,2020,8,0,214.2,32.2,26.3,2.0,220.0,80.0,29.25
PALIPARAN I,2021,8,1,136.4,32.6,26.7,3.0,220.0,78.0,29.65
PALIPARAN I,2022,8,5,401.8,31.6,25.9,2.0,220.0,81.0,28.75
PALIPARAN I,2023,8,2,289.2,32.0,27.5,4.0,220.0,80.0,29.75
PALIPARAN II,2010,8,7,375.2,32.3,26.5,3.0,220.0,84.0,29.4
PALIPARAN II,2011,8,1,486.6,31.2,26.3,3.0,270.0,86.0,28.75
PALIPARAN II,2012,8,1,1186.3,30.4,25.3,3.0,270.0,88.0,27.85
PALIPARAN II,2013,8,0,1339.5,31.0,25.5,2.0,270.0,86.0,28.25
PALIPARAN II,2014,8,1,296.8,32.0,26.5,3.0,270.0,83.0,29.25
PALIPARAN II,2015,8,5,312.6,32.6,26.7,3.0,220.0,82.0,29.65
PALIPARAN II,2016,8,3,775.4,31.1,26.6,3.0,220.0,85.0,28.85
PALIPARAN II,2017,8,0,323.0,32.6,27.1,3.0,220.0,80.0,29.85
PALIPARAN II,2018,8,1,427.2,31.2,26.6,4.0,220.0,82.0,28.9
PALIPARAN II,2019,8,21,622.9,30.9,26.3,4.0,220.0,84.0,28.6
PALIPARAN II,2020,8,0,214.2,32.2,26.3,2.0,220.0,80.0,29.25
PALIPARAN II,2021,8,2,136.4,32.6,26.7,3.0,220.0,78.0,29.65
PALIPARAN II,2022,8,0,401.8,31.6,25.9,2.0,220.0,81.0,28.75
PALIPARAN II,2023,8,2,289.2,32.0,27.5,4.0,220.0,80.0,29.75
PALIPARAN III,2010,8,5,375.2,32.3,26.5,3.0,220.0,84.0,29.4
PALIPARAN III,2011,8,2,486.6,31.2,26.3,3.0,270.0,86.0,28.75
PALIPARAN III,2012,8,4,1186.3,30.4,25.3,3.0,270.0,88.0,27.85
PALIPARAN III,2013,8,8,1339.5,31.0,25.5,2.0,270.0,86.0,28.25
PALIPARAN III,2014,8,4,296.8,32.0,26.5,3.0,270.0,83.0,29.25
PALIPARAN III,2015,8,9,312.6,32.6,26.7,3.0,220.0,82.0,29.65
PALIPARAN III,2016,8,5,775.4,31.1,26.6,3.0,220.0,85.0,28.85
PALIPARAN III,2017,8,12,323.0,32.6,27.1,3.0,220.0,80.0,29.85
PALIPARAN III,2018,8,0,427.2,31.2,26.6,4.0,220.0,82.0,28.9
PALIPARAN III,2019,8,109,622.9,30.9,26.3,4.0,220.0,84.0,28.6
PALIPARAN III,2020,8,0,214.2,32.2,26.3,2.0,220.0,80.0,29.25
PALIPARAN III,2021,8,0,136.4,32.6,26.7,3.0,220.0,78.0,29.65
PALIPARAN III,2022,8,4,401.8,31.6,25.9,2.0,220.0,81.0,28.75
PALIPARAN III,2023,8,1,289.2,32.0,27.5,4.0,220.0,80.0,29.75
SABANG,2010,8,7,375.2,32.3,26.5,3.0,220.0,84.0,29.4
SABANG,2011,8,4,486.6,31.2,26.3,3.0,270.0,86.0,28.75
SABANG,2012,8,0,1186.3,30.4,25.3,3.0,270.0,88.0,27.85
SABANG,2013,8,2,1339.5,31.0,25.5,2.0,270.0,86.0,28.25
SABANG,2014,8,0,296.8,32.0,26.5,3.0,270.0,83.0,29.25
SABANG,2015,8,5,312.6,32.6,26.7,3.0,220.0,82.0,29.65
SABANG,2016,8,3,775.4,31.1,26.6,3.0,220.0,85.0,28.85
SABANG,2017,8,0,323.0,32.6,27.1,3.0,220.0,80.0,29.85
SABANG,2018,8,2,427.2,31.2,26.6,4.0,220.0,82.0,28.9
SABANG,2019,8,31,622.9,30.9,26.3,4.0,220.0,84.0,28.6
SABANG,2020,8,0,214.2,32.2,26.3,2.0,220.0,80.0,29.25
SABANG,2021,8,0,136.4,32.6,26.7,3.0,220.0,78.0,29.65
SABANG,2022,8,6,401.8,31.6,25.9,2.0,220.0,81.0,28.75
SABANG,2023,8,1,289.2,32.0,27.5,4.0,220.0,80.0,29.75
SAINT PETER I,2010,8,0,375.2,32.3,26.5,3.0,220.0,84.0,29.4
SAINT PETER I,2011,8,0,486.6,31.2,26.3,3.0,270.0,86.0,28.75
SAINT PETER I,2012,8,1,1186.3,30.4,25.3,3.0,270.0,88.0,27.85
SAINT PETER I,2013,8,0,1339.5,31.0,25.5,2.0,270.0,86.0,28.25
SAINT PETER I,2014,8,1,296.8,32.0,26.5,3.0,270.0,83.0,29.25
SAINT PETER I,2015,8,0,312.6,32.6,26.7,3.0,220.0,82.0,29.65
SAINT PETER I,2016,8,0,775.4,31.1,26.6,3.0,220.0,85.0,28.85
SAINT PETER I,2017,8,0,323.0,32.6,27.1,3.0,220.0,80.0,29.85
SAINT PETER I,2018,8,0,427.2,31.2,26.6,4.0,220.0,82.0,28.9
SAINT PETER I,2019,8,1,622.9,30.9,26.3,4.0,220.0,84.0,28.6
SAINT PETER I,2020,8,0,214.2,32.2,26.3,2.0,220.0,80.0,29.25
SAINT PETER I,2021,8,0,136.4,32.6,26.7,3.0,220.0,78.0,29.65
SAINT PETER I,2022,8,4,401.8,31.6,25.9,2.0,220.0,81.0,28.75
SAINT PETER II,2010,8,0,375.2,32.3,26.5,3.0,220.0,84.0,29.4
SAINT PETER II,2011,8,0,486.6,31.2,26.3,3.0,270.0,86.0,28.75
SAINT PETER II,2013,8,0,1339.5,31.0,25.5,2.0,270.0,86.0,28.25
SAINT PETER II,2015,8,2,312.6,32.6,26.7,3.0,220.0,82.0,29.65
SAINT PETER II,2016,8,0,775.4,31.1,26.6,3.0,220.0,85.0,28.85
SAINT PETER II,2017,8,1,323.0,32.6,27.1,3.0,220.0,80.0,29.85
SAINT PETER II,2018,8,0,427.2,31.2,26.6,4.0,220.0,82.0,28.9
SAINT PETER II,2019,8,2,622.9,30.9,26.3,4.0,220.0,84.0,28.6
SAINT PETER II,2022,8,2,401.8,31.6,25.9,2.0,220.0,81.0,28.75
SAINT PETER II,2023,8,0,289.2,32.0,27.5,4.0,220.0,80.0,29.75
SALAWAG,2010,8,1,375.2,32.3,26.5,3.0,220.0,84.0,29.4
SALAWAG,2011,8,3,486.6,31.2,26.3,3.0,270.0,86.0,28.75
SALAWAG,2012,8,9,1186.3,30.4,25.3,3.0,270.0,88.0,27.85
SALAWAG,2013,8,3,1339.5,31.0,25.5,2.0,270.0,86.0,28.25
SALAWAG,2014,8,9,296.8,32.0,26.5,3.0,270.0,83.0,29.25
SALAWAG,2015,8,15,312.6,32.6,26.7,3.0,220.0,82.0,29.65
SALAWAG,2016,8,3,775.4,31.1,26.6,3.0,220.0,85.0,28.85
SALAWAG,2017,8,11,323.0,32.6,27.1,3.0,220.0,80.0,29.85
SALAWAG,2018,8,3,427.2,31.2,26.6,4.0,220.0,82.0,28.9
SALAWAG,2019,8,52,622.9,30.9,26.3,4.0,220.0,84.0,28.6
SALAWAG,2020,8,0,214.2,32.2,26.3,2.0,220.0,80.0,29.25
SALAWAG,2021,8,1,136.4,32.6,26.7,3.0,220.0,78.0,29.65
SALAWAG,2022,8,1,401.8,31.6,25.9,2.0,220.0,81.0,28.75
SALAWAG,2023,8,3,289.2,32.0,27.5,4.0,220.0,80.0,29.75
SALITRAN I,2010,8,1,375.2,32.3,26.5,3.0,220.0,84.0,29.4
SALITRAN I,2011,8,1,486.6,31.2,26.3,3.0,270.0,86.0,28.75
SALITRAN I,2012,8,8,1186.3,30.4,25.3,3.0,270.0,88.0,27.85
SALITRAN I,2013,8,1,1339.5,31.0,25.5,2.0,270.0,86.0,28.25
SALITRAN I,2014,8,8,296.8,32.0,26.5,3.0,270.0,83.0,29.25
SALITRAN I,2015,8,2,312.6,32.6,26.7,3.0,220.0,82.0,29.65
SALITRAN I,2016,8,0,775.4,31.1,26.6,3.0,220.0,85.0,28.85
SALITRAN I,2017,8,0,323.0,32.6,27.1,3.0,220.0,80.0,29.85
SALITRAN I,2018,8,6,427.2,31.2,26.6,4.0,220.0,82.0,28.9
SALITRAN I,2019,8,22,622.9,30.9,26.3,4.0,220.0,84.0,28.6
SALITRAN I,2020,8,0,214.2,32.2,26.3,2.0,220.0,80.0,29.25
SALITRAN I,2021,8,0,136.4,32.6,26.7,3.0,220.0,78.0,29.65
SALITRAN I,2022,8,2,401.8,31.6,25.9,2.0,220.0,81.0,28.75
SALITRAN I,2023,8,1,289.2,32.0,27.5,4.0,220.0,80.0,29.75
SALITRAN II,2010,8,1,375.2,32.3,26.5,3.0,220.0,84.0,29.4
SALITRAN II,2011,8,9,486.6,31.2,26.3,3.0,270.0,86.0,28.75
SALITRAN II,2012,8,7,1186.3,30.4,25.3,3.0,270.0,88.0,27.85
SALITRAN II,2013,8,3,1339.5,31.0,25.5,2.0,270.0,86.0,28.25
SALITRAN II,2014,8,7,296.8,32.0,26.5,3.0,270.0,83.0,29.25
SALITRAN II,2015,8,10,312.6,32.6,26.7,3.0,220.0,82.0,29.65
SALITRAN II,2016,8,0,775.4,31.1,26.6,3.0,220.0,85.0,28.85
SALITRAN II,2017,8,1,323.0,32.6,27.1,3.0,220.0,80.0,29.85
SALITRAN II,2018,8,6,427.2,31.2,26.6,4.0,220.0,82.0,28.9
SALITRAN II,2019,8,48,622.9,30.9,26.3,4.0,220.0,84.0,28.6
SALITRAN II,2020,8,0,214.2,32.2,26.3,2.0,220.0,80.0,29.25
SALITRAN II,2021,8,0,136.4,32.6,26.7,3.0,220.0,78.0,29.65
SALITRAN II,2022,8,6,401.8,31.6,25.9,2.0,220.0,81.0,28.75
SALITRAN II,2023,8,2,289.2,32.0,27.5,4.0,220.0,80.0,29.75
SALITRAN III,2010,8,6,375.2,32.3,26.5,3.0,220.0,84.0,29.4
SALITRAN III,2011,8,5,486.6,31.2,26.3,3.0,270.0,86.0,28.75
SALITRAN III,2012,8,4,1186.3,30.4,25.3,3.0,270.0,88.0,27.85
SALITRAN III,2013,8,2,1339.5,31.0,25.5,2.0,270.0,86.0,28.25
SALITRAN III,2014,8,4,296.8,32.0,26.5,3.0,270.0,83.0,29.25
SALITRAN III,2015,8,20,312.6,32.6,26.7,3.0,220.0,82.0,29.65
SALITRAN III,2016,8,1,775.4,31.1,26.6,3.0,220.0,85.0,28.85
SALITRAN III,2017,8,2,323.0,32.6,27.1,3.0,220.0,80.0,29.85
SALITRAN III,2018,8,5,427.2,31.2,26.6,4.0,220.0,82.0,28.9
SALITRAN III,2019,8,14,622.9,30.9,26.3,4.0,220.0,84.0,28.6
SALITRAN III,2020,8,0,214.2,32.2,26.3,2.0,220.0,80.0,29.25
SALITRAN III,2021,8,1,136.4,32.6,26.7,3.0,220.0,78.0,29.65
SALITRAN III,2022,8,2,401.8,31.6,25.9,2.0,220.0,81.0,28.75
SALITRAN III,2023,8,3,289.2,32.0,27.5,4.0,220.0,80.0,29.75
SALITRAN IV,2010,8,2,375.2,32.3,26.5,3.0,220.0,84.0,29.4
SALITRAN IV,2011,8,3,486.6,31.2,26.3,3.0,270.0,86.0,28.75
SALITRAN IV,2012,8,6,1186.3,30.4,25.3,3.0,270.0,88.0,27.85
SALITRAN IV,2013,8,0,1339.5,31.0,25.5,2.0,270.0,86.0,28.25
SALITRAN IV,2014,8,6,296.8,32.0,26.5,3.0,270.0,83.0,29.25
SALITRAN IV,2015,8,7,312.6,32.6,26.7,3.0,220.0,82.0,29.65
SALITRAN IV,2016,8,0,775.4,31.1,26.6,3.0,220.0,85.0,28.85
SALITRAN IV,2017,8,1,323.0,32.6,27.1,3.0,220.0,80.0,29.85
SALITRAN IV,2018,8,1,427.2,31.2,26.6,4.0,220.0,82.0,28.9
SALITRAN IV,2019,8,5,622.9,30.9,26.3,4.0,220.0,84.0,28.6
SALITRAN IV,2020,8,0,214.2,32.2,26.3,2.0,220.0,80.0,29.25
SALITRAN IV,2021,8,0,136.4,32.6,26.7,3.0,220.0,78.0,29.65
SALITRAN IV,2022,8,0,401.8,31.6,25.9,2.0,220.0,81.0,28.75
SALITRAN IV,2023,8,0,289.2,32.0,27.5,4.0,220.0,80.0,29.75
SAMPALOC I,2010,8,3,375.2,32.3,26.5,3.0,220.0,84.0,29.4
SAMPALOC I,2011,8,2,486.6,31.2,26.3,3.0,270.0,86.0,28.75
SAMPALOC I,2012,8,2,1186.3,30.4,25.3,3.0,270.0,88.0,27.85
SAMPALOC I,2013,8,2,1339.5,31.0,25.5,2.0,270.0,86.0,28.25
SAMPALOC I,2014,8,2,296.8,32.0,26.5,3.0,270.0,83.0,29.25
SAMPALOC I,2015,8,6,312.6,32.6,26.7,3.0,220.0,82.0,29.65
SAMPALOC I,2016,8,1,775.4,31.1,26.6,3.0,220.0,85.0,28.85
SAMPALOC I,2017,8,1,323.0,32.6,27.1,3.0,220.0,80.0,29.85
SAMPALOC I,2018,8,0,427.2,31.2,26.6,4.0,220.0,82.0,28.9
SAMPALOC I,2019,8,18,622.9,30.9,26.3,4.0,220.0,84.0,28.6
SAMPALOC I,2020,8,0,214.2,32.2,26.3,2.0,220.0,80.0,29.25
SAMPALOC I,2021,8,0,136.4,32.6,26.7,3.0,220.0,78.0,29.65
SAMPALOC I,2022,8,0,401.8,31.6,25.9,2.0,220.0,81.0,28.75
SAMPALOC I,2023,8,3,289.2,32.0,27.5,4.0,220.0,80.0,29.75
SAMPALOC II,2010,8,2,375.2,32.3,26.5,3.0,220.0,84.0,29.4
SAMPALOC II,2011,8,3,486.6,31.2,26.3,3.0,270.0,86.0,28.75
SAMPALOC II,2012,8,2,1186.3,30.4,25.3,3.0,270.0,88.0,27.85
SAMPALOC II,2013,8,3,1339.5,31.0,25.5,2.0,270.0,86.0,28.25
SAMPALOC II,2014,8,2,296.8,32.0,26.5,3.0,270.0,83.0,29.25
SAMPALOC II,2015,8,20,312.6,32.6,26.7,3.0,220.0,82.0,29.65
SAMPALOC II,2016,8,2,775.4,31.1,26.6,3.0,220.0,85.0,28.85
SAMPALOC II,2017,8,1,323.0,32.6,27.1,3.0,220.0,80.0,29.85
SAMPALOC II,2018,8,0,427.2,31.2,26.6,4.0,220.0,82.0,28.9
SAMPALOC II,2019,8,36,622.9,30.9,26.3,4.0,220.0,84.0,28.6
SAMPALOC II,2020,8,1,214.2,32.2,26.3,2.0,220.0,80.0,29.25
SAMPALOC II,2021,8,0,136.4,32.6,26.7,3.0,220.0,78.0,29.65
SAMPALOC II,2022,8,3,401.8,31.6,25.9,2.0,220.0,81.0,28.75
SAMPALOC II,2023,8,0,289.2,32.0,27.5,4.0,220.0,80.0,29.75
SAMPALOC III,2010,8,1,375.2,32.3,26.5,3.0,220.0,84.0,29.4
SAMPALOC III,2011,8,0,486.6,31.2,26.3,3.0,270.0,86.0,28.75
SAMPALOC III,2012,8,2,1186.3,30.4,25.3,3.0,270.0,88.0,27.85
SAMPALOC III,2013,8,2,1339.5,31.0,25.5,2.0,270.0,86.0,28.25
SAMPALOC III,2014,8,2,296.8,32.0,26.5,3.0,270.0,83.0,29.25
SAMPALOC III,2015,8,5,312.6,32.6,26.7,3.0,220.0,82.0,29.65
SAMPALOC III,2016,8,1,775.4,31.1,26.6,3.0,220.0,85.0,28.85
SAMPALOC III,2017,8,2,323.0,32.6,27.1,3.0,220.0,80.0,29.85
SAMPALOC III,2018,8,6,427.2,31.2,26.6,4.0,220.0,82.0,28.9
SAMPALOC III,2019,8,47,622.9,30.9,26.3,4.0,220.0,84.0,28.6
SAMPALOC III,2020,8,0,214.2,32.2,26.3,2.0,220.0,80.0,29.25
SAMPALOC III,2021,8,0,136.4,32.6,26.7,3.0,220.0,78.0,29.65
SAMPALOC III,2022,8,0,401.8,31.6,25.9,2.0,220.0,81.0,28.75
SAMPALOC III,2023,8,2,289.2,32.0,27.5,4.0,220.0,80.0,29.75
SAMPALOC IV,2010,8,6,375.2,32.3,26.5,3.0,220.0,84.0,29.4
SAMPALOC IV,2011,8,5,486.6,31.2,26.3,3.0,270.0,86.0,28.75
SAMPALOC IV,2012,8,1,1186.3,30.4,25.3,3.0,270.0,88.0,27.85
SAMPALOC IV,2013,8,1,1339.5,31.0,25.5,2.0,270.0,86.0,28.25
SAMPALOC IV,2014,8,1,296.8,32.0,26.5,3.0,270.0,83.0,29.25
SAMPALOC IV,2015,8,18,312.6,32.6,26.7,3.0,220.0,82.0,29.65
SAMPALOC IV,2016,8,1,775.4,31.1,26.6,3.0,220.0,85.0,28.85
SAMPALOC IV,2017,8,2,323.0,32.6,27.1,3.0,220.0,80.0,29.85
SAMPALOC IV,2018,8,1,427.2,31.2,26.6,4.0,220.0,82.0,28.9
SAMPALOC IV,2019,8,93,622.9,30.9,26.3,4.0,220.0,84.0,28.6
SAMPALOC IV,2020,8,0,214.2,32.2,26.3,2.0,220.0,80.0,29.25
SAMPALOC IV,2021,8,1,136.4,32.6,26.7,3.0,220.0,78.0,29.65
SAMPALOC IV,2022,8,3,401.8,31.6,25.9,2.0,220.0,81.0,28.75
SAMPALOC IV,2023,8,3,289.2,32.0,27.5,4.0,220.0,80.0,29.75
SAMPALOC V,2010,8,3,375.2,32.3,26.5,3.0,220.0,84.0,29.4
SAMPALOC V,2011,8,0,486.6,31.2,26.3,3.0,270.0,86.0,28.75
SAMPALOC V,2012,8,0,1186.3,30.4,25.3,3.0,270.0,88.0,27.85
SAMPALOC V,2013,8,0,1339.5,31.0,25.5,2.0,270.0,86.0,28.25
SAMPALOC V,2014,8,0,296.8,32.0,26.5,3.0,270.0,83.0,29.25
SAMPALOC V,2015,8,0,312.6,32.6,26.7,3.0,220.0,82.0,29.65
SAMPALOC V,2017,8,0,323.0,32.6,27.1,3.0,220.0,80.0,29.85
SAMPALOC V,2018,8,1,427.2,31.2,26.6,4.0,220.0,82.0,28.9
SAMPALOC V,2019,8,3,622.9,30.9,26.3,4.0,220.0,84.0,28.6
SAMPALOC V,2023,8,1,289.2,32.0,27.5,4.0,220.0,80.0,29.75
SAN AGUSTIN I,2010,8,8,375.2,32.3,26.5,3.0,220.0,84.0,29.4
SAN AGUSTIN I,2011,8,11,486.6,31.2,26.3,3.0,270.0,86.0,28.75
SAN AGUSTIN I,2012,8,3,1186.3,30.4,25.3,3.0,270.0,88.0,27.85
SAN AGUSTIN I,2013,8,8,1339.5,31.0,25.5,2.0,270.0,86.0,28.25
SAN AGUSTIN I,2014,8,3,296.8,32.0,26.5,3.0,270.0,83.0,29.25
SAN AGUSTIN I,2015,8,11,312.6,32.6,26.7,3.0,220.0,82.0,29.65
SAN AGUSTIN I,2016,8,1,775.4,31.1,26.6,3.0,220.0,85.0,28.85
SAN AGUSTIN I,2017,8,1,323.0,32.6,27.1,3.0,220.0,80.0,29.85
SAN AGUSTIN I,2018,8,0,427.2,31.2,26.6,4.0,220.0,82.0,28.9
SAN AGUSTIN I,2019,8,24,622.9,30.9,26.3,4.0,220.0,84.0,28.6
SAN AGUSTIN I,2020,8,0,214.2,32.2,26.3,2.0,220.0,80.0,29.25
SAN AGUSTIN I,2021,8,1,136.4,32.6,26.7,3.0,220.0,78.0,29.65
SAN AGUSTIN I,2022,8,0,401.8,31.6,25.9,2.0,220.0,81.0,28.75
SAN AGUSTIN I,2023,8,0,289.2,32.0,27.5,4.0,220.0,80.0,29.75
SAN AGUSTIN II,2010,8,20,375.2,32.3,26.5,3.0,220.0,84.0,29.4
SAN AGUSTIN II,2011,8,4,486.6,31.2,26.3,3.0,270.0,86.0,28.75
SAN AGUSTIN II,2012,8,5,1186.3,30.4,25.3,3.0,270.0,88.0,27.85
SAN AGUSTIN II,2013,8,2,1339.5,31.0,25.5,2.0,270.0,86.0,28.25
SAN AGUSTIN II,2014,8,5,296.8,32.0,26.5,3.0,270.0,83.0,29.25
SAN AGUSTIN II,2015,8,10,312.6,32.6,26.7,3.0,220.0,82.0,29.65
SAN AGUSTIN II,2016,8,0,775.4,31.1,26.6,3.0,220.0,85.0,28.85
SAN AGUSTIN II,2017,8,4,323.0,32.6,27.1,3.0,220.0,80.0,29.85
SAN AGUSTIN II,2018,8,0,427.2,31.2,26.6,4.0,220.0,82.0,28.9
SAN AGUSTIN II,2019,8,17,622.9,30.9,26.3,4.0,220.0,84.0,28.6
SAN AGUSTIN II,2020,8,0,214.2,32.2,26.3,2.0,220.0,80.0,29.25
SAN AGUSTIN II,2021,8,2,136.4,32.6,26.7,3.0,220.0,78.0,29.65
SAN AGUSTIN II,2022,8,0,401.8,31.6,25.9,2.0,220.0,81.0,28.75
SAN AGUSTIN II,2023,8,2,289.2,32.0,27.5,4.0,220.0,80.0,29.75
SAN AGUSTIN III,2010,8,0,375.2,32.3,26.5,3.0,220.0,84.0,29.4
SAN AGUSTIN III,2011,8,1,486.6,31.2,26.3,3.0,270.0,86.0,28.75
SAN AGUSTIN III,2012,8,7,1186.3,30.4,25.3,3.0,270.0,88.0,27.85
SAN AGUSTIN III,2013,8,2,1339.5,31.0,25.5,2.0,270.0,86.0,28.25
SAN AGUSTIN III,2014,8,7,296.8,32.0,26.5,3.0,270.0,83.0,29.25
SAN AGUSTIN III,2015,8,3,312.6,32.6,26.7,3.0,220.0,82.0,29.65
SAN AGUSTIN III,2016,8,1,775.4,31.1,26.6,3.0,220.0,85.0,28.85
SAN AGUSTIN III,2017,8,4,323.0,32.6,27.1,3.0,220.0,80.0,29.85
SAN AGUSTIN III,2018,8,1,427.2,31.2,26.6,4.0,220.0,82.0,28.9
SAN AGUSTIN III,2019,8,18,622.9,30.9,26.3,4.0,220.0,84.0,28.6
SAN AGUSTIN III,2020,8,1,214.2,32.2,26.3,2.0,220.0,80.0,29.25
SAN AGUSTIN III,2021,8,0,136.4,32.6,26.7,3.0,220.0,78.0,29.65
SAN AGUSTIN III,2022,8,1,401.8,31.6,25.9,2.0,220.0,81.0,28.75
SAN AGUSTIN III,2023,8,0,289.2,32.0,27.5,4.0,220.0,80.0,29.75
SAN ANDRES I,2010,8,0,375.2,32.3,26.5,3.0,220.0,84.0,29.4
SAN ANDRES I,2011,8,3,486.6,31.2,26.3,3.0,270.0,86.0,28.75
SAN ANDRES I,2012,8,0,1186.3,30.4,25.3,3.0,270.0,88.0,27.85
SAN ANDRES I,2013,8,0,1339.5,31.0,25.5,2.0,270.0,86.0,28.25
SAN ANDRES I,2014,8,0,296.8,32.0,26.5,3.0,270.0,83.0,29.25
SAN ANDRES I,2015,8,2,312.6,32.6,26.7,3.0,220.0,82.0,29.65
SAN ANDRES I,2016,8,0,775.4,31.1,26.6,3.0,220.0,85.0,28.85
SAN ANDRES I,2017,8,0,323.0,32.6,27.1,3.0,220.0,80.0,29.85
SAN ANDRES I,2018,8,0,427.2,31.2,26.6,4.0,220.0,82.0,28.9
SAN ANDRES I,2019,8,6,622.9,30.9,26.3,4.0,220.0,84.0,28.6
SAN ANDRES I,2020,8,0,214.2,32.2,26.3,2.0,220.0,80.0,29.25
SAN ANDRES I,2021,8,0,136.4,32.6,26.7,3.0,220.0,78.0,29.65
SAN ANDRES I,2022,8,0,401.8,31.6,25.9,2.0,220.0,81.0,28.75
SAN ANDRES I,2023,8,0,289.2,32.0,27.5,4.0,220.0,80.0,29.75
SAN ANDRES II,2011,8,0,486.6,31.2,26.3,3.0,270.0,86.0,28.75
SAN ANDRES II,2012,8,0,1186.3,30.4,25.3,3.0,270.0,88.0,27.85
SAN ANDRES II,2014,8,0,296.8,32.0,26.5,3.0,270.0,83.0,29.25
SAN ANDRES II,2015,8,0,312.6,32.6,26.7,3.0,220.0,82.0,29.65
SAN ANDRES II,2016,8,0,775.4,31.1,26.6,3.0,220.0,85.0,28.85
SAN ANDRES II,2017,8,0,323.0,32.6,27.1,3.0,220.0,80.0,29.85
SAN ANDRES II,2018,8,0,427.2,31.2,26.6,4.0,220.0,82.0,28.9
SAN ANDRES II,2019,8,2,622.9,30.9,26.3,4.0,220.0,84.0,28.6
SAN ANDRES II,2020,8,0,214.2,32.2,26.3,2.0,220.0,80.0,29.25
SAN ANDRES II,2021,8,0,136.4,32.6,26.7,3.0,220.0,78.0,29.65
SAN ANDRES II,2022,8,0,401.8,31.6,25.9,2.0,220.0,81.0,28.75
SAN ANDRES II,2023,8,0,289.2,32.0,27.5,4.0,220.0,80.0,29.75
SAN ANTONIO DE PADUA I,2011,8,3,486.6,31.2,26.3,3.0,270.0,86.0,28.75
SAN ANTONIO DE PADUA I,2012,8,1,1186.3,30.4,25.3,3.0,270.0,88.0,27.85
SAN ANTONIO DE PADUA I,2013,8,0,1339.5,31.0,25.5,2.0,270.0,86.0,28.25
SAN ANTONIO DE PADUA I,2014,8,1,296.8,32.0,26.5,3.0,270.0,83.0,29.25
SAN ANTONIO DE PADUA I,2015,8,1,312.6,32.6,26.7,3.0,220.0,82.0,29.65
SAN ANTONIO DE PADUA I,2016,8,0,775.4,31.1,26.6,3.0,220.0,85.0,28.85
SAN ANTONIO DE PADUA I,2017,8,0,323.0,32.6,27.1,3.0,220.0,80.0,29.85
SAN ANTONIO DE PADUA I,2018,8,2,427.2,31.2,26.6,4.0,220.0,82.0,28.9
SAN ANTONIO DE PADUA I,2019,8,7,622.9,30.9,26.3,4.0,220.0,84.0,28.6
SAN ANTONIO DE PADUA I,2020,8,0,214.2,32.2,26.3,2.0,220.0,80.0,29.25
SAN ANTONIO DE PADUA I,2021,8,0,136.4,32.6,26.7,3.0,220.0,78.0,29.65
SAN ANTONIO DE PADUA I,2022,8,0,401.8,31.6,25.9,2.0,220.0,81.0,28.75
SAN ANTONIO DE PADUA I,2023,8,1,289.2,32.0,27.5,4.0,220.0,80.0,29.75
SAN ANTONIO DE PADUA II,2010,8,0,375.2,32.3,26.5,3.0,220.0,84.0,29.4
SAN ANTONIO DE PADUA II,2011,8,0,486.6,31.2,26.3,3.0,270.0,86.0,28.75
SAN ANTONIO DE PADUA II,2012,8,1,1186.3,30.4,25.3,3.0,270.0,88.0,27.85
SAN ANTONIO DE PADUA II,2013,8,1,1339.5,31.0,25.5,2.0,270.0,86.0,28.25
SAN ANTONIO DE PADUA II,2014,8,1,296.8,32.0,26.5,3.0,270.0,83.0,29.25
SAN ANTONIO DE PADUA II,2015,8,3,312.6,32.6,26.7,3.0,220.0,82.0,29.65
SAN ANTONIO DE PADUA II,2016,8,0,775.4,31.1,26.6,3.0,220.0,85.0,28.85
SAN ANTONIO DE PADUA II,2017,8,0,323.0,32.6,27.1,3.0,220.0,80.0,29.85
SAN ANTONIO DE PADUA II,2018,8,0,427.2,31.2,26.6,4.0,220.0,82.0,28.9
SAN ANTONIO DE PADUA II,2019,8,3,622.9,30.9,26.3,4.0,220.0,84.0,28.6
SAN ANTONIO DE PADUA II,2020,8,0,214.2,32.2,26.3,2.0,220.0,80.0,29.25
SAN ANTONIO DE PADUA II,2021,8,0,136.4,32.6,26.7,3.0,220.0,78.0,29.65
SAN ANTONIO DE PADUA II,2022,8,0,401.8,31.6,25.9,2.0,220.0,81.0,28.75
SAN ANTONIO DE PADUA II,2023,8,1,289.2,32.0,27.5,4.0,220.0,80.0,29.75
SAN DIONISIO (BARANGAY I),2010,8,2,375.2,32.3,26.5,3.0,220.0,84.0,29.4
SAN DIONISIO (BARANGAY I),2011,8,1,486.6,31.2,26.3,3.0,270.0,86.0,28.75
SAN DIONISIO (BARANGAY I),2012,8,0,1186.3,30.4,25.3,3.0,270.0,88.0,27.85
SAN DIONISIO (BARANGAY I),2013,8,2,1339.5,31.0,25.5,2.0,270.0,86.0,28.25
SAN DIONISIO (BARANGAY I),2014,8,0,296.8,32.0,26.5,3.0,270.0,83.0,29.25
SAN DIONISIO (BARANGAY I),2015,8,3,312.6,32.6,26.7,3.0,220.0,82.0,29.65
SAN DIONISIO (BARANGAY I),2016,8,0,775.4,31.1,26.6,3.0,220.0,85.0,28.85
SAN DIONISIO (BARANGAY I),2017,8,0,323.0,32.6,27.1,3.0,220.0,80.0,29.85
SAN DIONISIO (BARANGAY I),2018,8,0,427.2,31.2,26.6,4.0,220.0,82.0,28.9
SAN DIONISIO (BARANGAY I),2019,8,6,622.9,30.9,26.3,4.0,220.0,84.0,28.6
SAN DIONISIO (BARANGAY I),2021,8,0,136.4,32.6,26.7,3.0,220.0,78.0,29.65
SAN DIONISIO (BARANGAY I),2022,8,1,401.8,31.6,25.9,2.0,220.0,81.0,28.75
SAN DIONISIO (BARANGAY I),2023,8,0,289.2,32.0,27.5,4.0,220.0,80.0,29.75
SAN ESTEBAN (BARANGAY IV),2010,8,0,375.2,32.3,26.5,3.0,220.0,84.0,29.4
SAN ESTEBAN (BARANGAY IV),2011,8,0,486.6,31.2,26.3,3.0,270.0,86.0,28.75
SAN ESTEBAN (BARANGAY IV),2012,8,0,1186.3,30.4,25.3,3.0,270.0,88.0,27.85
SAN ESTEBAN (BARANGAY IV),2013,8,2,1339.5,31.0,25.5,2.0,270.0,86.0,28.25
SAN ESTEBAN (BARANGAY IV),2014,8,0,296.8,32.0,26.5,3.0,270.0,83.0,29.25
SAN ESTEBAN (BARANGAY IV),2015,8,1,312.6,32.6,26.7,3.0,220.0,82.0,29.65
SAN ESTEBAN (BARANGAY IV),2016,8,0,775.4,31.1,26.6,3.0,220.0,85.0,28.85
SAN ESTEBAN (BARANGAY IV),2017,8,0,323.0,32.6,27.1,3.0,220.0,80.0,29.85
SAN ESTEBAN (BARANGAY IV),2018,8,1,427.2,31.2,26.6,4.0,220.0,82.0,28.9
SAN ESTEBAN (BARANGAY IV),2019,8,3,622.9,30.9,26.3,4.0,220.0,84.0,28.6
SAN ESTEBAN (BARANGAY IV),2020,8,0,214.2,32.2,26.3,2.0,220.0,80.0,29.25
SAN ESTEBAN (BARANGAY IV),2021,8,0,136.4,32.6,26.7,3.0,220.0,78.0,29.65
SAN ESTEBAN (BARANGAY IV),2022,8,0,401.8,31.6,25.9,2.0,220.0,81.0,28.75
SAN ESTEBAN (BARANGAY IV),2023,8,0,289.2,32.0,27.5,4.0,220.0,80.0,29.75
SAN FRANCISCO I,2010,8,0,375.2,32.3,26.5,3.0,220.0,84.0,29.4
SAN FRANCISCO I,2011,8,3,486.6,31.2,26.3,3.0,270.0,86.0,28.75
SAN FRANCISCO I,2012,8,0,1186.3,30.4,25.3,3.0,270.0,88.0,27.85
SAN FRANCISCO I,2014,8,0,296.8,32.0,26.5,3.0,270.0,83.0,29.25
SAN FRANCISCO I,2015,8,0,312.6,32.6,26.7,3.0,220.0,82.0,29.65
SAN FRANCISCO I,2016,8,0,775.4,31.1,26.6,3.0,220.0,85.0,28.85
SAN FRANCISCO I,2017,8,0,323.0,32.6,27.1,3.0,220.0,80.0,29.85
SAN FRANCISCO I,2018,8,0,427.2,31.2,26.6,4.0,220.0,82.0,28.9
SAN FRANCISCO I,2019,8,2,622.9,30.9,26.3,4.0,220.0,84.0,28.6
SAN FRANCISCO I,2020,8,0,214.2,32.2,26.3,2.0,220.0,80.0,29.25
SAN FRANCISCO I,2021,8,0,136.4,32.6,26.7,3.0,220.0,78.0,29.65
SAN FRANCISCO I,2022,8,0,401.8,31.6,25.9,2.0,220.0,81.0,28.75
SAN FRANCISCO I,2023,8,1,289.2,32.0,27.5,4.0,220.0,80.0,29.75
SAN FRANCISCO II,2011,8,0,486.6,31.2,26.3,3.0,270.0,86.0,28.75
SAN FRANCISCO II,2012,8,1,1186.3,30.4,25.3,3.0,270.0,88.0,27.85
SAN FRANCISCO II,2013,8,0,1339.5,31.0,25.5,2.0,270.0,86.0,28.25
SAN FRANCISCO II,2014,8,1,296.8,32.0,26.5,3.0,270.0,83.0,29.25
SAN FRANCISCO II,2015,8,1,312.6,32.6,26.7,3.0,220.0,82.0,29.65
SAN FRANCISCO II,2016,8,0,775.4,31.1,26.6,3.0,220.0,85.0,28.85
SAN FRANCISCO II,2017,8,0,323.0,32.6,27.1,3.0,220.0,80.0,29.85
SAN FRANCISCO II,2018,8,0,427.2,31.2,26.6,4.0,220.0,82.0,28.9
SAN FRANCISCO II,2019,8,2,622.9,30.9,26.3,4.0,220.0,84.0,28.6
SAN FRANCISCO II,2020,8,0,214.2,32.2,26.3,2.0,220.0,80.0,29.25
SAN FRANCISCO II,2022,8,1,401.8,31.6,25.9,2.0,220.0,81.0,28.75
SAN FRANCISCO II,2023,8,0,289.2,32.0,27.5,4.0,220.0,80.0,29.75
SAN ISIDRO LABRADOR I,2010,8,5,375.2,32.3,26.5,3.0,220.0,84.0,29.4
SAN ISIDRO LABRADOR I,2011,8,0,486.6,31.2,26.3,3.0,270.0,86.0,28.75
SAN ISIDRO LABRADOR I,2012,8,0,1186.3,30.4,25.3,3.0,270.0,88.0,27.85
SAN ISIDRO LABRADOR I,2013,8,0,1339.5,31.0,25.5,2.0,270.0,86.0,28.25
SAN ISIDRO LABRADOR I,2014,8,0,296.8,32.0,26.5,3.0,270.0,83.0,29.25
SAN ISIDRO LABRADOR I,2015,8,5,312.6,32.6,26.7,3.0,220.0,82.0,29.65
SAN ISIDRO LABRADOR I,2016,8,0,775.4,31.1,26.6,3.0,220.0,85.0,28.85
SAN ISIDRO LABRADOR I,2017,8,1,323.0,32.6,27.1,3.0,220.0,80.0,29.85
SAN ISIDRO LABRADOR I,2018,8,0,427.2,31.2,26.6,4.0,220.0,82.0,28.9
SAN ISIDRO LABRADOR I,2019,8,0,622.9,30.9,26.3,4.0,220.0,84.0,28.6
SAN ISIDRO LABRADOR I,2020,8,0,214.2,32.2,26.3,2.0,220.0,80.0,29.25
SAN ISIDRO LABRADOR I,2021,8,0,136.4,32.6,26.7,3.0,220.0,78.0,29.65
SAN ISIDRO LABRADOR I,2022,8,4,401.8,31.6,25.9,2.0,220.0,81.0,28.75
SAN ISIDRO LABRADOR I,2023,8,0,289.2,32.0,27.5,4.0,220.0,80.0,29.75
SAN ISIDRO LABRADOR II,2010,8,2,375.2,32.3,26.5,3.0,220.0,84.0,29.4
SAN ISIDRO LABRADOR II,2011,8,2,486.6,31.2,26.3,3.0,270.0,86.0,28.75
SAN ISIDRO LABRADOR II,2012,8,0,1186.3,30.4,25.3,3.0,270.0,88.0,27.85
SAN ISIDRO LABRADOR II,2013,8,0,1339.5,31.0,25.5,2.0,270.0,86.0,28.25
SAN ISIDRO LABRADOR II,2014,8,0,296.8,32.0,26.5,3.0,270.0,83.0,29.25
SAN ISIDRO LABRADOR II,2015,8,0,312.6,32.6,26.7,3.0,220.0,82.0,29.65
SAN ISIDRO LABRADOR II,2016,8,0,775.4,31.1,26.6,3.0,220.0,85.0,28.85
SAN ISIDRO LABRADOR II,2017,8,0,323.0,32.6,27.1,3.0,220.0,80.0,29.85
SAN ISIDRO LABRADOR II,2018,8,0,427.2,31.2,26.6,4.0,220.0,82.0,28.9
SAN ISIDRO LABRADOR II,2019,8,2,622.9,30.9,26.3,4.0,220.0,84.0,28.6
SAN ISIDRO LABRADOR II,2020,8,0,214.2,32.2,26.3,2.0,220.0,80.0,29.25
SAN ISIDRO LABRADOR II,2021,8,0,136.4,32.6,26.7,3.0,220.0,78.0,29.65
SAN ISIDRO LABRADOR II,2022,8,1,401.8,31.6,25.9,2.0,220.0,81.0,28.75
SAN ISIDRO LABRADOR II,2023,8,0,289.2,32.0,27.5,4.0,220.0,80.0,29.75
SAN JOSE,2010,8,2,375.2,32.3,26.5,3.0,220.0,84.0,29.4
SAN JOSE,2011,8,6,486.6,31.2,26.3,3.0,270.0,86.0,28.75
SAN JOSE,2012,8,2,1186.3,30.4,25.3,3.0,270.0,88.0,27.85
SAN JOSE,2013,8,8,1339.5,31.0,25.5,2.0,270.0,86.0,28.25
SAN JOSE,2014,8,2,296.8,32.0,26.5,3.0,270.0,83.0,29.25
SAN JOSE,2015,8,2,312.6,32.6,26.7,3.0,220.0,82.0,29.65
SAN JOSE,2016,8,1,775.4,31.1,26.6,3.0,220.0,85.0,28.85
SAN JOSE,2017,8,1,323.0,32.6,27.1,3.0,220.0,80.0,29.85
SAN JOSE,2018,8,1,427.2,31.2,26.6,4.0,220.0,82.0,28.9
SAN JOSE,2019,8,19,622.9,30.9,26.3,4.0,220.0,84.0,28.6
SAN JOSE,2020,8,0,214.2,32.2,26.3,2.0,220.0,80.0,29.25
SAN JOSE,2021,8,0,136.4,32.6,26.7,3.0,220.0,78.0,29.65
SAN JOSE,2022,8,2,401.8,31.6,25.9,2.0,220.0,81.0,28.75
SAN JOSE,2023,8,0,289.2,32.0,27.5,4.0,220.0,80.0,29.75
SAN JUAN (SAN JUAN I),2010,8,2,375.2,32.3,26.5,3.0,220.0,84.0,29.4
SAN JUAN (SAN JUAN I),2011,8,0,486.6,31.2,26.3,3.0,270.0,86.0,28.75
SAN JUAN (SAN JUAN I),2012,8,0,1186.3,30.4,25.3,3.0,270.0,88.0,27.85
SAN JUAN (SAN JUAN I),2013,8,0,1339.5,31.0,25.5,2.0,270.0,86.0,28.25
SAN JUAN (SAN JUAN I),2014,8,0,296.8,32.0,26.5,3.0,270.0,83.0,29.25
SAN JUAN (SAN JUAN I),2015,8,5,312.6,32.6,26.7,3.0,220.0,82.0,29.65
SAN JUAN (SAN JUAN I),2016,8,1,775.4,31.1,26.6,3.0,220.0,85.0,28.85
SAN JUAN (SAN JUAN I),2017,8,0,323.0,32.6,27.1,3.0,220.0,80.0,29.85
SAN JUAN (SAN JUAN I),2018,8,0,427.2,31.2,26.6,4.0,220.0,82.0,28.9
SAN JUAN (SAN JUAN I),2019,8,7,622.9,30.9,26.3,4.0,220.0,84.0,28.6
SAN JUAN (SAN JUAN I),2021,8,0,136.4,32.6,26.7,3.0,220.0,78.0,29.65
SAN JUAN (SAN JUAN I),2022,8,2,401.8,31.6,25.9,2.0,220.0,81.0,28.75
SAN JUAN (SAN JUAN I),2023,8,0,289.2,32.0,27.5,4.0,220.0,80.0,29.75
SAN LORENZO RUIZ I,2010,8,0,375.2,32.3,26.5,3.0,220.0,84.0,29.4
SAN LORENZO RUIZ I,2011,8,0,486.6,31.2,26.3,3.0,270.0,86.0,28.75
SAN LORENZO RUIZ I,2013,8,0,1339.5,31.0,25.5,2.0,270.0,86.0,28.25
SAN LORENZO RUIZ I,2015,8,3,312.6,32.6,26.7,3.0,220.0,82.0,29.65
SAN LORENZO RUIZ I,2016,8,0,775.4,31.1,26.6,3.0,220.0,85.0,28.85
SAN LORENZO RUIZ I,2017,8,0,323.0,32.6,27.1,3.0,220.0,80.0,29.85
SAN LORENZO RUIZ I,2018,8,1,427.2,31.2,26.6,4.0,220.0,82.0,28.9
SAN LORENZO RUIZ I,2019,8,7,622.9,30.9,26.3,4.0,220.0,84.0,28.6
SAN LORENZO RUIZ I,2020,8,0,214.2,32.2,26.3,2.0,220.0,80.0,29.25
SAN LORENZO RUIZ I,2021,8,0,136.4,32.6,26.7,3.0,220.0,78.0,29.65
SAN LORENZO RUIZ I,2022,8,1,401.8,31.6,25.9,2.0,220.0,81.0,28.75
SAN LORENZO RUIZ I,2023,8,0,289.2,32.0,27.5,4.0,220.0,80.0,29.75
SAN LORENZO RUIZ II,2010,8,0,375.2,32.3,26.5,3.0,220.0,84.0,29.4
SAN LORENZO RUIZ II,2011,8,1,486.6,31.2,26.3,3.0,270.0,86.0,28.75
SAN LORENZO RUIZ II,2012,8,0,1186.3,30.4,25.3,3.0,270.0,88.0,27.85
SAN LORENZO RUIZ II,2013,8,3,1339.5,31.0,25.5,2.0,270.0,86.0,28.25
SAN LORENZO RUIZ II,2014,8,0,296.8,32.0,26.5,3.0,270.0,83.0,29.25
SAN LORENZO RUIZ II,2015,8,5,312.6,32.6,26.7,3.0,220.0,82.0,29.65
SAN LORENZO RUIZ II,2016,8,0,775.4,31.1,26.6,3.0,220.0,85.0,28.85
SAN LORENZO RUIZ II,2018,8,0,427.2,31.2,26.6,4.0,220.0,82.0,28.9
SAN LORENZO RUIZ II,2019,8,1,622.9,30.9,26.3,4.0,220.0,84.0,28.6
SAN LORENZO RUIZ II,2020,8,0,214.2,32.2,26.3,2.0,220.0,80.0,29.25
SAN LORENZO RUIZ II,2021,8,0,136.4,32.6,26.7,3.0,220.0,78.0,29.65
SAN LORENZO RUIZ II,2023,8,0,289.2,32.0,27.5,4.0,220.0,80.0,29.75
SAN LUIS I,2010,8,0,375.2,32.3,26.5,3.0,220.0,84.0,29.4
SAN LUIS I,2011,8,1,486.6,31.2,26.3,3.0,270.0,86.0,28.75
SAN LUIS I,2012,8,0,1186.3,30.4,25.3,3.0,270.0,88.0,27.85
SAN LUIS I,2013,8,4,1339.5,31.0,25.5,2.0,270.0,86.0,28.25
SAN LUIS I,2014,8,0,296.8,32.0,26.5,3.0,270.0,83.0,29.25
SAN LUIS I,2015,8,2,312.6,32.6,26.7,3.0,220.0,82.0,29.65
SAN LUIS I,2016,8,0,775.4,31.1,26.6,3.0,220.0,85.0,28.85
SAN LUIS I,2017,8,1,323.0,32.6,27.1,3.0,220.0,80.0,29.85
SAN LUIS I,2018,8,1,427.2,31.2,26.6,4.0,220.0,82.0,28.9
SAN LUIS I,2019,8,6,622.9,30.9,26.3,4.0,220.0,84.0,28.6
SAN LUIS I,2020,8,0,214.2,32.2,26.3,2.0,220.0,80.0,29.25
SAN LUIS I,2021,8,0,136.4,32.6,26.7,3.0,220.0,78.0,29.65
SAN LUIS I,2022,8,0,401.8,31.6,25.9,2.0,220.0,81.0,28.75
SAN LUIS I,2023,8,0,289.2,32.0,27.5,4.0,220.0,80.0,29.75
SAN LUIS II,2010,8,0,375.2,32.3,26.5,3.0,220.0,84.0,29.4
SAN LUIS II,2011,8,0,486.6,31.2,26.3,3.0,270.0,86.0,28.75
SAN LUIS II,2012,8,0,1186.3,30.4,25.3,3.0,270.0,88.0,27.85
SAN LUIS II,2013,8,0,1339.5,31.0,25.5,2.0,270.0,86.0,28.25
SAN LUIS II,2014,8,0,296.8,32.0,26.5,3.0,270.0,83.0,29.25
SAN LUIS II,2015,8,3,312.6,32.6,26.7,3.0,220.0,82.0,29.65
SAN LUIS II,2016,8,0,775.4,31.1,26.6,3.0,220.0,85.0,28.85
SAN LUIS II,2017,8,0,323.0,32.6,27.1,3.0,220.0,80.0,29.85
SAN LUIS II,2018,8,0,427.2,31.2,26.6,4.0,220.0,82.0,28.9
SAN LUIS II,2019,8,15,622.9,30.9,26.3,4.0,220.0,84.0,28.6
SAN LUIS II,2020,8,0,214.2,32.2,26.3,2.0,220.0,80.0,29.25
SAN LUIS II,2021,8,0,136.4,32.6,26.7,3.0,220.0,78.0,29.65
SAN LUIS II,2022,8,0,401.8,31.6,25.9,2.0,220.0,81.0,28.75
SAN LUIS II,2023,8,0,289.2,32.0,27.5,4.0,220.0,80.0,29.75
SAN MANUEL I,2010,8,1,375.2,32.3,26.5,3.0,220.0,84.0,29.4
SAN MANUEL I,2012,8,0,1186.3,30.4,25.3,3.0,270.0,88.0,27.85
SAN MANUEL I,2013,8,1,1339.5,31.0,25.5,2.0,270.0,86.0,28.25
SAN MANUEL I,2014,8,0,296.8,32.0,26.5,3.0,270.0,83.0,29.25
SAN MANUEL I,2015,8,0,312.6,32.6,26.7,3.0,220.0,82.0,29.65
SAN MANUEL I,2016,8,0,775.4,31.1,26.6,3.0,220.0,85.0,28.85
SAN MANUEL I,2017,8,0,323.0,32.6,27.1,3.0,220.0,80.0,29.85
SAN MANUEL I,2018,8,0,427.2,31.2,26.6,4.0,220.0,82.0,28.9
SAN MANUEL I,2019,8,0,622.9,30.9,26.3,4.0,220.0,84.0,28.6
SAN MANUEL I,2022,8,1,401.8,31.6,25.9,2.0,220.0,81.0,28.75
SAN MANUEL I,2023,8,0,289.2,32.0,27.5,4.0,220.0,80.0,29.75
SAN MANUEL II,2010,8,2,375.2,32.3,26.5,3.0,220.0,84.0,29.4
SAN MANUEL II,2011,8,0,486.6,31.2,26.3,3.0,270.0,86.0,28.75
SAN MANUEL II,2012,8,0,1186.3,30.4,25.3,3.0,270.0,88.0,27.85
SAN MANUEL II,2013,8,0,1339.5,31.0,25.5,2.0,270.0,86.0,28.25
SAN MANUEL II,2014,8,0,296.8,32.0,26.5,3.0,270.0,83.0,29.25
SAN MANUEL II,2015,8,5,312.6,32.6,26.7,3.0,220.0,82.0,29.65
SAN MANUEL II,2016,8,0,775.4,31.1,26.6,3.0,220.0,85.0,28.85
SAN MANUEL II,2017,8,0,323.0,32.6,27.1,3.0,220.0,80.0,29.85
SAN MANUEL II,2018,8,0,427.2,31.2,26.6,4.0,220.0,82.0,28.9
SAN MANUEL II,2019,8,2,622.9,30.9,26.3,4.0,220.0,84.0,28.6
SAN MANUEL II,2020,8,0,214.2,32.2,26.3,2.0,220.0,80.0,29.25
SAN MANUEL II,2021,8,0,136.4,32.6,26.7,3.0,220.0,78.0,29.65
SAN MANUEL II,2022,8,0,401.8,31.6,25.9,2.0,220.0,81.0,28.75
SAN MANUEL II,2023,8,0,289.2,32.0,27.5,4.0,220.0,80.0,29.75
SAN MATEO,2010,8,1,375.2,32.3,26.5,3.0,220.0,84.0,29.4
SAN MATEO,2011,8,1,486.6,31.2,26.3,3.0,270.0,86.0,28.75
SAN MATEO,2012,8,0,1186.3,30.4,25.3,3.0,270.0,88.0,27.85
SAN MATEO,2013,8,0,1339.5,31.0,25.5,2.0,270.0,86.0,28.25
SAN MATEO,2014,8,0,296.8,32.0,26.5,3.0,270.0,83.0,29.25
SAN MATEO,2015,8,1,312.6,32.6,26.7,3.0,220.0,82.0,29.65
SAN MATEO,2016,8,0,775.4,31.1,26.6,3.0,220.0,85.0,28.85
SAN MATEO,2017,8,0,323.0,32.6,27.1,3.0,220.0,80.0,29.85
SAN MATEO,2018,8,0,427.2,31.2,26.6,4.0,220.0,82.0,28.9
SAN MATEO,2019,8,6,622.9,30.9,26.3,4.0,220.0,84.0,28.6
SAN MATEO,2020,8,0,214.2,32.2,26.3,2.0,220.0,80.0,29.25
SAN MATEO,2021,8,0,136.4,32.6,26.7,3.0,220.0,78.0,29.65
SAN MATEO,2022,8,0,401.8,31.6,25.9,2.0,220.0,81.0,28.75
SAN MATEO,2023,8,1,289.2,32.0,27.5,4.0,220.0,80.0,29.75
SAN MIGUEL,2010,8,0,375.2,32.3,26.5,3.0,220.0,84.0,29.4
SAN MIGUEL,2011,8,4,486.6,31.2,26.3,3.0,270.0,86.0,28.75
SAN MIGUEL,2013,8,0,1339.5,31.0,25.5,2.0,270.0,86.0,28.25
SAN MIGUEL,2015,8,3,312.6,32.6,26.7,3.0,220.0,82.0,29.65
SAN MIGUEL,2016,8,0,775.4,31.1,26.6,3.0,220.0,85.0,28.85
SAN MIGUEL,2017,8,0,323.0,32.6,27.1,3.0,220.0,80.0,29.85
SAN MIGUEL,2018,8,0,427.2,31.2,26.6,4.0,220.0,82.0,28.9
SAN MIGUEL,2019,8,1,622.9,30.9,26.3,4.0,220.0,84.0,28.6
SAN MIGUEL,2020,8,0,214.2,32.2,26.3,2.0,220.0,80.0,29.25
SAN MIGUEL,2021,8,0,136.4,32.6,26.7,3.0,220.0,78.0,29.65
SAN MIGUEL,2022,8,1,401.8,31.6,25.9,2.0,220.0,81.0,28.75
SAN MIGUEL,2023,8,2,289.2,32.0,27.5,4.0,220.0,80.0,29.75
SAN MIGUEL II,2010,8,1,375.2,32.3,26.5,3.0,220.0,84.0,29.4
SAN MIGUEL II,2011,8,1,486.6,31.2,26.3,3.0,270.0,86.0,28.75
SAN MIGUEL II,2012,8,0,1186.3,30.4,25.3,3.0,270.0,88.0,27.85
SAN MIGUEL II,2013,8,1,1339.5,31.0,25.5,2.0,270.0,86.0,28.25
SAN MIGUEL II,2014,8,0,296.8,32.0,26.5,3.0,270.0,83.0,29.25
SAN MIGUEL II,2015,8,3,312.6,32.6,26.7,3.0,220.0,82.0,29.65
SAN MIGUEL II,2018,8,0,427.2,31.2,26.6,4.0,220.0,82.0,28.9
SAN MIGUEL II,2019,8,2,622.9,30.9,26.3,4.0,220.0,84.0,28.6
SAN MIGUEL II,2020,8,0,214.2,32.2,26.3,2.0,220.0,80.0,29.25
SAN MIGUEL II,2022,8,1,401.8,31.6,25.9,2.0,220.0,81.0,28.75
SAN NICOLAS I,2010,8,1,375.2,32.3,26.5,3.0,220.0,84.0,29.4
SAN NICOLAS I,2011,8,0,486.6,31.2,26.3,3.0,270.0,86.0,28.75
SAN NICOLAS I,2012,8,0,1186.3,30.4,25.3,3.0,270.0,88.0,27.85
SAN NICOLAS I,2013,8,0,1339.5,31.0,25.5,2.0,270.0,86.0,28.25
SAN NICOLAS I,2014,8,0,296.8,32.0,26.5,3.0,270.0,83.0,29.25
SAN NICOLAS I,2015,8,2,312.6,32.6,26.7,3.0,220.0,82.0,29.65
SAN NICOLAS I,2017,8,0,323.0,32.6,27.1,3.0,220.0,80.0,29.85
SAN NICOLAS I,2018,8,0,427.2,31.2,26.6,4.0,220.0,82.0,28.9
SAN NICOLAS I,2019,8,9,622.9,30.9,26.3,4.0,220.0,84.0,28.6
SAN NICOLAS I,2020,8,0,214.2,32.2,26.3,2.0,220.0,80.0,29.25
SAN NICOLAS I,2023,8,0,289.2,32.0,27.5,4.0,220.0,80.0,29.75
SAN NICOLAS II,2010,8,0,375.2,32.3,26.5,3.0,220.0,84.0,29.4
SAN NICOLAS II,2011,8,5,486.6,31.2,26.3,3.0,270.0,86.0,28.75
SAN NICOLAS II,2012,8,0,1186.3,30.4,25.3,3.0,270.0,88.0,27.85
SAN NICOLAS II,2013,8,1,1339.5,31.0,25.5,2.0,270.0,86.0,28.25
SAN NICOLAS II,2014,8,0,296.8,32.0,26.5,3.0,270.0,83.0,29.25
SAN NICOLAS II,2015,8,0,312.6,32.6,26.7,3.0,220.0,82.0,29.65
SAN NICOLAS II,2016,8,0,775.4,31.1,26.6,3.0,220.0,85.0,28.85
SAN NICOLAS II,2017,8,0,323.0,32.6,27.1,3.0,220.0,80.0,29.85
SAN NICOLAS II,2018,8,1,427.2,31.2,26.6,4.0,220.0,82.0,28.9
SAN NICOLAS II,2019,8,3,622.9,30.9,26.3,4.0,220.0,84.0,28.6
SAN NICOLAS II,2020,8,0,214.2,32.2,26.3,2.0,220.0,80.0,29.25
SAN NICOLAS II,2021,8,0,136.4,32.6,26.7,3.0,220.0,78.0,29.65
SAN NICOLAS II,2023,8,0,289.2,32.0,27.5,4.0,220.0,80.0,29.75
SAN ROQUE (STA. CRISTINA II),2010,8,0,375.2,32.3,26.5,3.0,220.0,84.0,29.4
SAN ROQUE (STA. CRISTINA II),2012,8,0,1186.3,30.4,25.3,3.0,270.0,88.0,27.85
SAN ROQUE (STA. CRISTINA II),2014,8,0,296.8,32.0,26.5,3.0,270.0,83.0,29.25
SAN ROQUE (STA. CRISTINA II),2015,8,0,312.6,32.6,26.7,3.0,220.0,82.0,29.65
SAN ROQUE (STA. CRISTINA II),2016,8,0,775.4,31.1,26.6,3.0,220.0,85.0,28.85
SAN ROQUE (STA. CRISTINA II),2017,8,0,323.0,32.6,27.1,3.0,220.0,80.0,29.85
SAN ROQUE (STA. CRISTINA II),2018,8,0,427.2,31.2,26.6,4.0,220.0,82.0,28.9
SAN ROQUE (STA. CRISTINA II),2019,8,2,622.9,30.9,26.3,4.0,220.0,84.0,28.6
SAN ROQUE (STA. CRISTINA II),2020,8,0,214.2,32.2,26.3,2.0,220.0,80.0,29.25
SAN SIMON (BARANGAY 7),2010,8,1,375.2,32.3,26.5,3.0,220.0,84.0,29.4
SAN SIMON (BARANGAY 7),2011,8,6,486.6,31.2,26.3,3.0,270.0,86.0,28.75
SAN SIMON (BARANGAY 7),2012,8,0,1186.3,30.4,25.3,3.0,270.0,88.0,27.85
SAN SIMON (BARANGAY 7),2013,8,0,1339.5,31.0,25.5,2.0,270.0,86.0,28.25
SAN SIMON (BARANGAY 7),2014,8,0,296.8,32.0,26.5,3.0,270.0,83.0,29.25
SAN SIMON (BARANGAY 7),2015,8,2,312.6,32.6,26.7,3.0,220.0,82.0,29.65
SAN SIMON (BARANGAY 7),2016,8,0,775.4,31.1,26.6,3.0,220.0,85.0,28.85
SAN SIMON (BARANGAY 7),2017,8,1,323.0,32.6,27.1,3.0,220.0,80.0,29.85
SAN SIMON (BARANGAY 7),2018,8,0,427.2,31.2,26.6,4.0,220.0,82.0,28.9
SAN SIMON (BARANGAY 7),2019,8,5,622.9,30.9,26.3,4.0,220.0,84.0,28.6
SAN SIMON (BARANGAY 7),2020,8,0,214.2,32.2,26.3,2.0,220.0,80.0,29.25
SAN SIMON (BARANGAY 7),2021,8,1,136.4,32.6,26.7,3.0,220.0,78.0,29.65
SAN SIMON (BARANGAY 7),2022,8,1,401.8,31.6,25.9,2.0,220.0,81.0,28.75
SAN SIMON (BARANGAY 7),2023,8,0,289.2,32.0,27.5,4.0,220.0,80.0,29.75
SANTA CRISTINA I,2010,8,1,375.2,32.3,26.5,3.0,220.0,84.0,29.4
SANTA CRISTINA I,2011,8,0,486.6,31.2,26.3,3.0,270.0,86.0,28.75
SANTA CRISTINA I,2012,8,0,1186.3,30.4,25.3,3.0,270.0,88.0,27.85
SANTA CRISTINA I,2013,8,0,1339.5,31.0,25.5,2.0,270.0,86.0,28.25
SANTA CRISTINA I,2014,8,0,296.8,32.0,26.5,3.0,270.0,83.0,29.25
SANTA CRISTINA I,2015,8,1,312.6,32.6,26.7,3.0,220.0,82.0,29.65
SANTA CRISTINA I,2016,8,0,775.4,31.1,26.6,3.0,220.0,85.0,28.85
SANTA CRISTINA I,2017,8,0,323.0,32.6,27.1,3.0,220.0,80.0,29.85
SANTA CRISTINA I,2018,8,0,427.2,31.2,26.6,4.0,220.0,82.0,28.9
SANTA CRISTINA I,2019,8,2,622.9,30.9,26.3,4.0,220.0,84.0,28.6
SANTA CRISTINA I,2020,8,0,214.2,32.2,26.3,2.0,220.0,80.0,29.25
SANTA CRISTINA I,2021,8,0,136.4,32.6,26.7,3.0,220.0,78.0,29.65
SANTA CRISTINA I,2022,8,0,401.8,31.6,25.9,2.0,220.0,81.0,28.75
SANTA CRISTINA II,2010,8,0,375.2,32.3,26.5,3.0,220.0,84.0,29.4
SANTA CRISTINA II,2011,8,0,486.6,31.2,26.3,3.0,270.0,86.0,28.75
SANTA CRISTINA II,2012,8,0,1186.3,30.4,25.3,3.0,270.0,88.0,27.85
SANTA CRISTINA II,2013,8,0,1339.5,31.0,25.5,2.0,270.0,86.0,28.25
SANTA CRISTINA II,2014,8,0,296.8,32.0,26.5,3.0,270.0,83.0,29.25
SANTA CRISTINA II,2015,8,0,312.6,32.6,26.7,3.0,220.0,82.0,29.65
SANTA CRISTINA II,2016,8,0,775.4,31.1,26.6,3.0,220.0,85.0,28.85
SANTA CRISTINA II,2017,8,1,323.0,32.6,27.1,3.0,220.0,80.0,29.85
SANTA CRISTINA II,2018,8,2,427.2,31.2,26.6,4.0,220.0,82.0,28.9
SANTA CRISTINA II,2019,8,3,622.9,30.9,26.3,4.0,220.0,84.0,28.6
SANTA CRISTINA II,2020,8,0,214.2,32.2,26.3,2.0,220.0,80.0,29.25
SANTA CRISTINA II,2022,8,1,401.8,31.6,25.9,2.0,220.0,81.0,28.75
SANTA CRISTINA II,2023,8,0,289.2,32.0,27.5,4.0,220.0,80.0,29.75
SANTA CRUZ I,2010,8,1,375.2,32.3,26.5,3.0,220.0,84.0,29.4
SANTA CRUZ I,2011,8,2,486.6,31.2,26.3,3.0,270.0,86.0,28.75
SANTA CRUZ I,2012,8,0,1186.3,30.4,25.3,3.0,270.0,88.0,27.85
SANTA CRUZ I,2013,8,5,1339.5,31.0,25.5,2.0,270.0,86.0,28.25
SANTA CRUZ I,2014,8,0,296.8,32.0,26.5,3.0,270.0,83.0,29.25
SANTA CRUZ I,2015,8,2,312.6,32.6,26.7,3.0,220.0,82.0,29.65
SANTA CRUZ I,2016,8,1,775.4,31.1,26.6,3.0,220.0,85.0,28.85
SANTA CRUZ I,2017,8,2,323.0,32.6,27.1,3.0,220.0,80.0,29.85
SANTA CRUZ I,2018,8,0,427.2,31.2,26.6,4.0,220.0,82.0,28.9
SANTA CRUZ I,2019,8,1,622.9,30.9,26.3,4.0,220.0,84.0,28.6
SANTA CRUZ I,2020,8,0,214.2,32.2,26.3,2.0,220.0,80.0,29.25
SANTA CRUZ I,2021,8,0,136.4,32.6,26.7,3.0,220.0,78.0,29.65
SANTA CRUZ I,2022,8,0,401.8,31.6,25.9,2.0,220.0,81.0,28.75
SANTA CRUZ II,2010,8,0,375.2,32.3,26.5,3.0,220.0,84.0,29.4
SANTA CRUZ II,2011,8,0,486.6,31.2,26.3,3.0,270.0,86.0,28.75
SANTA CRUZ II,2012,8,1,1186.3,30.4,25.3,3.0,270.0,88.0,27.85
SANTA CRUZ II,2013,8,0,1339.5,31.0,25.5,2.0,270.0,86.0,28.25
SANTA CRUZ II,2014,8,1,296.8,32.0,26.5,3.0,270.0,83.0,29.25
SANTA CRUZ II,2015,8,1,312.6,32.6,26.7,3.0,220.0,82.0,29.65
SANTA CRUZ II,2016,8,0,775.4,31.1,26.6,3.0,220.0,85.0,28.85
SANTA CRUZ II,2017,8,1,323.0,32.6,27.1,3.0,220.0,80.0,29.85
SANTA CRUZ II,2019,8,5,622.9,30.9,26.3,4.0,220.0,84.0,28.6
SANTA CRUZ II,2020,8,0,214.2,32.2,26.3,2.0,220.0,80.0,29.25
SANTA CRUZ II,2021,8,0,136.4,32.6,26.7,3.0,220.0,78.0,29.65
SANTA CRUZ II,2022,8,0,401.8,31.6,25.9,2.0,220.0,81.0,28.75
SANTA CRUZ II,2023,8,0,289.2,32.0,27.5,4.0,220.0,80.0,29.75
SANTA FE,2010,8,0,375.2,32.3,26.5,3.0,220.0,84.0,29.4
SANTA FE,2011,8,1,486.6,31.2,26.3,3.0,270.0,86.0,28.75
SANTA FE,2012,8,3,1186.3,30.4,25.3,3.0,270.0,88.0,27.85
SANTA FE,2013,8,1,1339.5,31.0,25.5,2.0,270.0,86.0,28.25
SANTA FE,2014,8,3,296.8,32.0,26.5,3.0,270.0,83.0,29.25
SANTA FE,2015,8,0,312.6,32.6,26.7,3.0,220.0,82.0,29.65
SANTA FE,2016,8,0,775.4,31.1,26.6,3.0,220.0,85.0,28.85
SANTA FE,2017,8,0,323.0,32.6,27.1,3.0,220.0,80.0,29.85
SANTA FE,2018,8,0,427.2,31.2,26.6,4.0,220.0,82.0,28.9
SANTA FE,2019,8,12,622.9,30.9,26.3,4.0,220.0,84.0,28.6
SANTA FE,2020,8,0,214.2,32.2,26.3,2.0,220.0,80.0,29.25
SANTA FE,2021,8,0,136.4,32.6,26.7,3.0,220.0,78.0,29.65
SANTA FE,2023,8,1,289.2,32.0,27.5,4.0,220.0,80.0,29.75
SANTA LUCIA (SAN JUAN II),2010,8,0,375.2,32.3,26.5,3.0,220.0,84.0,29.4
SANTA LUCIA (SAN JUAN II),2011,8,3,486.6,31.2,26.3,3.0,270.0,86.0,28.75
SANTA LUCIA (SAN JUAN II),2012,8,0,1186.3,30.4,25.3,3.0,270.0,88.0,27.85
SANTA LUCIA (SAN JUAN II),2013,8,1,1339.5,31.0,25.5,2.0,270.0,86.0,28.25
SANTA LUCIA (SAN JUAN II),2014,8,0,296.8,32.0,26.5,3.0,270.0,83.0,29.25
SANTA LUCIA (SAN JUAN II),2015,8,4,312.6,32.6,26.7,3.0,220.0,82.0,29.65
SANTA LUCIA (SAN JUAN II),2016,8,1,775.4,31.1,26.6,3.0,220.0,85.0,28.85
SANTA LUCIA (SAN JUAN II),2017,8,3,323.0,32.6,27.1,3.0,220.0,80.0,29.85
SANTA LUCIA (SAN JUAN II),2018,8,0,427.2,31.2,26.6,4.0,220.0,82.0,28.9
SANTA LUCIA (SAN JUAN II),2019,8,4,622.9,30.9,26.3,4.0,220.0,84.0,28.6
SANTA LUCIA (SAN JUAN II),2020,8,1,214.2,32.2,26.3,2.0,220.0,80.0,29.25
SANTA LUCIA (SAN JUAN II),2021,8,0,136.4,32.6,26.7,3.0,220.0,78.0,29.65
SANTA LUCIA (SAN JUAN II),2022,8,0,401.8,31.6,25.9,2.0,220.0,81.0,28.75
SANTA LUCIA (SAN JUAN II),2023,8,0,289.2,32.0,27.5,4.0,220.0,80.0,29.75
SANTA MARIA (BARANGAY 20),2010,8,0,375.2,32.3,26.5,3.0,220.0,84.0,29.4
SANTA MARIA (BARANGAY 20),2011,8,0,486.6,31.2,26.3,3.0,270.0,86.0,28.75
SANTA MARIA (BARANGAY 20),2012,8,0,1186.3,30.4,25.3,3.0,270.0,88.0,27.85
SANTA MARIA (BARANGAY 20),2013,8,0,1339.5,31.0,25.5,2.0,270.0,86.0,28.25
SANTA MARIA (BARANGAY 20),2014,8,0,296.8,32.0,26.5,3.0,270.0,83.0,29.25
SANTA MARIA (BARANGAY 20),2015,8,7,312.6,32.6,26.7,3.0,220.0,82.0,29.65
SANTA MARIA (BARANGAY 20),2016,8,0,775.4,31.1,26.6,3.0,220.0,85.0,28.85
SANTA MARIA (BARANGAY 20),2017,8,0,323.0,32.6,27.1,3.0,220.0,80.0,29.85
SANTA MARIA (BARANGAY 20),2018,8,0,427.2,31.2,26.6,4.0,220.0,82.0,28.9
SANTA MARIA (BARANGAY 20),2019,8,11,622.9,30.9,26.3,4.0,220.0,84.0,28.6
SANTA MARIA (BARANGAY 20),2020,8,0,214.2,32.2,26.3,2.0,220.0,80.0,29.25
SANTA MARIA (BARANGAY 20),2021,8,1,136.4,32.6,26.7,3.0,220.0,78.0,29.65
SANTA MARIA (BARANGAY 20),2022,8,1,401.8,31.6,25.9,2.0,220.0,81.0,28.75
SANTA MARIA (BARANGAY 20),2023,8,0,289.2,32.0,27.5,4.0,220.0,80.0,29.75
SANTO CRISTO (BARANGAY III),2010,8,0,375.2,32.3,26.5,3.0,220.0,84.0,29.4
SANTO CRISTO (BARANGAY III),2011,8,0,486.6,31.2,26.3,3.0,270.0,86.0,28.75
SANTO CRISTO (BARANGAY III),2012,8,0,1186.3,30.4,25.3,3.0,270.0,88.0,27.85
SANTO CRISTO (BARANGAY III),2013,8,1,1339.5,31.0,25.5,2.0,270.0,86.0,28.25
SANTO CRISTO (BARANGAY III),2014,8,0,296.8,32.0,26.5,3.0,270.0,83.0,29.25
SANTO CRISTO (BARANGAY III),2015,8,0,312.6,32.6,26.7,3.0,220.0,82.0,29.65
SANTO CRISTO (BARANGAY III),2016,8,1,775.4,31.1,26.6,3.0,220.0,85.0,28.85
SANTO CRISTO (BARANGAY III),2017,8,0,323.0,32.6,27.1,3.0,220.0,80.0,29.85
SANTO CRISTO (BARANGAY III),2018,8,0,427.2,31.2,26.6,4.0,220.0,82.0,28.9
SANTO CRISTO (BARANGAY III),2019,8,3,622.9,30.9,26.3,4.0,220.0,84.0,28.6
SANTO CRISTO (BARANGAY III),2020,8,0,214.2,32.2,26.3,2.0,220.0,80.0,29.25
SANTO CRISTO (BARANGAY III),2021,8,0,136.4,32.6,26.7,3.0,220.0,78.0,29.65
SANTO CRISTO (BARANGAY III),2022,8,0,401.8,31.6,25.9,2.0,220.0,81.0,28.75
SANTO CRISTO (BARANGAY III),2023,8,0,289.2,32.0,27.5,4.0,220.0,80.0,29.75
SANTO NIÑO I,2010,8,4,375.2,32.3,26.5,3.0,220.0,84.0,29.4
SANTO NIÑO I,2011,8,1,486.6,31.2,26.3,3.0,270.0,86.0,28.75
SANTO NIÑO I,2012,8,0,1186.3,30.4,25.3,3.0,270.0,88.0,27.85
SANTO NIÑO I,2013,8,0,1339.5,31.0,25.5,2.0,270.0,86.0,28.25
SANTO NIÑO I,2014,8,0,296.8,32.0,26.5,3.0,270.0,83.0,29.25
SANTO NIÑO I,2015,8,2,312.6,32.6,26.7,3.0,220.0,82.0,29.65
SANTO NIÑO I,2016,8,0,775.4,31.1,26.6,3.0,220.0,85.0,28.85
SANTO NIÑO I,2017,8,1,323.0,32.6,27.1,3.0,220.0,80.0,29.85
SANTO NIÑO I,2018,8,0,427.2,31.2,26.6,4.0,220.0,82.0,28.9
SANTO NIÑO I,2019,8,2,622.9,30.9,26.3,4.0,220.0,84.0,28.6
SANTO NIÑO I,2020,8,0,214.2,32.2,26.3,2.0,220.0,80.0,29.25
SANTO NIÑO I,2021,8,0,136.4,32.6,26.7,3.0,220.0,78.0,29.65
SANTO NIÑO I,2022,8,1,401.8,31.6,25.9,2.0,220.0,81.0,28.75
SANTO NIÑO I,2023,8,0,289.2,32.0,27.5,4.0,220.0,80.0,29.75
SANTO NIÑO II,2010,8,1,375.2,32.3,26.5,3.0,220.0,84.0,29.4
SANTO NIÑO II,2011,8,1,486.6,31.2,26.3,3.0,270.0,86.0,28.75
SANTO NIÑO II,2012,8,0,1186.3,30.4,25.3,3.0,270.0,88.0,27.85
SANTO NIÑO II,2014,8,0,296.8,32.0,26.5,3.0,270.0,83.0,29.25
SANTO NIÑO II,2015,8,0,312.6,32.6,26.7,3.0,220.0,82.0,29.65
SANTO NIÑO II,2016,8,0,775.4,31.1,26.6,3.0,220.0,85.0,28.85
SANTO NIÑO II,2017,8,0,323.0,32.6,27.1,3.0,220.0,80.0,29.85
SANTO NIÑO II,2018,8,0,427.2,31.2,26.6,4.0,220.0,82.0,28.9
SANTO NIÑO II,2019,8,1,622.9,30.9,26.3,4.0,220.0,84.0,28.6
SANTO NIÑO II,2020,8,0,214.2,32.2,26.3,2.0,220.0,80.0,29.25
SANTO NIÑO II,2023,8,0,289.2,32.0,27.5,4.0,220.0,80.0,29.75
VICTORIA REYES,2010,8,2,375.2,32.3,26.5,3.0,220.0,84.0,29.4
VICTORIA REYES,2011,8,0,486.6,31.2,26.3,3.0,270.0,86.0,28.75
VICTORIA REYES,2012,8,0,1186.3,30.4,25.3,3.0,270.0,88.0,27.85
VICTORIA REYES,2013,8,2,1339.5,31.0,25.5,2.0,270.0,86.0,28.25
VICTORIA REYES,2014,8,0,296.8,32.0,26.5,3.0,270.0,83.0,29.25
VICTORIA REYES,2015,8,8,312.6,32.6,26.7,3.0,220.0,82.0,29.65
VICTORIA REYES,2016,8,1,775.4,31.1,26.6,3.0,220.0,85.0,28.85
VICTORIA REYES,2017,8,0,323.0,32.6,27.1,3.0,220.0,80.0,29.85
VICTORIA REYES,2018,8,0,427.2,31.2,26.6,4.0,220.0,82.0,28.9
VICTORIA REYES,2019,8,39,622.9,30.9,26.3,4.0,220.0,84.0,28.6
VICTORIA REYES,2020,8,0,214.2,32.2,26.3,2.0,220.0,80.0,29.25
VICTORIA REYES,2021,8,0,136.4,32.6,26.7,3.0,220.0,78.0,29.65
VICTORIA REYES,2022,8,0,401.8,31.6,25.9,2.0,220.0,81.0,28.75
VICTORIA REYES,2023,8,0,289.2,32.0,27.5,4.0,220.0,80.0,29.75
ZONE I,2010,8,1,375.2,32.3,26.5,3.0,220.0,84.0,29.4
ZONE I,2011,8,1,486.6,31.2,26.3,3.0,270.0,86.0,28.75
ZONE I,2019,8,0,622.9,30.9,26.3,4.0,220.0,84.0,28.6
ZONE I-B,2010,8,2,375.2,32.3,26.5,3.0,220.0,84.0,29.4
ZONE I-B,2011,8,1,486.6,31.2,26.3,3.0,270.0,86.0,28.75
ZONE I-B,2012,8,13,1186.3,30.4,25.3,3.0,270.0,88.0,27.85
ZONE I-B,2013,8,4,1339.5,31.0,25.5,2.0,270.0,86.0,28.25
ZONE I-B,2014,8,13,296.8,32.0,26.5,3.0,270.0,83.0,29.25
ZONE I-B,2015,8,6,312.6,32.6,26.7,3.0,220.0,82.0,29.65
ZONE I-B,2016,8,1,775.4,31.1,26.6,3.0,220.0,85.0,28.85
ZONE I-B,2017,8,4,323.0,32.6,27.1,3.0,220.0,80.0,29.85
ZONE I-B,2018,8,2,427.2,31.2,26.6,4.0,220.0,82.0,28.9
ZONE I-B,2019,8,58,622.9,30.9,26.3,4.0,220.0,84.0,28.6
ZONE I-B,2020,8,0,214.2,32.2,26.3,2.0,220.0,80.0,29.25
ZONE I-B,2021,8,0,136.4,32.6,26.7,3.0,220.0,78.0,29.65
ZONE I-B,2022,8,3,401.8,31.6,25.9,2.0,220.0,81.0,28.75
ZONE I-B,2023,8,1,289.2,32.0,27.5,4.0,220.0,80.0,29.75
ZONE II,2010,8,1,375.2,32.3,26.5,3.0,220.0,84.0,29.4
ZONE II,2011,8,0,486.6,31.2,26.3,3.0,270.0,86.0,28.75
ZONE II,2019,8,0,622.9,30.9,26.3,4.0,220.0,84.0,28.6
ZONE III,2010,8,1,375.2,32.3,26.5,3.0,220.0,84.0,29.4
ZONE III,2011,8,0,486.6,31.2,26.3,3.0,270.0,86.0,28.75
ZONE III,2015,8,0,312.6,32.6,26.7,3.0,220.0,82.0,29.65
ZONE III,2023,8,0,289.2,32.0,27.5,4.0,220.0,80.0,29.75
ZONE IV,2010,8,0,375.2,32.3,26.5,3.0,220.0,84.0,29.4
ZONE IV,2011,8,0,486.6,31.2,26.3,3.0,270.0,86.0,28.75
ZONE IV,2013,8,0,1339.5,31.0,25.5,2.0,270.0,86.0,28.25
ZONE IV,2015,8,0,312.6,32.6,26.7,3.0,220.0,82.0,29.65
ZONE IV,2019,8,0,622.9,30.9,26.3,4.0,220.0,84.0,28.6
ZONE IV,2023,8,0,289.2,32.0,27.5,4.0,220.0,80.0,29.75
BUROL,2010,9,7,291.8,32.5,26.7,2.0,270.0,81.0,29.6
BUROL,2011,9,4,423.1,31.1,25.9,3.0,270.0,85.0,28.5
BUROL,2012,9,1,591.5,31.5,25.8,2.0,270.0,86.0,28.65
BUROL,2013,9,3,977.2,30.5,25.5,2.0,270.0,88.0,28.0
BUROL,2014,9,1,460.3,31.7,26.2,2.0,270.0,84.0,28.95
BUROL,2015,9,11,359.2,32.9,26.6,3.0,220.0,82.0,29.75
BUROL,2016,9,0,145.3,32.3,26.8,3.0,220.0,82.0,29.55
BUROL,2017,9,5,382.7,32.3,27.1,3.0,340.0,82.0,29.7
BUROL,2018,9,2,194.7,31.8,26.5,3.0,220.0,82.0,29.15
BUROL,2019,9,31,330.1,31.7,25.9,3.0,220.0,81.0,28.8
BUROL,2020,9,0,130.9,33.7,26.9,2.0,320.0,77.0,30.3
BUROL,2021,9,0,236.0,32.2,26.5,2.0,320.0,79.0,29.35
BUROL,2022,9,0,400.4,31.3,25.9,3.0,220.0,82.0,28.6
BUROL,2023,9,1,315.3,32.3,26.8,3.0,220.0,81.0,29.55
BUROL I,2010,9,7,291.8,32.5,26.7,2.0,270.0,81.0,29.6
BUROL I,2011,9,2,423.1,31.1,25.9,3.0,270.0,85.0,28.5
BUROL I,2012,9,11,591.5,31.5,25.8,2.0,270.0,86.0,28.65
BUROL I,2013,9,3,977.2,30.5,25.5,2.0,270.0,88.0,28.0
BUROL I,2014,9,11,460.3,31.7,26.2,2.0,270.0,84.0,28.95
BUROL I,2015,9,14,359.2,32.9,26.6,3.0,220.0,82.0,29.75
BUROL I,2016,9,2,145.3,32.3,26.8,3.0,220.0,82.0,29.55
BUROL I,2017,9,4,382.7,32.3,27.1,3.0,340.0,82.0,29.7
BUROL I,2018,9,5,194.7,31.8,26.5,3.0,220.0,82.0,29.15
BUROL I,2019,9,44,330.1,31.7,25.9,3.0,220.0,81.0,28.8
BUROL I,2020,9,0,130.9,33.7,26.9,2.0,320.0,77.0,30.3
BUROL I,2021,9,3,236.0,32.2,26.5,2.0,320.0,79.0,29.35
BUROL I,2022,9,3,400.4,31.3,25.9,3.0,220.0,82.0,28.6
BUROL I,2023,9,0,315.3,32.3,26.8,3.0,220.0,81.0,29.55
BUROL II,2011,9,2,423.1,31.1,25.9,3.0,270.0,85.0,28.5
BUROL II,2012,9,2,591.5,31.5,25.8,2.0,270.0,86.0,28.65
BUROL II,2013,9,0,977.2,30.5,25.5,2.0,270.0,88.0,28.0
BUROL II,2014,9,2,460.3,31.7,26.2,2.0,270.0,84.0,28.95
BUROL II,2015,9,7,359.2,32.9,26.6,3.0,220.0,82.0,29.75
BUROL II,2016,9,3,145.3,32.3,26.8,3.0,220.0,82.0,29.55
BUROL II,2017,9,1,382.7,32.3,27.1,3.0,340.0,82.0,29.7
BUROL II,2018,9,4,194.7,31.8,26.5,3.0,220.0,82.0,29.15
BUROL II,2019,9,14,330.1,31.7,25.9,3.0,220.0,81.0,28.8
BUROL II,2020,9,0,130.9,33.7,26.9,2.0,320.0,77.0,30.3
BUROL II,2021,9,1,236.0,32.2,26.5,2.0,320.0,79.0,29.35
BUROL II,2023,9,0,315.3,32.3,26.8,3.0,220.0,81.0,29.55
BUROL III,2010,9,1,291.8,32.5,26.7,2.0,270.0,81.0,29.6
BUROL III,2011,9,1,423.1,31.1,25.9,3.0,270.0,85.0,28.5
BUROL III,2012,9,0,591.5,31.5,25.8,2.0,270.0,86.0,28.65
BUROL III,2013,9,4,977.2,30.5,25.5,2.0,270.0,88.0,28.0
BUROL III,2014,9,0,460.3,31.7,26.2,2.0,270.0,84.0,28.95
BUROL III,2015,9,7,359.2,32.9,26.6,3.0,220.0,82.0,29.75
BUROL III,2016,9,0,145.3,32.3,26.8,3.0,220.0,82.0,29.55
BUROL III,2017,9,0,382.7,32.3,27.1,3.0,340.0,82.0,29.7
BUROL III,2018,9,0,194.7,31.8,26.5,3.0,220.0,82.0,29.15
BUROL III,2019,9,32,330.1,31.7,25.9,3.0,220.0,81.0,28.8
BUROL III,2020,9,0,130.9,33.7,26.9,2.0,320.0,77.0,30.3
BUROL III,2021,9,0,236.0,32.2,26.5,2.0,320.0,79.0,29.35
BUROL III,2022,9,1,400.4,31.3,25.9,3.0,220.0,82.0,28.6
BUROL III,2023,9,0,315.3,32.3,26.8,3.0,220.0,81.0,29.55
DASMARIÑAS,2013,9,174,977.2,30.5,25.5,2.0,270.0,88.0,28.0
DATU ESMAEL (BAGO-A-INGUD),2010,9,2,291.8,32.5,26.7,2.0,270.0,81.0,29.6
DATU ESMAEL (BAGO-A-INGUD),2011,9,1,423.1,31.1,25.9,3.0,270.0,85.0,28.5
DATU ESMAEL (BAGO-A-INGUD),2012,9,2,591.5,31.5,25.8,2.0,270.0,86.0,28.65
DATU ESMAEL (BAGO-A-INGUD),2013,9,1,977.2,30.5,25.5,2.0,270.0,88.0,28.0
DATU ESMAEL (BAGO-A-INGUD),2014,9,2,460.3,31.7,26.2,2.0,270.0,84.0,28.95
DATU ESMAEL (BAGO-A-INGUD),2015,9,4,359.2,32.9,26.6,3.0,220.0,82.0,29.75
DATU ESMAEL (BAGO-A-INGUD),2016,9,0,145.3,32.3,26.8,3.0,220.0,82.0,29.55
DATU ESMAEL (BAGO-A-INGUD),2017,9,2,382.7,32.3,27.1,3.0,340.0,82.0,29.7
DATU ESMAEL (BAGO-A-INGUD),2018,9,2,194.7,31.8,26.5,3.0,220.0,82.0,29.15
DATU ESMAEL (BAGO-A-INGUD),2019,9,11,330.1,31.7,25.9,3.0,220.0,81.0,28.8
DATU ESMAEL (BAGO-A-INGUD),2020,9,0,130.9,33.7,26.9,2.0,320.0,77.0,30.3
DATU ESMAEL (BAGO-A-INGUD),2022,9,0,400.4,31.3,25.9,3.0,220.0,82.0,28.6
EMMANUEL BERGADO I,2010,9,0,291.8,32.5,26.7,2.0,270.0,81.0,29.6
EMMANUEL BERGADO I,2011,9,1,423.1,31.1,25.9,3.0,270.0,85.0,28.5
EMMANUEL BERGADO I,2012,9,2,591.5,31.5,25.8,2.0,270.0,86.0,28.65
EMMANUEL BERGADO I,2013,9,3,977.2,30.5,25.5,2.0,270.0,88.0,28.0
EMMANUEL BERGADO I,2014,9,2,460.3,31.7,26.2,2.0,270.0,84.0,28.95
EMMANUEL BERGADO I,2015,9,5,359.2,32.9,26.6,3.0,220.0,82.0,29.75
EMMANUEL BERGADO I,2016,9,1,145.3,32.3,26.8,3.0,220.0,82.0,29.55
EMMANUEL BERGADO I,2017,9,2,382.7,32.3,27.1,3.0,340.0,82.0,29.7
EMMANUEL BERGADO I,2018,9,0,194.7,31.8,26.5,3.0,220.0,82.0,29.15
EMMANUEL BERGADO I,2019,9,17,330.1,31.7,25.9,3.0,220.0,81.0,28.8
EMMANUEL BERGADO I,2020,9,0,130.9,33.7,26.9,2.0,320.0,77.0,30.3
EMMANUEL BERGADO I,2021,9,1,236.0,32.2,26.5,2.0,320.0,79.0,29.35
EMMANUEL BERGADO I,2022,9,0,400.4,31.3,25.9,3.0,220.0,82.0,28.6
EMMANUEL BERGADO I,2023,9,1,315.3,32.3,26.8,3.0,220.0,81.0,29.55
EMMANUEL BERGADO II,2010,9,0,291.8,32.5,26.7,2.0,270.0,81.0,29.6
EMMANUEL BERGADO II,2011,9,0,423.1,31.1,25.9,3.0,270.0,85.0,28.5
EMMANUEL BERGADO II,2012,9,0,591.5,31.5,25.8,2.0,270.0,86.0,28.65
EMMANUEL BERGADO II,2013,9,0,977.2,30.5,25.5,2.0,270.0,88.0,28.0
EMMANUEL BERGADO II,2014,9,0,460.3,31.7,26.2,2.0,270.0,84.0,28.95
EMMANUEL BERGADO II,2015,9,1,359.2,32.9,26.6,3.0,220.0,82.0,29.75
EMMANUEL BERGADO II,2016,9,2,145.3,32.3,26.8,3.0,220.0,82.0,29.55
EMMANUEL BERGADO II,2017,9,1,382.7,32.3,27.1,3.0,340.0,82.0,29.7
EMMANUEL BERGADO II,2018,9,0,194.7,31.8,26.5,3.0,220.0,82.0,29.15
EMMANUEL BERGADO II,2019,9,6,330.1,31.7,25.9,3.0,220.0,81.0,28.8
EMMANUEL BERGADO II,2020,9,0,130.9,33.7,26.9,2.0,320.0,77.0,30.3
EMMANUEL BERGADO II,2021,9,0,236.0,32.2,26.5,2.0,320.0,79.0,29.35
EMMANUEL BERGADO II,2022,9,1,400.4,31.3,25.9,3.0,220.0,82.0,28.6
EMMANUEL BERGADO II,2023,9,1,315.3,32.3,26.8,3.0,220.0,81.0,29.55
FATIMA I,2010,9,0,291.8,32.5,26.7,2.0,270.0,81.0,29.6
FATIMA I,2011,9,0,423.1,31.1,25.9,3.0,270.0,85.0,28.5
FATIMA I,2012,9,0,591.5,31.5,25.8,2.0,270.0,86.0,28.65
FATIMA I,2013,9,3,977.2,30.5,25.5,2.0,270.0,88.0,28.0
FATIMA I,2014,9,0,460.3,31.7,26.2,2.0,270.0,84.0,28.95
FATIMA I,2015,9,2,359.2,32.9,26.6,3.0,220.0,82.0,29.75
FATIMA I,2016,9,0,145.3,32.3,26.8,3.0,220.0,82.0,29.55
FATIMA I,2017,9,1,382.7,32.3,27.1,3.0,340.0,82.0,29.7
FATIMA I,2018,9,2,194.7,31.8,26.5,3.0,220.0,82.0,29.15
FATIMA I,2019,9,19,330.1,31.7,25.9,3.0,220.0,81.0,28.8
FATIMA I,2020,9,0,130.9,33.7,26.9,2.0,320.0,77.0,30.3
FATIMA I,2022,9,1,400.4,31.3,25.9,3.0,220.0,82.0,28.6
FATIMA I,2023,9,0,315.3,32.3,26.8,3.0,220.0,81.0,29.55
FATIMA II,2010,9,0,291.8,32.5,26.7,2.0,270.0,81.0,29.6
FATIMA II,2011,9,0,423.1,31.1,25.9,3.0,270.0,85.0,28.5
FATIMA II,2012,9,2,591.5,31.5,25.8,2.0,270.0,86.0,28.65
FATIMA II,2013,9,0,977.2,30.5,25.5,2.0,270.0,88.0,28.0
FATIMA II,2014,9,2,460.3,31.7,26.2,2.0,270.0,84.0,28.95
FATIMA II,2015,9,7,359.2,32.9,26.6,3.0,220.0,82.0,29.75
FATIMA II,2016,9,1,145.3,32.3,26.8,3.0,220.0,82.0,29.55
FATIMA II,2017,9,0,382.7,32.3,27.1,3.0,340.0,82.0,29.7
FATIMA II,2018,9,1,194.7,31.8,26.5,3.0,220.0,82.0,29.15
FATIMA II,2019,9,9,330.1,31.7,25.9,3.0,220.0,81.0,28.8
FATIMA II,2020,9,0,130.9,33.7,26.9,2.0,320.0,77.0,30.3
FATIMA II,2021,9,0,236.0,32.2,26.5,2.0,320.0,79.0,29.35
FATIMA II,2022,9,0,400.4,31.3,25.9,3.0,220.0,82.0,28.6
FATIMA II,2023,9,0,315.3,32.3,26.8,3.0,220.0,81.0,29.55
FATIMA III,2010,9,0,291.8,32.5,26.7,2.0,270.0,81.0,29.6
FATIMA III,2011,9,0,423.1,31.1,25.9,3.0,270.0,85.0,28.5
FATIMA III,2012,9,0,591.5,31.5,25.8,2.0,270.0,86.0,28.65
FATIMA III,2013,9,2,977.2,30.5,25.5,2.0,270.0,88.0,28.0
FATIMA III,2014,9,0,460.3,31.7,26.2,2.0,270.0,84.0,28.95
FATIMA III,2015,9,3,359.2,32.9,26.6,3.0,220.0,82.0,29.75
FATIMA III,2016,9,0,145.3,32.3,26.8,3.0,220.0,82.0,29.55
FATIMA III,2017,9,0,382.7,32.3,27.1,3.0,340.0,82.0,29.7
FATIMA III,2018,9,1,194.7,31.8,26.5,3.0,220.0,82.0,29.15
FATIMA III,2019,9,2,330.1,31.7,25.9,3.0,220.0,81.0,28.8
FATIMA III,2020,9,0,130.9,33.7,26.9,2.0,320.0,77.0,30.3
FATIMA III,2021,9,0,236.0,32.2,26.5,2.0,320.0,79.0,29.35
FATIMA III,2022,9,0,400.4,31.3,25.9,3.0,220.0,82.0,28.6
FATIMA III,2023,9,0,315.3,32.3,26.8,3.0,220.0,81.0,29.55
H-II,2010,9,2,291.8,32.5,26.7,2.0,270.0,81.0,29.6
H-II,2015,9,1,359.2,32.9,26.6,3.0,220.0,82.0,29.75
H-II,2017,9,0,382.7,32.3,27.1,3.0,340.0,82.0,29.7
H-II,2018,9,0,194.7,31.8,26.5,3.0,220.0,82.0,29.15
LANGKAAN I,2010,9,4,291.8,32.5,26.7,2.0,270.0,81.0,29.6
LANGKAAN I,2011,9,5,423.1,31.1,25.9,3.0,270.0,85.0,28.5
LANGKAAN I,2012,9,1,591.5,31.5,25.8,2.0,270.0,86.0,28.65
LANGKAAN I,2013,9,20,977.2,30.5,25.5,2.0,270.0,88.0,28.0
LANGKAAN I,2014,9,1,460.3,31.7,26.2,2.0,270.0,84.0,28.95
LANGKAAN I,2015,9,15,359.2,32.9,26.6,3.0,220.0,82.0,29.75
LANGKAAN I,2016,9,6,145.3,32.3,26.8,3.0,220.0,82.0,29.55
LANGKAAN I,2017,9,9,382.7,32.3,27.1,3.0,340.0,82.0,29.7
LANGKAAN I,2018,9,3,194.7,31.8,26.5,3.0,220.0,82.0,29.15
LANGKAAN I,2019,9,29,330.1,31.7,25.9,3.0,220.0,81.0,28.8
LANGKAAN I,2020,9,0,130.9,33.7,26.9,2.0,320.0,77.0,30.3
LANGKAAN I,2021,9,1,236.0,32.2,26.5,2.0,320.0,79.0,29.35
LANGKAAN I,2022,9,1,400.4,31.3,25.9,3.0,220.0,82.0,28.6
LANGKAAN I,2023,9,2,315.3,32.3,26.8,3.0,220.0,81.0,29.55
LANGKAAN II,2010,9,4,291.8,32.5,26.7,2.0,270.0,81.0,29.6
LANGKAAN II,2011,9,8,423.1,31.1,25.9,3.0,270.0,85.0,28.5
LANGKAAN II,2012,9,4,591.5,31.5,25.8,2.0,270.0,86.0,28.65
LANGKAAN II,2013,9,7,977.2,30.5,25.5,2.0,270.0,88.0,28.0
LANGKAAN II,2014,9,4,460.3,31.7,26.2,2.0,270.0,84.0,28.95
LANGKAAN II,2015,9,24,359.2,32.9,26.6,3.0,220.0,82.0,29.75
LANGKAAN II,2016,9,13,145.3,32.3,26.8,3.0,220.0,82.0,29.55
LANGKAAN II,2017,9,5,382.7,32.3,27.1,3.0,340.0,82.0,29.7
LANGKAAN II,2018,9,3,194.7,31.8,26.5,3.0,220.0,82.0,29.15
LANGKAAN II,2019,9,68,330.1,31.7,25.9,3.0,220.0,81.0,28.8
LANGKAAN II,2020,9,0,130.9,33.7,26.9,2.0,320.0,77.0,30.3
LANGKAAN II,2021,9,0,236.0,32.2,26.5,2.0,320.0,79.0,29.35
LANGKAAN II,2022,9,1,400.4,31.3,25.9,3.0,220.0,82.0,28.6
LANGKAAN II,2023,9,0,315.3,32.3,26.8,3.0,220.0,81.0,29.55
LUZVIMINDA I,2011,9,1,423.1,31.1,25.9,3.0,270.0,85.0,28.5
LUZVIMINDA I,2012,9,4,591.5,31.5,25.8,2.0,270.0,86.0,28.65
LUZVIMINDA I,2014,9,4,460.3,31.7,26.2,2.0,270.0,84.0,28.95
LUZVIMINDA I,2015,9,0,359.2,32.9,26.6,3.0,220.0,82.0,29.75
LUZVIMINDA I,2016,9,0,145.3,32.3,26.8,3.0,220.0,82.0,29.55
LUZVIMINDA I,2017,9,0,382.7,32.3,27.1,3.0,340.0,82.0,29.7
LUZVIMINDA I,2018,9,0,194.7,31.8,26.5,3.0,220.0,82.0,29.15
LUZVIMINDA I,2019,9,6,330.1,31.7,25.9,3.0,220.0,81.0,28.8
LUZVIMINDA I,2020,9,0,130.9,33.7,26.9,2.0,320.0,77.0,30.3
LUZVIMINDA I,2021,9,0,236.0,32.2,26.5,2.0,320.0,79.0,29.35
LUZVIMINDA I,2022,9,4,400.4,31.3,25.9,3.0,220.0,82.0,28.6
LUZVIMINDA I,2023,9,0,315.3,32.3,26.8,3.0,220.0,81.0,29.55
LUZVIMINDA II,2011,9,3,423.1,31.1,25.9,3.0,270.0,85.0,28.5
LUZVIMINDA II,2012,9,1,591.5,31.5,25.8,2.0,270.0,86.0,28.65
LUZVIMINDA II,2013,9,0,977.2,30.5,25.5,2.0,270.0,88.0,28.0
LUZVIMINDA II,2014,9,1,460.3,31.7,26.2,2.0,270.0,84.0,28.95
LUZVIMINDA II,2015,9,3,359.2,32.9,26.6,3.0,220.0,82.0,29.75
LUZVIMINDA II,2016,9,0,145.3,32.3,26.8,3.0,220.0,82.0,29.55
LUZVIMINDA II,2017,9,1,382.7,32.3,27.1,3.0,340.0,82.0,29.7
LUZVIMINDA II,2018,9,1,194.7,31.8,26.5,3.0,220.0,82.0,29.15
LUZVIMINDA II,2019,9,17,330.1,31.7,25.9,3.0,220.0,81.0,28.8
LUZVIMINDA II,2020,9,0,130.9,33.7,26.9,2.0,320.0,77.0,30.3
LUZVIMINDA II,2022,9,0,400.4,31.3,25.9,3.0,220.0,82.0,28.6
LUZVIMINDA II,2023,9,0,315.3,32.3,26.8,3.0,220.0,81.0,29.55
PALIPARAN I,2010,9,8,291.8,32.5,26.7,2.0,270.0,81.0,29.6
PALIPARAN I,2011,9,1,423.1,31.1,25.9,3.0,270.0,85.0,28.5
PALIPARAN I,2012,9,11,591.5,31.5,25.8,2.0,270.0,86.0,28.65
PALIPARAN I,2013,9,5,977.2,30.5,25.5,2.0,270.0,88.0,28.0
PALIPARAN I,2014,9,11,460.3,31.7,26.2,2.0,270.0,84.0,28.95
PALIPARAN I,2015,9,14,359.2,32.9,26.6,3.0,220.0,82.0,29.75
PALIPARAN I,2016,9,3,145.3,32.3,26.8,3.0,220.0,82.0,29.55
PALIPARAN I,2017,9,0,382.7,32.3,27.1,3.0,340.0,82.0,29.7
PALIPARAN I,2018,9,1,194.7,31.8,26.5,3.0,220.0,82.0,29.15
PALIPARAN I,2019,9,36,330.1,31.7,25.9,3.0,220.0,81.0,28.8
PALIPARAN I,2020,9,0,130.9,33.7,26.9,2.0,320.0,77.0,30.3
PALIPARAN I,2021,9,0,236.0,32.2,26.5,2.0,320.0,79.0,29.35
PALIPARAN I,2022,9,1,400.4,31.3,25.9,3.0,220.0,82.0,28.6
PALIPARAN I,2023,9,3,315.3,32.3,26.8,3.0,220.0,81.0,29.55
PALIPARAN II,2010,9,9,291.8,32.5,26.7,2.0,270.0,81.0,29.6
PALIPARAN II,2011,9,0,423.1,31.1,25.9,3.0,270.0,85.0,28.5
PALIPARAN II,2012,9,2,591.5,31.5,25.8,2.0,270.0,86.0,28.65
PALIPARAN II,2013,9,1,977.2,30.5,25.5,2.0,270.0,88.0,28.0
PALIPARAN II,2014,9,2,460.3,31.7,26.2,2.0,270.0,84.0,28.95
PALIPARAN II,2015,9,13,359.2,32.9,26.6,3.0,220.0,82.0,29.75
PALIPARAN II,2016,9,3,145.3,32.3,26.8,3.0,220.0,82.0,29.55
PALIPARAN II,2017,9,0,382.7,32.3,27.1,3.0,340.0,82.0,29.7
PALIPARAN II,2018,9,1,194.7,31.8,26.5,3.0,220.0,82.0,29.15
PALIPARAN II,2019,9,29,330.1,31.7,25.9,3.0,220.0,81.0,28.8
PALIPARAN II,2020,9,0,130.9,33.7,26.9,2.0,320.0,77.0,30.3
PALIPARAN II,2021,9,2,236.0,32.2,26.5,2.0,320.0,79.0,29.35
PALIPARAN II,2022,9,0,400.4,31.3,25.9,3.0,220.0,82.0,28.6
PALIPARAN II,2023,9,2,315.3,32.3,26.8,3.0,220.0,81.0,29.55
PALIPARAN III,2010,9,3,291.8,32.5,26.7,2.0,270.0,81.0,29.6
PALIPARAN III,2011,9,0,423.1,31.1,25.9,3.0,270.0,85.0,28.5
PALIPARAN III,2012,9,7,591.5,31.5,25.8,2.0,270.0,86.0,28.65
PALIPARAN III,2013,9,13,977.2,30.5,25.5,2.0,270.0,88.0,28.0
PALIPARAN III,2014,9,7,460.3,31.7,26.2,2.0,270.0,84.0,28.95
PALIPARAN III,2015,9,20,359.2,32.9,26.6,3.0,220.0,82.0,29.75
PALIPARAN III,2016,9,0,145.3,32.3,26.8,3.0,220.0,82.0,29.55
PALIPARAN III,2017,9,9,382.7,32.3,27.1,3.0,340.0,82.0,29.7
PALIPARAN III,2018,9,0,194.7,31.8,26.5,3.0,220.0,82.0,29.15
PALIPARAN III,2019,9,65,330.1,31.7,25.9,3.0,220.0,81.0,28.8
PALIPARAN III,2020,9,0,130.9,33.7,26.9,2.0,320.0,77.0,30.3
PALIPARAN III,2021,9,0,236.0,32.2,26.5,2.0,320.0,79.0,29.35
PALIPARAN III,2022,9,3,400.4,31.3,25.9,3.0,220.0,82.0,28.6
PALIPARAN III,2023,9,4,315.3,32.3,26.8,3.0,220.0,81.0,29.55
SABANG,2010,9,16,291.8,32.5,26.7,2.0,270.0,81.0,29.6
SABANG,2011,9,2,423.1,31.1,25.9,3.0,270.0,85.0,28.5
SABANG,2012,9,3,591.5,31.5,25.8,2.0,270.0,86.0,28.65
SABANG,2013,9,8,977.2,30.5,25.5,2.0,270.0,88.0,28.0
SABANG,2014,9,3,460.3,31.7,26.2,2.0,270.0,84.0,28.95
SABANG,2015,9,8,359.2,32.9,26.6,3.0,220.0,82.0,29.75
SABANG,2016,9,1,145.3,32.3,26.8,3.0,220.0,82.0,29.55
SABANG,2017,9,2,382.7,32.3,27.1,3.0,340.0,82.0,29.7
SABANG,2018,9,2,194.7,31.8,26.5,3.0,220.0,82.0,29.15
SABANG,2019,9,25,330.1,31.7,25.9,3.0,220.0,81.0,28.8
SABANG,2020,9,0,130.9,33.7,26.9,2.0,320.0,77.0,30.3
SABANG,2021,9,1,236.0,32.2,26.5,2.0,320.0,79.0,29.35
SABANG,2022,9,1,400.4,31.3,25.9,3.0,220.0,82.0,28.6
SABANG,2023,9,1,315.3,32.3,26.8,3.0,220.0,81.0,29.55
SAINT PETER I,2010,9,0,291.8,32.5,26.7,2.0,270.0,81.0,29.6
SAINT PETER I,2011,9,0,423.1,31.1,25.9,3.0,270.0,85.0,28.5
SAINT PETER I,2012,9,0,591.5,31.5,25.8,2.0,270.0,86.0,28.65
SAINT PETER I,2013,9,1,977.2,30.5,25.5,2.0,270.0,88.0,28.0
SAINT PETER I,2014,9,0,460.3,31.7,26.2,2.0,270.0,84.0,28.95
SAINT PETER I,2015,9,4,359.2,32.9,26.6,3.0,220.0,82.0,29.75
SAINT PETER I,2016,9,0,145.3,32.3,26.8,3.0,220.0,82.0,29.55
SAINT PETER I,2017,9,0,382.7,32.3,27.1,3.0,340.0,82.0,29.7
SAINT PETER I,2018,9,0,194.7,31.8,26.5,3.0,220.0,82.0,29.15
SAINT PETER I,2019,9,4,330.1,31.7,25.9,3.0,220.0,81.0,28.8
SAINT PETER I,2020,9,0,130.9,33.7,26.9,2.0,320.0,77.0,30.3
SAINT PETER I,2021,9,1,236.0,32.2,26.5,2.0,320.0,79.0,29.35
SAINT PETER I,2022,9,0,400.4,31.3,25.9,3.0,220.0,82.0,28.6
SAINT PETER II,2010,9,0,291.8,32.5,26.7,2.0,270.0,81.0,29.6
SAINT PETER II,2011,9,0,423.1,31.1,25.9,3.0,270.0,85.0,28.5
SAINT PETER II,2013,9,0,977.2,30.5,25.5,2.0,270.0,88.0,28.0
SAINT PETER II,2015,9,6,359.2,32.9,26.6,3.0,220.0,82.0,29.75
SAINT PETER II,2016,9,0,145.3,32.3,26.8,3.0,220.0,82.0,29.55
SAINT PETER II,2017,9,1,382.7,32.3,27.1,3.0,340.0,82.0,29.7
SAINT PETER II,2018,9,0,194.7,31.8,26.5,3.0,220.0,82.0,29.15
SAINT PETER II,2019,9,8,330.1,31.7,25.9,3.0,220.0,81.0,28.8
SAINT PETER II,2022,9,2,400.4,31.3,25.9,3.0,220.0,82.0,28.6
SAINT PETER II,2023,9,0,315.3,32.3,26.8,3.0,220.0,81.0,29.55
SALAWAG,2010,9,9,291.8,32.5,26.7,2.0,270.0,81.0,29.6
SALAWAG,2011,9,4,423.1,31.1,25.9,3.0,270.0,85.0,28.5
SALAWAG,2012,9,19,591.5,31.5,25.8,2.0,270.0,86.0,28.65
SALAWAG,2013,9,6,977.2,30.5,25.5,2.0,270.0,88.0,28.0
SALAWAG,2014,9,19,460.3,31.7,26.2,2.0,270.0,84.0,28.95
SALAWAG,2015,9,30,359.2,32.9,26.6,3.0,220.0,82.0,29.75
SALAWAG,2016,9,1,145.3,32.3,26.8,3.0,220.0,82.0,29.55
SALAWAG,2017,9,16,382.7,32.3,27.1,3.0,340.0,82.0,29.7
SALAWAG,2018,9,5,194.7,31.8,26.5,3.0,220.0,82.0,29.15
SALAWAG,2019,9,61,330.1,31.7,25.9,3.0,220.0,81.0,28.8
SALAWAG,2020,9,0,130.9,33.7,26.9,2.0,320.0,77.0,30.3
SALAWAG,2021,9,1,236.0,32.2,26.5,2.0,320.0,79.0,29.35
SALAWAG,2022,9,3,400.4,31.3,25.9,3.0,220.0,82.0,28.6
SALAWAG,2023,9,10,315.3,32.3,26.8,3.0,220.0,81.0,29.55
SALITRAN I,2010,9,1,291.8,32.5,26.7,2.0,270.0,81.0,29.6
SALITRAN I,2011,9,5,423.1,31.1,25.9,3.0,270.0,85.0,28.5
SALITRAN I,2012,9,6,591.5,31.5,25.8,2.0,270.0,86.0,28.65
SALITRAN I,2013,9,3,977.2,30.5,25.5,2.0,270.0,88.0,28.0
SALITRAN I,2014,9,6,460.3,31.7,26.2,2.0,270.0,84.0,28.95
SALITRAN I,2015,9,15,359.2,32.9,26.6,3.0,220.0,82.0,29.75
SALITRAN I,2016,9,0,145.3,32.3,26.8,3.0,220.0,82.0,29.55
SALITRAN I,2017,9,3,382.7,32.3,27.1,3.0,340.0,82.0,29.7
SALITRAN I,2018,9,5,194.7,31.8,26.5,3.0,220.0,82.0,29.15
SALITRAN I,2019,9,14,330.1,31.7,25.9,3.0,220.0,81.0,28.8
SALITRAN I,2020,9,1,130.9,33.7,26.9,2.0,320.0,77.0,30.3
SALITRAN I,2021,9,0,236.0,32.2,26.5,2.0,320.0,79.0,29.35
SALITRAN I,2022,9,2,400.4,31.3,25.9,3.0,220.0,82.0,28.6
SALITRAN I,2023,9,2,315.3,32.3,26.8,3.0,220.0,81.0,29.55
SALITRAN II,2010,9,5,291.8,32.5,26.7,2.0,270.0,81.0,29.6
SALITRAN II,2011,9,5,423.1,31.1,25.9,3.0,270.0,85.0,28.5
SALITRAN II,2012,9,5,591.5,31.5,25.8,2.0,270.0,86.0,28.65
SALITRAN II,2013,9,1,977.2,30.5,25.5,2.0,270.0,88.0,28.0
SALITRAN II,2014,9,5,460.3,31.7,26.2,2.0,270.0,84.0,28.95
SALITRAN II,2015,9,15,359.2,32.9,26.6,3.0,220.0,82.0,29.75
SALITRAN II,2016,9,2,145.3,32.3,26.8,3.0,220.0,82.0,29.55
SALITRAN II,2017,9,0,382.7,32.3,27.1,3.0,340.0,82.0,29.7
SALITRAN II,2018,9,4,194.7,31.8,26.5,3.0,220.0,82.0,29.15
SALITRAN II,2019,9,22,330.1,31.7,25.9,3.0,220.0,81.0,28.8
SALITRAN II,2020,9,0,130.9,33.7,26.9,2.0,320.0,77.0,30.3
SALITRAN II,2021,9,1,236.0,32.2,26.5,2.0,320.0,79.0,29.35
SALITRAN II,2022,9,3,400.4,31.3,25.9,3.0,220.0,82.0,28.6
SALITRAN II,2023,9,0,315.3,32.3,26.8,3.0,220.0,81.0,29.55
SALITRAN III,2010,9,6,291.8,32.5,26.7,2.0,270.0,81.0,29.6
SALITRAN III,2011,9,1,423.1,31.1,25.9,3.0,270.0,85.0,28.5
SALITRAN III,2012,9,4,591.5,31.5,25.8,2.0,270.0,86.0,28.65
SALITRAN III,2013,9,13,977.2,30.5,25.5,2.0,270.0,88.0,28.0
SALITRAN III,2014,9,4,460.3,31.7,26.2,2.0,270.0,84.0,28.95
SALITRAN III,2015,9,20,359.2,32.9,26.6,3.0,220.0,82.0,29.75
SALITRAN III,2016,9,1,145.3,32.3,26.8,3.0,220.0,82.0,29.55
SALITRAN III,2017,9,2,382.7,32.3,27.1,3.0,340.0,82.0,29.7
SALITRAN III,2018,9,1,194.7,31.8,26.5,3.0,220.0,82.0,29.15
SALITRAN III,2019,9,20,330.1,31.7,25.9,3.0,220.0,81.0,28.8
SALITRAN III,2020,9,0,130.9,33.7,26.9,2.0,320.0,77.0,30.3
SALITRAN III,2021,9,0,236.0,32.2,26.5,2.0,320.0,79.0,29.35
SALITRAN III,2022,9,0,400.4,31.3,25.9,3.0,220.0,82.0,28.6
SALITRAN III,2023,9,1,315.3,32.3,26.8,3.0,220.0,81.0,29.55
SALITRAN IV,2010,9,1,291.8,32.5,26.7,2.0,270.0,81.0,29.6
SALITRAN IV,2011,9,2,423.1,31.1,25.9,3.0,270.0,85.0,28.5
SALITRAN IV,2012,9,7,591.5,31.5,25.8,2.0,270.0,86.0,28.65
SALITRAN IV,2013,9,1,977.2,30.5,25.5,2.0,270.0,88.0,28.0
SALITRAN IV,2014,9,7,460.3,31.7,26.2,2.0,270.0,84.0,28.95
SALITRAN IV,2015,9,16,359.2,32.9,26.6,3.0,220.0,82.0,29.75
SALITRAN IV,2016,9,0,145.3,32.3,26.8,3.0,220.0,82.0,29.55
SALITRAN IV,2017,9,0,382.7,32.3,27.1,3.0,340.0,82.0,29.7
SALITRAN IV,2018,9,2,194.7,31.8,26.5,3.0,220.0,82.0,29.15
SALITRAN IV,2019,9,22,330.1,31.7,25.9,3.0,220.0,81.0,28.8
SALITRAN IV,2020,9,0,130.9,33.7,26.9,2.0,320.0,77.0,30.3
SALITRAN IV,2021,9,1,236.0,32.2,26.5,2.0,320.0,79.0,29.35
SALITRAN IV,2022,9,2,400.4,31.3,25.9,3.0,220.0,82.0,28.6
SALITRAN IV,2023,9,1,315.3,32.3,26.8,3.0,220.0,81.0,29.55
SAMPALOC I,2010,9,5,291.8,32.5,26.7,2.0,270.0,81.0,29.6
SAMPALOC I,2011,9,0,423.1,31.1,25.9,3.0,270.0,85.0,28.5
SAMPALOC I,2012,9,0,591.5,31.5,25.8,2.0,270.0,86.0,28.65
SAMPALOC I,2013,9,3,977.2,30.5,25.5,2.0,270.0,88.0,28.0
SAMPALOC I,2014,9,0,460.3,31.7,26.2,2.0,270.0,84.0,28.95
SAMPALOC I,2015,9,9,359.2,32.9,26.6,3.0,220.0,82.0,29.75
SAMPALOC I,2016,9,2,145.3,32.3,26.8,3.0,220.0,82.0,29.55
SAMPALOC I,2017,9,2,382.7,32.3,27.1,3.0,340.0,82.0,29.7
SAMPALOC I,2018,9,1,194.7,31.8,26.5,3.0,220.0,82.0,29.15
SAMPALOC I,2019,9,19,330.1,31.7,25.9,3.0,220.0,81.0,28.8
SAMPALOC I,2020,9,0,130.9,33.7,26.9,2.0,320.0,77.0,30.3
SAMPALOC I,2021,9,0,236.0,32.2,26.5,2.0,320.0,79.0,29.35
SAMPALOC I,2022,9,1,400.4,31.3,25.9,3.0,220.0,82.0,28.6
SAMPALOC I,2023,9,0,315.3,32.3,26.8,3.0,220.0,81.0,29.55
SAMPALOC II,2010,9,5,291.8,32.5,26.7,2.0,270.0,81.0,29.6
SAMPALOC II,2011,9,0,423.1,31.1,25.9,3.0,270.0,85.0,28.5
SAMPALOC II,2012,9,2,591.5,31.5,25.8,2.0,270.0,86.0,28.65
SAMPALOC II,2013,9,0,977.2,30.5,25.5,2.0,270.0,88.0,28.0
SAMPALOC II,2014,9,2,460.3,31.7,26.2,2.0,270.0,84.0,28.95
SAMPALOC II,2015,9,15,359.2,32.9,26.6,3.0,220.0,82.0,29.75
SAMPALOC II,2016,9,2,145.3,32.3,26.8,3.0,220.0,82.0,29.55
SAMPALOC II,2017,9,1,382.7,32.3,27.1,3.0,340.0,82.0,29.7
SAMPALOC II,2018,9,5,194.7,31.8,26.5,3.0,220.0,82.0,29.15
SAMPALOC II,2019,9,16,330.1,31.7,25.9,3.0,220.0,81.0,28.8
SAMPALOC II,2020,9,0,130.9,33.7,26.9,2.0,320.0,77.0,30.3
SAMPALOC II,2021,9,0,236.0,32.2,26.5,2.0,320.0,79.0,29.35
SAMPALOC II,2022,9,0,400.4,31.3,25.9,3.0,220.0,82.0,28.6
SAMPALOC II,2023,9,2,315.3,32.3,26.8,3.0,220.0,81.0,29.55
SAMPALOC III,2010,9,1,291.8,32.5,26.7,2.0,270.0,81.0,29.6
SAMPALOC III,2011,9,1,423.1,31.1,25.9,3.0,270.0,85.0,28.5
SAMPALOC III,2012,9,3,591.5,31.5,25.8,2.0,270.0,86.0,28.65
SAMPALOC III,2013,9,2,977.2,30.5,25.5,2.0,270.0,88.0,28.0
SAMPALOC III,2014,9,3,460.3,31.7,26.2,2.0,270.0,84.0,28.95
SAMPALOC III,2015,9,9,359.2,32.9,26.6,3.0,220.0,82.0,29.75
SAMPALOC III,2016,9,1,145.3,32.3,26.8,3.0,220.0,82.0,29.55
SAMPALOC III,2017,9,1,382.7,32.3,27.1,3.0,340.0,82.0,29.7
SAMPALOC III,2018,9,3,194.7,31.8,26.5,3.0,220.0,82.0,29.15
SAMPALOC III,2019,9,21,330.1,31.7,25.9,3.0,220.0,81.0,28.8
SAMPALOC III,2020,9,0,130.9,33.7,26.9,2.0,320.0,77.0,30.3
SAMPALOC III,2021,9,0,236.0,32.2,26.5,2.0,320.0,79.0,29.35
SAMPALOC III,2022,9,1,400.4,31.3,25.9,3.0,220.0,82.0,28.6
SAMPALOC III,2023,9,0,315.3,32.3,26.8,3.0,220.0,81.0,29.55
SAMPALOC IV,2010,9,6,291.8,32.5,26.7,2.0,270.0,81.0,29.6
SAMPALOC IV,2011,9,8,423.1,31.1,25.9,3.0,270.0,85.0,28.5
SAMPALOC IV,2012,9,6,591.5,31.5,25.8,2.0,270.0,86.0,28.65
SAMPALOC IV,2013,9,10,977.2,30.5,25.5,2.0,270.0,88.0,28.0
SAMPALOC IV,2014,9,6,460.3,31.7,26.2,2.0,270.0,84.0,28.95
SAMPALOC IV,2015,9,30,359.2,32.9,26.6,3.0,220.0,82.0,29.75
SAMPALOC IV,2016,9,0,145.3,32.3,26.8,3.0,220.0,82.0,29.55
SAMPALOC IV,2017,9,2,382.7,32.3,27.1,3.0,340.0,82.0,29.7
SAMPALOC IV,2018,9,6,194.7,31.8,26.5,3.0,220.0,82.0,29.15
SAMPALOC IV,2019,9,69,330.1,31.7,25.9,3.0,220.0,81.0,28.8
SAMPALOC IV,2020,9,0,130.9,33.7,26.9,2.0,320.0,77.0,30.3
SAMPALOC IV,2021,9,1,236.0,32.2,26.5,2.0,320.0,79.0,29.35
SAMPALOC IV,2022,9,0,400.4,31.3,25.9,3.0,220.0,82.0,28.6
SAMPALOC IV,2023,9,0,315.3,32.3,26.8,3.0,220.0,81.0,29.55
SAMPALOC V,2010,9,0,291.8,32.5,26.7,2.0,270.0,81.0,29.6
SAMPALOC V,2011,9,0,423.1,31.1,25.9,3.0,270.0,85.0,28.5
SAMPALOC V,2012,9,1,591.5,31.5,25.8,2.0,270.0,86.0,28.65
SAMPALOC V,2013,9,0,977.2,30.5,25.5,2.0,270.0,88.0,28.0
SAMPALOC V,2014,9,1,460.3,31.7,26.2,2.0,270.0,84.0,28.95
SAMPALOC V,2015,9,3,359.2,32.9,26.6,3.0,220.0,82.0,29.75
SAMPALOC V,2017,9,0,382.7,32.3,27.1,3.0,340.0,82.0,29.7
SAMPALOC V,2018,9,0,194.7,31.8,26.5,3.0,220.0,82.0,29.15
SAMPALOC V,2019,9,1,330.1,31.7,25.9,3.0,220.0,81.0,28.8
SAMPALOC V,2023,9,0,315.3,32.3,26.8,3.0,220.0,81.0,29.55
SAN AGUSTIN I,2010,9,2,291.8,32.5,26.7,2.0,270.0,81.0,29.6
SAN AGUSTIN I,2011,9,1,423.1,31.1,25.9,3.0,270.0,85.0,28.5
SAN AGUSTIN I,2012,9,1,591.5,31.5,25.8,2.0,270.0,86.0,28.65
SAN AGUSTIN I,2013,9,13,977.2,30.5,25.5,2.0,270.0,88.0,28.0
SAN AGUSTIN I,2014,9,1,460.3,31.7,26.2,2.0,270.0,84.0,28.95
SAN AGUSTIN I,2015,9,8,359.2,32.9,26.6,3.0,220.0,82.0,29.75
SAN AGUSTIN I,2016,9,0,145.3,32.3,26.8,3.0,220.0,82.0,29.55
SAN AGUSTIN I,2017,9,1,382.7,32.3,27.1,3.0,340.0,82.0,29.7
SAN AGUSTIN I,2018,9,0,194.7,31.8,26.5,3.0,220.0,82.0,29.15
SAN AGUSTIN I,2019,9,10,330.1,31.7,25.9,3.0,220.0,81.0,28.8
SAN AGUSTIN I,2020,9,0,130.9,33.7,26.9,2.0,320.0,77.0,30.3
SAN AGUSTIN I,2021,9,0,236.0,32.2,26.5,2.0,320.0,79.0,29.35
SAN AGUSTIN I,2022,9,0,400.4,31.3,25.9,3.0,220.0,82.0,28.6
SAN AGUSTIN I,2023,9,0,315.3,32.3,26.8,3.0,220.0,81.0,29.55
SAN AGUSTIN II,2010,9,17,291.8,32.5,26.7,2.0,270.0,81.0,29.6
SAN AGUSTIN II,2011,9,1,423.1,31.1,25.9,3.0,270.0,85.0,28.5
SAN AGUSTIN II,2012,9,11,591.5,31.5,25.8,2.0,270.0,86.0,28.65
SAN AGUSTIN II,2013,9,1,977.2,30.5,25.5,2.0,270.0,88.0,28.0
SAN AGUSTIN II,2014,9,11,460.3,31.7,26.2,2.0,270.0,84.0,28.95
SAN AGUSTIN II,2015,9,12,359.2,32.9,26.6,3.0,220.0,82.0,29.75
SAN AGUSTIN II,2016,9,0,145.3,32.3,26.8,3.0,220.0,82.0,29.55
SAN AGUSTIN II,2017,9,6,382.7,32.3,27.1,3.0,340.0,82.0,29.7
SAN AGUSTIN II,2018,9,1,194.7,31.8,26.5,3.0,220.0,82.0,29.15
SAN AGUSTIN II,2019,9,14,330.1,31.7,25.9,3.0,220.0,81.0,28.8
SAN AGUSTIN II,2020,9,0,130.9,33.7,26.9,2.0,320.0,77.0,30.3
SAN AGUSTIN II,2021,9,0,236.0,32.2,26.5,2.0,320.0,79.0,29.35
SAN AGUSTIN II,2022,9,0,400.4,31.3,25.9,3.0,220.0,82.0,28.6
SAN AGUSTIN II,2023,9,0,315.3,32.3,26.8,3.0,220.0,81.0,29.55
SAN AGUSTIN III,2010,9,8,291.8,32.5,26.7,2.0,270.0,81.0,29.6
SAN AGUSTIN III,2011,9,4,423.1,31.1,25.9,3.0,270.0,85.0,28.5
SAN AGUSTIN III,2012,9,9,591.5,31.5,25.8,2.0,270.0,86.0,28.65
SAN AGUSTIN III,2013,9,3,977.2,30.5,25.5,2.0,270.0,88.0,28.0
SAN AGUSTIN III,2014,9,9,460.3,31.7,26.2,2.0,270.0,84.0,28.95
SAN AGUSTIN III,2015,9,8,359.2,32.9,26.6,3.0,220.0,82.0,29.75
SAN AGUSTIN III,2016,9,2,145.3,32.3,26.8,3.0,220.0,82.0,29.55
SAN AGUSTIN III,2017,9,1,382.7,32.3,27.1,3.0,340.0,82.0,29.7
SAN AGUSTIN III,2018,9,1,194.7,31.8,26.5,3.0,220.0,82.0,29.15
SAN AGUSTIN III,2019,9,15,330.1,31.7,25.9,3.0,220.0,81.0,28.8
SAN AGUSTIN III,2020,9,0,130.9,33.7,26.9,2.0,320.0,77.0,30.3
SAN AGUSTIN III,2021,9,0,236.0,32.2,26.5,2.0,320.0,79.0,29.35
SAN AGUSTIN III,2022,9,1,400.4,31.3,25.9,3.0,220.0,82.0,28.6
SAN AGUSTIN III,2023,9,0,315.3,32.3,26.8,3.0,220.0,81.0,29.55
SAN ANDRES I,2010,9,1,291.8,32.5,26.7,2.0,270.0,81.0,29.6
SAN ANDRES I,2011,9,0,423.1,31.1,25.9,3.0,270.0,85.0,28.5
SAN ANDRES I,2012,9,0,591.5,31.5,25.8,2.0,270.0,86.0,28.65
SAN ANDRES I,2013,9,0,977.2,30.5,25.5,2.0,270.0,88.0,28.0
SAN ANDRES I,2014,9,0,460.3,31.7,26.2,2.0,270.0,84.0,28.95
SAN ANDRES I,2015,9,2,359.2,32.9,26.6,3.0,220.0,82.0,29.75
SAN ANDRES I,2016,9,1,145.3,32.3,26.8,3.0,220.0,82.0,29.55
SAN ANDRES I,2017,9,0,382.7,32.3,27.1,3.0,340.0,82.0,29.7
SAN ANDRES I,2018,9,1,194.7,31.8,26.5,3.0,220.0,82.0,29.15
SAN ANDRES I,2019,9,4,330.1,31.7,25.9,3.0,220.0,81.0,28.8
SAN ANDRES I,2020,9,0,130.9,33.7,26.9,2.0,320.0,77.0,30.3
SAN ANDRES I,2021,9,0,236.0,32.2,26.5,2.0,320.0,79.0,29.35
SAN ANDRES I,2022,9,0,400.4,31.3,25.9,3.0,220.0,82.0,28.6
SAN ANDRES I,2023,9,0,315.3,32.3,26.8,3.0,220.0,81.0,29.55
SAN ANDRES II,2011,9,0,423.1,31.1,25.9,3.0,270.0,85.0,28.5
SAN ANDRES II,2012,9,0,591.5,31.5,25.8,2.0,270.0,86.0,28.65
SAN ANDRES II,2014,9,0,460.3,31.7,26.2,2.0,270.0,84.0,28.95
SAN ANDRES II,2015,9,3,359.2,32.9,26.6,3.0,220.0,82.0,29.75
SAN ANDRES II,2016,9,0,145.3,32.3,26.8,3.0,220.0,82.0,29.55
SAN ANDRES II,2017,9,0,382.7,32.3,27.1,3.0,340.0,82.0,29.7
SAN ANDRES II,2018,9,0,194.7,31.8,26.5,3.0,220.0,82.0,29.15
SAN ANDRES II,2019,9,11,330.1,31.7,25.9,3.0,220.0,81.0,28.8
SAN ANDRES II,2020,9,0,130.9,33.7,26.9,2.0,320.0,77.0,30.3
SAN ANDRES II,2021,9,1,236.0,32.2,26.5,2.0,320.0,79.0,29.35
SAN ANDRES II,2022,9,0,400.4,31.3,25.9,3.0,220.0,82.0,28.6
SAN ANDRES II,2023,9,0,315.3,32.3,26.8,3.0,220.0,81.0,29.55
SAN ANTONIO DE PADUA I,2011,9,0,423.1,31.1,25.9,3.0,270.0,85.0,28.5
SAN ANTONIO DE PADUA I,2012,9,4,591.5,31.5,25.8,2.0,270.0,86.0,28.65
SAN ANTONIO DE PADUA I,2013,9,0,977.2,30.5,25.5,2.0,270.0,88.0,28.0
SAN ANTONIO DE PADUA I,2014,9,4,460.3,31.7,26.2,2.0,270.0,84.0,28.95
SAN ANTONIO DE PADUA I,2015,9,9,359.2,32.9,26.6,3.0,220.0,82.0,29.75
SAN ANTONIO DE PADUA I,2016,9,1,145.3,32.3,26.8,3.0,220.0,82.0,29.55
SAN ANTONIO DE PADUA I,2017,9,0,382.7,32.3,27.1,3.0,340.0,82.0,29.7
SAN ANTONIO DE PADUA I,2018,9,3,194.7,31.8,26.5,3.0,220.0,82.0,29.15
SAN ANTONIO DE PADUA I,2019,9,8,330.1,31.7,25.9,3.0,220.0,81.0,28.8
SAN ANTONIO DE PADUA I,2020,9,0,130.9,33.7,26.9,2.0,320.0,77.0,30.3
SAN ANTONIO DE PADUA I,2021,9,0,236.0,32.2,26.5,2.0,320.0,79.0,29.35
SAN ANTONIO DE PADUA I,2022,9,0,400.4,31.3,25.9,3.0,220.0,82.0,28.6
SAN ANTONIO DE PADUA I,2023,9,0,315.3,32.3,26.8,3.0,220.0,81.0,29.55
SAN ANTONIO DE PADUA II,2010,9,0,291.8,32.5,26.7,2.0,270.0,81.0,29.6
SAN ANTONIO DE PADUA II,2011,9,0,423.1,31.1,25.9,3.0,270.0,85.0,28.5
SAN ANTONIO DE PADUA II,2012,9,3,591.5,31.5,25.8,2.0,270.0,86.0,28.65
SAN ANTONIO DE PADUA II,2013,9,0,977.2,30.5,25.5,2.0,270.0,88.0,28.0
SAN ANTONIO DE PADUA II,2014,9,3,460.3,31.7,26.2,2.0,270.0,84.0,28.95
SAN ANTONIO DE PADUA II,2015,9,1,359.2,32.9,26.6,3.0,220.0,82.0,29.75
SAN ANTONIO DE PADUA II,2016,9,1,145.3,32.3,26.8,3.0,220.0,82.0,29.55
SAN ANTONIO DE PADUA II,2017,9,0,382.7,32.3,27.1,3.0,340.0,82.0,29.7
SAN ANTONIO DE PADUA II,2018,9,0,194.7,31.8,26.5,3.0,220.0,82.0,29.15
SAN ANTONIO DE PADUA II,2019,9,6,330.1,31.7,25.9,3.0,220.0,81.0,28.8
SAN ANTONIO DE PADUA II,2020,9,0,130.9,33.7,26.9,2.0,320.0,77.0,30.3
SAN ANTONIO DE PADUA II,2021,9,0,236.0,32.2,26.5,2.0,320.0,79.0,29.35
SAN ANTONIO DE PADUA II,2022,9,1,400.4,31.3,25.9,3.0,220.0,82.0,28.6
SAN ANTONIO DE PADUA II,2023,9,0,315.3,32.3,26.8,3.0,220.0,81.0,29.55
SAN DIONISIO (BARANGAY I),2010,9,1,291.8,32.5,26.7,2.0,270.0,81.0,29.6
SAN DIONISIO (BARANGAY I),2011,9,1,423.1,31.1,25.9,3.0,270.0,85.0,28.5
SAN DIONISIO (BARANGAY I),2012,9,0,591.5,31.5,25.8,2.0,270.0,86.0,28.65
SAN DIONISIO (BARANGAY I),2013,9,1,977.2,30.5,25.5,2.0,270.0,88.0,28.0
SAN DIONISIO (BARANGAY I),2014,9,0,460.3,31.7,26.2,2.0,270.0,84.0,28.95
SAN DIONISIO (BARANGAY I),2015,9,6,359.2,32.9,26.6,3.0,220.0,82.0,29.75
SAN DIONISIO (BARANGAY I),2016,9,0,145.3,32.3,26.8,3.0,220.0,82.0,29.55
SAN DIONISIO (BARANGAY I),2017,9,1,382.7,32.3,27.1,3.0,340.0,82.0,29.7
SAN DIONISIO (BARANGAY I),2018,9,1,194.7,31.8,26.5,3.0,220.0,82.0,29.15
SAN DIONISIO (BARANGAY I),2019,9,21,330.1,31.7,25.9,3.0,220.0,81.0,28.8
SAN DIONISIO (BARANGAY I),2021,9,0,236.0,32.2,26.5,2.0,320.0,79.0,29.35
SAN DIONISIO (BARANGAY I),2022,9,0,400.4,31.3,25.9,3.0,220.0,82.0,28.6
SAN DIONISIO (BARANGAY I),2023,9,0,315.3,32.3,26.8,3.0,220.0,81.0,29.55
SAN ESTEBAN (BARANGAY IV),2010,9,2,291.8,32.5,26.7,2.0,270.0,81.0,29.6
SAN ESTEBAN (BARANGAY IV),2011,9,0,423.1,31.1,25.9,3.0,270.0,85.0,28.5
SAN ESTEBAN (BARANGAY IV),2012,9,1,591.5,31.5,25.8,2.0,270.0,86.0,28.65
SAN ESTEBAN (BARANGAY IV),2013,9,1,977.2,30.5,25.5,2.0,270.0,88.0,28.0
SAN ESTEBAN (BARANGAY IV),2014,9,1,460.3,31.7,26.2,2.0,270.0,84.0,28.95
SAN ESTEBAN (BARANGAY IV),2015,9,2,359.2,32.9,26.6,3.0,220.0,82.0,29.75
SAN ESTEBAN (BARANGAY IV),2016,9,0,145.3,32.3,26.8,3.0,220.0,82.0,29.55
SAN ESTEBAN (BARANGAY IV),2017,9,0,382.7,32.3,27.1,3.0,340.0,82.0,29.7
SAN ESTEBAN (BARANGAY IV),2018,9,4,194.7,31.8,26.5,3.0,220.0,82.0,29.15
SAN ESTEBAN (BARANGAY IV),2019,9,3,330.1,31.7,25.9,3.0,220.0,81.0,28.8
SAN ESTEBAN (BARANGAY IV),2020,9,0,130.9,33.7,26.9,2.0,320.0,77.0,30.3
SAN ESTEBAN (BARANGAY IV),2021,9,0,236.0,32.2,26.5,2.0,320.0,79.0,29.35
SAN ESTEBAN (BARANGAY IV),2022,9,0,400.4,31.3,25.9,3.0,220.0,82.0,28.6
SAN ESTEBAN (BARANGAY IV),2023,9,0,315.3,32.3,26.8,3.0,220.0,81.0,29.55
SAN FRANCISCO I,2010,9,0,291.8,32.5,26.7,2.0,270.0,81.0,29.6
SAN FRANCISCO I,2011,9,1,423.1,31.1,25.9,3.0,270.0,85.0,28.5
SAN FRANCISCO I,2012,9,1,591.5,31.5,25.8,2.0,270.0,86.0,28.65
SAN FRANCISCO I,2014,9,1,460.3,31.7,26.2,2.0,270.0,84.0,28.95
SAN FRANCISCO I,2015,9,3,359.2,32.9,26.6,3.0,220.0,82.0,29.75
SAN FRANCISCO I,2016,9,1,145.3,32.3,26.8,3.0,220.0,82.0,29.55
SAN FRANCISCO I,2017,9,0,382.7,32.3,27.1,3.0,340.0,82.0,29.7
SAN FRANCISCO I,2018,9,0,194.7,31.8,26.5,3.0,220.0,82.0,29.15
SAN FRANCISCO I,2019,9,8,330.1,31.7,25.9,3.0,220.0,81.0,28.8
SAN FRANCISCO I,2020,9,0,130.9,33.7,26.9,2.0,320.0,77.0,30.3
SAN FRANCISCO I,2021,9,0,236.0,32.2,26.5,2.0,320.0,79.0,29.35
SAN FRANCISCO I,2022,9,0,400.4,31.3,25.9,3.0,220.0,82.0,28.6
SAN FRANCISCO I,2023,9,0,315.3,32.3,26.8,3.0,220.0,81.0,29.55
SAN FRANCISCO II,2011,9,0,423.1,31.1,25.9,3.0,270.0,85.0,28.5
SAN FRANCISCO II,2012,9,0,591.5,31.5,25.8,2.0,270.0,86.0,28.65
SAN FRANCISCO II,2013,9,1,977.2,30.5,25.5,2.0,270.0,88.0,28.0
SAN FRANCISCO II,2014,9,0,460.3,31.7,26.2,2.0,270.0,84.0,28.95
SAN FRANCISCO II,2015,9,2,359.2,32.9,26.6,3.0,220.0,82.0,29.75
SAN FRANCISCO II,2016,9,0,145.3,32.3,26.8,3.0,220.0,82.0,29.55
SAN FRANCISCO II,2017,9,0,382.7,32.3,27.1,3.0,340.0,82.0,29.7
SAN FRANCISCO II,2018,9,0,194.7,31.8,26.5,3.0,220.0,82.0,29.15
SAN FRANCISCO II,2019,9,6,330.1,31.7,25.9,3.0,220.0,81.0,28.8
SAN FRANCISCO II,2020,9,0,130.9,33.7,26.9,2.0,320.0,77.0,30.3
SAN FRANCISCO II,2022,9,1,400.4,31.3,25.9,3.0,220.0,82.0,28.6
SAN FRANCISCO II,2023,9,0,315.3,32.3,26.8,3.0,220.0,81.0,29.55
SAN ISIDRO LABRADOR I,2010,9,3,291.8,32.5,26.7,2.0,270.0,81.0,29.6
SAN ISIDRO LABRADOR I,2011,9,0,423.1,31.1,25.9,3.0,270.0,85.0,28.5
SAN ISIDRO LABRADOR I,2012,9,0,591.5,31.5,25.8,2.0,270.0,86.0,28.65
SAN ISIDRO LABRADOR I,2013,9,8,977.2,30.5,25.5,2.0,270.0,88.0,28.0
SAN ISIDRO LABRADOR I,2014,9,0,460.3,31.7,26.2,2.0,270.0,84.0,28.95
SAN ISIDRO LABRADOR I,2015,9,5,359.2,32.9,26.6,3.0,220.0,82.0,29.75
SAN ISIDRO LABRADOR I,2016,9,0,145.3,32.3,26.8,3.0,220.0,82.0,29.55
SAN ISIDRO LABRADOR I,2017,9,0,382.7,32.3,27.1,3.0,340.0,82.0,29.7
SAN ISIDRO LABRADOR I,2018,9,1,194.7,31.8,26.5,3.0,220.0,82.0,29.15
SAN ISIDRO LABRADOR I,2019,9,6,330.1,31.7,25.9,3.0,220.0,81.0,28.8
SAN ISIDRO LABRADOR I,2020,9,0,130.9,33.7,26.9,2.0,320.0,77.0,30.3
SAN ISIDRO LABRADOR I,2021,9,0,236.0,32.2,26.5,2.0,320.0,79.0,29.35
SAN ISIDRO LABRADOR I,2022,9,2,400.4,31.3,25.9,3.0,220.0,82.0,28.6
SAN ISIDRO LABRADOR I,2023,9,0,315.3,32.3,26.8,3.0,220.0,81.0,29.55
SAN ISIDRO LABRADOR II,2010,9,0,291.8,32.5,26.7,2.0,270.0,81.0,29.6
SAN ISIDRO LABRADOR II,2011,9,0,423.1,31.1,25.9,3.0,270.0,85.0,28.5
SAN ISIDRO LABRADOR II,2012,9,0,591.5,31.5,25.8,2.0,270.0,86.0,28.65
SAN ISIDRO LABRADOR II,2013,9,0,977.2,30.5,25.5,2.0,270.0,88.0,28.0
SAN ISIDRO LABRADOR II,2014,9,0,460.3,31.7,26.2,2.0,270.0,84.0,28.95
SAN ISIDRO LABRADOR II,2015,9,2,359.2,32.9,26.6,3.0,220.0,82.0,29.75
SAN ISIDRO LABRADOR II,2016,9,0,145.3,32.3,26.8,3.0,220.0,82.0,29.55
SAN ISIDRO LABRADOR II,2017,9,0,382.7,32.3,27.1,3.0,340.0,82.0,29.7
SAN ISIDRO LABRADOR II,2018,9,0,194.7,31.8,26.5,3.0,220.0,82.0,29.15
SAN ISIDRO LABRADOR II,2019,9,3,330.1,31.7,25.9,3.0,220.0,81.0,28.8
SAN ISIDRO LABRADOR II,2020,9,0,130.9,33.7,26.9,2.0,320.0,77.0,30.3
SAN ISIDRO LABRADOR II,2021,9,0,236.0,32.2,26.5,2.0,320.0,79.0,29.35
SAN ISIDRO LABRADOR II,2022,9,0,400.4,31.3,25.9,3.0,220.0,82.0,28.6
SAN ISIDRO LABRADOR II,2023,9,0,315.3,32.3,26.8,3.0,220.0,81.0,29.55
SAN JOSE,2010,9,7,291.8,32.5,26.7,2.0,270.0,81.0,29.6
SAN JOSE,2011,9,3,423.1,31.1,25.9,3.0,270.0,85.0,28.5
SAN JOSE,2012,9,4,591.5,31.5,25.8,2.0,270.0,86.0,28.65
SAN JOSE,2013,9,6,977.2,30.5,25.5,2.0,270.0,88.0,28.0
SAN JOSE,2014,9,4,460.3,31.7,26.2,2.0,270.0,84.0,28.95
SAN JOSE,2015,9,10,359.2,32.9,26.6,3.0,220.0,82.0,29.75
SAN JOSE,2016,9,2,145.3,32.3,26.8,3.0,220.0,82.0,29.55
SAN JOSE,2017,9,2,382.7,32.3,27.1,3.0,340.0,82.0,29.7
SAN JOSE,2018,9,2,194.7,31.8,26.5,3.0,220.0,82.0,29.15
SAN JOSE,2019,9,35,330.1,31.7,25.9,3.0,220.0,81.0,28.8
SAN JOSE,2020,9,1,130.9,33.7,26.9,2.0,320.0,77.0,30.3
SAN JOSE,2021,9,0,236.0,32.2,26.5,2.0,320.0,79.0,29.35
SAN JOSE,2022,9,3,400.4,31.3,25.9,3.0,220.0,82.0,28.6
SAN JOSE,2023,9,2,315.3,32.3,26.8,3.0,220.0,81.0,29.55
SAN JUAN (SAN JUAN I),2010,9,1,291.8,32.5,26.7,2.0,270.0,81.0,29.6
SAN JUAN (SAN JUAN I),2011,9,1,423.1,31.1,25.9,3.0,270.0,85.0,28.5
SAN JUAN (SAN JUAN I),2012,9,1,591.5,31.5,25.8,2.0,270.0,86.0,28.65
SAN JUAN (SAN JUAN I),2013,9,0,977.2,30.5,25.5,2.0,270.0,88.0,28.0
SAN JUAN (SAN JUAN I),2014,9,1,460.3,31.7,26.2,2.0,270.0,84.0,28.95
SAN JUAN (SAN JUAN I),2015,9,3,359.2,32.9,26.6,3.0,220.0,82.0,29.75
SAN JUAN (SAN JUAN I),2016,9,0,145.3,32.3,26.8,3.0,220.0,82.0,29.55
SAN JUAN (SAN JUAN I),2017,9,0,382.7,32.3,27.1,3.0,340.0,82.0,29.7
SAN JUAN (SAN JUAN I),2018,9,0,194.7,31.8,26.5,3.0,220.0,82.0,29.15
SAN JUAN (SAN JUAN I),2019,9,11,330.1,31.7,25.9,3.0,220.0,81.0,28.8
SAN JUAN (SAN JUAN I),2021,9,0,236.0,32.2,26.5,2.0,320.0,79.0,29.35
SAN JUAN (SAN JUAN I),2022,9,1,400.4,31.3,25.9,3.0,220.0,82.0,28.6
SAN JUAN (SAN JUAN I),2023,9,0,315.3,32.3,26.8,3.0,220.0,81.0,29.55
SAN LORENZO RUIZ I,2010,9,5,291.8,32.5,26.7,2.0,270.0,81.0,29.6
SAN LORENZO RUIZ I,2011,9,0,423.1,31.1,25.9,3.0,270.0,85.0,28.5
SAN LORENZO RUIZ I,2013,9,0,977.2,30.5,25.5,2.0,270.0,88.0,28.0
SAN LORENZO RUIZ I,2015,9,7,359.2,32.9,26.6,3.0,220.0,82.0,29.75
SAN LORENZO RUIZ I,2016,9,0,145.3,32.3,26.8,3.0,220.0,82.0,29.55
SAN LORENZO RUIZ I,2017,9,0,382.7,32.3,27.1,3.0,340.0,82.0,29.7
SAN LORENZO RUIZ I,2018,9,0,194.7,31.8,26.5,3.0,220.0,82.0,29.15
SAN LORENZO RUIZ I,2019,9,12,330.1,31.7,25.9,3.0,220.0,81.0,28.8
SAN LORENZO RUIZ I,2020,9,0,130.9,33.7,26.9,2.0,320.0,77.0,30.3
SAN LORENZO RUIZ I,2021,9,0,236.0,32.2,26.5,2.0,320.0,79.0,29.35
SAN LORENZO RUIZ I,2022,9,2,400.4,31.3,25.9,3.0,220.0,82.0,28.6
SAN LORENZO RUIZ I,2023,9,0,315.3,32.3,26.8,3.0,220.0,81.0,29.55
SAN LORENZO RUIZ II,2010,9,0,291.8,32.5,26.7,2.0,270.0,81.0,29.6
SAN LORENZO RUIZ II,2011,9,2,423.1,31.1,25.9,3.0,270.0,85.0,28.5
SAN LORENZO RUIZ II,2012,9,0,591.5,31.5,25.8,2.0,270.0,86.0,28.65
SAN LORENZO RUIZ II,2013,9,0,977.2,30.5,25.5,2.0,270.0,88.0,28.0
SAN LORENZO RUIZ II,2014,9,0,460.3,31.7,26.2,2.0,270.0,84.0,28.95
SAN LORENZO RUIZ II,2015,9,3,359.2,32.9,26.6,3.0,220.0,82.0,29.75
SAN LORENZO RUIZ II,2016,9,0,145.3,32.3,26.8,3.0,220.0,82.0,29.55
SAN LORENZO RUIZ II,2018,9,0,194.7,31.8,26.5,3.0,220.0,82.0,29.15
SAN LORENZO RUIZ II,2019,9,2,330.1,31.7,25.9,3.0,220.0,81.0,28.8
SAN LORENZO RUIZ II,2020,9,0,130.9,33.7,26.9,2.0,320.0,77.0,30.3
SAN LORENZO RUIZ II,2021,9,0,236.0,32.2,26.5,2.0,320.0,79.0,29.35
SAN LORENZO RUIZ II,2023,9,0,315.3,32.3,26.8,3.0,220.0,81.0,29.55
SAN LUIS I,2010,9,0,291.8,32.5,26.7,2.0,270.0,81.0,29.6
SAN LUIS I,2011,9,1,423.1,31.1,25.9,3.0,270.0,85.0,28.5
SAN LUIS I,2012,9,0,591.5,31.5,25.8,2.0,270.0,86.0,28.65
SAN LUIS I,2013,9,0,977.2,30.5,25.5,2.0,270.0,88.0,28.0
SAN LUIS I,2014,9,0,460.3,31.7,26.2,2.0,270.0,84.0,28.95
SAN LUIS I,2015,9,5,359.2,32.9,26.6,3.0,220.0,82.0,29.75
SAN LUIS I,2016,9,0,145.3,32.3,26.8,3.0,220.0,82.0,29.55
SAN LUIS I,2017,9,0,382.7,32.3,27.1,3.0,340.0,82.0,29.7
SAN LUIS I,2018,9,1,194.7,31.8,26.5,3.0,220.0,82.0,29.15
SAN LUIS I,2019,9,8,330.1,31.7,25.9,3.0,220.0,81.0,28.8
SAN LUIS I,2020,9,0,130.9,33.7,26.9,2.0,320.0,77.0,30.3
SAN LUIS I,2021,9,0,236.0,32.2,26.5,2.0,320.0,79.0,29.35
SAN LUIS I,2022,9,1,400.4,31.3,25.9,3.0,220.0,82.0,28.6
SAN LUIS I,2023,9,1,315.3,32.3,26.8,3.0,220.0,81.0,29.55
SAN LUIS II,2010,9,0,291.8,32.5,26.7,2.0,270.0,81.0,29.6
SAN LUIS II,2011,9,3,423.1,31.1,25.9,3.0,270.0,85.0,28.5
SAN LUIS II,2012,9,1,591.5,31.5,25.8,2.0,270.0,86.0,28.65
SAN LUIS II,2013,9,0,977.2,30.5,25.5,2.0,270.0,88.0,28.0
SAN LUIS II,2014,9,1,460.3,31.7,26.2,2.0,270.0,84.0,28.95
SAN LUIS II,2015,9,5,359.2,32.9,26.6,3.0,220.0,82.0,29.75
SAN LUIS II,2016,9,0,145.3,32.3,26.8,3.0,220.0,82.0,29.55
SAN LUIS II,2017,9,0,382.7,32.3,27.1,3.0,340.0,82.0,29.7
SAN LUIS II,2018,9,0,194.7,31.8,26.5,3.0,220.0,82.0,29.15
SAN LUIS II,2019,9,8,330.1,31.7,25.9,3.0,220.0,81.0,28.8
SAN LUIS II,2020,9,0,130.9,33.7,26.9,2.0,320.0,77.0,30.3
SAN LUIS II,2021,9,1,236.0,32.2,26.5,2.0,320.0,79.0,29.35
SAN LUIS II,2022,9,0,400.4,31.3,25.9,3.0,220.0,82.0,28.6
SAN LUIS II,2023,9,1,315.3,32.3,26.8,3.0,220.0,81.0,29.55
SAN MANUEL I,2010,9,1,291.8,32.5,26.7,2.0,270.0,81.0,29.6
SAN MANUEL I,2012,9,0,591.5,31.5,25.8,2.0,270.0,86.0,28.65
SAN MANUEL I,2013,9,0,977.2,30.5,25.5,2.0,270.0,88.0,28.0
SAN MANUEL I,2014,9,0,460.3,31.7,26.2,2.0,270.0,84.0,28.95
SAN MANUEL I,2015,9,5,359.2,32.9,26.6,3.0,220.0,82.0,29.75
SAN MANUEL I,2016,9,0,145.3,32.3,26.8,3.0,220.0,82.0,29.55
SAN MANUEL I,2017,9,0,382.7,32.3,27.1,3.0,340.0,82.0,29.7
SAN MANUEL I,2018,9,1,194.7,31.8,26.5,3.0,220.0,82.0,29.15
SAN MANUEL I,2019,9,0,330.1,31.7,25.9,3.0,220.0,81.0,28.8
SAN MANUEL I,2022,9,0,400.4,31.3,25.9,3.0,220.0,82.0,28.6
SAN MANUEL I,2023,9,0,315.3,32.3,26.8,3.0,220.0,81.0,29.55
SAN MANUEL II,2010,9,2,291.8,32.5,26.7,2.0,270.0,81.0,29.6
SAN MANUEL II,2011,9,0,423.1,31.1,25.9,3.0,270.0,85.0,28.5
SAN MANUEL II,2012,9,2,591.5,31.5,25.8,2.0,270.0,86.0,28.65
SAN MANUEL II,2013,9,0,977.2,30.5,25.5,2.0,270.0,88.0,28.0
SAN MANUEL II,2014,9,2,460.3,31.7,26.2,2.0,270.0,84.0,28.95
SAN MANUEL II,2015,9,4,359.2,32.9,26.6,3.0,220.0,82.0,29.75
SAN MANUEL II,2016,9,0,145.3,32.3,26.8,3.0,220.0,82.0,29.55
SAN MANUEL II,2017,9,1,382.7,32.3,27.1,3.0,340.0,82.0,29.7
SAN MANUEL II,2018,9,0,194.7,31.8,26.5,3.0,220.0,82.0,29.15
SAN MANUEL II,2019,9,2,330.1,31.7,25.9,3.0,220.0,81.0,28.8
SAN MANUEL II,2020,9,0,130.9,33.7,26.9,2.0,320.0,77.0,30.3
SAN MANUEL II,2021,9,0,236.0,32.2,26.5,2.0,320.0,79.0,29.35
SAN MANUEL II,2022,9,0,400.4,31.3,25.9,3.0,220.0,82.0,28.6
SAN MANUEL II,2023,9,0,315.3,32.3,26.8,3.0,220.0,81.0,29.55
SAN MATEO,2010,9,1,291.8,32.5,26.7,2.0,270.0,81.0,29.6
SAN MATEO,2011,9,0,423.1,31.1,25.9,3.0,270.0,85.0,28.5
SAN MATEO,2012,9,2,591.5,31.5,25.8,2.0,270.0,86.0,28.65
SAN MATEO,2013,9,1,977.2,30.5,25.5,2.0,270.0,88.0,28.0
SAN MATEO,2014,9,2,460.3,31.7,26.2,2.0,270.0,84.0,28.95
SAN MATEO,2015,9,4,359.2,32.9,26.6,3.0,220.0,82.0,29.75
SAN MATEO,2016,9,0,145.3,32.3,26.8,3.0,220.0,82.0,29.55
SAN MATEO,2017,9,0,382.7,32.3,27.1,3.0,340.0,82.0,29.7
SAN MATEO,2018,9,1,194.7,31.8,26.5,3.0,220.0,82.0,29.15
SAN MATEO,2019,9,9,330.1,31.7,25.9,3.0,220.0,81.0,28.8
SAN MATEO,2020,9,1,130.9,33.7,26.9,2.0,320.0,77.0,30.3
SAN MATEO,2021,9,0,236.0,32.2,26.5,2.0,320.0,79.0,29.35
SAN MATEO,2022,9,0,400.4,31.3,25.9,3.0,220.0,82.0,28.6
SAN MATEO,2023,9,1,315.3,32.3,26.8,3.0,220.0,81.0,29.55
SAN MIGUEL,2010,9,0,291.8,32.5,26.7,2.0,270.0,81.0,29.6
SAN MIGUEL,2011,9,1,423.1,31.1,25.9,3.0,270.0,85.0,28.5
SAN MIGUEL,2013,9,0,977.2,30.5,25.5,2.0,270.0,88.0,28.0
SAN MIGUEL,2015,9,7,359.2,32.9,26.6,3.0,220.0,82.0,29.75
SAN MIGUEL,2016,9,0,145.3,32.3,26.8,3.0,220.0,82.0,29.55
SAN MIGUEL,2017,9,2,382.7,32.3,27.1,3.0,340.0,82.0,29.7
SAN MIGUEL,2018,9,1,194.7,31.8,26.5,3.0,220.0,82.0,29.15
SAN MIGUEL,2019,9,9,330.1,31.7,25.9,3.0,220.0,81.0,28.8
SAN MIGUEL,2020,9,0,130.9,33.7,26.9,2.0,320.0,77.0,30.3
SAN MIGUEL,2021,9,0,236.0,32.2,26.5,2.0,320.0,79.0,29.35
SAN MIGUEL,2022,9,1,400.4,31.3,25.9,3.0,220.0,82.0,28.6
SAN MIGUEL,2023,9,0,315.3,32.3,26.8,3.0,220.0,81.0,29.55
SAN MIGUEL II,2010,9,4,291.8,32.5,26.7,2.0,270.0,81.0,29.6
SAN MIGUEL II,2011,9,2,423.1,31.1,25.9,3.0,270.0,85.0,28.5
SAN MIGUEL II,2012,9,0,591.5,31.5,25.8,2.0,270.0,86.0,28.65
SAN MIGUEL II,2013,9,1,977.2,30.5,25.5,2.0,270.0,88.0,28.0
SAN MIGUEL II,2014,9,0,460.3,31.7,26.2,2.0,270.0,84.0,28.95
SAN MIGUEL II,2015,9,3,359.2,32.9,26.6,3.0,220.0,82.0,29.75
SAN MIGUEL II,2018,9,1,194.7,31.8,26.5,3.0,220.0,82.0,29.15
SAN MIGUEL II,2019,9,4,330.1,31.7,25.9,3.0,220.0,81.0,28.8
SAN MIGUEL II,2020,9,0,130.9,33.7,26.9,2.0,320.0,77.0,30.3
SAN MIGUEL II,2022,9,1,400.4,31.3,25.9,3.0,220.0,82.0,28.6
SAN NICOLAS I,2010,9,1,291.8,32.5,26.7,2.0,270.0,81.0,29.6
SAN NICOLAS I,2011,9,0,423.1,31.1,25.9,3.0,270.0,85.0,28.5
SAN NICOLAS I,2012,9,1,591.5,31.5,25.8,2.0,270.0,86.0,28.65
SAN NICOLAS I,2013,9,1,977.2,30.5,25.5,2.0,270.0,88.0,28.0
SAN NICOLAS I,2014,9,1,460.3,31.7,26.2,2.0,270.0,84.0,28.95
SAN NICOLAS I,2015,9,0,359.2,32.9,26.6,3.0,220.0,82.0,29.75
SAN NICOLAS I,2017,9,0,382.7,32.3,27.1,3.0,340.0,82.0,29.7
SAN NICOLAS I,2018,9,0,194.7,31.8,26.5,3.0,220.0,82.0,29.15
SAN NICOLAS I,2019,9,10,330.1,31.7,25.9,3.0,220.0,81.0,28.8
SAN NICOLAS I,2020,9,0,130.9,33.7,26.9,2.0,320.0,77.0,30.3
SAN NICOLAS I,2023,9,0,315.3,32.3,26.8,3.0,220.0,81.0,29.55
SAN NICOLAS II,2010,9,0,291.8,32.5,26.7,2.0,270.0,81.0,29.6
SAN NICOLAS II,2011,9,2,423.1,31.1,25.9,3.0,270.0,85.0,28.5
SAN NICOLAS II,2012,9,1,591.5,31.5,25.8,2.0,270.0,86.0,28.65
SAN NICOLAS II,2013,9,1,977.2,30.5,25.5,2.0,270.0,88.0,28.0
SAN NICOLAS II,2014,9,1,460.3,31.7,26.2,2.0,270.0,84.0,28.95
SAN NICOLAS II,2015,9,4,359.2,32.9,26.6,3.0,220.0,82.0,29.75
SAN NICOLAS II,2016,9,1,145.3,32.3,26.8,3.0,220.0,82.0,29.55
SAN NICOLAS II,2017,9,0,382.7,32.3,27.1,3.0,340.0,82.0,29.7
SAN NICOLAS II,2018,9,0,194.7,31.8,26.5,3.0,220.0,82.0,29.15
SAN NICOLAS II,2019,9,7,330.1,31.7,25.9,3.0,220.0,81.0,28.8
SAN NICOLAS II,2020,9,0,130.9,33.7,26.9,2.0,320.0,77.0,30.3
SAN NICOLAS II,2021,9,0,236.0,32.2,26.5,2.0,320.0,79.0,29.35
SAN NICOLAS II,2023,9,2,315.3,32.3,26.8,3.0,220.0,81.0,29.55
SAN ROQUE (STA. CRISTINA II),2010,9,1,291.8,32.5,26.7,2.0,270.0,81.0,29.6
SAN ROQUE (STA. CRISTINA II),2012,9,0,591.5,31.5,25.8,2.0,270.0,86.0,28.65
SAN ROQUE (STA. CRISTINA II),2014,9,0,460.3,31.7,26.2,2.0,270.0,84.0,28.95
SAN ROQUE (STA. CRISTINA II),2015,9,4,359.2,32.9,26.6,3.0,220.0,82.0,29.75
SAN ROQUE (STA. CRISTINA II),2016,9,0,145.3,32.3,26.8,3.0,220.0,82.0,29.55
SAN ROQUE (STA. CRISTINA II),2017,9,0,382.7,32.3,27.1,3.0,340.0,82.0,29.7
SAN ROQUE (STA. CRISTINA II),2018,9,1,194.7,31.8,26.5,3.0,220.0,82.0,29.15
SAN ROQUE (STA. CRISTINA II),2019,9,5,330.1,31.7,25.9,3.0,220.0,81.0,28.8
SAN ROQUE (STA. CRISTINA II),2020,9,0,130.9,33.7,26.9,2.0,320.0,77.0,30.3
SAN SIMON (BARANGAY 7),2010,9,1,291.8,32.5,26.7,2.0,270.0,81.0,29.6
SAN SIMON (BARANGAY 7),2011,9,1,423.1,31.1,25.9,3.0,270.0,85.0,28.5
SAN SIMON (BARANGAY 7),2012,9,1,591.5,31.5,25.8,2.0,270.0,86.0,28.65
SAN SIMON (BARANGAY 7),2013,9,0,977.2,30.5,25.5,2.0,270.0,88.0,28.0
SAN SIMON (BARANGAY 7),2014,9,1,460.3,31.7,26.2,2.0,270.0,84.0,28.95
SAN SIMON (BARANGAY 7),2015,9,13,359.2,32.9,26.6,3.0,220.0,82.0,29.75
SAN SIMON (BARANGAY 7),2016,9,0,145.3,32.3,26.8,3.0,220.0,82.0,29.55
SAN SIMON (BARANGAY 7),2017,9,2,382.7,32.3,27.1,3.0,340.0,82.0,29.7
SAN SIMON (BARANGAY 7),2018,9,0,194.7,31.8,26.5,3.0,220.0,82.0,29.15
SAN SIMON (BARANGAY 7),2019,9,22,330.1,31.7,25.9,3.0,220.0,81.0,28.8
SAN SIMON (BARANGAY 7),2020,9,0,130.9,33.7,26.9,2.0,320.0,77.0,30.3
SAN SIMON (BARANGAY 7),2021,9,0,236.0,32.2,26.5,2.0,320.0,79.0,29.35
SAN SIMON (BARANGAY 7),2022,9,0,400.4,31.3,25.9,3.0,220.0,82.0,28.6
SAN SIMON (BARANGAY 7),2023,9,0,315.3,32.3,26.8,3.0,220.0,81.0,29.55
SANTA CRISTINA I,2010,9,1,291.8,32.5,26.7,2.0,270.0,81.0,29.6
SANTA CRISTINA I,2011,9,0,423.1,31.1,25.9,3.0,270.0,85.0,28.5
SANTA CRISTINA I,2012,9,0,591.5,31.5,25.8,2.0,270.0,86.0,28.65
SANTA CRISTINA I,2013,9,0,977.2,30.5,25.5,2.0,270.0,88.0,28.0
SANTA CRISTINA I,2014,9,0,460.3,31.7,26.2,2.0,270.0,84.0,28.95
SANTA CRISTINA I,2015,9,5,359.2,32.9,26.6,3.0,220.0,82.0,29.75
SANTA CRISTINA I,2016,9,0,145.3,32.3,26.8,3.0,220.0,82.0,29.55
SANTA CRISTINA I,2017,9,0,382.7,32.3,27.1,3.0,340.0,82.0,29.7
SANTA CRISTINA I,2018,9,0,194.7,31.8,26.5,3.0,220.0,82.0,29.15
SANTA CRISTINA I,2019,9,0,330.1,31.7,25.9,3.0,220.0,81.0,28.8
SANTA CRISTINA I,2020,9,0,130.9,33.7,26.9,2.0,320.0,77.0,30.3
SANTA CRISTINA I,2021,9,0,236.0,32.2,26.5,2.0,320.0,79.0,29.35
SANTA CRISTINA I,2022,9,1,400.4,31.3,25.9,3.0,220.0,82.0,28.6
SANTA CRISTINA II,2010,9,1,291.8,32.5,26.7,2.0,270.0,81.0,29.6
SANTA CRISTINA II,2011,9,1,423.1,31.1,25.9,3.0,270.0,85.0,28.5
SANTA CRISTINA II,2012,9,0,591.5,31.5,25.8,2.0,270.0,86.0,28.65
SANTA CRISTINA II,2013,9,0,977.2,30.5,25.5,2.0,270.0,88.0,28.0
SANTA CRISTINA II,2014,9,0,460.3,31.7,26.2,2.0,270.0,84.0,28.95
SANTA CRISTINA II,2015,9,1,359.2,32.9,26.6,3.0,220.0,82.0,29.75
SANTA CRISTINA II,2016,9,0,145.3,32.3,26.8,3.0,220.0,82.0,29.55
SANTA CRISTINA II,2017,9,0,382.7,32.3,27.1,3.0,340.0,82.0,29.7
SANTA CRISTINA II,2018,9,1,194.7,31.8,26.5,3.0,220.0,82.0,29.15
SANTA CRISTINA II,2019,9,9,330.1,31.7,25.9,3.0,220.0,81.0,28.8
SANTA CRISTINA II,2020,9,0,130.9,33.7,26.9,2.0,320.0,77.0,30.3
SANTA CRISTINA II,2022,9,0,400.4,31.3,25.9,3.0,220.0,82.0,28.6
SANTA CRISTINA II,2023,9,0,315.3,32.3,26.8,3.0,220.0,81.0,29.55
SANTA CRUZ I,2010,9,1,291.8,32.5,26.7,2.0,270.0,81.0,29.6
SANTA CRUZ I,2011,9,0,423.1,31.1,25.9,3.0,270.0,85.0,28.5
SANTA CRUZ I,2012,9,1,591.5,31.5,25.8,2.0,270.0,86.0,28.65
SANTA CRUZ I,2013,9,0,977.2,30.5,25.5,2.0,270.0,88.0,28.0
SANTA CRUZ I,2014,9,1,460.3,31.7,26.2,2.0,270.0,84.0,28.95
SANTA CRUZ I,2015,9,4,359.2,32.9,26.6,3.0,220.0,82.0,29.75
SANTA CRUZ I,2016,9,1,145.3,32.3,26.8,3.0,220.0,82.0,29.55
SANTA CRUZ I,2017,9,0,382.7,32.3,27.1,3.0,340.0,82.0,29.7
SANTA CRUZ I,2018,9,0,194.7,31.8,26.5,3.0,220.0,82.0,29.15
SANTA CRUZ I,2019,9,6,330.1,31.7,25.9,3.0,220.0,81.0,28.8
SANTA CRUZ I,2020,9,0,130.9,33.7,26.9,2.0,320.0,77.0,30.3
SANTA CRUZ I,2021,9,0,236.0,32.2,26.5,2.0,320.0,79.0,29.35
SANTA CRUZ I,2022,9,0,400.4,31.3,25.9,3.0,220.0,82.0,28.6
SANTA CRUZ II,2010,9,1,291.8,32.5,26.7,2.0,270.0,81.0,29.6
SANTA CRUZ II,2011,9,0,423.1,31.1,25.9,3.0,270.0,85.0,28.5
SANTA CRUZ II,2012,9,1,591.5,31.5,25.8,2.0,270.0,86.0,28.65
SANTA CRUZ II,2013,9,1,977.2,30.5,25.5,2.0,270.0,88.0,28.0
SANTA CRUZ II,2014,9,1,460.3,31.7,26.2,2.0,270.0,84.0,28.95
SANTA CRUZ II,2015,9,0,359.2,32.9,26.6,3.0,220.0,82.0,29.75
SANTA CRUZ II,2016,9,0,145.3,32.3,26.8,3.0,220.0,82.0,29.55
SANTA CRUZ II,2017,9,1,382.7,32.3,27.1,3.0,340.0,82.0,29.7
SANTA CRUZ II,2019,9,7,330.1,31.7,25.9,3.0,220.0,81.0,28.8
SANTA CRUZ II,2020,9,0,130.9,33.7,26.9,2.0,320.0,77.0,30.3
SANTA CRUZ II,2021,9,0,236.0,32.2,26.5,2.0,320.0,79.0,29.35
SANTA CRUZ II,2022,9,1,400.4,31.3,25.9,3.0,220.0,82.0,28.6
SANTA CRUZ II,2023,9,0,315.3,32.3,26.8,3.0,220.0,81.0,29.55
SANTA FE,2010,9,0,291.8,32.5,26.7,2.0,270.0,81.0,29.6
SANTA FE,2011,9,0,423.1,31.1,25.9,3.0,270.0,85.0,28.5
SANTA FE,2012,9,1,591.5,31.5,25.8,2.0,270.0,86.0,28.65
SANTA FE,2013,9,1,977.2,30.5,25.5,2.0,270.0,88.0,28.0
SANTA FE,2014,9,1,460.3,31.7,26.2,2.0,270.0,84.0,28.95
SANTA FE,2015,9,3,359.2,32.9,26.6,3.0,220.0,82.0,29.75
SANTA FE,2016,9,0,145.3,32.3,26.8,3.0,220.0,82.0,29.55
SANTA FE,2017,9,0,382.7,32.3,27.1,3.0,340.0,82.0,29.7
SANTA FE,2018,9,3,194.7,31.8,26.5,3.0,220.0,82.0,29.15
SANTA FE,2019,9,27,330.1,31.7,25.9,3.0,220.0,81.0,28.8
SANTA FE,2020,9,0,130.9,33.7,26.9,2.0,320.0,77.0,30.3
SANTA FE,2021,9,0,236.0,32.2,26.5,2.0,320.0,79.0,29.35
SANTA FE,2023,9,2,315.3,32.3,26.8,3.0,220.0,81.0,29.55
SANTA LUCIA (SAN JUAN II),2010,9,0,291.8,32.5,26.7,2.0,270.0,81.0,29.6
SANTA LUCIA (SAN JUAN II),2011,9,0,423.1,31.1,25.9,3.0,270.0,85.0,28.5
SANTA LUCIA (SAN JUAN II),2012,9,1,591.5,31.5,25.8,2.0,270.0,86.0,28.65
SANTA LUCIA (SAN JUAN II),2013,9,1,977.2,30.5,25.5,2.0,270.0,88.0,28.0
SANTA LUCIA (SAN JUAN II),2014,9,1,460.3,31.7,26.2,2.0,270.0,84.0,28.95
SANTA LUCIA (SAN JUAN II),2015,9,7,359.2,32.9,26.6,3.0,220.0,82.0,29.75
SANTA LUCIA (SAN JUAN II),2016,9,0,145.3,32.3,26.8,3.0,220.0,82.0,29.55
SANTA LUCIA (SAN JUAN II),2017,9,1,382.7,32.3,27.1,3.0,340.0,82.0,29.7
SANTA LUCIA (SAN JUAN II),2018,9,1,194.7,31.8,26.5,3.0,220.0,82.0,29.15
SANTA LUCIA (SAN JUAN II),2019,9,20,330.1,31.7,25.9,3.0,220.0,81.0,28.8
SANTA LUCIA (SAN JUAN II),2020,9,0,130.9,33.7,26.9,2.0,320.0,77.0,30.3
SANTA LUCIA (SAN JUAN II),2021,9,0,236.0,32.2,26.5,2.0,320.0,79.0,29.35
SANTA LUCIA (SAN JUAN II),2022,9,2,400.4,31.3,25.9,3.0,220.0,82.0,28.6
SANTA LUCIA (SAN JUAN II),2023,9,0,315.3,32.3,26.8,3.0,220.0,81.0,29.55
SANTA MARIA (BARANGAY 20),2010,9,2,291.8,32.5,26.7,2.0,270.0,81.0,29.6
SANTA MARIA (BARANGAY 20),2011,9,0,423.1,31.1,25.9,3.0,270.0,85.0,28.5
SANTA MARIA (BARANGAY 20),2012,9,1,591.5,31.5,25.8,2.0,270.0,86.0,28.65
SANTA MARIA (BARANGAY 20),2013,9,1,977.2,30.5,25.5,2.0,270.0,88.0,28.0
SANTA MARIA (BARANGAY 20),2014,9,1,460.3,31.7,26.2,2.0,270.0,84.0,28.95
SANTA MARIA (BARANGAY 20),2015,9,7,359.2,32.9,26.6,3.0,220.0,82.0,29.75
SANTA MARIA (BARANGAY 20),2016,9,1,145.3,32.3,26.8,3.0,220.0,82.0,29.55
SANTA MARIA (BARANGAY 20),2017,9,2,382.7,32.3,27.1,3.0,340.0,82.0,29.7
SANTA MARIA (BARANGAY 20),2018,9,0,194.7,31.8,26.5,3.0,220.0,82.0,29.15
SANTA MARIA (BARANGAY 20),2019,9,12,330.1,31.7,25.9,3.0,220.0,81.0,28.8
SANTA MARIA (BARANGAY 20),2020,9,0,130.9,33.7,26.9,2.0,320.0,77.0,30.3
SANTA MARIA (BARANGAY 20),2021,9,0,236.0,32.2,26.5,2.0,320.0,79.0,29.35
SANTA MARIA (BARANGAY 20),2022,9,0,400.4,31.3,25.9,3.0,220.0,82.0,28.6
SANTA MARIA (BARANGAY 20),2023,9,0,315.3,32.3,26.8,3.0,220.0,81.0,29.55
SANTO CRISTO (BARANGAY III),2010,9,1,291.8,32.5,26.7,2.0,270.0,81.0,29.6
SANTO CRISTO (BARANGAY III),2011,9,1,423.1,31.1,25.9,3.0,270.0,85.0,28.5
SANTO CRISTO (BARANGAY III),2012,9,0,591.5,31.5,25.8,2.0,270.0,86.0,28.65
SANTO CRISTO (BARANGAY III),2013,9,1,977.2,30.5,25.5,2.0,270.0,88.0,28.0
SANTO CRISTO (BARANGAY III),2014,9,0,460.3,31.7,26.2,2.0,270.0,84.0,28.95
SANTO CRISTO (BARANGAY III),2015,9,4,359.2,32.9,26.6,3.0,220.0,82.0,29.75
SANTO CRISTO (BARANGAY III),2016,9,0,145.3,32.3,26.8,3.0,220.0,82.0,29.55
SANTO CRISTO (BARANGAY III),2017,9,0,382.7,32.3,27.1,3.0,340.0,82.0,29.7
SANTO CRISTO (BARANGAY III),2018,9,2,194.7,31.8,26.5,3.0,220.0,82.0,29.15
SANTO CRISTO (BARANGAY III),2019,9,4,330.1,31.7,25.9,3.0,220.0,81.0,28.8
SANTO CRISTO (BARANGAY III),2020,9,0,130.9,33.7,26.9,2.0,320.0,77.0,30.3
SANTO CRISTO (BARANGAY III),2021,9,0,236.0,32.2,26.5,2.0,320.0,79.0,29.35
SANTO CRISTO (BARANGAY III),2022,9,1,400.4,31.3,25.9,3.0,220.0,82.0,28.6
SANTO CRISTO (BARANGAY III),2023,9,0,315.3,32.3,26.8,3.0,220.0,81.0,29.55
SANTO NIÑO I,2010,9,2,291.8,32.5,26.7,2.0,270.0,81.0,29.6
SANTO NIÑO I,2011,9,0,423.1,31.1,25.9,3.0,270.0,85.0,28.5
SANTO NIÑO I,2012,9,0,591.5,31.5,25.8,2.0,270.0,86.0,28.65
SANTO NIÑO I,2013,9,0,977.2,30.5,25.5,2.0,270.0,88.0,28.0
SANTO NIÑO I,2014,9,0,460.3,31.7,26.2,2.0,270.0,84.0,28.95
SANTO NIÑO I,2015,9,1,359.2,32.9,26.6,3.0,220.0,82.0,29.75
SANTO NIÑO I,2016,9,0,145.3,32.3,26.8,3.0,220.0,82.0,29.55
SANTO NIÑO I,2017,9,0,382.7,32.3,27.1,3.0,340.0,82.0,29.7
SANTO NIÑO I,2018,9,0,194.7,31.8,26.5,3.0,220.0,82.0,29.15
SANTO NIÑO I,2019,9,3,330.1,31.7,25.9,3.0,220.0,81.0,28.8
SANTO NIÑO I,2020,9,0,130.9,33.7,26.9,2.0,320.0,77.0,30.3
SANTO NIÑO I,2021,9,0,236.0,32.2,26.5,2.0,320.0,79.0,29.35
SANTO NIÑO I,2022,9,0,400.4,31.3,25.9,3.0,220.0,82.0,28.6
SANTO NIÑO I,2023,9,0,315.3,32.3,26.8,3.0,220.0,81.0,29.55
SANTO NIÑO II,2010,9,3,291.8,32.5,26.7,2.0,270.0,81.0,29.6
SANTO NIÑO II,2011,9,0,423.1,31.1,25.9,3.0,270.0,85.0,28.5
SANTO NIÑO II,2012,9,0,591.5,31.5,25.8,2.0,270.0,86.0,28.65
SANTO NIÑO II,2014,9,0,460.3,31.7,26.2,2.0,270.0,84.0,28.95
SANTO NIÑO II,2015,9,3,359.2,32.9,26.6,3.0,220.0,82.0,29.75
SANTO NIÑO II,2016,9,0,145.3,32.3,26.8,3.0,220.0,82.0,29.55
SANTO NIÑO II,2017,9,0,382.7,32.3,27.1,3.0,340.0,82.0,29.7
SANTO NIÑO II,2018,9,0,194.7,31.8,26.5,3.0,220.0,82.0,29.15
SANTO NIÑO II,2019,9,4,330.1,31.7,25.9,3.0,220.0,81.0,28.8
SANTO NIÑO II,2020,9,0,130.9,33.7,26.9,2.0,320.0,77.0,30.3
SANTO NIÑO II,2023,9,0,315.3,32.3,26.8,3.0,220.0,81.0,29.55
VICTORIA REYES,2010,9,1,291.8,32.5,26.7,2.0,270.0,81.0,29.6
VICTORIA REYES,2011,9,0,423.1,31.1,25.9,3.0,270.0,85.0,28.5
VICTORIA REYES,2012,9,2,591.5,31.5,25.8,2.0,270.0,86.0,28.65
VICTORIA REYES,2013,9,1,977.2,30.5,25.5,2.0,270.0,88.0,28.0
VICTORIA REYES,2014,9,2,460.3,31.7,26.2,2.0,270.0,84.0,28.95
VICTORIA REYES,2015,9,9,359.2,32.9,26.6,3.0,220.0,82.0,29.75
VICTORIA REYES,2016,9,2,145.3,32.3,26.8,3.0,220.0,82.0,29.55
VICTORIA REYES,2017,9,2,382.7,32.3,27.1,3.0,340.0,82.0,29.7
VICTORIA REYES,2018,9,0,194.7,31.8,26.5,3.0,220.0,82.0,29.15
VICTORIA REYES,2019,9,29,330.1,31.7,25.9,3.0,220.0,81.0,28.8
VICTORIA REYES,2020,9,0,130.9,33.7,26.9,2.0,320.0,77.0,30.3
VICTORIA REYES,2021,9,0,236.0,32.2,26.5,2.0,320.0,79.0,29.35
VICTORIA REYES,2022,9,0,400.4,31.3,25.9,3.0,220.0,82.0,28.6
VICTORIA REYES,2023,9,0,315.3,32.3,26.8,3.0,220.0,81.0,29.55
ZONE I,2010,9,2,291.8,32.5,26.7,2.0,270.0,81.0,29.6
ZONE I,2011,9,0,423.1,31.1,25.9,3.0,270.0,85.0,28.5
ZONE I,2019,9,1,330.1,31.7,25.9,3.0,220.0,81.0,28.8
ZONE I-B,2010,9,1,291.8,32.5,26.7,2.0,270.0,81.0,29.6
ZONE I-B,2011,9,4,423.1,31.1,25.9,3.0,270.0,85.0,28.5
ZONE I-B,2012,9,10,591.5,31.5,25.8,2.0,270.0,86.0,28.65
ZONE I-B,2013,9,4,977.2,30.5,25.5,2.0,270.0,88.0,28.0
ZONE I-B,2014,9,10,460.3,31.7,26.2,2.0,270.0,84.0,28.95
ZONE I-B,2015,9,15,359.2,32.9,26.6,3.0,220.0,82.0,29.75
ZONE I-B,2016,9,1,145.3,32.3,26.8,3.0,220.0,82.0,29.55
ZONE I-B,2017,9,3,382.7,32.3,27.1,3.0,340.0,82.0,29.7
ZONE I-B,2018,9,5,194.7,31.8,26.5,3.0,220.0,82.0,29.15
ZONE I-B,2019,9,48,330.1,31.7,25.9,3.0,220.0,81.0,28.8
ZONE I-B,2020,9,0,130.9,33.7,26.9,2.0,320.0,77.0,30.3
ZONE I-B,2021,9,1,236.0,32.2,26.5,2.0,320.0,79.0,29.35
ZONE I-B,2022,9,1,400.4,31.3,25.9,3.0,220.0,82.0,28.6
ZONE I-B,2023,9,0,315.3,32.3,26.8,3.0,220.0,81.0,29.55
ZONE II,2010,9,0,291.8,32.5,26.7,2.0,270.0,81.0,29.6
ZONE II,2011,9,0,423.1,31.1,25.9,3.0,270.0,85.0,28.5
ZONE II,2019,9,0,330.1,31.7,25.9,3.0,220.0,81.0,28.8
ZONE III,2010,9,0,291.8,32.5,26.7,2.0,270.0,81.0,29.6
ZONE III,2011,9,0,423.1,31.1,25.9,3.0,270.0,85.0,28.5
ZONE III,2015,9,0,359.2,32.9,26.6,3.0,220.0,82.0,29.75
ZONE III,2023,9,0,315.3,32.3,26.8,3.0,220.0,81.0,29.55
ZONE IV,2010,9,2,291.8,32.5,26.7,2.0,270.0,81.0,29.6
ZONE IV,2011,9,0,423.1,31.1,25.9,3.0,270.0,85.0,28.5
ZONE IV,2013,9,0,977.2,30.5,25.5,2.0,270.0,88.0,28.0
ZONE IV,2015,9,1,359.2,32.9,26.6,3.0,220.0,82.0,29.75
ZONE IV,2019,9,0,330.1,31.7,25.9,3.0,220.0,81.0,28.8
ZONE IV,2023,9,0,315.3,32.3,26.8,3.0,220.0,81.0,29.55
BUROL,2010,10,3,444.7,31.6,26.6,3.0,110.0,83.0,29.1
BUROL,2011,10,0,172.1,32.5,25.9,3.0,140.0,81.0,29.2
BUROL,2012,10,2,308.0,31.7,25.6,3.0,140.0,80.0,28.65
BUROL,2013,10,0,246.3,31.2,25.7,2.0,270.0,82.0,28.45
BUROL,2014,10,2,212.9,32.0,26.2,2.0,140.0,82.0,29.1
BUROL,2015,10,20,188.0,32.1,26.7,3.0,90.0,81.0,29.4
BUROL,2016,10,3,208.8,32.0,26.6,3.0,220.0,81.0,29.3
BUROL,2017,10,2,196.1,31.6,26.6,3.0,320.0,82.0,29.1
BUROL,2018,10,5,72.8,33.1,27.0,3.0,90.0,75.0,30.05
BUROL,2019,10,11,33.2,33.2,26.5,3.0,320.0,73.0,29.85
BUROL,2020,10,0,375.7,31.8,26.1,3.0,320.0,81.0,28.950000000000003
BUROL,2021,10,1,121.8,32.0,26.3,2.0,340.0,78.0,29.15
BUROL,2022,10,1,367.8,32.6,26.9,3.0,320.0,77.0,29.75
BUROL,2023,10,0,201.3,31.8,26.6,3.0,320.0,78.0,29.200000000000003
BUROL I,2010,10,1,444.7,31.6,26.6,3.0,110.0,83.0,29.1
BUROL I,2011,10,0,172.1,32.5,25.9,3.0,140.0,81.0,29.2
BUROL I,2012,10,5,308.0,31.7,25.6,3.0,140.0,80.0,28.65
BUROL I,2013,10,2,246.3,31.2,25.7,2.0,270.0,82.0,28.45
BUROL I,2014,10,5,212.9,32.0,26.2,2.0,140.0,82.0,29.1
BUROL I,2015,10,30,188.0,32.1,26.7,3.0,90.0,81.0,29.4
BUROL I,2016,10,1,208.8,32.0,26.6,3.0,220.0,81.0,29.3
BUROL I,2017,10,2,196.1,31.6,26.6,3.0,320.0,82.0,29.1
BUROL I,2018,10,9,72.8,33.1,27.0,3.0,90.0,75.0,30.05
BUROL I,2019,10,13,33.2,33.2,26.5,3.0,320.0,73.0,29.85
BUROL I,2020,10,0,375.7,31.8,26.1,3.0,320.0,81.0,28.950000000000003
BUROL I,2021,10,2,121.8,32.0,26.3,2.0,340.0,78.0,29.15
BUROL I,2022,10,2,367.8,32.6,26.9,3.0,320.0,77.0,29.75
BUROL I,2023,10,0,201.3,31.8,26.6,3.0,320.0,78.0,29.200000000000003
BUROL II,2011,10,1,172.1,32.5,25.9,3.0,140.0,81.0,29.2
BUROL II,2012,10,1,308.0,31.7,25.6,3.0,140.0,80.0,28.65
BUROL II,2013,10,1,246.3,31.2,25.7,2.0,270.0,82.0,28.45
BUROL II,2014,10,1,212.9,32.0,26.2,2.0,140.0,82.0,29.1
BUROL II,2015,10,8,188.0,32.1,26.7,3.0,90.0,81.0,29.4
BUROL II,2016,10,0,208.8,32.0,26.6,3.0,220.0,81.0,29.3
BUROL II,2017,10,0,196.1,31.6,26.6,3.0,320.0,82.0,29.1
BUROL II,2018,10,7,72.8,33.1,27.0,3.0,90.0,75.0,30.05
BUROL II,2019,10,3,33.2,33.2,26.5,3.0,320.0,73.0,29.85
BUROL II,2020,10,1,375.7,31.8,26.1,3.0,320.0,81.0,28.950000000000003
BUROL II,2021,10,0,121.8,32.0,26.3,2.0,340.0,78.0,29.15
BUROL II,2023,10,0,201.3,31.8,26.6,3.0,320.0,78.0,29.200000000000003
BUROL III,2010,10,5,444.7,31.6,26.6,3.0,110.0,83.0,29.1
BUROL III,2011,10,0,172.1,32.5,25.9,3.0,140.0,81.0,29.2
BUROL III,2012,10,0,308.0,31.7,25.6,3.0,140.0,80.0,28.65
BUROL III,2013,10,0,246.3,31.2,25.7,2.0,270.0,82.0,28.45
BUROL III,2014,10,0,212.9,32.0,26.2,2.0,140.0,82.0,29.1
BUROL III,2015,10,9,188.0,32.1,26.7,3.0,90.0,81.0,29.4
BUROL III,2016,10,0,208.8,32.0,26.6,3.0,220.0,81.0,29.3
BUROL III,2017,10,0,196.1,31.6,26.6,3.0,320.0,82.0,29.1
BUROL III,2018,10,2,72.8,33.1,27.0,3.0,90.0,75.0,30.05
BUROL III,2019,10,5,33.2,33.2,26.5,3.0,320.0,73.0,29.85
BUROL III,2020,10,0,375.7,31.8,26.1,3.0,320.0,81.0,28.950000000000003
BUROL III,2021,10,1,121.8,32.0,26.3,2.0,340.0,78.0,29.15
BUROL III,2022,10,0,367.8,32.6,26.9,3.0,320.0,77.0,29.75
BUROL III,2023,10,0,201.3,31.8,26.6,3.0,320.0,78.0,29.200000000000003
DASMARIÑAS,2013,10,116,246.3,31.2,25.7,2.0,270.0,82.0,28.45
DATU ESMAEL (BAGO-A-INGUD),2010,10,2,444.7,31.6,26.6,3.0,110.0,83.0,29.1
DATU ESMAEL (BAGO-A-INGUD),2011,10,1,172.1,32.5,25.9,3.0,140.0,81.0,29.2
DATU ESMAEL (BAGO-A-INGUD),2012,10,4,308.0,31.7,25.6,3.0,140.0,80.0,28.65
DATU ESMAEL (BAGO-A-INGUD),2013,10,5,246.3,31.2,25.7,2.0,270.0,82.0,28.45
DATU ESMAEL (BAGO-A-INGUD),2014,10,4,212.9,32.0,26.2,2.0,140.0,82.0,29.1
DATU ESMAEL (BAGO-A-INGUD),2015,10,0,188.0,32.1,26.7,3.0,90.0,81.0,29.4
DATU ESMAEL (BAGO-A-INGUD),2016,10,2,208.8,32.0,26.6,3.0,220.0,81.0,29.3
DATU ESMAEL (BAGO-A-INGUD),2017,10,1,196.1,31.6,26.6,3.0,320.0,82.0,29.1
DATU ESMAEL (BAGO-A-INGUD),2018,10,0,72.8,33.1,27.0,3.0,90.0,75.0,30.05
DATU ESMAEL (BAGO-A-INGUD),2019,10,1,33.2,33.2,26.5,3.0,320.0,73.0,29.85
DATU ESMAEL (BAGO-A-INGUD),2020,10,0,375.7,31.8,26.1,3.0,320.0,81.0,28.950000000000003
DATU ESMAEL (BAGO-A-INGUD),2022,10,1,367.8,32.6,26.9,3.0,320.0,77.0,29.75
EMMANUEL BERGADO I,2010,10,1,444.7,31.6,26.6,3.0,110.0,83.0,29.1
EMMANUEL BERGADO I,2011,10,0,172.1,32.5,25.9,3.0,140.0,81.0,29.2
EMMANUEL BERGADO I,2012,10,0,308.0,31.7,25.6,3.0,140.0,80.0,28.65
EMMANUEL BERGADO I,2013,10,1,246.3,31.2,25.7,2.0,270.0,82.0,28.45
EMMANUEL BERGADO I,2014,10,0,212.9,32.0,26.2,2.0,140.0,82.0,29.1
EMMANUEL BERGADO I,2015,10,10,188.0,32.1,26.7,3.0,90.0,81.0,29.4
EMMANUEL BERGADO I,2016,10,0,208.8,32.0,26.6,3.0,220.0,81.0,29.3
EMMANUEL BERGADO I,2017,10,0,196.1,31.6,26.6,3.0,320.0,82.0,29.1
EMMANUEL BERGADO I,2018,10,0,72.8,33.1,27.0,3.0,90.0,75.0,30.05
EMMANUEL BERGADO I,2019,10,7,33.2,33.2,26.5,3.0,320.0,73.0,29.85
EMMANUEL BERGADO I,2020,10,2,375.7,31.8,26.1,3.0,320.0,81.0,28.950000000000003
EMMANUEL BERGADO I,2021,10,3,121.8,32.0,26.3,2.0,340.0,78.0,29.15
EMMANUEL BERGADO I,2022,10,0,367.8,32.6,26.9,3.0,320.0,77.0,29.75
EMMANUEL BERGADO I,2023,10,0,201.3,31.8,26.6,3.0,320.0,78.0,29.200000000000003
EMMANUEL BERGADO II,2010,10,1,444.7,31.6,26.6,3.0,110.0,83.0,29.1
EMMANUEL BERGADO II,2011,10,0,172.1,32.5,25.9,3.0,140.0,81.0,29.2
EMMANUEL BERGADO II,2012,10,0,308.0,31.7,25.6,3.0,140.0,80.0,28.65
EMMANUEL BERGADO II,2013,10,0,246.3,31.2,25.7,2.0,270.0,82.0,28.45
EMMANUEL BERGADO II,2014,10,0,212.9,32.0,26.2,2.0,140.0,82.0,29.1
EMMANUEL BERGADO II,2015,10,4,188.0,32.1,26.7,3.0,90.0,81.0,29.4
EMMANUEL BERGADO II,2016,10,0,208.8,32.0,26.6,3.0,220.0,81.0,29.3
EMMANUEL BERGADO II,2017,10,1,196.1,31.6,26.6,3.0,320.0,82.0,29.1
EMMANUEL BERGADO II,2018,10,0,72.8,33.1,27.0,3.0,90.0,75.0,30.05
EMMANUEL BERGADO II,2019,10,6,33.2,33.2,26.5,3.0,320.0,73.0,29.85
EMMANUEL BERGADO II,2020,10,0,375.7,31.8,26.1,3.0,320.0,81.0,28.950000000000003
EMMANUEL BERGADO II,2021,10,0,121.8,32.0,26.3,2.0,340.0,78.0,29.15
EMMANUEL BERGADO II,2022,10,0,367.8,32.6,26.9,3.0,320.0,77.0,29.75
EMMANUEL BERGADO II,2023,10,0,201.3,31.8,26.6,3.0,320.0,78.0,29.200000000000003
FATIMA I,2010,10,2,444.7,31.6,26.6,3.0,110.0,83.0,29.1
FATIMA I,2011,10,0,172.1,32.5,25.9,3.0,140.0,81.0,29.2
FATIMA I,2012,10,0,308.0,31.7,25.6,3.0,140.0,80.0,28.65
FATIMA I,2013,10,0,246.3,31.2,25.7,2.0,270.0,82.0,28.45
FATIMA I,2014,10,0,212.9,32.0,26.2,2.0,140.0,82.0,29.1
FATIMA I,2015,10,2,188.0,32.1,26.7,3.0,90.0,81.0,29.4
FATIMA I,2016,10,0,208.8,32.0,26.6,3.0,220.0,81.0,29.3
FATIMA I,2017,10,1,196.1,31.6,26.6,3.0,320.0,82.0,29.1
FATIMA I,2018,10,1,72.8,33.1,27.0,3.0,90.0,75.0,30.05
FATIMA I,2019,10,6,33.2,33.2,26.5,3.0,320.0,73.0,29.85
FATIMA I,2020,10,0,375.7,31.8,26.1,3.0,320.0,81.0,28.950000000000003
FATIMA I,2022,10,0,367.8,32.6,26.9,3.0,320.0,77.0,29.75
FATIMA I,2023,10,0,201.3,31.8,26.6,3.0,320.0,78.0,29.200000000000003
FATIMA II,2010,10,3,444.7,31.6,26.6,3.0,110.0,83.0,29.1
FATIMA II,2011,10,0,172.1,32.5,25.9,3.0,140.0,81.0,29.2
FATIMA II,2012,10,0,308.0,31.7,25.6,3.0,140.0,80.0,28.65
FATIMA II,2013,10,0,246.3,31.2,25.7,2.0,270.0,82.0,28.45
FATIMA II,2014,10,0,212.9,32.0,26.2,2.0,140.0,82.0,29.1
FATIMA II,2015,10,9,188.0,32.1,26.7,3.0,90.0,81.0,29.4
FATIMA II,2016,10,1,208.8,32.0,26.6,3.0,220.0,81.0,29.3
FATIMA II,2017,10,0,196.1,31.6,26.6,3.0,320.0,82.0,29.1
FATIMA II,2018,10,3,72.8,33.1,27.0,3.0,90.0,75.0,30.05
FATIMA II,2019,10,2,33.2,33.2,26.5,3.0,320.0,73.0,29.85
FATIMA II,2020,10,0,375.7,31.8,26.1,3.0,320.0,81.0,28.950000000000003
FATIMA II,2021,10,0,121.8,32.0,26.3,2.0,340.0,78.0,29.15
FATIMA II,2022,10,0,367.8,32.6,26.9,3.0,320.0,77.0,29.75
FATIMA II,2023,10,0,201.3,31.8,26.6,3.0,320.0,78.0,29.200000000000003
FATIMA III,2010,10,0,444.7,31.6,26.6,3.0,110.0,83.0,29.1
FATIMA III,2011,10,0,172.1,32.5,25.9,3.0,140.0,81.0,29.2
FATIMA III,2012,10,2,308.0,31.7,25.6,3.0,140.0,80.0,28.65
FATIMA III,2013,10,0,246.3,31.2,25.7,2.0,270.0,82.0,28.45
FATIMA III,2014,10,2,212.9,32.0,26.2,2.0,140.0,82.0,29.1
FATIMA III,2015,10,3,188.0,32.1,26.7,3.0,90.0,81.0,29.4
FATIMA III,2016,10,0,208.8,32.0,26.6,3.0,220.0,81.0,29.3
FATIMA III,2017,10,2,196.1,31.6,26.6,3.0,320.0,82.0,29.1
FATIMA III,2018,10,3,72.8,33.1,27.0,3.0,90.0,75.0,30.05
FATIMA III,2019,10,5,33.2,33.2,26.5,3.0,320.0,73.0,29.85
FATIMA III,2020,10,0,375.7,31.8,26.1,3.0,320.0,81.0,28.950000000000003
FATIMA III,2021,10,0,121.8,32.0,26.3,2.0,340.0,78.0,29.15
FATIMA III,2022,10,1,367.8,32.6,26.9,3.0,320.0,77.0,29.75
FATIMA III,2023,10,0,201.3,31.8,26.6,3.0,320.0,78.0,29.200000000000003
H-II,2010,10,1,444.7,31.6,26.6,3.0,110.0,83.0,29.1
H-II,2015,10,0,188.0,32.1,26.7,3.0,90.0,81.0,29.4
H-II,2017,10,0,196.1,31.6,26.6,3.0,320.0,82.0,29.1
H-II,2018,10,0,72.8,33.1,27.0,3.0,90.0,75.0,30.05
LANGKAAN I,2010,10,5,444.7,31.6,26.6,3.0,110.0,83.0,29.1
LANGKAAN I,2011,10,1,172.1,32.5,25.9,3.0,140.0,81.0,29.2
LANGKAAN I,2012,10,4,308.0,31.7,25.6,3.0,140.0,80.0,28.65
LANGKAAN I,2013,10,5,246.3,31.2,25.7,2.0,270.0,82.0,28.45
LANGKAAN I,2014,10,4,212.9,32.0,26.2,2.0,140.0,82.0,29.1
LANGKAAN I,2015,10,26,188.0,32.1,26.7,3.0,90.0,81.0,29.4
LANGKAAN I,2016,10,1,208.8,32.0,26.6,3.0,220.0,81.0,29.3
LANGKAAN I,2017,10,12,196.1,31.6,26.6,3.0,320.0,82.0,29.1
LANGKAAN I,2018,10,7,72.8,33.1,27.0,3.0,90.0,75.0,30.05
LANGKAAN I,2019,10,15,33.2,33.2,26.5,3.0,320.0,73.0,29.85
LANGKAAN I,2020,10,1,375.7,31.8,26.1,3.0,320.0,81.0,28.950000000000003
LANGKAAN I,2021,10,0,121.8,32.0,26.3,2.0,340.0,78.0,29.15
LANGKAAN I,2022,10,0,367.8,32.6,26.9,3.0,320.0,77.0,29.75
LANGKAAN I,2023,10,5,201.3,31.8,26.6,3.0,320.0,78.0,29.200000000000003
LANGKAAN II,2010,10,4,444.7,31.6,26.6,3.0,110.0,83.0,29.1
LANGKAAN II,2011,10,6,172.1,32.5,25.9,3.0,140.0,81.0,29.2
LANGKAAN II,2012,10,14,308.0,31.7,25.6,3.0,140.0,80.0,28.65
LANGKAAN II,2013,10,11,246.3,31.2,25.7,2.0,270.0,82.0,28.45
LANGKAAN II,2014,10,14,212.9,32.0,26.2,2.0,140.0,82.0,29.1
LANGKAAN II,2015,10,14,188.0,32.1,26.7,3.0,90.0,81.0,29.4
LANGKAAN II,2016,10,16,208.8,32.0,26.6,3.0,220.0,81.0,29.3
LANGKAAN II,2017,10,3,196.1,31.6,26.6,3.0,320.0,82.0,29.1
LANGKAAN II,2018,10,5,72.8,33.1,27.0,3.0,90.0,75.0,30.05
LANGKAAN II,2019,10,22,33.2,33.2,26.5,3.0,320.0,73.0,29.85
LANGKAAN II,2020,10,0,375.7,31.8,26.1,3.0,320.0,81.0,28.950000000000003
LANGKAAN II,2021,10,1,121.8,32.0,26.3,2.0,340.0,78.0,29.15
LANGKAAN II,2022,10,1,367.8,32.6,26.9,3.0,320.0,77.0,29.75
LANGKAAN II,2023,10,0,201.3,31.8,26.6,3.0,320.0,78.0,29.200000000000003
LUZVIMINDA I,2011,10,1,172.1,32.5,25.9,3.0,140.0,81.0,29.2
LUZVIMINDA I,2012,10,0,308.0,31.7,25.6,3.0,140.0,80.0,28.65
LUZVIMINDA I,2014,10,0,212.9,32.0,26.2,2.0,140.0,82.0,29.1
LUZVIMINDA I,2015,10,5,188.0,32.1,26.7,3.0,90.0,81.0,29.4
LUZVIMINDA I,2016,10,0,208.8,32.0,26.6,3.0,220.0,81.0,29.3
LUZVIMINDA I,2017,10,0,196.1,31.6,26.6,3.0,320.0,82.0,29.1
LUZVIMINDA I,2018,10,0,72.8,33.1,27.0,3.0,90.0,75.0,30.05
LUZVIMINDA I,2019,10,1,33.2,33.2,26.5,3.0,320.0,73.0,29.85
LUZVIMINDA I,2020,10,0,375.7,31.8,26.1,3.0,320.0,81.0,28.950000000000003
LUZVIMINDA I,2021,10,0,121.8,32.0,26.3,2.0,340.0,78.0,29.15
LUZVIMINDA I,2022,10,0,367.8,32.6,26.9,3.0,320.0,77.0,29.75
LUZVIMINDA I,2023,10,2,201.3,31.8,26.6,3.0,320.0,78.0,29.200000000000003
LUZVIMINDA II,2011,10,0,172.1,32.5,25.9,3.0,140.0,81.0,29.2
LUZVIMINDA II,2012,10,0,308.0,31.7,25.6,3.0,140.0,80.0,28.65
LUZVIMINDA II,2013,10,0,246.3,31.2,25.7,2.0,270.0,82.0,28.45
LUZVIMINDA II,2014,10,0,212.9,32.0,26.2,2.0,140.0,82.0,29.1
LUZVIMINDA II,2015,10,10,188.0,32.1,26.7,3.0,90.0,81.0,29.4
LUZVIMINDA II,2016,10,0,208.8,32.0,26.6,3.0,220.0,81.0,29.3
LUZVIMINDA II,2017,10,0,196.1,31.6,26.6,3.0,320.0,82.0,29.1
LUZVIMINDA II,2018,10,2,72.8,33.1,27.0,3.0,90.0,75.0,30.05
LUZVIMINDA II,2019,10,4,33.2,33.2,26.5,3.0,320.0,73.0,29.85
LUZVIMINDA II,2020,10,0,375.7,31.8,26.1,3.0,320.0,81.0,28.950000000000003
LUZVIMINDA II,2022,10,1,367.8,32.6,26.9,3.0,320.0,77.0,29.75
LUZVIMINDA II,2023,10,0,201.3,31.8,26.6,3.0,320.0,78.0,29.200000000000003
PALIPARAN I,2010,10,6,444.7,31.6,26.6,3.0,110.0,83.0,29.1
PALIPARAN I,2011,10,1,172.1,32.5,25.9,3.0,140.0,81.0,29.2
PALIPARAN I,2012,10,8,308.0,31.7,25.6,3.0,140.0,80.0,28.65
PALIPARAN I,2013,10,6,246.3,31.2,25.7,2.0,270.0,82.0,28.45
PALIPARAN I,2014,10,8,212.9,32.0,26.2,2.0,140.0,82.0,29.1
PALIPARAN I,2015,10,19,188.0,32.1,26.7,3.0,90.0,81.0,29.4
PALIPARAN I,2016,10,1,208.8,32.0,26.6,3.0,220.0,81.0,29.3
PALIPARAN I,2017,10,3,196.1,31.6,26.6,3.0,320.0,82.0,29.1
PALIPARAN I,2018,10,4,72.8,33.1,27.0,3.0,90.0,75.0,30.05
PALIPARAN I,2019,10,17,33.2,33.2,26.5,3.0,320.0,73.0,29.85
PALIPARAN I,2020,10,1,375.7,31.8,26.1,3.0,320.0,81.0,28.950000000000003
PALIPARAN I,2021,10,4,121.8,32.0,26.3,2.0,340.0,78.0,29.15
PALIPARAN I,2022,10,1,367.8,32.6,26.9,3.0,320.0,77.0,29.75
PALIPARAN I,2023,10,2,201.3,31.8,26.6,3.0,320.0,78.0,29.200000000000003
PALIPARAN II,2010,10,5,444.7,31.6,26.6,3.0,110.0,83.0,29.1
PALIPARAN II,2011,10,0,172.1,32.5,25.9,3.0,140.0,81.0,29.2
PALIPARAN II,2012,10,0,308.0,31.7,25.6,3.0,140.0,80.0,28.65
PALIPARAN II,2013,10,0,246.3,31.2,25.7,2.0,270.0,82.0,28.45
PALIPARAN II,2014,10,0,212.9,32.0,26.2,2.0,140.0,82.0,29.1
PALIPARAN II,2015,10,15,188.0,32.1,26.7,3.0,90.0,81.0,29.4
PALIPARAN II,2016,10,1,208.8,32.0,26.6,3.0,220.0,81.0,29.3
PALIPARAN II,2017,10,2,196.1,31.6,26.6,3.0,320.0,82.0,29.1
PALIPARAN II,2018,10,1,72.8,33.1,27.0,3.0,90.0,75.0,30.05
PALIPARAN II,2019,10,14,33.2,33.2,26.5,3.0,320.0,73.0,29.85
PALIPARAN II,2020,10,0,375.7,31.8,26.1,3.0,320.0,81.0,28.950000000000003
PALIPARAN II,2021,10,1,121.8,32.0,26.3,2.0,340.0,78.0,29.15
PALIPARAN II,2022,10,1,367.8,32.6,26.9,3.0,320.0,77.0,29.75
PALIPARAN II,2023,10,2,201.3,31.8,26.6,3.0,320.0,78.0,29.200000000000003
PALIPARAN III,2010,10,3,444.7,31.6,26.6,3.0,110.0,83.0,29.1
PALIPARAN III,2011,10,1,172.1,32.5,25.9,3.0,140.0,81.0,29.2
PALIPARAN III,2012,10,8,308.0,31.7,25.6,3.0,140.0,80.0,28.65
PALIPARAN III,2013,10,9,246.3,31.2,25.7,2.0,270.0,82.0,28.45
PALIPARAN III,2014,10,8,212.9,32.0,26.2,2.0,140.0,82.0,29.1
PALIPARAN III,2015,10,43,188.0,32.1,26.7,3.0,90.0,81.0,29.4
PALIPARAN III,2016,10,4,208.8,32.0,26.6,3.0,220.0,81.0,29.3
PALIPARAN III,2017,10,4,196.1,31.6,26.6,3.0,320.0,82.0,29.1
PALIPARAN III,2018,10,4,72.8,33.1,27.0,3.0,90.0,75.0,30.05
PALIPARAN III,2019,10,32,33.2,33.2,26.5,3.0,320.0,73.0,29.85
PALIPARAN III,2020,10,1,375.7,31.8,26.1,3.0,320.0,81.0,28.950000000000003
PALIPARAN III,2021,10,0,121.8,32.0,26.3,2.0,340.0,78.0,29.15
PALIPARAN III,2022,10,0,367.8,32.6,26.9,3.0,320.0,77.0,29.75
PALIPARAN III,2023,10,5,201.3,31.8,26.6,3.0,320.0,78.0,29.200000000000003
SABANG,2010,10,12,444.7,31.6,26.6,3.0,110.0,83.0,29.1
SABANG,2011,10,6,172.1,32.5,25.9,3.0,140.0,81.0,29.2
SABANG,2012,10,4,308.0,31.7,25.6,3.0,140.0,80.0,28.65
SABANG,2013,10,4,246.3,31.2,25.7,2.0,270.0,82.0,28.45
SABANG,2014,10,4,212.9,32.0,26.2,2.0,140.0,82.0,29.1
SABANG,2015,10,19,188.0,32.1,26.7,3.0,90.0,81.0,29.4
SABANG,2016,10,3,208.8,32.0,26.6,3.0,220.0,81.0,29.3
SABANG,2017,10,1,196.1,31.6,26.6,3.0,320.0,82.0,29.1
SABANG,2018,10,7,72.8,33.1,27.0,3.0,90.0,75.0,30.05
SABANG,2019,10,27,33.2,33.2,26.5,3.0,320.0,73.0,29.85
SABANG,2020,10,0,375.7,31.8,26.1,3.0,320.0,81.0,28.950000000000003
SABANG,2021,10,3,121.8,32.0,26.3,2.0,340.0,78.0,29.15
SABANG,2022,10,2,367.8,32.6,26.9,3.0,320.0,77.0,29.75
SABANG,2023,10,1,201.3,31.8,26.6,3.0,320.0,78.0,29.200000000000003
SAINT PETER I,2010,10,2,444.7,31.6,26.6,3.0,110.0,83.0,29.1
SAINT PETER I,2011,10,1,172.1,32.5,25.9,3.0,140.0,81.0,29.2
SAINT PETER I,2012,10,0,308.0,31.7,25.6,3.0,140.0,80.0,28.65
SAINT PETER I,2013,10,1,246.3,31.2,25.7,2.0,270.0,82.0,28.45
SAINT PETER I,2014,10,0,212.9,32.0,26.2,2.0,140.0,82.0,29.1
SAINT PETER I,2015,10,2,188.0,32.1,26.7,3.0,90.0,81.0,29.4
SAINT PETER I,2016,10,0,208.8,32.0,26.6,3.0,220.0,81.0,29.3
SAINT PETER I,2017,10,0,196.1,31.6,26.6,3.0,320.0,82.0,29.1
SAINT PETER I,2018,10,0,72.8,33.1,27.0,3.0,90.0,75.0,30.05
SAINT PETER I,2019,10,2,33.2,33.2,26.5,3.0,320.0,73.0,29.85
SAINT PETER I,2020,10,0,375.7,31.8,26.1,3.0,320.0,81.0,28.950000000000003
SAINT PETER I,2021,10,0,121.8,32.0,26.3,2.0,340.0,78.0,29.15
SAINT PETER I,2022,10,0,367.8,32.6,26.9,3.0,320.0,77.0,29.75
SAINT PETER II,2010,10,1,444.7,31.6,26.6,3.0,110.0,83.0,29.1
SAINT PETER II,2011,10,0,172.1,32.5,25.9,3.0,140.0,81.0,29.2
SAINT PETER II,2013,10,0,246.3,31.2,25.7,2.0,270.0,82.0,28.45
SAINT PETER II,2015,10,13,188.0,32.1,26.7,3.0,90.0,81.0,29.4
SAINT PETER II,2016,10,0,208.8,32.0,26.6,3.0,220.0,81.0,29.3
SAINT PETER II,2017,10,0,196.1,31.6,26.6,3.0,320.0,82.0,29.1
SAINT PETER II,2018,10,1,72.8,33.1,27.0,3.0,90.0,75.0,30.05
SAINT PETER II,2019,10,2,33.2,33.2,26.5,3.0,320.0,73.0,29.85
SAINT PETER II,2022,10,1,367.8,32.6,26.9,3.0,320.0,77.0,29.75
SAINT PETER II,2023,10,0,201.3,31.8,26.6,3.0,320.0,78.0,29.200000000000003
SALAWAG,2010,10,11,444.7,31.6,26.6,3.0,110.0,83.0,29.1
SALAWAG,2011,10,0,172.1,32.5,25.9,3.0,140.0,81.0,29.2
SALAWAG,2012,10,11,308.0,31.7,25.6,3.0,140.0,80.0,28.65
SALAWAG,2013,10,7,246.3,31.2,25.7,2.0,270.0,82.0,28.45
SALAWAG,2014,10,11,212.9,32.0,26.2,2.0,140.0,82.0,29.1
SALAWAG,2015,10,69,188.0,32.1,26.7,3.0,90.0,81.0,29.4
SALAWAG,2016,10,1,208.8,32.0,26.6,3.0,220.0,81.0,29.3
SALAWAG,2017,10,9,196.1,31.6,26.6,3.0,320.0,82.0,29.1
SALAWAG,2018,10,24,72.8,33.1,27.0,3.0,90.0,75.0,30.05
SALAWAG,2019,10,25,33.2,33.2,26.5,3.0,320.0,73.0,29.85
SALAWAG,2020,10,1,375.7,31.8,26.1,3.0,320.0,81.0,28.950000000000003
SALAWAG,2021,10,2,121.8,32.0,26.3,2.0,340.0,78.0,29.15
SALAWAG,2022,10,2,367.8,32.6,26.9,3.0,320.0,77.0,29.75
SALAWAG,2023,10,16,201.3,31.8,26.6,3.0,320.0,78.0,29.200000000000003
SALITRAN I,2010,10,2,444.7,31.6,26.6,3.0,110.0,83.0,29.1
SALITRAN I,2011,10,2,172.1,32.5,25.9,3.0,140.0,81.0,29.2
SALITRAN I,2012,10,5,308.0,31.7,25.6,3.0,140.0,80.0,28.65
SALITRAN I,2013,10,3,246.3,31.2,25.7,2.0,270.0,82.0,28.45
SALITRAN I,2014,10,5,212.9,32.0,26.2,2.0,140.0,82.0,29.1
SALITRAN I,2015,10,11,188.0,32.1,26.7,3.0,90.0,81.0,29.4
SALITRAN I,2016,10,0,208.8,32.0,26.6,3.0,220.0,81.0,29.3
SALITRAN I,2017,10,2,196.1,31.6,26.6,3.0,320.0,82.0,29.1
SALITRAN I,2018,10,4,72.8,33.1,27.0,3.0,90.0,75.0,30.05
SALITRAN I,2019,10,4,33.2,33.2,26.5,3.0,320.0,73.0,29.85
SALITRAN I,2020,10,0,375.7,31.8,26.1,3.0,320.0,81.0,28.950000000000003
SALITRAN I,2021,10,1,121.8,32.0,26.3,2.0,340.0,78.0,29.15
SALITRAN I,2022,10,0,367.8,32.6,26.9,3.0,320.0,77.0,29.75
SALITRAN I,2023,10,1,201.3,31.8,26.6,3.0,320.0,78.0,29.200000000000003
SALITRAN II,2010,10,0,444.7,31.6,26.6,3.0,110.0,83.0,29.1
SALITRAN II,2011,10,2,172.1,32.5,25.9,3.0,140.0,81.0,29.2
SALITRAN II,2012,10,4,308.0,31.7,25.6,3.0,140.0,80.0,28.65
SALITRAN II,2013,10,7,246.3,31.2,25.7,2.0,270.0,82.0,28.45
SALITRAN II,2014,10,4,212.9,32.0,26.2,2.0,140.0,82.0,29.1
SALITRAN II,2015,10,22,188.0,32.1,26.7,3.0,90.0,81.0,29.4
SALITRAN II,2016,10,0,208.8,32.0,26.6,3.0,220.0,81.0,29.3
SALITRAN II,2017,10,2,196.1,31.6,26.6,3.0,320.0,82.0,29.1
SALITRAN II,2018,10,3,72.8,33.1,27.0,3.0,90.0,75.0,30.05
SALITRAN II,2019,10,12,33.2,33.2,26.5,3.0,320.0,73.0,29.85
SALITRAN II,2020,10,0,375.7,31.8,26.1,3.0,320.0,81.0,28.950000000000003
SALITRAN II,2021,10,0,121.8,32.0,26.3,2.0,340.0,78.0,29.15
SALITRAN II,2022,10,3,367.8,32.6,26.9,3.0,320.0,77.0,29.75
SALITRAN II,2023,10,2,201.3,31.8,26.6,3.0,320.0,78.0,29.200000000000003
SALITRAN III,2010,10,3,444.7,31.6,26.6,3.0,110.0,83.0,29.1
SALITRAN III,2011,10,0,172.1,32.5,25.9,3.0,140.0,81.0,29.2
SALITRAN III,2012,10,6,308.0,31.7,25.6,3.0,140.0,80.0,28.65
SALITRAN III,2013,10,6,246.3,31.2,25.7,2.0,270.0,82.0,28.45
SALITRAN III,2014,10,6,212.9,32.0,26.2,2.0,140.0,82.0,29.1
SALITRAN III,2015,10,23,188.0,32.1,26.7,3.0,90.0,81.0,29.4
SALITRAN III,2016,10,3,208.8,32.0,26.6,3.0,220.0,81.0,29.3
SALITRAN III,2017,10,1,196.1,31.6,26.6,3.0,320.0,82.0,29.1
SALITRAN III,2018,10,4,72.8,33.1,27.0,3.0,90.0,75.0,30.05
SALITRAN III,2019,10,12,33.2,33.2,26.5,3.0,320.0,73.0,29.85
SALITRAN III,2020,10,1,375.7,31.8,26.1,3.0,320.0,81.0,28.950000000000003
SALITRAN III,2021,10,3,121.8,32.0,26.3,2.0,340.0,78.0,29.15
SALITRAN III,2022,10,5,367.8,32.6,26.9,3.0,320.0,77.0,29.75
SALITRAN III,2023,10,3,201.3,31.8,26.6,3.0,320.0,78.0,29.200000000000003
SALITRAN IV,2010,10,0,444.7,31.6,26.6,3.0,110.0,83.0,29.1
SALITRAN IV,2011,10,0,172.1,32.5,25.9,3.0,140.0,81.0,29.2
SALITRAN IV,2012,10,6,308.0,31.7,25.6,3.0,140.0,80.0,28.65
SALITRAN IV,2013,10,2,246.3,31.2,25.7,2.0,270.0,82.0,28.45
SALITRAN IV,2014,10,6,212.9,32.0,26.2,2.0,140.0,82.0,29.1
SALITRAN IV,2015,10,22,188.0,32.1,26.7,3.0,90.0,81.0,29.4
SALITRAN IV,2016,10,0,208.8,32.0,26.6,3.0,220.0,81.0,29.3
SALITRAN IV,2017,10,0,196.1,31.6,26.6,3.0,320.0,82.0,29.1
SALITRAN IV,2018,10,0,72.8,33.1,27.0,3.0,90.0,75.0,30.05
SALITRAN IV,2019,10,6,33.2,33.2,26.5,3.0,320.0,73.0,29.85
SALITRAN IV,2020,10,0,375.7,31.8,26.1,3.0,320.0,81.0,28.950000000000003
SALITRAN IV,2021,10,0,121.8,32.0,26.3,2.0,340.0,78.0,29.15
SALITRAN IV,2022,10,0,367.8,32.6,26.9,3.0,320.0,77.0,29.75
SALITRAN IV,2023,10,0,201.3,31.8,26.6,3.0,320.0,78.0,29.200000000000003
SAMPALOC I,2010,10,1,444.7,31.6,26.6,3.0,110.0,83.0,29.1
SAMPALOC I,2011,10,3,172.1,32.5,25.9,3.0,140.0,81.0,29.2
SAMPALOC I,2012,10,1,308.0,31.7,25.6,3.0,140.0,80.0,28.65
SAMPALOC I,2013,10,4,246.3,31.2,25.7,2.0,270.0,82.0,28.45
SAMPALOC I,2014,10,1,212.9,32.0,26.2,2.0,140.0,82.0,29.1
SAMPALOC I,2015,10,13,188.0,32.1,26.7,3.0,90.0,81.0,29.4
SAMPALOC I,2016,10,5,208.8,32.0,26.6,3.0,220.0,81.0,29.3
SAMPALOC I,2017,10,1,196.1,31.6,26.6,3.0,320.0,82.0,29.1
SAMPALOC I,2018,10,5,72.8,33.1,27.0,3.0,90.0,75.0,30.05
SAMPALOC I,2019,10,5,33.2,33.2,26.5,3.0,320.0,73.0,29.85
SAMPALOC I,2020,10,1,375.7,31.8,26.1,3.0,320.0,81.0,28.950000000000003
SAMPALOC I,2021,10,0,121.8,32.0,26.3,2.0,340.0,78.0,29.15
SAMPALOC I,2022,10,0,367.8,32.6,26.9,3.0,320.0,77.0,29.75
SAMPALOC I,2023,10,2,201.3,31.8,26.6,3.0,320.0,78.0,29.200000000000003
SAMPALOC II,2010,10,4,444.7,31.6,26.6,3.0,110.0,83.0,29.1
SAMPALOC II,2011,10,1,172.1,32.5,25.9,3.0,140.0,81.0,29.2
SAMPALOC II,2012,10,3,308.0,31.7,25.6,3.0,140.0,80.0,28.65
SAMPALOC II,2013,10,0,246.3,31.2,25.7,2.0,270.0,82.0,28.45
SAMPALOC II,2014,10,3,212.9,32.0,26.2,2.0,140.0,82.0,29.1
SAMPALOC II,2015,10,24,188.0,32.1,26.7,3.0,90.0,81.0,29.4
SAMPALOC II,2016,10,1,208.8,32.0,26.6,3.0,220.0,81.0,29.3
SAMPALOC II,2017,10,3,196.1,31.6,26.6,3.0,320.0,82.0,29.1
SAMPALOC II,2018,10,4,72.8,33.1,27.0,3.0,90.0,75.0,30.05
SAMPALOC II,2019,10,6,33.2,33.2,26.5,3.0,320.0,73.0,29.85
SAMPALOC II,2020,10,0,375.7,31.8,26.1,3.0,320.0,81.0,28.950000000000003
SAMPALOC II,2021,10,0,121.8,32.0,26.3,2.0,340.0,78.0,29.15
SAMPALOC II,2022,10,1,367.8,32.6,26.9,3.0,320.0,77.0,29.75
SAMPALOC II,2023,10,0,201.3,31.8,26.6,3.0,320.0,78.0,29.200000000000003
SAMPALOC III,2010,10,4,444.7,31.6,26.6,3.0,110.0,83.0,29.1
SAMPALOC III,2011,10,2,172.1,32.5,25.9,3.0,140.0,81.0,29.2
SAMPALOC III,2012,10,0,308.0,31.7,25.6,3.0,140.0,80.0,28.65
SAMPALOC III,2013,10,2,246.3,31.2,25.7,2.0,270.0,82.0,28.45
SAMPALOC III,2014,10,0,212.9,32.0,26.2,2.0,140.0,82.0,29.1
SAMPALOC III,2015,10,7,188.0,32.1,26.7,3.0,90.0,81.0,29.4
SAMPALOC III,2016,10,0,208.8,32.0,26.6,3.0,220.0,81.0,29.3
SAMPALOC III,2017,10,1,196.1,31.6,26.6,3.0,320.0,82.0,29.1
SAMPALOC III,2018,10,7,72.8,33.1,27.0,3.0,90.0,75.0,30.05
SAMPALOC III,2019,10,9,33.2,33.2,26.5,3.0,320.0,73.0,29.85
SAMPALOC III,2020,10,0,375.7,31.8,26.1,3.0,320.0,81.0,28.950000000000003
SAMPALOC III,2021,10,0,121.8,32.0,26.3,2.0,340.0,78.0,29.15
SAMPALOC III,2022,10,0,367.8,32.6,26.9,3.0,320.0,77.0,29.75
SAMPALOC III,2023,10,0,201.3,31.8,26.6,3.0,320.0,78.0,29.200000000000003
SAMPALOC IV,2010,10,7,444.7,31.6,26.6,3.0,110.0,83.0,29.1
SAMPALOC IV,2011,10,5,172.1,32.5,25.9,3.0,140.0,81.0,29.2
SAMPALOC IV,2012,10,2,308.0,31.7,25.6,3.0,140.0,80.0,28.65
SAMPALOC IV,2013,10,5,246.3,31.2,25.7,2.0,270.0,82.0,28.45
SAMPALOC IV,2014,10,2,212.9,32.0,26.2,2.0,140.0,82.0,29.1
SAMPALOC IV,2015,10,22,188.0,32.1,26.7,3.0,90.0,81.0,29.4
SAMPALOC IV,2016,10,2,208.8,32.0,26.6,3.0,220.0,81.0,29.3
SAMPALOC IV,2017,10,2,196.1,31.6,26.6,3.0,320.0,82.0,29.1
SAMPALOC IV,2018,10,11,72.8,33.1,27.0,3.0,90.0,75.0,30.05
SAMPALOC IV,2019,10,27,33.2,33.2,26.5,3.0,320.0,73.0,29.85
SAMPALOC IV,2020,10,0,375.7,31.8,26.1,3.0,320.0,81.0,28.950000000000003
SAMPALOC IV,2021,10,3,121.8,32.0,26.3,2.0,340.0,78.0,29.15
SAMPALOC IV,2022,10,6,367.8,32.6,26.9,3.0,320.0,77.0,29.75
SAMPALOC IV,2023,10,2,201.3,31.8,26.6,3.0,320.0,78.0,29.200000000000003
SAMPALOC V,2010,10,0,444.7,31.6,26.6,3.0,110.0,83.0,29.1
SAMPALOC V,2011,10,1,172.1,32.5,25.9,3.0,140.0,81.0,29.2
SAMPALOC V,2012,10,0,308.0,31.7,25.6,3.0,140.0,80.0,28.65
SAMPALOC V,2013,10,0,246.3,31.2,25.7,2.0,270.0,82.0,28.45
SAMPALOC V,2014,10,0,212.9,32.0,26.2,2.0,140.0,82.0,29.1
SAMPALOC V,2015,10,2,188.0,32.1,26.7,3.0,90.0,81.0,29.4
SAMPALOC V,2017,10,0,196.1,31.6,26.6,3.0,320.0,82.0,29.1
SAMPALOC V,2018,10,0,72.8,33.1,27.0,3.0,90.0,75.0,30.05
SAMPALOC V,2019,10,2,33.2,33.2,26.5,3.0,320.0,73.0,29.85
SAMPALOC V,2023,10,0,201.3,31.8,26.6,3.0,320.0,78.0,29.200000000000003
SAN AGUSTIN I,2010,10,2,444.7,31.6,26.6,3.0,110.0,83.0,29.1
SAN AGUSTIN I,2011,10,1,172.1,32.5,25.9,3.0,140.0,81.0,29.2
SAN AGUSTIN I,2012,10,1,308.0,31.7,25.6,3.0,140.0,80.0,28.65
SAN AGUSTIN I,2013,10,3,246.3,31.2,25.7,2.0,270.0,82.0,28.45
SAN AGUSTIN I,2014,10,1,212.9,32.0,26.2,2.0,140.0,82.0,29.1
SAN AGUSTIN I,2015,10,11,188.0,32.1,26.7,3.0,90.0,81.0,29.4
SAN AGUSTIN I,2016,10,2,208.8,32.0,26.6,3.0,220.0,81.0,29.3
SAN AGUSTIN I,2017,10,3,196.1,31.6,26.6,3.0,320.0,82.0,29.1
SAN AGUSTIN I,2018,10,4,72.8,33.1,27.0,3.0,90.0,75.0,30.05
SAN AGUSTIN I,2019,10,9,33.2,33.2,26.5,3.0,320.0,73.0,29.85
SAN AGUSTIN I,2020,10,0,375.7,31.8,26.1,3.0,320.0,81.0,28.950000000000003
SAN AGUSTIN I,2021,10,0,121.8,32.0,26.3,2.0,340.0,78.0,29.15
SAN AGUSTIN I,2022,10,2,367.8,32.6,26.9,3.0,320.0,77.0,29.75
SAN AGUSTIN I,2023,10,1,201.3,31.8,26.6,3.0,320.0,78.0,29.200000000000003
SAN AGUSTIN II,2010,10,11,444.7,31.6,26.6,3.0,110.0,83.0,29.1
SAN AGUSTIN II,2011,10,1,172.1,32.5,25.9,3.0,140.0,81.0,29.2
SAN AGUSTIN II,2012,10,3,308.0,31.7,25.6,3.0,140.0,80.0,28.65
SAN AGUSTIN II,2013,10,0,246.3,31.2,25.7,2.0,270.0,82.0,28.45
SAN AGUSTIN II,2014,10,3,212.9,32.0,26.2,2.0,140.0,82.0,29.1
SAN AGUSTIN II,2015,10,19,188.0,32.1,26.7,3.0,90.0,81.0,29.4
SAN AGUSTIN II,2016,10,1,208.8,32.0,26.6,3.0,220.0,81.0,29.3
SAN AGUSTIN II,2017,10,5,196.1,31.6,26.6,3.0,320.0,82.0,29.1
SAN AGUSTIN II,2018,10,4,72.8,33.1,27.0,3.0,90.0,75.0,30.05
SAN AGUSTIN II,2019,10,6,33.2,33.2,26.5,3.0,320.0,73.0,29.85
SAN AGUSTIN II,2020,10,0,375.7,31.8,26.1,3.0,320.0,81.0,28.950000000000003
SAN AGUSTIN II,2021,10,1,121.8,32.0,26.3,2.0,340.0,78.0,29.15
SAN AGUSTIN II,2022,10,1,367.8,32.6,26.9,3.0,320.0,77.0,29.75
SAN AGUSTIN II,2023,10,1,201.3,31.8,26.6,3.0,320.0,78.0,29.200000000000003
SAN AGUSTIN III,2010,10,6,444.7,31.6,26.6,3.0,110.0,83.0,29.1
SAN AGUSTIN III,2011,10,3,172.1,32.5,25.9,3.0,140.0,81.0,29.2
SAN AGUSTIN III,2012,10,3,308.0,31.7,25.6,3.0,140.0,80.0,28.65
SAN AGUSTIN III,2013,10,3,246.3,31.2,25.7,2.0,270.0,82.0,28.45
SAN AGUSTIN III,2014,10,3,212.9,32.0,26.2,2.0,140.0,82.0,29.1
SAN AGUSTIN III,2015,10,12,188.0,32.1,26.7,3.0,90.0,81.0,29.4
SAN AGUSTIN III,2016,10,4,208.8,32.0,26.6,3.0,220.0,81.0,29.3
SAN AGUSTIN III,2017,10,3,196.1,31.6,26.6,3.0,320.0,82.0,29.1
SAN AGUSTIN III,2018,10,0,72.8,33.1,27.0,3.0,90.0,75.0,30.05
SAN AGUSTIN III,2019,10,11,33.2,33.2,26.5,3.0,320.0,73.0,29.85
SAN AGUSTIN III,2020,10,0,375.7,31.8,26.1,3.0,320.0,81.0,28.950000000000003
SAN AGUSTIN III,2021,10,1,121.8,32.0,26.3,2.0,340.0,78.0,29.15
SAN AGUSTIN III,2022,10,1,367.8,32.6,26.9,3.0,320.0,77.0,29.75
SAN AGUSTIN III,2023,10,0,201.3,31.8,26.6,3.0,320.0,78.0,29.200000000000003
SAN ANDRES I,2010,10,0,444.7,31.6,26.6,3.0,110.0,83.0,29.1
SAN ANDRES I,2011,10,0,172.1,32.5,25.9,3.0,140.0,81.0,29.2
SAN ANDRES I,2012,10,1,308.0,31.7,25.6,3.0,140.0,80.0,28.65
SAN ANDRES I,2013,10,0,246.3,31.2,25.7,2.0,270.0,82.0,28.45
SAN ANDRES I,2014,10,1,212.9,32.0,26.2,2.0,140.0,82.0,29.1
SAN ANDRES I,2015,10,3,188.0,32.1,26.7,3.0,90.0,81.0,29.4
SAN ANDRES I,2016,10,0,208.8,32.0,26.6,3.0,220.0,81.0,29.3
SAN ANDRES I,2017,10,2,196.1,31.6,26.6,3.0,320.0,82.0,29.1
SAN ANDRES I,2018,10,2,72.8,33.1,27.0,3.0,90.0,75.0,30.05
SAN ANDRES I,2019,10,1,33.2,33.2,26.5,3.0,320.0,73.0,29.85
SAN ANDRES I,2020,10,0,375.7,31.8,26.1,3.0,320.0,81.0,28.950000000000003
SAN ANDRES I,2021,10,0,121.8,32.0,26.3,2.0,340.0,78.0,29.15
SAN ANDRES I,2022,10,0,367.8,32.6,26.9,3.0,320.0,77.0,29.75
SAN ANDRES I,2023,10,1,201.3,31.8,26.6,3.0,320.0,78.0,29.200000000000003
SAN ANDRES II,2011,10,0,172.1,32.5,25.9,3.0,140.0,81.0,29.2
SAN ANDRES II,2012,10,1,308.0,31.7,25.6,3.0,140.0,80.0,28.65
SAN ANDRES II,2014,10,1,212.9,32.0,26.2,2.0,140.0,82.0,29.1
SAN ANDRES II,2015,10,2,188.0,32.1,26.7,3.0,90.0,81.0,29.4
SAN ANDRES II,2016,10,1,208.8,32.0,26.6,3.0,220.0,81.0,29.3
SAN ANDRES II,2017,10,0,196.1,31.6,26.6,3.0,320.0,82.0,29.1
SAN ANDRES II,2018,10,0,72.8,33.1,27.0,3.0,90.0,75.0,30.05
SAN ANDRES II,2019,10,4,33.2,33.2,26.5,3.0,320.0,73.0,29.85
SAN ANDRES II,2020,10,0,375.7,31.8,26.1,3.0,320.0,81.0,28.950000000000003
SAN ANDRES II,2021,10,0,121.8,32.0,26.3,2.0,340.0,78.0,29.15
SAN ANDRES II,2022,10,1,367.8,32.6,26.9,3.0,320.0,77.0,29.75
SAN ANDRES II,2023,10,0,201.3,31.8,26.6,3.0,320.0,78.0,29.200000000000003
SAN ANTONIO DE PADUA I,2011,10,0,172.1,32.5,25.9,3.0,140.0,81.0,29.2
SAN ANTONIO DE PADUA I,2012,10,4,308.0,31.7,25.6,3.0,140.0,80.0,28.65
SAN ANTONIO DE PADUA I,2013,10,1,246.3,31.2,25.7,2.0,270.0,82.0,28.45
SAN ANTONIO DE PADUA I,2014,10,4,212.9,32.0,26.2,2.0,140.0,82.0,29.1
SAN ANTONIO DE PADUA I,2015,10,7,188.0,32.1,26.7,3.0,90.0,81.0,29.4
SAN ANTONIO DE PADUA I,2016,10,2,208.8,32.0,26.6,3.0,220.0,81.0,29.3
SAN ANTONIO DE PADUA I,2017,10,0,196.1,31.6,26.6,3.0,320.0,82.0,29.1
SAN ANTONIO DE PADUA I,2018,10,0,72.8,33.1,27.0,3.0,90.0,75.0,30.05
SAN ANTONIO DE PADUA I,2019,10,1,33.2,33.2,26.5,3.0,320.0,73.0,29.85
SAN ANTONIO DE PADUA I,2020,10,0,375.7,31.8,26.1,3.0,320.0,81.0,28.950000000000003
SAN ANTONIO DE PADUA I,2021,10,1,121.8,32.0,26.3,2.0,340.0,78.0,29.15
SAN ANTONIO DE PADUA I,2022,10,1,367.8,32.6,26.9,3.0,320.0,77.0,29.75
SAN ANTONIO DE PADUA I,2023,10,0,201.3,31.8,26.6,3.0,320.0,78.0,29.200000000000003
SAN ANTONIO DE PADUA II,2010,10,0,444.7,31.6,26.6,3.0,110.0,83.0,29.1
SAN ANTONIO DE PADUA II,2011,10,0,172.1,32.5,25.9,3.0,140.0,81.0,29.2
SAN ANTONIO DE PADUA II,2012,10,0,308.0,31.7,25.6,3.0,140.0,80.0,28.65
SAN ANTONIO DE PADUA II,2013,10,0,246.3,31.2,25.7,2.0,270.0,82.0,28.45
SAN ANTONIO DE PADUA II,2014,10,0,212.9,32.0,26.2,2.0,140.0,82.0,29.1
SAN ANTONIO DE PADUA II,2015,10,2,188.0,32.1,26.7,3.0,90.0,81.0,29.4
SAN ANTONIO DE PADUA II,2016,10,0,208.8,32.0,26.6,3.0,220.0,81.0,29.3
SAN ANTONIO DE PADUA II,2017,10,0,196.1,31.6,26.6,3.0,320.0,82.0,29.1
SAN ANTONIO DE PADUA II,2018,10,0,72.8,33.1,27.0,3.0,90.0,75.0,30.05
SAN ANTONIO DE PADUA II,2019,10,1,33.2,33.2,26.5,3.0,320.0,73.0,29.85
SAN ANTONIO DE PADUA II,2020,10,0,375.7,31.8,26.1,3.0,320.0,81.0,28.950000000000003
SAN ANTONIO DE PADUA II,2021,10,1,121.8,32.0,26.3,2.0,340.0,78.0,29.15
SAN ANTONIO DE PADUA II,2022,10,1,367.8,32.6,26.9,3.0,320.0,77.0,29.75
SAN ANTONIO DE PADUA II,2023,10,0,201.3,31.8,26.6,3.0,320.0,78.0,29.200000000000003
SAN DIONISIO (BARANGAY I),2010,10,2,444.7,31.6,26.6,3.0,110.0,83.0,29.1
SAN DIONISIO (BARANGAY I),2011,10,0,172.1,32.5,25.9,3.0,140.0,81.0,29.2
SAN DIONISIO (BARANGAY I),2012,10,1,308.0,31.7,25.6,3.0,140.0,80.0,28.65
SAN DIONISIO (BARANGAY I),2013,10,0,246.3,31.2,25.7,2.0,270.0,82.0,28.45
SAN DIONISIO (BARANGAY I),2014,10,1,212.9,32.0,26.2,2.0,140.0,82.0,29.1
SAN DIONISIO (BARANGAY I),2015,10,8,188.0,32.1,26.7,3.0,90.0,81.0,29.4
SAN DIONISIO (BARANGAY I),2016,10,0,208.8,32.0,26.6,3.0,220.0,81.0,29.3
SAN DIONISIO (BARANGAY I),2017,10,2,196.1,31.6,26.6,3.0,320.0,82.0,29.1
SAN DIONISIO (BARANGAY I),2018,10,1,72.8,33.1,27.0,3.0,90.0,75.0,30.05
SAN DIONISIO (BARANGAY I),2019,10,6,33.2,33.2,26.5,3.0,320.0,73.0,29.85
SAN DIONISIO (BARANGAY I),2021,10,0,121.8,32.0,26.3,2.0,340.0,78.0,29.15
SAN DIONISIO (BARANGAY I),2022,10,0,367.8,32.6,26.9,3.0,320.0,77.0,29.75
SAN DIONISIO (BARANGAY I),2023,10,0,201.3,31.8,26.6,3.0,320.0,78.0,29.200000000000003
SAN ESTEBAN (BARANGAY IV),2010,10,0,444.7,31.6,26.6,3.0,110.0,83.0,29.1
SAN ESTEBAN (BARANGAY IV),2011,10,0,172.1,32.5,25.9,3.0,140.0,81.0,29.2
SAN ESTEBAN (BARANGAY IV),2012,10,0,308.0,31.7,25.6,3.0,140.0,80.0,28.65
SAN ESTEBAN (BARANGAY IV),2013,10,0,246.3,31.2,25.7,2.0,270.0,82.0,28.45
SAN ESTEBAN (BARANGAY IV),2014,10,0,212.9,32.0,26.2,2.0,140.0,82.0,29.1
SAN ESTEBAN (BARANGAY IV),2015,10,4,188.0,32.1,26.7,3.0,90.0,81.0,29.4
SAN ESTEBAN (BARANGAY IV),2016,10,0,208.8,32.0,26.6,3.0,220.0,81.0,29.3
SAN ESTEBAN (BARANGAY IV),2017,10,1,196.1,31.6,26.6,3.0,320.0,82.0,29.1
SAN ESTEBAN (BARANGAY IV),2018,10,2,72.8,33.1,27.0,3.0,90.0,75.0,30.05
SAN ESTEBAN (BARANGAY IV),2019,10,4,33.2,33.2,26.5,3.0,320.0,73.0,29.85
SAN ESTEBAN (BARANGAY IV),2020,10,0,375.7,31.8,26.1,3.0,320.0,81.0,28.950000000000003
SAN ESTEBAN (BARANGAY IV),2021,10,0,121.8,32.0,26.3,2.0,340.0,78.0,29.15
SAN ESTEBAN (BARANGAY IV),2022,10,0,367.8,32.6,26.9,3.0,320.0,77.0,29.75
SAN ESTEBAN (BARANGAY IV),2023,10,1,201.3,31.8,26.6,3.0,320.0,78.0,29.200000000000003
SAN FRANCISCO I,2010,10,0,444.7,31.6,26.6,3.0,110.0,83.0,29.1
SAN FRANCISCO I,2011,10,0,172.1,32.5,25.9,3.0,140.0,81.0,29.2
SAN FRANCISCO I,2012,10,0,308.0,31.7,25.6,3.0,140.0,80.0,28.65
SAN FRANCISCO I,2014,10,0,212.9,32.0,26.2,2.0,140.0,82.0,29.1
SAN FRANCISCO I,2015,10,4,188.0,32.1,26.7,3.0,90.0,81.0,29.4
SAN FRANCISCO I,2016,10,0,208.8,32.0,26.6,3.0,220.0,81.0,29.3
SAN FRANCISCO I,2017,10,0,196.1,31.6,26.6,3.0,320.0,82.0,29.1
SAN FRANCISCO I,2018,10,0,72.8,33.1,27.0,3.0,90.0,75.0,30.05
SAN FRANCISCO I,2019,10,4,33.2,33.2,26.5,3.0,320.0,73.0,29.85
SAN FRANCISCO I,2020,10,0,375.7,31.8,26.1,3.0,320.0,81.0,28.950000000000003
SAN FRANCISCO I,2021,10,1,121.8,32.0,26.3,2.0,340.0,78.0,29.15
SAN FRANCISCO I,2022,10,0,367.8,32.6,26.9,3.0,320.0,77.0,29.75
SAN FRANCISCO I,2023,10,0,201.3,31.8,26.6,3.0,320.0,78.0,29.200000000000003
SAN FRANCISCO II,2011,10,0,172.1,32.5,25.9,3.0,140.0,81.0,29.2
SAN FRANCISCO II,2012,10,0,308.0,31.7,25.6,3.0,140.0,80.0,28.65
SAN FRANCISCO II,2013,10,0,246.3,31.2,25.7,2.0,270.0,82.0,28.45
SAN FRANCISCO II,2014,10,0,212.9,32.0,26.2,2.0,140.0,82.0,29.1
SAN FRANCISCO II,2015,10,2,188.0,32.1,26.7,3.0,90.0,81.0,29.4
SAN FRANCISCO II,2016,10,0,208.8,32.0,26.6,3.0,220.0,81.0,29.3
SAN FRANCISCO II,2017,10,1,196.1,31.6,26.6,3.0,320.0,82.0,29.1
SAN FRANCISCO II,2018,10,1,72.8,33.1,27.0,3.0,90.0,75.0,30.05
SAN FRANCISCO II,2019,10,5,33.2,33.2,26.5,3.0,320.0,73.0,29.85
SAN FRANCISCO II,2020,10,0,375.7,31.8,26.1,3.0,320.0,81.0,28.950000000000003
SAN FRANCISCO II,2022,10,0,367.8,32.6,26.9,3.0,320.0,77.0,29.75
SAN FRANCISCO II,2023,10,0,201.3,31.8,26.6,3.0,320.0,78.0,29.200000000000003
SAN ISIDRO LABRADOR I,2010,10,0,444.7,31.6,26.6,3.0,110.0,83.0,29.1
SAN ISIDRO LABRADOR I,2011,10,2,172.1,32.5,25.9,3.0,140.0,81.0,29.2
SAN ISIDRO LABRADOR I,2012,10,2,308.0,31.7,25.6,3.0,140.0,80.0,28.65
SAN ISIDRO LABRADOR I,2013,10,1,246.3,31.2,25.7,2.0,270.0,82.0,28.45
SAN ISIDRO LABRADOR I,2014,10,2,212.9,32.0,26.2,2.0,140.0,82.0,29.1
SAN ISIDRO LABRADOR I,2015,10,1,188.0,32.1,26.7,3.0,90.0,81.0,29.4
SAN ISIDRO LABRADOR I,2016,10,0,208.8,32.0,26.6,3.0,220.0,81.0,29.3
SAN ISIDRO LABRADOR I,2017,10,0,196.1,31.6,26.6,3.0,320.0,82.0,29.1
SAN ISIDRO LABRADOR I,2018,10,5,72.8,33.1,27.0,3.0,90.0,75.0,30.05
SAN ISIDRO LABRADOR I,2019,10,0,33.2,33.2,26.5,3.0,320.0,73.0,29.85
SAN ISIDRO LABRADOR I,2020,10,0,375.7,31.8,26.1,3.0,320.0,81.0,28.950000000000003
SAN ISIDRO LABRADOR I,2021,10,0,121.8,32.0,26.3,2.0,340.0,78.0,29.15
SAN ISIDRO LABRADOR I,2022,10,1,367.8,32.6,26.9,3.0,320.0,77.0,29.75
SAN ISIDRO LABRADOR I,2023,10,2,201.3,31.8,26.6,3.0,320.0,78.0,29.200000000000003
SAN ISIDRO LABRADOR II,2010,10,0,444.7,31.6,26.6,3.0,110.0,83.0,29.1
SAN ISIDRO LABRADOR II,2011,10,0,172.1,32.5,25.9,3.0,140.0,81.0,29.2
SAN ISIDRO LABRADOR II,2012,10,0,308.0,31.7,25.6,3.0,140.0,80.0,28.65
SAN ISIDRO LABRADOR II,2013,10,1,246.3,31.2,25.7,2.0,270.0,82.0,28.45
SAN ISIDRO LABRADOR II,2014,10,0,212.9,32.0,26.2,2.0,140.0,82.0,29.1
SAN ISIDRO LABRADOR II,2015,10,0,188.0,32.1,26.7,3.0,90.0,81.0,29.4
SAN ISIDRO LABRADOR II,2016,10,0,208.8,32.0,26.6,3.0,220.0,81.0,29.3
SAN ISIDRO LABRADOR II,2017,10,1,196.1,31.6,26.6,3.0,320.0,82.0,29.1
SAN ISIDRO LABRADOR II,2018,10,0,72.8,33.1,27.0,3.0,90.0,75.0,30.05
SAN ISIDRO LABRADOR II,2019,10,1,33.2,33.2,26.5,3.0,320.0,73.0,29.85
SAN ISIDRO LABRADOR II,2020,10,0,375.7,31.8,26.1,3.0,320.0,81.0,28.950000000000003
SAN ISIDRO LABRADOR II,2021,10,0,121.8,32.0,26.3,2.0,340.0,78.0,29.15
SAN ISIDRO LABRADOR II,2022,10,0,367.8,32.6,26.9,3.0,320.0,77.0,29.75
SAN ISIDRO LABRADOR II,2023,10,0,201.3,31.8,26.6,3.0,320.0,78.0,29.200000000000003
SAN JOSE,2010,10,7,444.7,31.6,26.6,3.0,110.0,83.0,29.1
SAN JOSE,2011,10,3,172.1,32.5,25.9,3.0,140.0,81.0,29.2
SAN JOSE,2012,10,2,308.0,31.7,25.6,3.0,140.0,80.0,28.65
SAN JOSE,2013,10,5,246.3,31.2,25.7,2.0,270.0,82.0,28.45
SAN JOSE,2014,10,2,212.9,32.0,26.2,2.0,140.0,82.0,29.1
SAN JOSE,2015,10,14,188.0,32.1,26.7,3.0,90.0,81.0,29.4
SAN JOSE,2016,10,2,208.8,32.0,26.6,3.0,220.0,81.0,29.3
SAN JOSE,2017,10,4,196.1,31.6,26.6,3.0,320.0,82.0,29.1
SAN JOSE,2018,10,3,72.8,33.1,27.0,3.0,90.0,75.0,30.05
SAN JOSE,2019,10,15,33.2,33.2,26.5,3.0,320.0,73.0,29.85
SAN JOSE,2020,10,0,375.7,31.8,26.1,3.0,320.0,81.0,28.950000000000003
SAN JOSE,2021,10,1,121.8,32.0,26.3,2.0,340.0,78.0,29.15
SAN JOSE,2022,10,2,367.8,32.6,26.9,3.0,320.0,77.0,29.75
SAN JOSE,2023,10,1,201.3,31.8,26.6,3.0,320.0,78.0,29.200000000000003
SAN JUAN (SAN JUAN I),2010,10,0,444.7,31.6,26.6,3.0,110.0,83.0,29.1
SAN JUAN (SAN JUAN I),2011,10,0,172.1,32.5,25.9,3.0,140.0,81.0,29.2
SAN JUAN (SAN JUAN I),2012,10,0,308.0,31.7,25.6,3.0,140.0,80.0,28.65
SAN JUAN (SAN JUAN I),2013,10,0,246.3,31.2,25.7,2.0,270.0,82.0,28.45
SAN JUAN (SAN JUAN I),2014,10,0,212.9,32.0,26.2,2.0,140.0,82.0,29.1
SAN JUAN (SAN JUAN I),2015,10,5,188.0,32.1,26.7,3.0,90.0,81.0,29.4
SAN JUAN (SAN JUAN I),2016,10,0,208.8,32.0,26.6,3.0,220.0,81.0,29.3
SAN JUAN (SAN JUAN I),2017,10,0,196.1,31.6,26.6,3.0,320.0,82.0,29.1
SAN JUAN (SAN JUAN I),2018,10,0,72.8,33.1,27.0,3.0,90.0,75.0,30.05
SAN JUAN (SAN JUAN I),2019,10,1,33.2,33.2,26.5,3.0,320.0,73.0,29.85
SAN JUAN (SAN JUAN I),2021,10,1,121.8,32.0,26.3,2.0,340.0,78.0,29.15
SAN JUAN (SAN JUAN I),2022,10,0,367.8,32.6,26.9,3.0,320.0,77.0,29.75
SAN JUAN (SAN JUAN I),2023,10,0,201.3,31.8,26.6,3.0,320.0,78.0,29.200000000000003
SAN LORENZO RUIZ I,2010,10,0,444.7,31.6,26.6,3.0,110.0,83.0,29.1
SAN LORENZO RUIZ I,2011,10,1,172.1,32.5,25.9,3.0,140.0,81.0,29.2
SAN LORENZO RUIZ I,2013,10,0,246.3,31.2,25.7,2.0,270.0,82.0,28.45
SAN LORENZO RUIZ I,2015,10,7,188.0,32.1,26.7,3.0,90.0,81.0,29.4
SAN LORENZO RUIZ I,2016,10,1,208.8,32.0,26.6,3.0,220.0,81.0,29.3
SAN LORENZO RUIZ I,2017,10,0,196.1,31.6,26.6,3.0,320.0,82.0,29.1
SAN LORENZO RUIZ I,2018,10,1,72.8,33.1,27.0,3.0,90.0,75.0,30.05
SAN LORENZO RUIZ I,2019,10,3,33.2,33.2,26.5,3.0,320.0,73.0,29.85
SAN LORENZO RUIZ I,2020,10,0,375.7,31.8,26.1,3.0,320.0,81.0,28.950000000000003
SAN LORENZO RUIZ I,2021,10,0,121.8,32.0,26.3,2.0,340.0,78.0,29.15
SAN LORENZO RUIZ I,2022,10,0,367.8,32.6,26.9,3.0,320.0,77.0,29.75
SAN LORENZO RUIZ I,2023,10,1,201.3,31.8,26.6,3.0,320.0,78.0,29.200000000000003
SAN LORENZO RUIZ II,2010,10,1,444.7,31.6,26.6,3.0,110.0,83.0,29.1
SAN LORENZO RUIZ II,2011,10,0,172.1,32.5,25.9,3.0,140.0,81.0,29.2
SAN LORENZO RUIZ II,2012,10,2,308.0,31.7,25.6,3.0,140.0,80.0,28.65
SAN LORENZO RUIZ II,2013,10,0,246.3,31.2,25.7,2.0,270.0,82.0,28.45
SAN LORENZO RUIZ II,2014,10,2,212.9,32.0,26.2,2.0,140.0,82.0,29.1
SAN LORENZO RUIZ II,2015,10,3,188.0,32.1,26.7,3.0,90.0,81.0,29.4
SAN LORENZO RUIZ II,2016,10,1,208.8,32.0,26.6,3.0,220.0,81.0,29.3
SAN LORENZO RUIZ II,2018,10,1,72.8,33.1,27.0,3.0,90.0,75.0,30.05
SAN LORENZO RUIZ II,2019,10,3,33.2,33.2,26.5,3.0,320.0,73.0,29.85
SAN LORENZO RUIZ II,2020,10,0,375.7,31.8,26.1,3.0,320.0,81.0,28.950000000000003
SAN LORENZO RUIZ II,2021,10,1,121.8,32.0,26.3,2.0,340.0,78.0,29.15
SAN LORENZO RUIZ II,2023,10,0,201.3,31.8,26.6,3.0,320.0,78.0,29.200000000000003
SAN LUIS I,2010,10,1,444.7,31.6,26.6,3.0,110.0,83.0,29.1
SAN LUIS I,2011,10,1,172.1,32.5,25.9,3.0,140.0,81.0,29.2
SAN LUIS I,2012,10,1,308.0,31.7,25.6,3.0,140.0,80.0,28.65
SAN LUIS I,2013,10,2,246.3,31.2,25.7,2.0,270.0,82.0,28.45
SAN LUIS I,2014,10,1,212.9,32.0,26.2,2.0,140.0,82.0,29.1
SAN LUIS I,2015,10,12,188.0,32.1,26.7,3.0,90.0,81.0,29.4
SAN LUIS I,2016,10,0,208.8,32.0,26.6,3.0,220.0,81.0,29.3
SAN LUIS I,2017,10,0,196.1,31.6,26.6,3.0,320.0,82.0,29.1
SAN LUIS I,2018,10,0,72.8,33.1,27.0,3.0,90.0,75.0,30.05
SAN LUIS I,2019,10,3,33.2,33.2,26.5,3.0,320.0,73.0,29.85
SAN LUIS I,2020,10,0,375.7,31.8,26.1,3.0,320.0,81.0,28.950000000000003
SAN LUIS I,2021,10,0,121.8,32.0,26.3,2.0,340.0,78.0,29.15
SAN LUIS I,2022,10,0,367.8,32.6,26.9,3.0,320.0,77.0,29.75
SAN LUIS I,2023,10,1,201.3,31.8,26.6,3.0,320.0,78.0,29.200000000000003
SAN LUIS II,2010,10,2,444.7,31.6,26.6,3.0,110.0,83.0,29.1
SAN LUIS II,2011,10,0,172.1,32.5,25.9,3.0,140.0,81.0,29.2
SAN LUIS II,2012,10,2,308.0,31.7,25.6,3.0,140.0,80.0,28.65
SAN LUIS II,2013,10,0,246.3,31.2,25.7,2.0,270.0,82.0,28.45
SAN LUIS II,2014,10,2,212.9,32.0,26.2,2.0,140.0,82.0,29.1
SAN LUIS II,2015,10,16,188.0,32.1,26.7,3.0,90.0,81.0,29.4
SAN LUIS II,2016,10,0,208.8,32.0,26.6,3.0,220.0,81.0,29.3
SAN LUIS II,2017,10,0,196.1,31.6,26.6,3.0,320.0,82.0,29.1
SAN LUIS II,2018,10,0,72.8,33.1,27.0,3.0,90.0,75.0,30.05
SAN LUIS II,2019,10,4,33.2,33.2,26.5,3.0,320.0,73.0,29.85
SAN LUIS II,2020,10,0,375.7,31.8,26.1,3.0,320.0,81.0,28.950000000000003
SAN LUIS II,2021,10,1,121.8,32.0,26.3,2.0,340.0,78.0,29.15
SAN LUIS II,2022,10,2,367.8,32.6,26.9,3.0,320.0,77.0,29.75
SAN LUIS II,2023,10,0,201.3,31.8,26.6,3.0,320.0,78.0,29.200000000000003
SAN MANUEL I,2010,10,1,444.7,31.6,26.6,3.0,110.0,83.0,29.1
SAN MANUEL I,2012,10,2,308.0,31.7,25.6,3.0,140.0,80.0,28.65
SAN MANUEL I,2013,10,1,246.3,31.2,25.7,2.0,270.0,82.0,28.45
SAN MANUEL I,2014,10,2,212.9,32.0,26.2,2.0,140.0,82.0,29.1
SAN MANUEL I,2015,10,3,188.0,32.1,26.7,3.0,90.0,81.0,29.4
SAN MANUEL I,2016,10,0,208.8,32.0,26.6,3.0,220.0,81.0,29.3
SAN MANUEL I,2017,10,0,196.1,31.6,26.6,3.0,320.0,82.0,29.1
SAN MANUEL I,2018,10,2,72.8,33.1,27.0,3.0,90.0,75.0,30.05
SAN MANUEL I,2019,10,1,33.2,33.2,26.5,3.0,320.0,73.0,29.85
SAN MANUEL I,2022,10,1,367.8,32.6,26.9,3.0,320.0,77.0,29.75
SAN MANUEL I,2023,10,0,201.3,31.8,26.6,3.0,320.0,78.0,29.200000000000003
SAN MANUEL II,2010,10,0,444.7,31.6,26.6,3.0,110.0,83.0,29.1
SAN MANUEL II,2011,10,0,172.1,32.5,25.9,3.0,140.0,81.0,29.2
SAN MANUEL II,2012,10,1,308.0,31.7,25.6,3.0,140.0,80.0,28.65
SAN MANUEL II,2013,10,0,246.3,31.2,25.7,2.0,270.0,82.0,28.45
SAN MANUEL II,2014,10,1,212.9,32.0,26.2,2.0,140.0,82.0,29.1
SAN MANUEL II,2015,10,7,188.0,32.1,26.7,3.0,90.0,81.0,29.4
SAN MANUEL II,2016,10,0,208.8,32.0,26.6,3.0,220.0,81.0,29.3
SAN MANUEL II,2017,10,1,196.1,31.6,26.6,3.0,320.0,82.0,29.1
SAN MANUEL II,2018,10,3,72.8,33.1,27.0,3.0,90.0,75.0,30.05
SAN MANUEL II,2019,10,2,33.2,33.2,26.5,3.0,320.0,73.0,29.85
SAN MANUEL II,2020,10,0,375.7,31.8,26.1,3.0,320.0,81.0,28.950000000000003
SAN MANUEL II,2021,10,0,121.8,32.0,26.3,2.0,340.0,78.0,29.15
SAN MANUEL II,2022,10,1,367.8,32.6,26.9,3.0,320.0,77.0,29.75
SAN MANUEL II,2023,10,0,201.3,31.8,26.6,3.0,320.0,78.0,29.200000000000003
SAN MATEO,2010,10,0,444.7,31.6,26.6,3.0,110.0,83.0,29.1
SAN MATEO,2011,10,1,172.1,32.5,25.9,3.0,140.0,81.0,29.2
SAN MATEO,2012,10,1,308.0,31.7,25.6,3.0,140.0,80.0,28.65
SAN MATEO,2013,10,0,246.3,31.2,25.7,2.0,270.0,82.0,28.45
SAN MATEO,2014,10,1,212.9,32.0,26.2,2.0,140.0,82.0,29.1
SAN MATEO,2015,10,9,188.0,32.1,26.7,3.0,90.0,81.0,29.4
SAN MATEO,2016,10,0,208.8,32.0,26.6,3.0,220.0,81.0,29.3
SAN MATEO,2017,10,0,196.1,31.6,26.6,3.0,320.0,82.0,29.1
SAN MATEO,2018,10,0,72.8,33.1,27.0,3.0,90.0,75.0,30.05
SAN MATEO,2019,10,5,33.2,33.2,26.5,3.0,320.0,73.0,29.85
SAN MATEO,2020,10,10,375.7,31.8,26.1,3.0,320.0,81.0,28.950000000000003
SAN MATEO,2021,10,0,121.8,32.0,26.3,2.0,340.0,78.0,29.15
SAN MATEO,2022,10,0,367.8,32.6,26.9,3.0,320.0,77.0,29.75
SAN MATEO,2023,10,8,201.3,31.8,26.6,3.0,320.0,78.0,29.200000000000003
SAN MIGUEL,2010,10,2,444.7,31.6,26.6,3.0,110.0,83.0,29.1
SAN MIGUEL,2011,10,1,172.1,32.5,25.9,3.0,140.0,81.0,29.2
SAN MIGUEL,2013,10,0,246.3,31.2,25.7,2.0,270.0,82.0,28.45
SAN MIGUEL,2015,10,7,188.0,32.1,26.7,3.0,90.0,81.0,29.4
SAN MIGUEL,2016,10,1,208.8,32.0,26.6,3.0,220.0,81.0,29.3
SAN MIGUEL,2017,10,0,196.1,31.6,26.6,3.0,320.0,82.0,29.1
SAN MIGUEL,2018,10,1,72.8,33.1,27.0,3.0,90.0,75.0,30.05
SAN MIGUEL,2019,10,3,33.2,33.2,26.5,3.0,320.0,73.0,29.85
SAN MIGUEL,2020,10,0,375.7,31.8,26.1,3.0,320.0,81.0,28.950000000000003
SAN MIGUEL,2021,10,0,121.8,32.0,26.3,2.0,340.0,78.0,29.15
SAN MIGUEL,2022,10,0,367.8,32.6,26.9,3.0,320.0,77.0,29.75
SAN MIGUEL,2023,10,0,201.3,31.8,26.6,3.0,320.0,78.0,29.200000000000003
SAN MIGUEL II,2010,10,2,444.7,31.6,26.6,3.0,110.0,83.0,29.1
SAN MIGUEL II,2011,10,1,172.1,32.5,25.9,3.0,140.0,81.0,29.2
SAN MIGUEL II,2012,10,0,308.0,31.7,25.6,3.0,140.0,80.0,28.65
SAN MIGUEL II,2013,10,0,246.3,31.2,25.7,2.0,270.0,82.0,28.45
SAN MIGUEL II,2014,10,0,212.9,32.0,26.2,2.0,140.0,82.0,29.1
SAN MIGUEL II,2015,10,3,188.0,32.1,26.7,3.0,90.0,81.0,29.4
SAN MIGUEL II,2018,10,0,72.8,33.1,27.0,3.0,90.0,75.0,30.05
SAN MIGUEL II,2019,10,1,33.2,33.2,26.5,3.0,320.0,73.0,29.85
SAN MIGUEL II,2020,10,0,375.7,31.8,26.1,3.0,320.0,81.0,28.950000000000003
SAN MIGUEL II,2022,10,1,367.8,32.6,26.9,3.0,320.0,77.0,29.75
SAN NICOLAS I,2010,10,1,444.7,31.6,26.6,3.0,110.0,83.0,29.1
SAN NICOLAS I,2011,10,0,172.1,32.5,25.9,3.0,140.0,81.0,29.2
SAN NICOLAS I,2012,10,0,308.0,31.7,25.6,3.0,140.0,80.0,28.65
SAN NICOLAS I,2013,10,0,246.3,31.2,25.7,2.0,270.0,82.0,28.45
SAN NICOLAS I,2014,10,0,212.9,32.0,26.2,2.0,140.0,82.0,29.1
SAN NICOLAS I,2015,10,5,188.0,32.1,26.7,3.0,90.0,81.0,29.4
SAN NICOLAS I,2017,10,0,196.1,31.6,26.6,3.0,320.0,82.0,29.1
SAN NICOLAS I,2018,10,1,72.8,33.1,27.0,3.0,90.0,75.0,30.05
SAN NICOLAS I,2019,10,2,33.2,33.2,26.5,3.0,320.0,73.0,29.85
SAN NICOLAS I,2020,10,2,375.7,31.8,26.1,3.0,320.0,81.0,28.950000000000003
SAN NICOLAS I,2023,10,0,201.3,31.8,26.6,3.0,320.0,78.0,29.200000000000003
SAN NICOLAS II,2010,10,0,444.7,31.6,26.6,3.0,110.0,83.0,29.1
SAN NICOLAS II,2011,10,0,172.1,32.5,25.9,3.0,140.0,81.0,29.2
SAN NICOLAS II,2012,10,0,308.0,31.7,25.6,3.0,140.0,80.0,28.65
SAN NICOLAS II,2013,10,0,246.3,31.2,25.7,2.0,270.0,82.0,28.45
SAN NICOLAS II,2014,10,0,212.9,32.0,26.2,2.0,140.0,82.0,29.1
SAN NICOLAS II,2015,10,2,188.0,32.1,26.7,3.0,90.0,81.0,29.4
SAN NICOLAS II,2016,10,1,208.8,32.0,26.6,3.0,220.0,81.0,29.3
SAN NICOLAS II,2017,10,0,196.1,31.6,26.6,3.0,320.0,82.0,29.1
SAN NICOLAS II,2018,10,0,72.8,33.1,27.0,3.0,90.0,75.0,30.05
SAN NICOLAS II,2019,10,3,33.2,33.2,26.5,3.0,320.0,73.0,29.85
SAN NICOLAS II,2020,10,0,375.7,31.8,26.1,3.0,320.0,81.0,28.950000000000003
SAN NICOLAS II,2021,10,0,121.8,32.0,26.3,2.0,340.0,78.0,29.15
SAN NICOLAS II,2023,10,0,201.3,31.8,26.6,3.0,320.0,78.0,29.200000000000003
SAN ROQUE (STA. CRISTINA II),2010,10,1,444.7,31.6,26.6,3.0,110.0,83.0,29.1
SAN ROQUE (STA. CRISTINA II),2012,10,0,308.0,31.7,25.6,3.0,140.0,80.0,28.65
SAN ROQUE (STA. CRISTINA II),2014,10,0,212.9,32.0,26.2,2.0,140.0,82.0,29.1
SAN ROQUE (STA. CRISTINA II),2015,10,6,188.0,32.1,26.7,3.0,90.0,81.0,29.4
SAN ROQUE (STA. CRISTINA II),2016,10,1,208.8,32.0,26.6,3.0,220.0,81.0,29.3
SAN ROQUE (STA. CRISTINA II),2017,10,0,196.1,31.6,26.6,3.0,320.0,82.0,29.1
SAN ROQUE (STA. CRISTINA II),2018,10,0,72.8,33.1,27.0,3.0,90.0,75.0,30.05
SAN ROQUE (STA. CRISTINA II),2019,10,1,33.2,33.2,26.5,3.0,320.0,73.0,29.85
SAN ROQUE (STA. CRISTINA II),2020,10,0,375.7,31.8,26.1,3.0,320.0,81.0,28.950000000000003
SAN SIMON (BARANGAY 7),2010,10,0,444.7,31.6,26.6,3.0,110.0,83.0,29.1
SAN SIMON (BARANGAY 7),2011,10,0,172.1,32.5,25.9,3.0,140.0,81.0,29.2
SAN SIMON (BARANGAY 7),2012,10,1,308.0,31.7,25.6,3.0,140.0,80.0,28.65
SAN SIMON (BARANGAY 7),2013,10,0,246.3,31.2,25.7,2.0,270.0,82.0,28.45
SAN SIMON (BARANGAY 7),2014,10,1,212.9,32.0,26.2,2.0,140.0,82.0,29.1
SAN SIMON (BARANGAY 7),2015,10,8,188.0,32.1,26.7,3.0,90.0,81.0,29.4
SAN SIMON (BARANGAY 7),2016,10,0,208.8,32.0,26.6,3.0,220.0,81.0,29.3
SAN SIMON (BARANGAY 7),2017,10,1,196.1,31.6,26.6,3.0,320.0,82.0,29.1
SAN SIMON (BARANGAY 7),2018,10,1,72.8,33.1,27.0,3.0,90.0,75.0,30.05
SAN SIMON (BARANGAY 7),2019,10,11,33.2,33.2,26.5,3.0,320.0,73.0,29.85
SAN SIMON (BARANGAY 7),2020,10,0,375.7,31.8,26.1,3.0,320.0,81.0,28.950000000000003
SAN SIMON (BARANGAY 7),2021,10,0,121.8,32.0,26.3,2.0,340.0,78.0,29.15
SAN SIMON (BARANGAY 7),2022,10,0,367.8,32.6,26.9,3.0,320.0,77.0,29.75
SAN SIMON (BARANGAY 7),2023,10,0,201.3,31.8,26.6,3.0,320.0,78.0,29.200000000000003
SANTA CRISTINA I,2010,10,2,444.7,31.6,26.6,3.0,110.0,83.0,29.1
SANTA CRISTINA I,2011,10,0,172.1,32.5,25.9,3.0,140.0,81.0,29.2
SANTA CRISTINA I,2012,10,0,308.0,31.7,25.6,3.0,140.0,80.0,28.65
SANTA CRISTINA I,2013,10,0,246.3,31.2,25.7,2.0,270.0,82.0,28.45
SANTA CRISTINA I,2014,10,0,212.9,32.0,26.2,2.0,140.0,82.0,29.1
SANTA CRISTINA I,2015,10,6,188.0,32.1,26.7,3.0,90.0,81.0,29.4
SANTA CRISTINA I,2016,10,0,208.8,32.0,26.6,3.0,220.0,81.0,29.3
SANTA CRISTINA I,2017,10,0,196.1,31.6,26.6,3.0,320.0,82.0,29.1
SANTA CRISTINA I,2018,10,0,72.8,33.1,27.0,3.0,90.0,75.0,30.05
SANTA CRISTINA I,2019,10,1,33.2,33.2,26.5,3.0,320.0,73.0,29.85
SANTA CRISTINA I,2020,10,0,375.7,31.8,26.1,3.0,320.0,81.0,28.950000000000003
SANTA CRISTINA I,2021,10,0,121.8,32.0,26.3,2.0,340.0,78.0,29.15
SANTA CRISTINA I,2022,10,0,367.8,32.6,26.9,3.0,320.0,77.0,29.75
SANTA CRISTINA II,2010,10,0,444.7,31.6,26.6,3.0,110.0,83.0,29.1
SANTA CRISTINA II,2011,10,0,172.1,32.5,25.9,3.0,140.0,81.0,29.2
SANTA CRISTINA II,2012,10,0,308.0,31.7,25.6,3.0,140.0,80.0,28.65
SANTA CRISTINA II,2013,10,1,246.3,31.2,25.7,2.0,270.0,82.0,28.45
SANTA CRISTINA II,2014,10,0,212.9,32.0,26.2,2.0,140.0,82.0,29.1
SANTA CRISTINA II,2015,10,5,188.0,32.1,26.7,3.0,90.0,81.0,29.4
SANTA CRISTINA II,2016,10,1,208.8,32.0,26.6,3.0,220.0,81.0,29.3
SANTA CRISTINA II,2017,10,0,196.1,31.6,26.6,3.0,320.0,82.0,29.1
SANTA CRISTINA II,2018,10,2,72.8,33.1,27.0,3.0,90.0,75.0,30.05
SANTA CRISTINA II,2019,10,2,33.2,33.2,26.5,3.0,320.0,73.0,29.85
SANTA CRISTINA II,2020,10,0,375.7,31.8,26.1,3.0,320.0,81.0,28.950000000000003
SANTA CRISTINA II,2022,10,2,367.8,32.6,26.9,3.0,320.0,77.0,29.75
SANTA CRISTINA II,2023,10,0,201.3,31.8,26.6,3.0,320.0,78.0,29.200000000000003
SANTA CRUZ I,2010,10,1,444.7,31.6,26.6,3.0,110.0,83.0,29.1
SANTA CRUZ I,2011,10,0,172.1,32.5,25.9,3.0,140.0,81.0,29.2
SANTA CRUZ I,2012,10,2,308.0,31.7,25.6,3.0,140.0,80.0,28.65
SANTA CRUZ I,2013,10,0,246.3,31.2,25.7,2.0,270.0,82.0,28.45
SANTA CRUZ I,2014,10,2,212.9,32.0,26.2,2.0,140.0,82.0,29.1
SANTA CRUZ I,2015,10,6,188.0,32.1,26.7,3.0,90.0,81.0,29.4
SANTA CRUZ I,2016,10,3,208.8,32.0,26.6,3.0,220.0,81.0,29.3
SANTA CRUZ I,2017,10,0,196.1,31.6,26.6,3.0,320.0,82.0,29.1
SANTA CRUZ I,2018,10,0,72.8,33.1,27.0,3.0,90.0,75.0,30.05
SANTA CRUZ I,2019,10,8,33.2,33.2,26.5,3.0,320.0,73.0,29.85
SANTA CRUZ I,2020,10,0,375.7,31.8,26.1,3.0,320.0,81.0,28.950000000000003
SANTA CRUZ I,2021,10,0,121.8,32.0,26.3,2.0,340.0,78.0,29.15
SANTA CRUZ I,2022,10,1,367.8,32.6,26.9,3.0,320.0,77.0,29.75
SANTA CRUZ II,2010,10,0,444.7,31.6,26.6,3.0,110.0,83.0,29.1
SANTA CRUZ II,2011,10,0,172.1,32.5,25.9,3.0,140.0,81.0,29.2
SANTA CRUZ II,2012,10,1,308.0,31.7,25.6,3.0,140.0,80.0,28.65
SANTA CRUZ II,2013,10,0,246.3,31.2,25.7,2.0,270.0,82.0,28.45
SANTA CRUZ II,2014,10,1,212.9,32.0,26.2,2.0,140.0,82.0,29.1
SANTA CRUZ II,2015,10,2,188.0,32.1,26.7,3.0,90.0,81.0,29.4
SANTA CRUZ II,2016,10,1,208.8,32.0,26.6,3.0,220.0,81.0,29.3
SANTA CRUZ II,2017,10,0,196.1,31.6,26.6,3.0,320.0,82.0,29.1
SANTA CRUZ II,2019,10,3,33.2,33.2,26.5,3.0,320.0,73.0,29.85
SANTA CRUZ II,2020,10,0,375.7,31.8,26.1,3.0,320.0,81.0,28.950000000000003
SANTA CRUZ II,2021,10,0,121.8,32.0,26.3,2.0,340.0,78.0,29.15
SANTA CRUZ II,2022,10,1,367.8,32.6,26.9,3.0,320.0,77.0,29.75
SANTA CRUZ II,2023,10,1,201.3,31.8,26.6,3.0,320.0,78.0,29.200000000000003
SANTA FE,2010,10,1,444.7,31.6,26.6,3.0,110.0,83.0,29.1
SANTA FE,2011,10,0,172.1,32.5,25.9,3.0,140.0,81.0,29.2
SANTA FE,2012,10,1,308.0,31.7,25.6,3.0,140.0,80.0,28.65
SANTA FE,2013,10,0,246.3,31.2,25.7,2.0,270.0,82.0,28.45
SANTA FE,2014,10,1,212.9,32.0,26.2,2.0,140.0,82.0,29.1
SANTA FE,2015,10,4,188.0,32.1,26.7,3.0,90.0,81.0,29.4
SANTA FE,2016,10,0,208.8,32.0,26.6,3.0,220.0,81.0,29.3
SANTA FE,2017,10,1,196.1,31.6,26.6,3.0,320.0,82.0,29.1
SANTA FE,2018,10,0,72.8,33.1,27.0,3.0,90.0,75.0,30.05
SANTA FE,2019,10,10,33.2,33.2,26.5,3.0,320.0,73.0,29.85
SANTA FE,2020,10,0,375.7,31.8,26.1,3.0,320.0,81.0,28.950000000000003
SANTA FE,2021,10,0,121.8,32.0,26.3,2.0,340.0,78.0,29.15
SANTA FE,2023,10,2,201.3,31.8,26.6,3.0,320.0,78.0,29.200000000000003
SANTA LUCIA (SAN JUAN II),2010,10,2,444.7,31.6,26.6,3.0,110.0,83.0,29.1
SANTA LUCIA (SAN JUAN II),2011,10,0,172.1,32.5,25.9,3.0,140.0,81.0,29.2
SANTA LUCIA (SAN JUAN II),2012,10,1,308.0,31.7,25.6,3.0,140.0,80.0,28.65
SANTA LUCIA (SAN JUAN II),2013,10,0,246.3,31.2,25.7,2.0,270.0,82.0,28.45
SANTA LUCIA (SAN JUAN II),2014,10,1,212.9,32.0,26.2,2.0,140.0,82.0,29.1
SANTA LUCIA (SAN JUAN II),2015,10,12,188.0,32.1,26.7,3.0,90.0,81.0,29.4
SANTA LUCIA (SAN JUAN II),2016,10,1,208.8,32.0,26.6,3.0,220.0,81.0,29.3
SANTA LUCIA (SAN JUAN II),2017,10,1,196.1,31.6,26.6,3.0,320.0,82.0,29.1
SANTA LUCIA (SAN JUAN II),2018,10,4,72.8,33.1,27.0,3.0,90.0,75.0,30.05
SANTA LUCIA (SAN JUAN II),2019,10,7,33.2,33.2,26.5,3.0,320.0,73.0,29.85
SANTA LUCIA (SAN JUAN II),2020,10,0,375.7,31.8,26.1,3.0,320.0,81.0,28.950000000000003
SANTA LUCIA (SAN JUAN II),2021,10,0,121.8,32.0,26.3,2.0,340.0,78.0,29.15
SANTA LUCIA (SAN JUAN II),2022,10,0,367.8,32.6,26.9,3.0,320.0,77.0,29.75
SANTA LUCIA (SAN JUAN II),2023,10,0,201.3,31.8,26.6,3.0,320.0,78.0,29.200000000000003
SANTA MARIA (BARANGAY 20),2010,10,0,444.7,31.6,26.6,3.0,110.0,83.0,29.1
SANTA MARIA (BARANGAY 20),2011,10,0,172.1,32.5,25.9,3.0,140.0,81.0,29.2
SANTA MARIA (BARANGAY 20),2012,10,2,308.0,31.7,25.6,3.0,140.0,80.0,28.65
SANTA MARIA (BARANGAY 20),2013,10,0,246.3,31.2,25.7,2.0,270.0,82.0,28.45
SANTA MARIA (BARANGAY 20),2014,10,2,212.9,32.0,26.2,2.0,140.0,82.0,29.1
SANTA MARIA (BARANGAY 20),2015,10,8,188.0,32.1,26.7,3.0,90.0,81.0,29.4
SANTA MARIA (BARANGAY 20),2016,10,3,208.8,32.0,26.6,3.0,220.0,81.0,29.3
SANTA MARIA (BARANGAY 20),2017,10,2,196.1,31.6,26.6,3.0,320.0,82.0,29.1
SANTA MARIA (BARANGAY 20),2018,10,2,72.8,33.1,27.0,3.0,90.0,75.0,30.05
SANTA MARIA (BARANGAY 20),2019,10,10,33.2,33.2,26.5,3.0,320.0,73.0,29.85
SANTA MARIA (BARANGAY 20),2020,10,0,375.7,31.8,26.1,3.0,320.0,81.0,28.950000000000003
SANTA MARIA (BARANGAY 20),2021,10,1,121.8,32.0,26.3,2.0,340.0,78.0,29.15
SANTA MARIA (BARANGAY 20),2022,10,0,367.8,32.6,26.9,3.0,320.0,77.0,29.75
SANTA MARIA (BARANGAY 20),2023,10,0,201.3,31.8,26.6,3.0,320.0,78.0,29.200000000000003
SANTO CRISTO (BARANGAY III),2010,10,1,444.7,31.6,26.6,3.0,110.0,83.0,29.1
SANTO CRISTO (BARANGAY III),2011,10,0,172.1,32.5,25.9,3.0,140.0,81.0,29.2
SANTO CRISTO (BARANGAY III),2012,10,1,308.0,31.7,25.6,3.0,140.0,80.0,28.65
SANTO CRISTO (BARANGAY III),2013,10,0,246.3,31.2,25.7,2.0,270.0,82.0,28.45
SANTO CRISTO (BARANGAY III),2014,10,1,212.9,32.0,26.2,2.0,140.0,82.0,29.1
SANTO CRISTO (BARANGAY III),2015,10,4,188.0,32.1,26.7,3.0,90.0,81.0,29.4
SANTO CRISTO (BARANGAY III),2016,10,1,208.8,32.0,26.6,3.0,220.0,81.0,29.3
SANTO CRISTO (BARANGAY III),2017,10,0,196.1,31.6,26.6,3.0,320.0,82.0,29.1
SANTO CRISTO (BARANGAY III),2018,10,4,72.8,33.1,27.0,3.0,90.0,75.0,30.05
SANTO CRISTO (BARANGAY III),2019,10,2,33.2,33.2,26.5,3.0,320.0,73.0,29.85
SANTO CRISTO (BARANGAY III),2020,10,0,375.7,31.8,26.1,3.0,320.0,81.0,28.950000000000003
SANTO CRISTO (BARANGAY III),2021,10,0,121.8,32.0,26.3,2.0,340.0,78.0,29.15
SANTO CRISTO (BARANGAY III),2022,10,0,367.8,32.6,26.9,3.0,320.0,77.0,29.75
SANTO CRISTO (BARANGAY III),2023,10,0,201.3,31.8,26.6,3.0,320.0,78.0,29.200000000000003
SANTO NIÑO I,2010,10,0,444.7,31.6,26.6,3.0,110.0,83.0,29.1
SANTO NIÑO I,2011,10,0,172.1,32.5,25.9,3.0,140.0,81.0,29.2
SANTO NIÑO I,2012,10,0,308.0,31.7,25.6,3.0,140.0,80.0,28.65
SANTO NIÑO I,2013,10,0,246.3,31.2,25.7,2.0,270.0,82.0,28.45
SANTO NIÑO I,2014,10,0,212.9,32.0,26.2,2.0,140.0,82.0,29.1
SANTO NIÑO I,2015,10,4,188.0,32.1,26.7,3.0,90.0,81.0,29.4
SANTO NIÑO I,2016,10,0,208.8,32.0,26.6,3.0,220.0,81.0,29.3
SANTO NIÑO I,2017,10,0,196.1,31.6,26.6,3.0,320.0,82.0,29.1
SANTO NIÑO I,2018,10,2,72.8,33.1,27.0,3.0,90.0,75.0,30.05
SANTO NIÑO I,2019,10,1,33.2,33.2,26.5,3.0,320.0,73.0,29.85
SANTO NIÑO I,2020,10,0,375.7,31.8,26.1,3.0,320.0,81.0,28.950000000000003
SANTO NIÑO I,2021,10,0,121.8,32.0,26.3,2.0,340.0,78.0,29.15
SANTO NIÑO I,2022,10,1,367.8,32.6,26.9,3.0,320.0,77.0,29.75
SANTO NIÑO I,2023,10,0,201.3,31.8,26.6,3.0,320.0,78.0,29.200000000000003
SANTO NIÑO II,2010,10,0,444.7,31.6,26.6,3.0,110.0,83.0,29.1
SANTO NIÑO II,2011,10,0,172.1,32.5,25.9,3.0,140.0,81.0,29.2
SANTO NIÑO II,2012,10,0,308.0,31.7,25.6,3.0,140.0,80.0,28.65
SANTO NIÑO II,2014,10,0,212.9,32.0,26.2,2.0,140.0,82.0,29.1
SANTO NIÑO II,2015,10,1,188.0,32.1,26.7,3.0,90.0,81.0,29.4
SANTO NIÑO II,2016,10,0,208.8,32.0,26.6,3.0,220.0,81.0,29.3
SANTO NIÑO II,2017,10,0,196.1,31.6,26.6,3.0,320.0,82.0,29.1
SANTO NIÑO II,2018,10,0,72.8,33.1,27.0,3.0,90.0,75.0,30.05
SANTO NIÑO II,2019,10,2,33.2,33.2,26.5,3.0,320.0,73.0,29.85
SANTO NIÑO II,2020,10,0,375.7,31.8,26.1,3.0,320.0,81.0,28.950000000000003
SANTO NIÑO II,2023,10,0,201.3,31.8,26.6,3.0,320.0,78.0,29.200000000000003
VICTORIA REYES,2010,10,1,444.7,31.6,26.6,3.0,110.0,83.0,29.1
VICTORIA REYES,2011,10,0,172.1,32.5,25.9,3.0,140.0,81.0,29.2
VICTORIA REYES,2012,10,6,308.0,31.7,25.6,3.0,140.0,80.0,28.65
VICTORIA REYES,2013,10,0,246.3,31.2,25.7,2.0,270.0,82.0,28.45
VICTORIA REYES,2014,10,6,212.9,32.0,26.2,2.0,140.0,82.0,29.1
VICTORIA REYES,2015,10,10,188.0,32.1,26.7,3.0,90.0,81.0,29.4
VICTORIA REYES,2016,10,3,208.8,32.0,26.6,3.0,220.0,81.0,29.3
VICTORIA REYES,2017,10,0,196.1,31.6,26.6,3.0,320.0,82.0,29.1
VICTORIA REYES,2018,10,0,72.8,33.1,27.0,3.0,90.0,75.0,30.05
VICTORIA REYES,2019,10,4,33.2,33.2,26.5,3.0,320.0,73.0,29.85
VICTORIA REYES,2020,10,0,375.7,31.8,26.1,3.0,320.0,81.0,28.950000000000003
VICTORIA REYES,2021,10,0,121.8,32.0,26.3,2.0,340.0,78.0,29.15
VICTORIA REYES,2022,10,3,367.8,32.6,26.9,3.0,320.0,77.0,29.75
VICTORIA REYES,2023,10,0,201.3,31.8,26.6,3.0,320.0,78.0,29.200000000000003
ZONE I,2010,10,5,444.7,31.6,26.6,3.0,110.0,83.0,29.1
ZONE I,2011,10,1,172.1,32.5,25.9,3.0,140.0,81.0,29.2
ZONE I,2019,10,0,33.2,33.2,26.5,3.0,320.0,73.0,29.85
ZONE I-B,2010,10,1,444.7,31.6,26.6,3.0,110.0,83.0,29.1
ZONE I-B,2011,10,4,172.1,32.5,25.9,3.0,140.0,81.0,29.2
ZONE I-B,2012,10,6,308.0,31.7,25.6,3.0,140.0,80.0,28.65
ZONE I-B,2013,10,3,246.3,31.2,25.7,2.0,270.0,82.0,28.45
ZONE I-B,2014,10,6,212.9,32.0,26.2,2.0,140.0,82.0,29.1
ZONE I-B,2015,10,19,188.0,32.1,26.7,3.0,90.0,81.0,29.4
ZONE I-B,2016,10,1,208.8,32.0,26.6,3.0,220.0,81.0,29.3
ZONE I-B,2017,10,1,196.1,31.6,26.6,3.0,320.0,82.0,29.1
ZONE I-B,2018,10,7,72.8,33.1,27.0,3.0,90.0,75.0,30.05
ZONE I-B,2019,10,8,33.2,33.2,26.5,3.0,320.0,73.0,29.85
ZONE I-B,2020,10,1,375.7,31.8,26.1,3.0,320.0,81.0,28.950000000000003
ZONE I-B,2021,10,1,121.8,32.0,26.3,2.0,340.0,78.0,29.15
ZONE I-B,2022,10,0,367.8,32.6,26.9,3.0,320.0,77.0,29.75
ZONE I-B,2023,10,0,201.3,31.8,26.6,3.0,320.0,78.0,29.200000000000003
ZONE II,2010,10,1,444.7,31.6,26.6,3.0,110.0,83.0,29.1
ZONE II,2011,10,0,172.1,32.5,25.9,3.0,140.0,81.0,29.2
ZONE II,2019,10,0,33.2,33.2,26.5,3.0,320.0,73.0,29.85
ZONE III,2010,10,0,444.7,31.6,26.6,3.0,110.0,83.0,29.1
ZONE III,2011,10,0,172.1,32.5,25.9,3.0,140.0,81.0,29.2
ZONE III,2015,10,0,188.0,32.1,26.7,3.0,90.0,81.0,29.4
ZONE III,2023,10,0,201.3,31.8,26.6,3.0,320.0,78.0,29.200000000000003
ZONE IV,2010,10,3,444.7,31.6,26.6,3.0,110.0,83.0,29.1
ZONE IV,2011,10,0,172.1,32.5,25.9,3.0,140.0,81.0,29.2
ZONE IV,2013,10,1,246.3,31.2,25.7,2.0,270.0,82.0,28.45
ZONE IV,2015,10,0,188.0,32.1,26.7,3.0,90.0,81.0,29.4
ZONE IV,2019,10,0,33.2,33.2,26.5,3.0,320.0,73.0,29.85
ZONE IV,2023,10,0,201.3,31.8,26.6,3.0,320.0,78.0,29.200000000000003
BUROL,2010,11,4,240.9,31.3,26.2,3.0,110.0,82.0,28.75
BUROL,2011,11,1,156.2,31.7,25.7,3.0,110.0,80.0,28.7
BUROL,2012,11,5,12.7,33.0,26.2,3.0,140.0,75.0,29.6
BUROL,2013,11,2,130.2,31.4,25.9,2.0,140.0,80.0,28.65
BUROL,2014,11,5,27.8,32.0,25.9,2.0,140.0,78.0,28.95
BUROL,2015,11,7,9.4,32.8,26.5,3.0,90.0,76.0,29.65
BUROL,2016,11,0,88.9,31.1,26.0,3.0,90.0,80.0,28.55
BUROL,2017,11,3,116.4,31.7,26.5,3.0,90.0,80.0,29.1
BUROL,2018,11,11,13.7,32.4,26.6,3.0,90.0,73.0,29.5
BUROL,2019,11,7,149.8,31.9,25.9,2.0,340.0,79.0,28.9
BUROL,2020,11,1,203.6,31.6,25.6,3.0,40.0,79.0,28.6
BUROL,2021,11,2,17.4,33.0,26.7,2.0,90.0,75.0,29.85
BUROL,2022,11,1,103.0,31.7,26.0,3.0,90.0,78.0,28.85
BUROL,2023,11,4,16.3,32.4,26.7,3.0,320.0,71.0,29.55
BUROL I,2010,11,1,240.9,31.3,26.2,3.0,110.0,82.0,28.75
BUROL I,2011,11,1,156.2,31.7,25.7,3.0,110.0,80.0,28.7
BUROL I,2012,11,3,12.7,33.0,26.2,3.0,140.0,75.0,29.6
BUROL I,2013,11,6,130.2,31.4,25.9,2.0,140.0,80.0,28.65
BUROL I,2014,11,3,27.8,32.0,25.9,2.0,140.0,78.0,28.95
BUROL I,2015,11,18,9.4,32.8,26.5,3.0,90.0,76.0,29.65
BUROL I,2016,11,3,88.9,31.1,26.0,3.0,90.0,80.0,28.55
BUROL I,2017,11,2,116.4,31.7,26.5,3.0,90.0,80.0,29.1
BUROL I,2018,11,10,13.7,32.4,26.6,3.0,90.0,73.0,29.5
BUROL I,2019,11,11,149.8,31.9,25.9,2.0,340.0,79.0,28.9
BUROL I,2020,11,0,203.6,31.6,25.6,3.0,40.0,79.0,28.6
BUROL I,2021,11,7,17.4,33.0,26.7,2.0,90.0,75.0,29.85
BUROL I,2022,11,1,103.0,31.7,26.0,3.0,90.0,78.0,28.85
BUROL I,2023,11,1,16.3,32.4,26.7,3.0,320.0,71.0,29.55
BUROL II,2011,11,2,156.2,31.7,25.7,3.0,110.0,80.0,28.7
BUROL II,2012,11,0,12.7,33.0,26.2,3.0,140.0,75.0,29.6
BUROL II,2013,11,1,130.2,31.4,25.9,2.0,140.0,80.0,28.65
BUROL II,2014,11,0,27.8,32.0,25.9,2.0,140.0,78.0,28.95
BUROL II,2015,11,2,9.4,32.8,26.5,3.0,90.0,76.0,29.65
BUROL II,2016,11,2,88.9,31.1,26.0,3.0,90.0,80.0,28.55
BUROL II,2017,11,2,116.4,31.7,26.5,3.0,90.0,80.0,29.1
BUROL II,2018,11,2,13.7,32.4,26.6,3.0,90.0,73.0,29.5
BUROL II,2019,11,3,149.8,31.9,25.9,2.0,340.0,79.0,28.9
BUROL II,2020,11,0,203.6,31.6,25.6,3.0,40.0,79.0,28.6
BUROL II,2021,11,0,17.4,33.0,26.7,2.0,90.0,75.0,29.85
BUROL II,2023,11,0,16.3,32.4,26.7,3.0,320.0,71.0,29.55
BUROL III,2010,11,1,240.9,31.3,26.2,3.0,110.0,82.0,28.75
BUROL III,2011,11,2,156.2,31.7,25.7,3.0,110.0,80.0,28.7
BUROL III,2012,11,1,12.7,33.0,26.2,3.0,140.0,75.0,29.6
BUROL III,2013,11,0,130.2,31.4,25.9,2.0,140.0,80.0,28.65
BUROL III,2014,11,1,27.8,32.0,25.9,2.0,140.0,78.0,28.95
BUROL III,2015,11,4,9.4,32.8,26.5,3.0,90.0,76.0,29.65
BUROL III,2016,11,1,88.9,31.1,26.0,3.0,90.0,80.0,28.55
BUROL III,2017,11,0,116.4,31.7,26.5,3.0,90.0,80.0,29.1
BUROL III,2018,11,8,13.7,32.4,26.6,3.0,90.0,73.0,29.5
BUROL III,2019,11,6,149.8,31.9,25.9,2.0,340.0,79.0,28.9
BUROL III,2020,11,0,203.6,31.6,25.6,3.0,40.0,79.0,28.6
BUROL III,2021,11,1,17.4,33.0,26.7,2.0,90.0,75.0,29.85
BUROL III,2022,11,2,103.0,31.7,26.0,3.0,90.0,78.0,28.85
BUROL III,2023,11,0,16.3,32.4,26.7,3.0,320.0,71.0,29.55
DASMARIÑAS,2013,11,101,130.2,31.4,25.9,2.0,140.0,80.0,28.65
DATU ESMAEL (BAGO-A-INGUD),2010,11,0,240.9,31.3,26.2,3.0,110.0,82.0,28.75
DATU ESMAEL (BAGO-A-INGUD),2011,11,0,156.2,31.7,25.7,3.0,110.0,80.0,28.7
DATU ESMAEL (BAGO-A-INGUD),2012,11,2,12.7,33.0,26.2,3.0,140.0,75.0,29.6
DATU ESMAEL (BAGO-A-INGUD),2013,11,0,130.2,31.4,25.9,2.0,140.0,80.0,28.65
DATU ESMAEL (BAGO-A-INGUD),2014,11,2,27.8,32.0,25.9,2.0,140.0,78.0,28.95
DATU ESMAEL (BAGO-A-INGUD),2015,11,5,9.4,32.8,26.5,3.0,90.0,76.0,29.65
DATU ESMAEL (BAGO-A-INGUD),2016,11,2,88.9,31.1,26.0,3.0,90.0,80.0,28.55
DATU ESMAEL (BAGO-A-INGUD),2017,11,1,116.4,31.7,26.5,3.0,90.0,80.0,29.1
DATU ESMAEL (BAGO-A-INGUD),2018,11,2,13.7,32.4,26.6,3.0,90.0,73.0,29.5
DATU ESMAEL (BAGO-A-INGUD),2019,11,1,149.8,31.9,25.9,2.0,340.0,79.0,28.9
DATU ESMAEL (BAGO-A-INGUD),2020,11,0,203.6,31.6,25.6,3.0,40.0,79.0,28.6
DATU ESMAEL (BAGO-A-INGUD),2022,11,1,103.0,31.7,26.0,3.0,90.0,78.0,28.85
EMMANUEL BERGADO I,2010,11,0,240.9,31.3,26.2,3.0,110.0,82.0,28.75
EMMANUEL BERGADO I,2011,11,0,156.2,31.7,25.7,3.0,110.0,80.0,28.7
EMMANUEL BERGADO I,2012,11,0,12.7,33.0,26.2,3.0,140.0,75.0,29.6
EMMANUEL BERGADO I,2013,11,0,130.2,31.4,25.9,2.0,140.0,80.0,28.65
EMMANUEL BERGADO I,2014,11,0,27.8,32.0,25.9,2.0,140.0,78.0,28.95
EMMANUEL BERGADO I,2015,11,4,9.4,32.8,26.5,3.0,90.0,76.0,29.65
EMMANUEL BERGADO I,2016,11,1,88.9,31.1,26.0,3.0,90.0,80.0,28.55
EMMANUEL BERGADO I,2017,11,0,116.4,31.7,26.5,3.0,90.0,80.0,29.1
EMMANUEL BERGADO I,2018,11,3,13.7,32.4,26.6,3.0,90.0,73.0,29.5
EMMANUEL BERGADO I,2019,11,9,149.8,31.9,25.9,2.0,340.0,79.0,28.9
EMMANUEL BERGADO I,2020,11,0,203.6,31.6,25.6,3.0,40.0,79.0,28.6
EMMANUEL BERGADO I,2021,11,1,17.4,33.0,26.7,2.0,90.0,75.0,29.85
EMMANUEL BERGADO I,2022,11,1,103.0,31.7,26.0,3.0,90.0,78.0,28.85
EMMANUEL BERGADO I,2023,11,0,16.3,32.4,26.7,3.0,320.0,71.0,29.55
EMMANUEL BERGADO II,2010,11,0,240.9,31.3,26.2,3.0,110.0,82.0,28.75
EMMANUEL BERGADO II,2011,11,0,156.2,31.7,25.7,3.0,110.0,80.0,28.7
EMMANUEL BERGADO II,2012,11,0,12.7,33.0,26.2,3.0,140.0,75.0,29.6
EMMANUEL BERGADO II,2013,11,0,130.2,31.4,25.9,2.0,140.0,80.0,28.65
EMMANUEL BERGADO II,2014,11,0,27.8,32.0,25.9,2.0,140.0,78.0,28.95
EMMANUEL BERGADO II,2015,11,2,9.4,32.8,26.5,3.0,90.0,76.0,29.65
EMMANUEL BERGADO II,2016,11,0,88.9,31.1,26.0,3.0,90.0,80.0,28.55
EMMANUEL BERGADO II,2017,11,0,116.4,31.7,26.5,3.0,90.0,80.0,29.1
EMMANUEL BERGADO II,2018,11,1,13.7,32.4,26.6,3.0,90.0,73.0,29.5
EMMANUEL BERGADO II,2019,11,2,149.8,31.9,25.9,2.0,340.0,79.0,28.9
EMMANUEL BERGADO II,2020,11,1,203.6,31.6,25.6,3.0,40.0,79.0,28.6
EMMANUEL BERGADO II,2021,11,0,17.4,33.0,26.7,2.0,90.0,75.0,29.85
EMMANUEL BERGADO II,2022,11,0,103.0,31.7,26.0,3.0,90.0,78.0,28.85
EMMANUEL BERGADO II,2023,11,0,16.3,32.4,26.7,3.0,320.0,71.0,29.55
FATIMA I,2010,11,0,240.9,31.3,26.2,3.0,110.0,82.0,28.75
FATIMA I,2011,11,0,156.2,31.7,25.7,3.0,110.0,80.0,28.7
FATIMA I,2012,11,1,12.7,33.0,26.2,3.0,140.0,75.0,29.6
FATIMA I,2013,11,0,130.2,31.4,25.9,2.0,140.0,80.0,28.65
FATIMA I,2014,11,1,27.8,32.0,25.9,2.0,140.0,78.0,28.95
FATIMA I,2015,11,7,9.4,32.8,26.5,3.0,90.0,76.0,29.65
FATIMA I,2016,11,2,88.9,31.1,26.0,3.0,90.0,80.0,28.55
FATIMA I,2017,11,0,116.4,31.7,26.5,3.0,90.0,80.0,29.1
FATIMA I,2018,11,2,13.7,32.4,26.6,3.0,90.0,73.0,29.5
FATIMA I,2019,11,2,149.8,31.9,25.9,2.0,340.0,79.0,28.9
FATIMA I,2020,11,0,203.6,31.6,25.6,3.0,40.0,79.0,28.6
FATIMA I,2022,11,0,103.0,31.7,26.0,3.0,90.0,78.0,28.85
FATIMA I,2023,11,0,16.3,32.4,26.7,3.0,320.0,71.0,29.55
FATIMA II,2010,11,1,240.9,31.3,26.2,3.0,110.0,82.0,28.75
FATIMA II,2011,11,0,156.2,31.7,25.7,3.0,110.0,80.0,28.7
FATIMA II,2012,11,0,12.7,33.0,26.2,3.0,140.0,75.0,29.6
FATIMA II,2013,11,0,130.2,31.4,25.9,2.0,140.0,80.0,28.65
FATIMA II,2014,11,0,27.8,32.0,25.9,2.0,140.0,78.0,28.95
FATIMA II,2015,11,3,9.4,32.8,26.5,3.0,90.0,76.0,29.65
FATIMA II,2016,11,2,88.9,31.1,26.0,3.0,90.0,80.0,28.55
FATIMA II,2017,11,0,116.4,31.7,26.5,3.0,90.0,80.0,29.1
FATIMA II,2018,11,2,13.7,32.4,26.6,3.0,90.0,73.0,29.5
FATIMA II,2019,11,3,149.8,31.9,25.9,2.0,340.0,79.0,28.9
FATIMA II,2020,11,0,203.6,31.6,25.6,3.0,40.0,79.0,28.6
FATIMA II,2021,11,1,17.4,33.0,26.7,2.0,90.0,75.0,29.85
FATIMA II,2022,11,1,103.0,31.7,26.0,3.0,90.0,78.0,28.85
FATIMA II,2023,11,0,16.3,32.4,26.7,3.0,320.0,71.0,29.55
FATIMA III,2010,11,1,240.9,31.3,26.2,3.0,110.0,82.0,28.75
FATIMA III,2011,11,0,156.2,31.7,25.7,3.0,110.0,80.0,28.7
FATIMA III,2012,11,1,12.7,33.0,26.2,3.0,140.0,75.0,29.6
FATIMA III,2013,11,0,130.2,31.4,25.9,2.0,140.0,80.0,28.65
FATIMA III,2014,11,1,27.8,32.0,25.9,2.0,140.0,78.0,28.95
FATIMA III,2015,11,1,9.4,32.8,26.5,3.0,90.0,76.0,29.65
FATIMA III,2016,11,0,88.9,31.1,26.0,3.0,90.0,80.0,28.55
FATIMA III,2017,11,0,116.4,31.7,26.5,3.0,90.0,80.0,29.1
FATIMA III,2018,11,1,13.7,32.4,26.6,3.0,90.0,73.0,29.5
FATIMA III,2019,11,0,149.8,31.9,25.9,2.0,340.0,79.0,28.9
FATIMA III,2020,11,0,203.6,31.6,25.6,3.0,40.0,79.0,28.6
FATIMA III,2021,11,0,17.4,33.0,26.7,2.0,90.0,75.0,29.85
FATIMA III,2022,11,0,103.0,31.7,26.0,3.0,90.0,78.0,28.85
FATIMA III,2023,11,0,16.3,32.4,26.7,3.0,320.0,71.0,29.55
H-II,2010,11,1,240.9,31.3,26.2,3.0,110.0,82.0,28.75
H-II,2015,11,0,9.4,32.8,26.5,3.0,90.0,76.0,29.65
H-II,2017,11,1,116.4,31.7,26.5,3.0,90.0,80.0,29.1
H-II,2018,11,1,13.7,32.4,26.6,3.0,90.0,73.0,29.5
LANGKAAN I,2010,11,3,240.9,31.3,26.2,3.0,110.0,82.0,28.75
LANGKAAN I,2011,11,2,156.2,31.7,25.7,3.0,110.0,80.0,28.7
LANGKAAN I,2012,11,0,12.7,33.0,26.2,3.0,140.0,75.0,29.6
LANGKAAN I,2013,11,6,130.2,31.4,25.9,2.0,140.0,80.0,28.65
LANGKAAN I,2014,11,0,27.8,32.0,25.9,2.0,140.0,78.0,28.95
LANGKAAN I,2015,11,10,9.4,32.8,26.5,3.0,90.0,76.0,29.65
LANGKAAN I,2016,11,1,88.9,31.1,26.0,3.0,90.0,80.0,28.55
LANGKAAN I,2017,11,5,116.4,31.7,26.5,3.0,90.0,80.0,29.1
LANGKAAN I,2018,11,5,13.7,32.4,26.6,3.0,90.0,73.0,29.5
LANGKAAN I,2019,11,11,149.8,31.9,25.9,2.0,340.0,79.0,28.9
LANGKAAN I,2020,11,1,203.6,31.6,25.6,3.0,40.0,79.0,28.6
LANGKAAN I,2021,11,2,17.4,33.0,26.7,2.0,90.0,75.0,29.85
LANGKAAN I,2022,11,3,103.0,31.7,26.0,3.0,90.0,78.0,28.85
LANGKAAN I,2023,11,0,16.3,32.4,26.7,3.0,320.0,71.0,29.55
LANGKAAN II,2010,11,2,240.9,31.3,26.2,3.0,110.0,82.0,28.75
LANGKAAN II,2011,11,7,156.2,31.7,25.7,3.0,110.0,80.0,28.7
LANGKAAN II,2012,11,1,12.7,33.0,26.2,3.0,140.0,75.0,29.6
LANGKAAN II,2013,11,6,130.2,31.4,25.9,2.0,140.0,80.0,28.65
LANGKAAN II,2014,11,1,27.8,32.0,25.9,2.0,140.0,78.0,28.95
LANGKAAN II,2015,11,10,9.4,32.8,26.5,3.0,90.0,76.0,29.65
LANGKAAN II,2016,11,6,88.9,31.1,26.0,3.0,90.0,80.0,28.55
LANGKAAN II,2017,11,6,116.4,31.7,26.5,3.0,90.0,80.0,29.1
LANGKAAN II,2018,11,5,13.7,32.4,26.6,3.0,90.0,73.0,29.5
LANGKAAN II,2019,11,12,149.8,31.9,25.9,2.0,340.0,79.0,28.9
LANGKAAN II,2020,11,2,203.6,31.6,25.6,3.0,40.0,79.0,28.6
LANGKAAN II,2021,11,13,17.4,33.0,26.7,2.0,90.0,75.0,29.85
LANGKAAN II,2022,11,2,103.0,31.7,26.0,3.0,90.0,78.0,28.85
LANGKAAN II,2023,11,0,16.3,32.4,26.7,3.0,320.0,71.0,29.55
LUZVIMINDA I,2011,11,0,156.2,31.7,25.7,3.0,110.0,80.0,28.7
LUZVIMINDA I,2012,11,2,12.7,33.0,26.2,3.0,140.0,75.0,29.6
LUZVIMINDA I,2014,11,2,27.8,32.0,25.9,2.0,140.0,78.0,28.95
LUZVIMINDA I,2015,11,4,9.4,32.8,26.5,3.0,90.0,76.0,29.65
LUZVIMINDA I,2016,11,0,88.9,31.1,26.0,3.0,90.0,80.0,28.55
LUZVIMINDA I,2017,11,0,116.4,31.7,26.5,3.0,90.0,80.0,29.1
LUZVIMINDA I,2018,11,2,13.7,32.4,26.6,3.0,90.0,73.0,29.5
LUZVIMINDA I,2019,11,1,149.8,31.9,25.9,2.0,340.0,79.0,28.9
LUZVIMINDA I,2020,11,3,203.6,31.6,25.6,3.0,40.0,79.0,28.6
LUZVIMINDA I,2021,11,0,17.4,33.0,26.7,2.0,90.0,75.0,29.85
LUZVIMINDA I,2022,11,0,103.0,31.7,26.0,3.0,90.0,78.0,28.85
LUZVIMINDA I,2023,11,0,16.3,32.4,26.7,3.0,320.0,71.0,29.55
LUZVIMINDA II,2011,11,0,156.2,31.7,25.7,3.0,110.0,80.0,28.7
LUZVIMINDA II,2012,11,0,12.7,33.0,26.2,3.0,140.0,75.0,29.6
LUZVIMINDA II,2013,11,1,130.2,31.4,25.9,2.0,140.0,80.0,28.65
LUZVIMINDA II,2014,11,0,27.8,32.0,25.9,2.0,140.0,78.0,28.95
LUZVIMINDA II,2015,11,1,9.4,32.8,26.5,3.0,90.0,76.0,29.65
LUZVIMINDA II,2016,11,0,88.9,31.1,26.0,3.0,90.0,80.0,28.55
LUZVIMINDA II,2017,11,0,116.4,31.7,26.5,3.0,90.0,80.0,29.1
LUZVIMINDA II,2018,11,1,13.7,32.4,26.6,3.0,90.0,73.0,29.5
LUZVIMINDA II,2019,11,4,149.8,31.9,25.9,2.0,340.0,79.0,28.9
LUZVIMINDA II,2020,11,0,203.6,31.6,25.6,3.0,40.0,79.0,28.6
LUZVIMINDA II,2022,11,0,103.0,31.7,26.0,3.0,90.0,78.0,28.85
LUZVIMINDA II,2023,11,1,16.3,32.4,26.7,3.0,320.0,71.0,29.55
PALIPARAN I,2010,11,2,240.9,31.3,26.2,3.0,110.0,82.0,28.75
PALIPARAN I,2011,11,1,156.2,31.7,25.7,3.0,110.0,80.0,28.7
PALIPARAN I,2012,11,0,12.7,33.0,26.2,3.0,140.0,75.0,29.6
PALIPARAN I,2013,11,2,130.2,31.4,25.9,2.0,140.0,80.0,28.65
PALIPARAN I,2014,11,0,27.8,32.0,25.9,2.0,140.0,78.0,28.95
PALIPARAN I,2015,11,11,9.4,32.8,26.5,3.0,90.0,76.0,29.65
PALIPARAN I,2016,11,1,88.9,31.1,26.0,3.0,90.0,80.0,28.55
PALIPARAN I,2017,11,1,116.4,31.7,26.5,3.0,90.0,80.0,29.1
PALIPARAN I,2018,11,1,13.7,32.4,26.6,3.0,90.0,73.0,29.5
PALIPARAN I,2019,11,6,149.8,31.9,25.9,2.0,340.0,79.0,28.9
PALIPARAN I,2020,11,1,203.6,31.6,25.6,3.0,40.0,79.0,28.6
PALIPARAN I,2021,11,2,17.4,33.0,26.7,2.0,90.0,75.0,29.85
PALIPARAN I,2022,11,0,103.0,31.7,26.0,3.0,90.0,78.0,28.85
PALIPARAN I,2023,11,1,16.3,32.4,26.7,3.0,320.0,71.0,29.55
PALIPARAN II,2010,11,0,240.9,31.3,26.2,3.0,110.0,82.0,28.75
PALIPARAN II,2011,11,1,156.2,31.7,25.7,3.0,110.0,80.0,28.7
PALIPARAN II,2012,11,0,12.7,33.0,26.2,3.0,140.0,75.0,29.6
PALIPARAN II,2013,11,0,130.2,31.4,25.9,2.0,140.0,80.0,28.65
PALIPARAN II,2014,11,0,27.8,32.0,25.9,2.0,140.0,78.0,28.95
PALIPARAN II,2015,11,7,9.4,32.8,26.5,3.0,90.0,76.0,29.65
PALIPARAN II,2016,11,2,88.9,31.1,26.0,3.0,90.0,80.0,28.55
PALIPARAN II,2017,11,1,116.4,31.7,26.5,3.0,90.0,80.0,29.1
PALIPARAN II,2018,11,11,13.7,32.4,26.6,3.0,90.0,73.0,29.5
PALIPARAN II,2019,11,7,149.8,31.9,25.9,2.0,340.0,79.0,28.9
PALIPARAN II,2020,11,1,203.6,31.6,25.6,3.0,40.0,79.0,28.6
PALIPARAN II,2021,11,0,17.4,33.0,26.7,2.0,90.0,75.0,29.85
PALIPARAN II,2022,11,0,103.0,31.7,26.0,3.0,90.0,78.0,28.85
PALIPARAN II,2023,11,2,16.3,32.4,26.7,3.0,320.0,71.0,29.55
PALIPARAN III,2010,11,2,240.9,31.3,26.2,3.0,110.0,82.0,28.75
PALIPARAN III,2011,11,1,156.2,31.7,25.7,3.0,110.0,80.0,28.7
PALIPARAN III,2012,11,5,12.7,33.0,26.2,3.0,140.0,75.0,29.6
PALIPARAN III,2013,11,3,130.2,31.4,25.9,2.0,140.0,80.0,28.65
PALIPARAN III,2014,11,5,27.8,32.0,25.9,2.0,140.0,78.0,28.95
PALIPARAN III,2015,11,25,9.4,32.8,26.5,3.0,90.0,76.0,29.65
PALIPARAN III,2016,11,2,88.9,31.1,26.0,3.0,90.0,80.0,28.55
PALIPARAN III,2017,11,5,116.4,31.7,26.5,3.0,90.0,80.0,29.1
PALIPARAN III,2018,11,3,13.7,32.4,26.6,3.0,90.0,73.0,29.5
PALIPARAN III,2019,11,7,149.8,31.9,25.9,2.0,340.0,79.0,28.9
PALIPARAN III,2020,11,4,203.6,31.6,25.6,3.0,40.0,79.0,28.6
PALIPARAN III,2021,11,1,17.4,33.0,26.7,2.0,90.0,75.0,29.85
PALIPARAN III,2022,11,1,103.0,31.7,26.0,3.0,90.0,78.0,28.85
PALIPARAN III,2023,11,3,16.3,32.4,26.7,3.0,320.0,71.0,29.55
SABANG,2010,11,8,240.9,31.3,26.2,3.0,110.0,82.0,28.75
SABANG,2011,11,1,156.2,31.7,25.7,3.0,110.0,80.0,28.7
SABANG,2012,11,3,12.7,33.0,26.2,3.0,140.0,75.0,29.6
SABANG,2013,11,3,130.2,31.4,25.9,2.0,140.0,80.0,28.65
SABANG,2014,11,3,27.8,32.0,25.9,2.0,140.0,78.0,28.95
SABANG,2015,11,11,9.4,32.8,26.5,3.0,90.0,76.0,29.65
SABANG,2016,11,4,88.9,31.1,26.0,3.0,90.0,80.0,28.55
SABANG,2017,11,3,116.4,31.7,26.5,3.0,90.0,80.0,29.1
SABANG,2018,11,3,13.7,32.4,26.6,3.0,90.0,73.0,29.5
SABANG,2019,11,22,149.8,31.9,25.9,2.0,340.0,79.0,28.9
SABANG,2020,11,0,203.6,31.6,25.6,3.0,40.0,79.0,28.6
SABANG,2021,11,8,17.4,33.0,26.7,2.0,90.0,75.0,29.85
SABANG,2022,11,1,103.0,31.7,26.0,3.0,90.0,78.0,28.85
SABANG,2023,11,1,16.3,32.4,26.7,3.0,320.0,71.0,29.55
SAINT PETER I,2010,11,0,240.9,31.3,26.2,3.0,110.0,82.0,28.75
SAINT PETER I,2011,11,1,156.2,31.7,25.7,3.0,110.0,80.0,28.7
SAINT PETER I,2012,11,0,12.7,33.0,26.2,3.0,140.0,75.0,29.6
SAINT PETER I,2013,11,0,130.2,31.4,25.9,2.0,140.0,80.0,28.65
SAINT PETER I,2014,11,0,27.8,32.0,25.9,2.0,140.0,78.0,28.95
SAINT PETER I,2015,11,1,9.4,32.8,26.5,3.0,90.0,76.0,29.65
SAINT PETER I,2016,11,0,88.9,31.1,26.0,3.0,90.0,80.0,28.55
SAINT PETER I,2017,11,1,116.4,31.7,26.5,3.0,90.0,80.0,29.1
SAINT PETER I,2018,11,0,13.7,32.4,26.6,3.0,90.0,73.0,29.5
SAINT PETER I,2019,11,2,149.8,31.9,25.9,2.0,340.0,79.0,28.9
SAINT PETER I,2020,11,0,203.6,31.6,25.6,3.0,40.0,79.0,28.6
SAINT PETER I,2021,11,0,17.4,33.0,26.7,2.0,90.0,75.0,29.85
SAINT PETER I,2022,11,1,103.0,31.7,26.0,3.0,90.0,78.0,28.85
SAINT PETER II,2010,11,0,240.9,31.3,26.2,3.0,110.0,82.0,28.75
SAINT PETER II,2011,11,0,156.2,31.7,25.7,3.0,110.0,80.0,28.7
SAINT PETER II,2013,11,0,130.2,31.4,25.9,2.0,140.0,80.0,28.65
SAINT PETER II,2015,11,6,9.4,32.8,26.5,3.0,90.0,76.0,29.65
SAINT PETER II,2016,11,0,88.9,31.1,26.0,3.0,90.0,80.0,28.55
SAINT PETER II,2017,11,1,116.4,31.7,26.5,3.0,90.0,80.0,29.1
SAINT PETER II,2018,11,3,13.7,32.4,26.6,3.0,90.0,73.0,29.5
SAINT PETER II,2019,11,2,149.8,31.9,25.9,2.0,340.0,79.0,28.9
SAINT PETER II,2022,11,0,103.0,31.7,26.0,3.0,90.0,78.0,28.85
SAINT PETER II,2023,11,0,16.3,32.4,26.7,3.0,320.0,71.0,29.55
SALAWAG,2010,11,5,240.9,31.3,26.2,3.0,110.0,82.0,28.75
SALAWAG,2011,11,0,156.2,31.7,25.7,3.0,110.0,80.0,28.7
SALAWAG,2012,11,4,12.7,33.0,26.2,3.0,140.0,75.0,29.6
SALAWAG,2013,11,7,130.2,31.4,25.9,2.0,140.0,80.0,28.65
SALAWAG,2014,11,4,27.8,32.0,25.9,2.0,140.0,78.0,28.95
SALAWAG,2015,11,21,9.4,32.8,26.5,3.0,90.0,76.0,29.65
SALAWAG,2016,11,4,88.9,31.1,26.0,3.0,90.0,80.0,28.55
SALAWAG,2017,11,11,116.4,31.7,26.5,3.0,90.0,80.0,29.1
SALAWAG,2018,11,20,13.7,32.4,26.6,3.0,90.0,73.0,29.5
SALAWAG,2019,11,25,149.8,31.9,25.9,2.0,340.0,79.0,28.9
SALAWAG,2020,11,3,203.6,31.6,25.6,3.0,40.0,79.0,28.6
SALAWAG,2021,11,4,17.4,33.0,26.7,2.0,90.0,75.0,29.85
SALAWAG,2022,11,4,103.0,31.7,26.0,3.0,90.0,78.0,28.85
SALAWAG,2023,11,8,16.3,32.4,26.7,3.0,320.0,71.0,29.55
SALITRAN I,2010,11,1,240.9,31.3,26.2,3.0,110.0,82.0,28.75
SALITRAN I,2011,11,0,156.2,31.7,25.7,3.0,110.0,80.0,28.7
SALITRAN I,2012,11,1,12.7,33.0,26.2,3.0,140.0,75.0,29.6
SALITRAN I,2013,11,4,130.2,31.4,25.9,2.0,140.0,80.0,28.65
SALITRAN I,2014,11,1,27.8,32.0,25.9,2.0,140.0,78.0,28.95
SALITRAN I,2015,11,7,9.4,32.8,26.5,3.0,90.0,76.0,29.65
SALITRAN I,2016,11,0,88.9,31.1,26.0,3.0,90.0,80.0,28.55
SALITRAN I,2017,11,4,116.4,31.7,26.5,3.0,90.0,80.0,29.1
SALITRAN I,2018,11,3,13.7,32.4,26.6,3.0,90.0,73.0,29.5
SALITRAN I,2019,11,3,149.8,31.9,25.9,2.0,340.0,79.0,28.9
SALITRAN I,2020,11,0,203.6,31.6,25.6,3.0,40.0,79.0,28.6
SALITRAN I,2021,11,2,17.4,33.0,26.7,2.0,90.0,75.0,29.85
SALITRAN I,2022,11,1,103.0,31.7,26.0,3.0,90.0,78.0,28.85
SALITRAN I,2023,11,0,16.3,32.4,26.7,3.0,320.0,71.0,29.55
SALITRAN II,2010,11,1,240.9,31.3,26.2,3.0,110.0,82.0,28.75
SALITRAN II,2011,11,1,156.2,31.7,25.7,3.0,110.0,80.0,28.7
SALITRAN II,2012,11,0,12.7,33.0,26.2,3.0,140.0,75.0,29.6
SALITRAN II,2013,11,5,130.2,31.4,25.9,2.0,140.0,80.0,28.65
SALITRAN II,2014,11,0,27.8,32.0,25.9,2.0,140.0,78.0,28.95
SALITRAN II,2015,11,7,9.4,32.8,26.5,3.0,90.0,76.0,29.65
SALITRAN II,2016,11,0,88.9,31.1,26.0,3.0,90.0,80.0,28.55
SALITRAN II,2017,11,2,116.4,31.7,26.5,3.0,90.0,80.0,29.1
SALITRAN II,2018,11,2,13.7,32.4,26.6,3.0,90.0,73.0,29.5
SALITRAN II,2019,11,10,149.8,31.9,25.9,2.0,340.0,79.0,28.9
SALITRAN II,2020,11,1,203.6,31.6,25.6,3.0,40.0,79.0,28.6
SALITRAN II,2021,11,0,17.4,33.0,26.7,2.0,90.0,75.0,29.85
SALITRAN II,2022,11,3,103.0,31.7,26.0,3.0,90.0,78.0,28.85
SALITRAN II,2023,11,0,16.3,32.4,26.7,3.0,320.0,71.0,29.55
SALITRAN III,2010,11,1,240.9,31.3,26.2,3.0,110.0,82.0,28.75
SALITRAN III,2011,11,2,156.2,31.7,25.7,3.0,110.0,80.0,28.7
SALITRAN III,2012,11,1,12.7,33.0,26.2,3.0,140.0,75.0,29.6
SALITRAN III,2013,11,8,130.2,31.4,25.9,2.0,140.0,80.0,28.65
SALITRAN III,2014,11,1,27.8,32.0,25.9,2.0,140.0,78.0,28.95
SALITRAN III,2015,11,10,9.4,32.8,26.5,3.0,90.0,76.0,29.65
SALITRAN III,2016,11,1,88.9,31.1,26.0,3.0,90.0,80.0,28.55
SALITRAN III,2017,11,2,116.4,31.7,26.5,3.0,90.0,80.0,29.1
SALITRAN III,2018,11,2,13.7,32.4,26.6,3.0,90.0,73.0,29.5
SALITRAN III,2019,11,10,149.8,31.9,25.9,2.0,340.0,79.0,28.9
SALITRAN III,2020,11,0,203.6,31.6,25.6,3.0,40.0,79.0,28.6
SALITRAN III,2021,11,1,17.4,33.0,26.7,2.0,90.0,75.0,29.85
SALITRAN III,2022,11,2,103.0,31.7,26.0,3.0,90.0,78.0,28.85
SALITRAN III,2023,11,7,16.3,32.4,26.7,3.0,320.0,71.0,29.55
SALITRAN IV,2010,11,0,240.9,31.3,26.2,3.0,110.0,82.0,28.75
SALITRAN IV,2011,11,2,156.2,31.7,25.7,3.0,110.0,80.0,28.7
SALITRAN IV,2012,11,3,12.7,33.0,26.2,3.0,140.0,75.0,29.6
SALITRAN IV,2013,11,0,130.2,31.4,25.9,2.0,140.0,80.0,28.65
SALITRAN IV,2014,11,3,27.8,32.0,25.9,2.0,140.0,78.0,28.95
SALITRAN IV,2015,11,10,9.4,32.8,26.5,3.0,90.0,76.0,29.65
SALITRAN IV,2016,11,1,88.9,31.1,26.0,3.0,90.0,80.0,28.55
SALITRAN IV,2017,11,1,116.4,31.7,26.5,3.0,90.0,80.0,29.1
SALITRAN IV,2018,11,1,13.7,32.4,26.6,3.0,90.0,73.0,29.5
SALITRAN IV,2019,11,1,149.8,31.9,25.9,2.0,340.0,79.0,28.9
SALITRAN IV,2020,11,2,203.6,31.6,25.6,3.0,40.0,79.0,28.6
SALITRAN IV,2021,11,3,17.4,33.0,26.7,2.0,90.0,75.0,29.85
SALITRAN IV,2022,11,1,103.0,31.7,26.0,3.0,90.0,78.0,28.85
SALITRAN IV,2023,11,1,16.3,32.4,26.7,3.0,320.0,71.0,29.55
SAMPALOC I,2010,11,0,240.9,31.3,26.2,3.0,110.0,82.0,28.75
SAMPALOC I,2011,11,3,156.2,31.7,25.7,3.0,110.0,80.0,28.7
SAMPALOC I,2012,11,0,12.7,33.0,26.2,3.0,140.0,75.0,29.6
SAMPALOC I,2013,11,2,130.2,31.4,25.9,2.0,140.0,80.0,28.65
SAMPALOC I,2014,11,0,27.8,32.0,25.9,2.0,140.0,78.0,28.95
SAMPALOC I,2015,11,6,9.4,32.8,26.5,3.0,90.0,76.0,29.65
SAMPALOC I,2016,11,3,88.9,31.1,26.0,3.0,90.0,80.0,28.55
SAMPALOC I,2017,11,1,116.4,31.7,26.5,3.0,90.0,80.0,29.1
SAMPALOC I,2018,11,1,13.7,32.4,26.6,3.0,90.0,73.0,29.5
SAMPALOC I,2019,11,6,149.8,31.9,25.9,2.0,340.0,79.0,28.9
SAMPALOC I,2020,11,0,203.6,31.6,25.6,3.0,40.0,79.0,28.6
SAMPALOC I,2021,11,0,17.4,33.0,26.7,2.0,90.0,75.0,29.85
SAMPALOC I,2022,11,0,103.0,31.7,26.0,3.0,90.0,78.0,28.85
SAMPALOC I,2023,11,0,16.3,32.4,26.7,3.0,320.0,71.0,29.55
SAMPALOC II,2010,11,2,240.9,31.3,26.2,3.0,110.0,82.0,28.75
SAMPALOC II,2011,11,0,156.2,31.7,25.7,3.0,110.0,80.0,28.7
SAMPALOC II,2012,11,0,12.7,33.0,26.2,3.0,140.0,75.0,29.6
SAMPALOC II,2013,11,1,130.2,31.4,25.9,2.0,140.0,80.0,28.65
SAMPALOC II,2014,11,0,27.8,32.0,25.9,2.0,140.0,78.0,28.95
SAMPALOC II,2015,11,12,9.4,32.8,26.5,3.0,90.0,76.0,29.65
SAMPALOC II,2016,11,0,88.9,31.1,26.0,3.0,90.0,80.0,28.55
SAMPALOC II,2017,11,3,116.4,31.7,26.5,3.0,90.0,80.0,29.1
SAMPALOC II,2018,11,7,13.7,32.4,26.6,3.0,90.0,73.0,29.5
SAMPALOC II,2019,11,1,149.8,31.9,25.9,2.0,340.0,79.0,28.9
SAMPALOC II,2020,11,0,203.6,31.6,25.6,3.0,40.0,79.0,28.6
SAMPALOC II,2021,11,0,17.4,33.0,26.7,2.0,90.0,75.0,29.85
SAMPALOC II,2022,11,0,103.0,31.7,26.0,3.0,90.0,78.0,28.85
SAMPALOC II,2023,11,0,16.3,32.4,26.7,3.0,320.0,71.0,29.55
SAMPALOC III,2010,11,3,240.9,31.3,26.2,3.0,110.0,82.0,28.75
SAMPALOC III,2011,11,1,156.2,31.7,25.7,3.0,110.0,80.0,28.7
SAMPALOC III,2012,11,0,12.7,33.0,26.2,3.0,140.0,75.0,29.6
SAMPALOC III,2013,11,0,130.2,31.4,25.9,2.0,140.0,80.0,28.65
SAMPALOC III,2014,11,0,27.8,32.0,25.9,2.0,140.0,78.0,28.95
SAMPALOC III,2015,11,2,9.4,32.8,26.5,3.0,90.0,76.0,29.65
SAMPALOC III,2016,11,0,88.9,31.1,26.0,3.0,90.0,80.0,28.55
SAMPALOC III,2017,11,0,116.4,31.7,26.5,3.0,90.0,80.0,29.1
SAMPALOC III,2018,11,9,13.7,32.4,26.6,3.0,90.0,73.0,29.5
SAMPALOC III,2019,11,7,149.8,31.9,25.9,2.0,340.0,79.0,28.9
SAMPALOC III,2020,11,0,203.6,31.6,25.6,3.0,40.0,79.0,28.6
SAMPALOC III,2021,11,0,17.4,33.0,26.7,2.0,90.0,75.0,29.85
SAMPALOC III,2022,11,0,103.0,31.7,26.0,3.0,90.0,78.0,28.85
SAMPALOC III,2023,11,0,16.3,32.4,26.7,3.0,320.0,71.0,29.55
SAMPALOC IV,2010,11,5,240.9,31.3,26.2,3.0,110.0,82.0,28.75
SAMPALOC IV,2011,11,4,156.2,31.7,25.7,3.0,110.0,80.0,28.7
SAMPALOC IV,2012,11,4,12.7,33.0,26.2,3.0,140.0,75.0,29.6
SAMPALOC IV,2013,11,2,130.2,31.4,25.9,2.0,140.0,80.0,28.65
SAMPALOC IV,2014,11,4,27.8,32.0,25.9,2.0,140.0,78.0,28.95
SAMPALOC IV,2015,11,7,9.4,32.8,26.5,3.0,90.0,76.0,29.65
SAMPALOC IV,2016,11,4,88.9,31.1,26.0,3.0,90.0,80.0,28.55
SAMPALOC IV,2017,11,5,116.4,31.7,26.5,3.0,90.0,80.0,29.1
SAMPALOC IV,2018,11,17,13.7,32.4,26.6,3.0,90.0,73.0,29.5
SAMPALOC IV,2019,11,20,149.8,31.9,25.9,2.0,340.0,79.0,28.9
SAMPALOC IV,2020,11,0,203.6,31.6,25.6,3.0,40.0,79.0,28.6
SAMPALOC IV,2021,11,0,17.4,33.0,26.7,2.0,90.0,75.0,29.85
SAMPALOC IV,2022,11,4,103.0,31.7,26.0,3.0,90.0,78.0,28.85
SAMPALOC IV,2023,11,4,16.3,32.4,26.7,3.0,320.0,71.0,29.55
SAMPALOC V,2010,11,0,240.9,31.3,26.2,3.0,110.0,82.0,28.75
SAMPALOC V,2011,11,0,156.2,31.7,25.7,3.0,110.0,80.0,28.7
SAMPALOC V,2012,11,0,12.7,33.0,26.2,3.0,140.0,75.0,29.6
SAMPALOC V,2013,11,0,130.2,31.4,25.9,2.0,140.0,80.0,28.65
SAMPALOC V,2014,11,0,27.8,32.0,25.9,2.0,140.0,78.0,28.95
SAMPALOC V,2015,11,1,9.4,32.8,26.5,3.0,90.0,76.0,29.65
SAMPALOC V,2017,11,1,116.4,31.7,26.5,3.0,90.0,80.0,29.1
SAMPALOC V,2018,11,0,13.7,32.4,26.6,3.0,90.0,73.0,29.5
SAMPALOC V,2019,11,0,149.8,31.9,25.9,2.0,340.0,79.0,28.9
SAMPALOC V,2023,11,0,16.3,32.4,26.7,3.0,320.0,71.0,29.55
SAN AGUSTIN I,2010,11,2,240.9,31.3,26.2,3.0,110.0,82.0,28.75
SAN AGUSTIN I,2011,11,0,156.2,31.7,25.7,3.0,110.0,80.0,28.7
SAN AGUSTIN I,2012,11,0,12.7,33.0,26.2,3.0,140.0,75.0,29.6
SAN AGUSTIN I,2013,11,4,130.2,31.4,25.9,2.0,140.0,80.0,28.65
SAN AGUSTIN I,2014,11,0,27.8,32.0,25.9,2.0,140.0,78.0,28.95
SAN AGUSTIN I,2015,11,3,9.4,32.8,26.5,3.0,90.0,76.0,29.65
SAN AGUSTIN I,2016,11,0,88.9,31.1,26.0,3.0,90.0,80.0,28.55
SAN AGUSTIN I,2017,11,1,116.4,31.7,26.5,3.0,90.0,80.0,29.1
SAN AGUSTIN I,2018,11,3,13.7,32.4,26.6,3.0,90.0,73.0,29.5
SAN AGUSTIN I,2019,11,3,149.8,31.9,25.9,2.0,340.0,79.0,28.9
SAN AGUSTIN I,2020,11,0,203.6,31.6,25.6,3.0,40.0,79.0,28.6
SAN AGUSTIN I,2021,11,1,17.4,33.0,26.7,2.0,90.0,75.0,29.85
SAN AGUSTIN I,2022,11,0,103.0,31.7,26.0,3.0,90.0,78.0,28.85
SAN AGUSTIN I,2023,11,0,16.3,32.4,26.7,3.0,320.0,71.0,29.55
SAN AGUSTIN II,2010,11,3,240.9,31.3,26.2,3.0,110.0,82.0,28.75
SAN AGUSTIN II,2011,11,2,156.2,31.7,25.7,3.0,110.0,80.0,28.7
SAN AGUSTIN II,2012,11,0,12.7,33.0,26.2,3.0,140.0,75.0,29.6
SAN AGUSTIN II,2013,11,1,130.2,31.4,25.9,2.0,140.0,80.0,28.65
SAN AGUSTIN II,2014,11,0,27.8,32.0,25.9,2.0,140.0,78.0,28.95
SAN AGUSTIN II,2015,11,8,9.4,32.8,26.5,3.0,90.0,76.0,29.65
SAN AGUSTIN II,2016,11,2,88.9,31.1,26.0,3.0,90.0,80.0,28.55
SAN AGUSTIN II,2017,11,2,116.4,31.7,26.5,3.0,90.0,80.0,29.1
SAN AGUSTIN II,2018,11,5,13.7,32.4,26.6,3.0,90.0,73.0,29.5
SAN AGUSTIN II,2019,11,5,149.8,31.9,25.9,2.0,340.0,79.0,28.9
SAN AGUSTIN II,2020,11,0,203.6,31.6,25.6,3.0,40.0,79.0,28.6
SAN AGUSTIN II,2021,11,5,17.4,33.0,26.7,2.0,90.0,75.0,29.85
SAN AGUSTIN II,2022,11,0,103.0,31.7,26.0,3.0,90.0,78.0,28.85
SAN AGUSTIN II,2023,11,2,16.3,32.4,26.7,3.0,320.0,71.0,29.55
SAN AGUSTIN III,2010,11,4,240.9,31.3,26.2,3.0,110.0,82.0,28.75
SAN AGUSTIN III,2011,11,0,156.2,31.7,25.7,3.0,110.0,80.0,28.7
SAN AGUSTIN III,2012,11,0,12.7,33.0,26.2,3.0,140.0,75.0,29.6
SAN AGUSTIN III,2013,11,3,130.2,31.4,25.9,2.0,140.0,80.0,28.65
SAN AGUSTIN III,2014,11,0,27.8,32.0,25.9,2.0,140.0,78.0,28.95
SAN AGUSTIN III,2015,11,4,9.4,32.8,26.5,3.0,90.0,76.0,29.65
SAN AGUSTIN III,2016,11,0,88.9,31.1,26.0,3.0,90.0,80.0,28.55
SAN AGUSTIN III,2017,11,3,116.4,31.7,26.5,3.0,90.0,80.0,29.1
SAN AGUSTIN III,2018,11,2,13.7,32.4,26.6,3.0,90.0,73.0,29.5
SAN AGUSTIN III,2019,11,3,149.8,31.9,25.9,2.0,340.0,79.0,28.9
SAN AGUSTIN III,2020,11,0,203.6,31.6,25.6,3.0,40.0,79.0,28.6
SAN AGUSTIN III,2021,11,1,17.4,33.0,26.7,2.0,90.0,75.0,29.85
SAN AGUSTIN III,2022,11,0,103.0,31.7,26.0,3.0,90.0,78.0,28.85
SAN AGUSTIN III,2023,11,0,16.3,32.4,26.7,3.0,320.0,71.0,29.55
SAN ANDRES I,2010,11,0,240.9,31.3,26.2,3.0,110.0,82.0,28.75
SAN ANDRES I,2011,11,1,156.2,31.7,25.7,3.0,110.0,80.0,28.7
SAN ANDRES I,2012,11,0,12.7,33.0,26.2,3.0,140.0,75.0,29.6
SAN ANDRES I,2013,11,2,130.2,31.4,25.9,2.0,140.0,80.0,28.65
SAN ANDRES I,2014,11,0,27.8,32.0,25.9,2.0,140.0,78.0,28.95
SAN ANDRES I,2015,11,2,9.4,32.8,26.5,3.0,90.0,76.0,29.65
SAN ANDRES I,2016,11,0,88.9,31.1,26.0,3.0,90.0,80.0,28.55
SAN ANDRES I,2017,11,0,116.4,31.7,26.5,3.0,90.0,80.0,29.1
SAN ANDRES I,2018,11,4,13.7,32.4,26.6,3.0,90.0,73.0,29.5
SAN ANDRES I,2019,11,9,149.8,31.9,25.9,2.0,340.0,79.0,28.9
SAN ANDRES I,2020,11,0,203.6,31.6,25.6,3.0,40.0,79.0,28.6
SAN ANDRES I,2021,11,0,17.4,33.0,26.7,2.0,90.0,75.0,29.85
SAN ANDRES I,2022,11,0,103.0,31.7,26.0,3.0,90.0,78.0,28.85
SAN ANDRES I,2023,11,0,16.3,32.4,26.7,3.0,320.0,71.0,29.55
SAN ANDRES II,2011,11,0,156.2,31.7,25.7,3.0,110.0,80.0,28.7
SAN ANDRES II,2012,11,0,12.7,33.0,26.2,3.0,140.0,75.0,29.6
SAN ANDRES II,2014,11,0,27.8,32.0,25.9,2.0,140.0,78.0,28.95
SAN ANDRES II,2015,11,5,9.4,32.8,26.5,3.0,90.0,76.0,29.65
SAN ANDRES II,2016,11,1,88.9,31.1,26.0,3.0,90.0,80.0,28.55
SAN ANDRES II,2017,11,1,116.4,31.7,26.5,3.0,90.0,80.0,29.1
SAN ANDRES II,2018,11,1,13.7,32.4,26.6,3.0,90.0,73.0,29.5
SAN ANDRES II,2019,11,5,149.8,31.9,25.9,2.0,340.0,79.0,28.9
SAN ANDRES II,2020,11,0,203.6,31.6,25.6,3.0,40.0,79.0,28.6
SAN ANDRES II,2021,11,0,17.4,33.0,26.7,2.0,90.0,75.0,29.85
SAN ANDRES II,2022,11,0,103.0,31.7,26.0,3.0,90.0,78.0,28.85
SAN ANDRES II,2023,11,0,16.3,32.4,26.7,3.0,320.0,71.0,29.55
SAN ANTONIO DE PADUA I,2011,11,0,156.2,31.7,25.7,3.0,110.0,80.0,28.7
SAN ANTONIO DE PADUA I,2012,11,1,12.7,33.0,26.2,3.0,140.0,75.0,29.6
SAN ANTONIO DE PADUA I,2013,11,1,130.2,31.4,25.9,2.0,140.0,80.0,28.65
SAN ANTONIO DE PADUA I,2014,11,1,27.8,32.0,25.9,2.0,140.0,78.0,28.95
SAN ANTONIO DE PADUA I,2015,11,0,9.4,32.8,26.5,3.0,90.0,76.0,29.65
SAN ANTONIO DE PADUA I,2016,11,1,88.9,31.1,26.0,3.0,90.0,80.0,28.55
SAN ANTONIO DE PADUA I,2017,11,0,116.4,31.7,26.5,3.0,90.0,80.0,29.1
SAN ANTONIO DE PADUA I,2018,11,4,13.7,32.4,26.6,3.0,90.0,73.0,29.5
SAN ANTONIO DE PADUA I,2019,11,1,149.8,31.9,25.9,2.0,340.0,79.0,28.9
SAN ANTONIO DE PADUA I,2020,11,0,203.6,31.6,25.6,3.0,40.0,79.0,28.6
SAN ANTONIO DE PADUA I,2021,11,0,17.4,33.0,26.7,2.0,90.0,75.0,29.85
SAN ANTONIO DE PADUA I,2022,11,0,103.0,31.7,26.0,3.0,90.0,78.0,28.85
SAN ANTONIO DE PADUA I,2023,11,0,16.3,32.4,26.7,3.0,320.0,71.0,29.55
SAN ANTONIO DE PADUA II,2010,11,0,240.9,31.3,26.2,3.0,110.0,82.0,28.75
SAN ANTONIO DE PADUA II,2011,11,0,156.2,31.7,25.7,3.0,110.0,80.0,28.7
SAN ANTONIO DE PADUA II,2012,11,0,12.7,33.0,26.2,3.0,140.0,75.0,29.6
SAN ANTONIO DE PADUA II,2013,11,0,130.2,31.4,25.9,2.0,140.0,80.0,28.65
SAN ANTONIO DE PADUA II,2014,11,0,27.8,32.0,25.9,2.0,140.0,78.0,28.95
SAN ANTONIO DE PADUA II,2015,11,0,9.4,32.8,26.5,3.0,90.0,76.0,29.65
SAN ANTONIO DE PADUA II,2016,11,0,88.9,31.1,26.0,3.0,90.0,80.0,28.55
SAN ANTONIO DE PADUA II,2017,11,0,116.4,31.7,26.5,3.0,90.0,80.0,29.1
SAN ANTONIO DE PADUA II,2018,11,1,13.7,32.4,26.6,3.0,90.0,73.0,29.5
SAN ANTONIO DE PADUA II,2019,11,1,149.8,31.9,25.9,2.0,340.0,79.0,28.9
SAN ANTONIO DE PADUA II,2020,11,1,203.6,31.6,25.6,3.0,40.0,79.0,28.6
SAN ANTONIO DE PADUA II,2021,11,0,17.4,33.0,26.7,2.0,90.0,75.0,29.85
SAN ANTONIO DE PADUA II,2022,11,0,103.0,31.7,26.0,3.0,90.0,78.0,28.85
SAN ANTONIO DE PADUA II,2023,11,0,16.3,32.4,26.7,3.0,320.0,71.0,29.55
SAN DIONISIO (BARANGAY I),2010,11,0,240.9,31.3,26.2,3.0,110.0,82.0,28.75
SAN DIONISIO (BARANGAY I),2011,11,0,156.2,31.7,25.7,3.0,110.0,80.0,28.7
SAN DIONISIO (BARANGAY I),2012,11,1,12.7,33.0,26.2,3.0,140.0,75.0,29.6
SAN DIONISIO (BARANGAY I),2013,11,3,130.2,31.4,25.9,2.0,140.0,80.0,28.65
SAN DIONISIO (BARANGAY I),2014,11,1,27.8,32.0,25.9,2.0,140.0,78.0,28.95
SAN DIONISIO (BARANGAY I),2015,11,6,9.4,32.8,26.5,3.0,90.0,76.0,29.65
SAN DIONISIO (BARANGAY I),2016,11,0,88.9,31.1,26.0,3.0,90.0,80.0,28.55
SAN DIONISIO (BARANGAY I),2017,11,2,116.4,31.7,26.5,3.0,90.0,80.0,29.1
SAN DIONISIO (BARANGAY I),2018,11,0,13.7,32.4,26.6,3.0,90.0,73.0,29.5
SAN DIONISIO (BARANGAY I),2019,11,5,149.8,31.9,25.9,2.0,340.0,79.0,28.9
SAN DIONISIO (BARANGAY I),2021,11,0,17.4,33.0,26.7,2.0,90.0,75.0,29.85
SAN DIONISIO (BARANGAY I),2022,11,3,103.0,31.7,26.0,3.0,90.0,78.0,28.85
SAN DIONISIO (BARANGAY I),2023,11,0,16.3,32.4,26.7,3.0,320.0,71.0,29.55
SAN ESTEBAN (BARANGAY IV),2010,11,0,240.9,31.3,26.2,3.0,110.0,82.0,28.75
SAN ESTEBAN (BARANGAY IV),2011,11,1,156.2,31.7,25.7,3.0,110.0,80.0,28.7
SAN ESTEBAN (BARANGAY IV),2012,11,1,12.7,33.0,26.2,3.0,140.0,75.0,29.6
SAN ESTEBAN (BARANGAY IV),2013,11,1,130.2,31.4,25.9,2.0,140.0,80.0,28.65
SAN ESTEBAN (BARANGAY IV),2014,11,1,27.8,32.0,25.9,2.0,140.0,78.0,28.95
SAN ESTEBAN (BARANGAY IV),2015,11,3,9.4,32.8,26.5,3.0,90.0,76.0,29.65
SAN ESTEBAN (BARANGAY IV),2016,11,0,88.9,31.1,26.0,3.0,90.0,80.0,28.55
SAN ESTEBAN (BARANGAY IV),2017,11,2,116.4,31.7,26.5,3.0,90.0,80.0,29.1
SAN ESTEBAN (BARANGAY IV),2018,11,3,13.7,32.4,26.6,3.0,90.0,73.0,29.5
SAN ESTEBAN (BARANGAY IV),2019,11,1,149.8,31.9,25.9,2.0,340.0,79.0,28.9
SAN ESTEBAN (BARANGAY IV),2020,11,0,203.6,31.6,25.6,3.0,40.0,79.0,28.6
SAN ESTEBAN (BARANGAY IV),2021,11,0,17.4,33.0,26.7,2.0,90.0,75.0,29.85
SAN ESTEBAN (BARANGAY IV),2022,11,0,103.0,31.7,26.0,3.0,90.0,78.0,28.85
SAN ESTEBAN (BARANGAY IV),2023,11,0,16.3,32.4,26.7,3.0,320.0,71.0,29.55
SAN FRANCISCO I,2010,11,0,240.9,31.3,26.2,3.0,110.0,82.0,28.75
SAN FRANCISCO I,2011,11,0,156.2,31.7,25.7,3.0,110.0,80.0,28.7
SAN FRANCISCO I,2012,11,0,12.7,33.0,26.2,3.0,140.0,75.0,29.6
SAN FRANCISCO I,2014,11,0,27.8,32.0,25.9,2.0,140.0,78.0,28.95
SAN FRANCISCO I,2015,11,4,9.4,32.8,26.5,3.0,90.0,76.0,29.65
SAN FRANCISCO I,2016,11,0,88.9,31.1,26.0,3.0,90.0,80.0,28.55
SAN FRANCISCO I,2017,11,0,116.4,31.7,26.5,3.0,90.0,80.0,29.1
SAN FRANCISCO I,2018,11,0,13.7,32.4,26.6,3.0,90.0,73.0,29.5
SAN FRANCISCO I,2019,11,2,149.8,31.9,25.9,2.0,340.0,79.0,28.9
SAN FRANCISCO I,2020,11,1,203.6,31.6,25.6,3.0,40.0,79.0,28.6
SAN FRANCISCO I,2021,11,0,17.4,33.0,26.7,2.0,90.0,75.0,29.85
SAN FRANCISCO I,2022,11,0,103.0,31.7,26.0,3.0,90.0,78.0,28.85
SAN FRANCISCO I,2023,11,2,16.3,32.4,26.7,3.0,320.0,71.0,29.55
SAN FRANCISCO II,2011,11,0,156.2,31.7,25.7,3.0,110.0,80.0,28.7
SAN FRANCISCO II,2012,11,1,12.7,33.0,26.2,3.0,140.0,75.0,29.6
SAN FRANCISCO II,2013,11,0,130.2,31.4,25.9,2.0,140.0,80.0,28.65
SAN FRANCISCO II,2014,11,1,27.8,32.0,25.9,2.0,140.0,78.0,28.95
SAN FRANCISCO II,2015,11,7,9.4,32.8,26.5,3.0,90.0,76.0,29.65
SAN FRANCISCO II,2016,11,0,88.9,31.1,26.0,3.0,90.0,80.0,28.55
SAN FRANCISCO II,2017,11,0,116.4,31.7,26.5,3.0,90.0,80.0,29.1
SAN FRANCISCO II,2018,11,0,13.7,32.4,26.6,3.0,90.0,73.0,29.5
SAN FRANCISCO II,2019,11,7,149.8,31.9,25.9,2.0,340.0,79.0,28.9
SAN FRANCISCO II,2020,11,0,203.6,31.6,25.6,3.0,40.0,79.0,28.6
SAN FRANCISCO II,2022,11,1,103.0,31.7,26.0,3.0,90.0,78.0,28.85
SAN FRANCISCO II,2023,11,0,16.3,32.4,26.7,3.0,320.0,71.0,29.55
SAN ISIDRO LABRADOR I,2010,11,0,240.9,31.3,26.2,3.0,110.0,82.0,28.75
SAN ISIDRO LABRADOR I,2011,11,0,156.2,31.7,25.7,3.0,110.0,80.0,28.7
SAN ISIDRO LABRADOR I,2012,11,0,12.7,33.0,26.2,3.0,140.0,75.0,29.6
SAN ISIDRO LABRADOR I,2013,11,0,130.2,31.4,25.9,2.0,140.0,80.0,28.65
SAN ISIDRO LABRADOR I,2014,11,0,27.8,32.0,25.9,2.0,140.0,78.0,28.95
SAN ISIDRO LABRADOR I,2015,11,0,9.4,32.8,26.5,3.0,90.0,76.0,29.65
SAN ISIDRO LABRADOR I,2016,11,0,88.9,31.1,26.0,3.0,90.0,80.0,28.55
SAN ISIDRO LABRADOR I,2017,11,2,116.4,31.7,26.5,3.0,90.0,80.0,29.1
SAN ISIDRO LABRADOR I,2018,11,0,13.7,32.4,26.6,3.0,90.0,73.0,29.5
SAN ISIDRO LABRADOR I,2019,11,1,149.8,31.9,25.9,2.0,340.0,79.0,28.9
SAN ISIDRO LABRADOR I,2020,11,1,203.6,31.6,25.6,3.0,40.0,79.0,28.6
SAN ISIDRO LABRADOR I,2021,11,0,17.4,33.0,26.7,2.0,90.0,75.0,29.85
SAN ISIDRO LABRADOR I,2022,11,0,103.0,31.7,26.0,3.0,90.0,78.0,28.85
SAN ISIDRO LABRADOR I,2023,11,0,16.3,32.4,26.7,3.0,320.0,71.0,29.55
SAN ISIDRO LABRADOR II,2010,11,0,240.9,31.3,26.2,3.0,110.0,82.0,28.75
SAN ISIDRO LABRADOR II,2011,11,0,156.2,31.7,25.7,3.0,110.0,80.0,28.7
SAN ISIDRO LABRADOR II,2012,11,0,12.7,33.0,26.2,3.0,140.0,75.0,29.6
SAN ISIDRO LABRADOR II,2013,11,1,130.2,31.4,25.9,2.0,140.0,80.0,28.65
SAN ISIDRO LABRADOR II,2014,11,0,27.8,32.0,25.9,2.0,140.0,78.0,28.95
SAN ISIDRO LABRADOR II,2015,11,1,9.4,32.8,26.5,3.0,90.0,76.0,29.65
SAN ISIDRO LABRADOR II,2016,11,0,88.9,31.1,26.0,3.0,90.0,80.0,28.55
SAN ISIDRO LABRADOR II,2017,11,0,116.4,31.7,26.5,3.0,90.0,80.0,29.1
SAN ISIDRO LABRADOR II,2018,11,0,13.7,32.4,26.6,3.0,90.0,73.0,29.5
SAN ISIDRO LABRADOR II,2019,11,0,149.8,31.9,25.9,2.0,340.0,79.0,28.9
SAN ISIDRO LABRADOR II,2020,11,1,203.6,31.6,25.6,3.0,40.0,79.0,28.6
SAN ISIDRO LABRADOR II,2021,11,0,17.4,33.0,26.7,2.0,90.0,75.0,29.85
SAN ISIDRO LABRADOR II,2022,11,0,103.0,31.7,26.0,3.0,90.0,78.0,28.85
SAN ISIDRO LABRADOR II,2023,11,0,16.3,32.4,26.7,3.0,320.0,71.0,29.55
SAN JOSE,2010,11,6,240.9,31.3,26.2,3.0,110.0,82.0,28.75
SAN JOSE,2011,11,5,156.2,31.7,25.7,3.0,110.0,80.0,28.7
SAN JOSE,2012,11,2,12.7,33.0,26.2,3.0,140.0,75.0,29.6
SAN JOSE,2013,11,3,130.2,31.4,25.9,2.0,140.0,80.0,28.65
SAN JOSE,2014,11,2,27.8,32.0,25.9,2.0,140.0,78.0,28.95
SAN JOSE,2015,11,8,9.4,32.8,26.5,3.0,90.0,76.0,29.65
SAN JOSE,2016,11,0,88.9,31.1,26.0,3.0,90.0,80.0,28.55
SAN JOSE,2017,11,7,116.4,31.7,26.5,3.0,90.0,80.0,29.1
SAN JOSE,2018,11,3,13.7,32.4,26.6,3.0,90.0,73.0,29.5
SAN JOSE,2019,11,7,149.8,31.9,25.9,2.0,340.0,79.0,28.9
SAN JOSE,2020,11,3,203.6,31.6,25.6,3.0,40.0,79.0,28.6
SAN JOSE,2021,11,2,17.4,33.0,26.7,2.0,90.0,75.0,29.85
SAN JOSE,2022,11,0,103.0,31.7,26.0,3.0,90.0,78.0,28.85
SAN JOSE,2023,11,1,16.3,32.4,26.7,3.0,320.0,71.0,29.55
SAN JUAN (SAN JUAN I),2010,11,0,240.9,31.3,26.2,3.0,110.0,82.0,28.75
SAN JUAN (SAN JUAN I),2011,11,0,156.2,31.7,25.7,3.0,110.0,80.0,28.7
SAN JUAN (SAN JUAN I),2012,11,0,12.7,33.0,26.2,3.0,140.0,75.0,29.6
SAN JUAN (SAN JUAN I),2013,11,2,130.2,31.4,25.9,2.0,140.0,80.0,28.65
SAN JUAN (SAN JUAN I),2014,11,0,27.8,32.0,25.9,2.0,140.0,78.0,28.95
SAN JUAN (SAN JUAN I),2015,11,4,9.4,32.8,26.5,3.0,90.0,76.0,29.65
SAN JUAN (SAN JUAN I),2016,11,0,88.9,31.1,26.0,3.0,90.0,80.0,28.55
SAN JUAN (SAN JUAN I),2017,11,0,116.4,31.7,26.5,3.0,90.0,80.0,29.1
SAN JUAN (SAN JUAN I),2018,11,0,13.7,32.4,26.6,3.0,90.0,73.0,29.5
SAN JUAN (SAN JUAN I),2019,11,1,149.8,31.9,25.9,2.0,340.0,79.0,28.9
SAN JUAN (SAN JUAN I),2021,11,0,17.4,33.0,26.7,2.0,90.0,75.0,29.85
SAN JUAN (SAN JUAN I),2022,11,0,103.0,31.7,26.0,3.0,90.0,78.0,28.85
SAN JUAN (SAN JUAN I),2023,11,0,16.3,32.4,26.7,3.0,320.0,71.0,29.55
SAN LORENZO RUIZ I,2010,11,0,240.9,31.3,26.2,3.0,110.0,82.0,28.75
SAN LORENZO RUIZ I,2011,11,0,156.2,31.7,25.7,3.0,110.0,80.0,28.7
SAN LORENZO RUIZ I,2013,11,0,130.2,31.4,25.9,2.0,140.0,80.0,28.65
SAN LORENZO RUIZ I,2015,11,3,9.4,32.8,26.5,3.0,90.0,76.0,29.65
SAN LORENZO RUIZ I,2016,11,0,88.9,31.1,26.0,3.0,90.0,80.0,28.55
SAN LORENZO RUIZ I,2017,11,2,116.4,31.7,26.5,3.0,90.0,80.0,29.1
SAN LORENZO RUIZ I,2018,11,0,13.7,32.4,26.6,3.0,90.0,73.0,29.5
SAN LORENZO RUIZ I,2019,11,0,149.8,31.9,25.9,2.0,340.0,79.0,28.9
SAN LORENZO RUIZ I,2020,11,0,203.6,31.6,25.6,3.0,40.0,79.0,28.6
SAN LORENZO RUIZ I,2021,11,1,17.4,33.0,26.7,2.0,90.0,75.0,29.85
SAN LORENZO RUIZ I,2022,11,0,103.0,31.7,26.0,3.0,90.0,78.0,28.85
SAN LORENZO RUIZ I,2023,11,0,16.3,32.4,26.7,3.0,320.0,71.0,29.55
SAN LORENZO RUIZ II,2010,11,0,240.9,31.3,26.2,3.0,110.0,82.0,28.75
SAN LORENZO RUIZ II,2011,11,0,156.2,31.7,25.7,3.0,110.0,80.0,28.7
SAN LORENZO RUIZ II,2012,11,0,12.7,33.0,26.2,3.0,140.0,75.0,29.6
SAN LORENZO RUIZ II,2013,11,0,130.2,31.4,25.9,2.0,140.0,80.0,28.65
SAN LORENZO RUIZ II,2014,11,0,27.8,32.0,25.9,2.0,140.0,78.0,28.95
SAN LORENZO RUIZ II,2015,11,1,9.4,32.8,26.5,3.0,90.0,76.0,29.65
SAN LORENZO RUIZ II,2016,11,1,88.9,31.1,26.0,3.0,90.0,80.0,28.55
SAN LORENZO RUIZ II,2018,11,0,13.7,32.4,26.6,3.0,90.0,73.0,29.5
SAN LORENZO RUIZ II,2019,11,0,149.8,31.9,25.9,2.0,340.0,79.0,28.9
SAN LORENZO RUIZ II,2020,11,1,203.6,31.6,25.6,3.0,40.0,79.0,28.6
SAN LORENZO RUIZ II,2021,11,0,17.4,33.0,26.7,2.0,90.0,75.0,29.85
SAN LORENZO RUIZ II,2023,11,2,16.3,32.4,26.7,3.0,320.0,71.0,29.55
SAN LUIS I,2010,11,0,240.9,31.3,26.2,3.0,110.0,82.0,28.75
SAN LUIS I,2011,11,2,156.2,31.7,25.7,3.0,110.0,80.0,28.7
SAN LUIS I,2012,11,0,12.7,33.0,26.2,3.0,140.0,75.0,29.6
SAN LUIS I,2013,11,0,130.2,31.4,25.9,2.0,140.0,80.0,28.65
SAN LUIS I,2014,11,0,27.8,32.0,25.9,2.0,140.0,78.0,28.95
SAN LUIS I,2015,11,6,9.4,32.8,26.5,3.0,90.0,76.0,29.65
SAN LUIS I,2016,11,1,88.9,31.1,26.0,3.0,90.0,80.0,28.55
SAN LUIS I,2017,11,0,116.4,31.7,26.5,3.0,90.0,80.0,29.1
SAN LUIS I,2018,11,0,13.7,32.4,26.6,3.0,90.0,73.0,29.5
SAN LUIS I,2019,11,9,149.8,31.9,25.9,2.0,340.0,79.0,28.9
SAN LUIS I,2020,11,0,203.6,31.6,25.6,3.0,40.0,79.0,28.6
SAN LUIS I,2021,11,0,17.4,33.0,26.7,2.0,90.0,75.0,29.85
SAN LUIS I,2022,11,0,103.0,31.7,26.0,3.0,90.0,78.0,28.85
SAN LUIS I,2023,11,0,16.3,32.4,26.7,3.0,320.0,71.0,29.55
SAN LUIS II,2010,11,1,240.9,31.3,26.2,3.0,110.0,82.0,28.75
SAN LUIS II,2011,11,0,156.2,31.7,25.7,3.0,110.0,80.0,28.7
SAN LUIS II,2012,11,0,12.7,33.0,26.2,3.0,140.0,75.0,29.6
SAN LUIS II,2013,11,0,130.2,31.4,25.9,2.0,140.0,80.0,28.65
SAN LUIS II,2014,11,0,27.8,32.0,25.9,2.0,140.0,78.0,28.95
SAN LUIS II,2015,11,4,9.4,32.8,26.5,3.0,90.0,76.0,29.65
SAN LUIS II,2016,11,0,88.9,31.1,26.0,3.0,90.0,80.0,28.55
SAN LUIS II,2017,11,0,116.4,31.7,26.5,3.0,90.0,80.0,29.1
SAN LUIS II,2018,11,0,13.7,32.4,26.6,3.0,90.0,73.0,29.5
SAN LUIS II,2019,11,1,149.8,31.9,25.9,2.0,340.0,79.0,28.9
SAN LUIS II,2020,11,0,203.6,31.6,25.6,3.0,40.0,79.0,28.6
SAN LUIS II,2021,11,0,17.4,33.0,26.7,2.0,90.0,75.0,29.85
SAN LUIS II,2022,11,1,103.0,31.7,26.0,3.0,90.0,78.0,28.85
SAN LUIS II,2023,11,2,16.3,32.4,26.7,3.0,320.0,71.0,29.55
SAN MANUEL I,2010,11,0,240.9,31.3,26.2,3.0,110.0,82.0,28.75
SAN MANUEL I,2012,11,0,12.7,33.0,26.2,3.0,140.0,75.0,29.6
SAN MANUEL I,2013,11,0,130.2,31.4,25.9,2.0,140.0,80.0,28.65
SAN MANUEL I,2014,11,0,27.8,32.0,25.9,2.0,140.0,78.0,28.95
SAN MANUEL I,2015,11,1,9.4,32.8,26.5,3.0,90.0,76.0,29.65
SAN MANUEL I,2016,11,0,88.9,31.1,26.0,3.0,90.0,80.0,28.55
SAN MANUEL I,2017,11,1,116.4,31.7,26.5,3.0,90.0,80.0,29.1
SAN MANUEL I,2018,11,3,13.7,32.4,26.6,3.0,90.0,73.0,29.5
SAN MANUEL I,2019,11,0,149.8,31.9,25.9,2.0,340.0,79.0,28.9
SAN MANUEL I,2022,11,0,103.0,31.7,26.0,3.0,90.0,78.0,28.85
SAN MANUEL I,2023,11,1,16.3,32.4,26.7,3.0,320.0,71.0,29.55
SAN MANUEL II,2010,11,0,240.9,31.3,26.2,3.0,110.0,82.0,28.75
SAN MANUEL II,2011,11,0,156.2,31.7,25.7,3.0,110.0,80.0,28.7
SAN MANUEL II,2012,11,0,12.7,33.0,26.2,3.0,140.0,75.0,29.6
SAN MANUEL II,2013,11,2,130.2,31.4,25.9,2.0,140.0,80.0,28.65
SAN MANUEL II,2014,11,0,27.8,32.0,25.9,2.0,140.0,78.0,28.95
SAN MANUEL II,2015,11,1,9.4,32.8,26.5,3.0,90.0,76.0,29.65
SAN MANUEL II,2016,11,0,88.9,31.1,26.0,3.0,90.0,80.0,28.55
SAN MANUEL II,2017,11,2,116.4,31.7,26.5,3.0,90.0,80.0,29.1
SAN MANUEL II,2018,11,4,13.7,32.4,26.6,3.0,90.0,73.0,29.5
SAN MANUEL II,2019,11,2,149.8,31.9,25.9,2.0,340.0,79.0,28.9
SAN MANUEL II,2020,11,0,203.6,31.6,25.6,3.0,40.0,79.0,28.6
SAN MANUEL II,2021,11,0,17.4,33.0,26.7,2.0,90.0,75.0,29.85
SAN MANUEL II,2022,11,0,103.0,31.7,26.0,3.0,90.0,78.0,28.85
SAN MANUEL II,2023,11,1,16.3,32.4,26.7,3.0,320.0,71.0,29.55
SAN MATEO,2010,11,0,240.9,31.3,26.2,3.0,110.0,82.0,28.75
SAN MATEO,2011,11,0,156.2,31.7,25.7,3.0,110.0,80.0,28.7
SAN MATEO,2012,11,1,12.7,33.0,26.2,3.0,140.0,75.0,29.6
SAN MATEO,2013,11,0,130.2,31.4,25.9,2.0,140.0,80.0,28.65
SAN MATEO,2014,11,1,27.8,32.0,25.9,2.0,140.0,78.0,28.95
SAN MATEO,2015,11,5,9.4,32.8,26.5,3.0,90.0,76.0,29.65
SAN MATEO,2016,11,1,88.9,31.1,26.0,3.0,90.0,80.0,28.55
SAN MATEO,2017,11,0,116.4,31.7,26.5,3.0,90.0,80.0,29.1
SAN MATEO,2018,11,2,13.7,32.4,26.6,3.0,90.0,73.0,29.5
SAN MATEO,2019,11,3,149.8,31.9,25.9,2.0,340.0,79.0,28.9
SAN MATEO,2020,11,12,203.6,31.6,25.6,3.0,40.0,79.0,28.6
SAN MATEO,2021,11,3,17.4,33.0,26.7,2.0,90.0,75.0,29.85
SAN MATEO,2022,11,0,103.0,31.7,26.0,3.0,90.0,78.0,28.85
SAN MATEO,2023,11,1,16.3,32.4,26.7,3.0,320.0,71.0,29.55
SAN MIGUEL,2010,11,1,240.9,31.3,26.2,3.0,110.0,82.0,28.75
SAN MIGUEL,2011,11,0,156.2,31.7,25.7,3.0,110.0,80.0,28.7
SAN MIGUEL,2013,11,0,130.2,31.4,25.9,2.0,140.0,80.0,28.65
SAN MIGUEL,2015,11,5,9.4,32.8,26.5,3.0,90.0,76.0,29.65
SAN MIGUEL,2016,11,0,88.9,31.1,26.0,3.0,90.0,80.0,28.55
SAN MIGUEL,2017,11,0,116.4,31.7,26.5,3.0,90.0,80.0,29.1
SAN MIGUEL,2018,11,1,13.7,32.4,26.6,3.0,90.0,73.0,29.5
SAN MIGUEL,2019,11,0,149.8,31.9,25.9,2.0,340.0,79.0,28.9
SAN MIGUEL,2020,11,0,203.6,31.6,25.6,3.0,40.0,79.0,28.6
SAN MIGUEL,2021,11,0,17.4,33.0,26.7,2.0,90.0,75.0,29.85
SAN MIGUEL,2022,11,1,103.0,31.7,26.0,3.0,90.0,78.0,28.85
SAN MIGUEL,2023,11,0,16.3,32.4,26.7,3.0,320.0,71.0,29.55
SAN MIGUEL II,2010,11,0,240.9,31.3,26.2,3.0,110.0,82.0,28.75
SAN MIGUEL II,2011,11,0,156.2,31.7,25.7,3.0,110.0,80.0,28.7
SAN MIGUEL II,2012,11,0,12.7,33.0,26.2,3.0,140.0,75.0,29.6
SAN MIGUEL II,2013,11,0,130.2,31.4,25.9,2.0,140.0,80.0,28.65
SAN MIGUEL II,2014,11,0,27.8,32.0,25.9,2.0,140.0,78.0,28.95
SAN MIGUEL II,2015,11,1,9.4,32.8,26.5,3.0,90.0,76.0,29.65
SAN MIGUEL II,2018,11,1,13.7,32.4,26.6,3.0,90.0,73.0,29.5
SAN MIGUEL II,2019,11,0,149.8,31.9,25.9,2.0,340.0,79.0,28.9
SAN MIGUEL II,2020,11,0,203.6,31.6,25.6,3.0,40.0,79.0,28.6
SAN MIGUEL II,2022,11,0,103.0,31.7,26.0,3.0,90.0,78.0,28.85
SAN NICOLAS I,2010,11,0,240.9,31.3,26.2,3.0,110.0,82.0,28.75
SAN NICOLAS I,2011,11,0,156.2,31.7,25.7,3.0,110.0,80.0,28.7
SAN NICOLAS I,2012,11,0,12.7,33.0,26.2,3.0,140.0,75.0,29.6
SAN NICOLAS I,2013,11,0,130.2,31.4,25.9,2.0,140.0,80.0,28.65
SAN NICOLAS I,2014,11,0,27.8,32.0,25.9,2.0,140.0,78.0,28.95
SAN NICOLAS I,2015,11,1,9.4,32.8,26.5,3.0,90.0,76.0,29.65
SAN NICOLAS I,2017,11,0,116.4,31.7,26.5,3.0,90.0,80.0,29.1
SAN NICOLAS I,2018,11,1,13.7,32.4,26.6,3.0,90.0,73.0,29.5
SAN NICOLAS I,2019,11,4,149.8,31.9,25.9,2.0,340.0,79.0,28.9
SAN NICOLAS I,2020,11,0,203.6,31.6,25.6,3.0,40.0,79.0,28.6
SAN NICOLAS I,2023,11,1,16.3,32.4,26.7,3.0,320.0,71.0,29.55
SAN NICOLAS II,2010,11,1,240.9,31.3,26.2,3.0,110.0,82.0,28.75
SAN NICOLAS II,2011,11,0,156.2,31.7,25.7,3.0,110.0,80.0,28.7
SAN NICOLAS II,2012,11,0,12.7,33.0,26.2,3.0,140.0,75.0,29.6
SAN NICOLAS II,2013,11,0,130.2,31.4,25.9,2.0,140.0,80.0,28.65
SAN NICOLAS II,2014,11,0,27.8,32.0,25.9,2.0,140.0,78.0,28.95
SAN NICOLAS II,2015,11,3,9.4,32.8,26.5,3.0,90.0,76.0,29.65
SAN NICOLAS II,2016,11,1,88.9,31.1,26.0,3.0,90.0,80.0,28.55
SAN NICOLAS II,2017,11,0,116.4,31.7,26.5,3.0,90.0,80.0,29.1
SAN NICOLAS II,2018,11,0,13.7,32.4,26.6,3.0,90.0,73.0,29.5
SAN NICOLAS II,2019,11,3,149.8,31.9,25.9,2.0,340.0,79.0,28.9
SAN NICOLAS II,2020,11,0,203.6,31.6,25.6,3.0,40.0,79.0,28.6
SAN NICOLAS II,2021,11,0,17.4,33.0,26.7,2.0,90.0,75.0,29.85
SAN NICOLAS II,2023,11,0,16.3,32.4,26.7,3.0,320.0,71.0,29.55
SAN ROQUE (STA. CRISTINA II),2010,11,0,240.9,31.3,26.2,3.0,110.0,82.0,28.75
SAN ROQUE (STA. CRISTINA II),2012,11,0,12.7,33.0,26.2,3.0,140.0,75.0,29.6
SAN ROQUE (STA. CRISTINA II),2014,11,0,27.8,32.0,25.9,2.0,140.0,78.0,28.95
SAN ROQUE (STA. CRISTINA II),2015,11,2,9.4,32.8,26.5,3.0,90.0,76.0,29.65
SAN ROQUE (STA. CRISTINA II),2016,11,0,88.9,31.1,26.0,3.0,90.0,80.0,28.55
SAN ROQUE (STA. CRISTINA II),2017,11,0,116.4,31.7,26.5,3.0,90.0,80.0,29.1
SAN ROQUE (STA. CRISTINA II),2018,11,2,13.7,32.4,26.6,3.0,90.0,73.0,29.5
SAN ROQUE (STA. CRISTINA II),2019,11,1,149.8,31.9,25.9,2.0,340.0,79.0,28.9
SAN ROQUE (STA. CRISTINA II),2020,11,0,203.6,31.6,25.6,3.0,40.0,79.0,28.6
SAN SIMON (BARANGAY 7),2010,11,0,240.9,31.3,26.2,3.0,110.0,82.0,28.75
SAN SIMON (BARANGAY 7),2011,11,0,156.2,31.7,25.7,3.0,110.0,80.0,28.7
SAN SIMON (BARANGAY 7),2012,11,0,12.7,33.0,26.2,3.0,140.0,75.0,29.6
SAN SIMON (BARANGAY 7),2013,11,0,130.2,31.4,25.9,2.0,140.0,80.0,28.65
SAN SIMON (BARANGAY 7),2014,11,0,27.8,32.0,25.9,2.0,140.0,78.0,28.95
SAN SIMON (BARANGAY 7),2015,11,13,9.4,32.8,26.5,3.0,90.0,76.0,29.65
SAN SIMON (BARANGAY 7),2016,11,3,88.9,31.1,26.0,3.0,90.0,80.0,28.55
SAN SIMON (BARANGAY 7),2017,11,2,116.4,31.7,26.5,3.0,90.0,80.0,29.1
SAN SIMON (BARANGAY 7),2018,11,2,13.7,32.4,26.6,3.0,90.0,73.0,29.5
SAN SIMON (BARANGAY 7),2019,11,6,149.8,31.9,25.9,2.0,340.0,79.0,28.9
SAN SIMON (BARANGAY 7),2020,11,0,203.6,31.6,25.6,3.0,40.0,79.0,28.6
SAN SIMON (BARANGAY 7),2021,11,0,17.4,33.0,26.7,2.0,90.0,75.0,29.85
SAN SIMON (BARANGAY 7),2022,11,0,103.0,31.7,26.0,3.0,90.0,78.0,28.85
SAN SIMON (BARANGAY 7),2023,11,0,16.3,32.4,26.7,3.0,320.0,71.0,29.55
SANTA CRISTINA I,2010,11,0,240.9,31.3,26.2,3.0,110.0,82.0,28.75
SANTA CRISTINA I,2011,11,0,156.2,31.7,25.7,3.0,110.0,80.0,28.7
SANTA CRISTINA I,2012,11,0,12.7,33.0,26.2,3.0,140.0,75.0,29.6
SANTA CRISTINA I,2013,11,0,130.2,31.4,25.9,2.0,140.0,80.0,28.65
SANTA CRISTINA I,2014,11,0,27.8,32.0,25.9,2.0,140.0,78.0,28.95
SANTA CRISTINA I,2015,11,1,9.4,32.8,26.5,3.0,90.0,76.0,29.65
SANTA CRISTINA I,2016,11,0,88.9,31.1,26.0,3.0,90.0,80.0,28.55
SANTA CRISTINA I,2017,11,1,116.4,31.7,26.5,3.0,90.0,80.0,29.1
SANTA CRISTINA I,2018,11,1,13.7,32.4,26.6,3.0,90.0,73.0,29.5
SANTA CRISTINA I,2019,11,1,149.8,31.9,25.9,2.0,340.0,79.0,28.9
SANTA CRISTINA I,2020,11,0,203.6,31.6,25.6,3.0,40.0,79.0,28.6
SANTA CRISTINA I,2021,11,0,17.4,33.0,26.7,2.0,90.0,75.0,29.85
SANTA CRISTINA I,2022,11,0,103.0,31.7,26.0,3.0,90.0,78.0,28.85
SANTA CRISTINA II,2010,11,0,240.9,31.3,26.2,3.0,110.0,82.0,28.75
SANTA CRISTINA II,2011,11,1,156.2,31.7,25.7,3.0,110.0,80.0,28.7
SANTA CRISTINA II,2012,11,0,12.7,33.0,26.2,3.0,140.0,75.0,29.6
SANTA CRISTINA II,2013,11,0,130.2,31.4,25.9,2.0,140.0,80.0,28.65
SANTA CRISTINA II,2014,11,0,27.8,32.0,25.9,2.0,140.0,78.0,28.95
SANTA CRISTINA II,2015,11,1,9.4,32.8,26.5,3.0,90.0,76.0,29.65
SANTA CRISTINA II,2016,11,0,88.9,31.1,26.0,3.0,90.0,80.0,28.55
SANTA CRISTINA II,2017,11,0,116.4,31.7,26.5,3.0,90.0,80.0,29.1
SANTA CRISTINA II,2018,11,5,13.7,32.4,26.6,3.0,90.0,73.0,29.5
SANTA CRISTINA II,2019,11,3,149.8,31.9,25.9,2.0,340.0,79.0,28.9
SANTA CRISTINA II,2020,11,1,203.6,31.6,25.6,3.0,40.0,79.0,28.6
SANTA CRISTINA II,2022,11,1,103.0,31.7,26.0,3.0,90.0,78.0,28.85
SANTA CRISTINA II,2023,11,0,16.3,32.4,26.7,3.0,320.0,71.0,29.55
SANTA CRUZ I,2010,11,0,240.9,31.3,26.2,3.0,110.0,82.0,28.75
SANTA CRUZ I,2011,11,0,156.2,31.7,25.7,3.0,110.0,80.0,28.7
SANTA CRUZ I,2012,11,0,12.7,33.0,26.2,3.0,140.0,75.0,29.6
SANTA CRUZ I,2013,11,1,130.2,31.4,25.9,2.0,140.0,80.0,28.65
SANTA CRUZ I,2014,11,0,27.8,32.0,25.9,2.0,140.0,78.0,28.95
SANTA CRUZ I,2015,11,6,9.4,32.8,26.5,3.0,90.0,76.0,29.65
SANTA CRUZ I,2016,11,2,88.9,31.1,26.0,3.0,90.0,80.0,28.55
SANTA CRUZ I,2017,11,2,116.4,31.7,26.5,3.0,90.0,80.0,29.1
SANTA CRUZ I,2018,11,0,13.7,32.4,26.6,3.0,90.0,73.0,29.5
SANTA CRUZ I,2019,11,2,149.8,31.9,25.9,2.0,340.0,79.0,28.9
SANTA CRUZ I,2020,11,0,203.6,31.6,25.6,3.0,40.0,79.0,28.6
SANTA CRUZ I,2021,11,0,17.4,33.0,26.7,2.0,90.0,75.0,29.85
SANTA CRUZ I,2022,11,0,103.0,31.7,26.0,3.0,90.0,78.0,28.85
SANTA CRUZ II,2010,11,0,240.9,31.3,26.2,3.0,110.0,82.0,28.75
SANTA CRUZ II,2011,11,0,156.2,31.7,25.7,3.0,110.0,80.0,28.7
SANTA CRUZ II,2012,11,0,12.7,33.0,26.2,3.0,140.0,75.0,29.6
SANTA CRUZ II,2013,11,0,130.2,31.4,25.9,2.0,140.0,80.0,28.65
SANTA CRUZ II,2014,11,0,27.8,32.0,25.9,2.0,140.0,78.0,28.95
SANTA CRUZ II,2015,11,1,9.4,32.8,26.5,3.0,90.0,76.0,29.65
SANTA CRUZ II,2016,11,0,88.9,31.1,26.0,3.0,90.0,80.0,28.55
SANTA CRUZ II,2017,11,0,116.4,31.7,26.5,3.0,90.0,80.0,29.1
SANTA CRUZ II,2019,11,1,149.8,31.9,25.9,2.0,340.0,79.0,28.9
SANTA CRUZ II,2020,11,2,203.6,31.6,25.6,3.0,40.0,79.0,28.6
SANTA CRUZ II,2021,11,0,17.4,33.0,26.7,2.0,90.0,75.0,29.85
SANTA CRUZ II,2022,11,0,103.0,31.7,26.0,3.0,90.0,78.0,28.85
SANTA CRUZ II,2023,11,0,16.3,32.4,26.7,3.0,320.0,71.0,29.55
SANTA FE,2010,11,0,240.9,31.3,26.2,3.0,110.0,82.0,28.75
SANTA FE,2011,11,0,156.2,31.7,25.7,3.0,110.0,80.0,28.7
SANTA FE,2012,11,0,12.7,33.0,26.2,3.0,140.0,75.0,29.6
SANTA FE,2013,11,0,130.2,31.4,25.9,2.0,140.0,80.0,28.65
SANTA FE,2014,11,0,27.8,32.0,25.9,2.0,140.0,78.0,28.95
SANTA FE,2015,11,1,9.4,32.8,26.5,3.0,90.0,76.0,29.65
SANTA FE,2016,11,0,88.9,31.1,26.0,3.0,90.0,80.0,28.55
SANTA FE,2017,11,0,116.4,31.7,26.5,3.0,90.0,80.0,29.1
SANTA FE,2018,11,0,13.7,32.4,26.6,3.0,90.0,73.0,29.5
SANTA FE,2019,11,11,149.8,31.9,25.9,2.0,340.0,79.0,28.9
SANTA FE,2020,11,0,203.6,31.6,25.6,3.0,40.0,79.0,28.6
SANTA FE,2021,11,0,17.4,33.0,26.7,2.0,90.0,75.0,29.85
SANTA FE,2023,11,3,16.3,32.4,26.7,3.0,320.0,71.0,29.55
SANTA LUCIA (SAN JUAN II),2010,11,1,240.9,31.3,26.2,3.0,110.0,82.0,28.75
SANTA LUCIA (SAN JUAN II),2011,11,0,156.2,31.7,25.7,3.0,110.0,80.0,28.7
SANTA LUCIA (SAN JUAN II),2012,11,1,12.7,33.0,26.2,3.0,140.0,75.0,29.6
SANTA LUCIA (SAN JUAN II),2013,11,0,130.2,31.4,25.9,2.0,140.0,80.0,28.65
SANTA LUCIA (SAN JUAN II),2014,11,1,27.8,32.0,25.9,2.0,140.0,78.0,28.95
SANTA LUCIA (SAN JUAN II),2015,11,4,9.4,32.8,26.5,3.0,90.0,76.0,29.65
SANTA LUCIA (SAN JUAN II),2016,11,0,88.9,31.1,26.0,3.0,90.0,80.0,28.55
SANTA LUCIA (SAN JUAN II),2017,11,2,116.4,31.7,26.5,3.0,90.0,80.0,29.1
SANTA LUCIA (SAN JUAN II),2018,11,3,13.7,32.4,26.6,3.0,90.0,73.0,29.5
SANTA LUCIA (SAN JUAN II),2019,11,3,149.8,31.9,25.9,2.0,340.0,79.0,28.9
SANTA LUCIA (SAN JUAN II),2020,11,0,203.6,31.6,25.6,3.0,40.0,79.0,28.6
SANTA LUCIA (SAN JUAN II),2021,11,0,17.4,33.0,26.7,2.0,90.0,75.0,29.85
SANTA LUCIA (SAN JUAN II),2022,11,1,103.0,31.7,26.0,3.0,90.0,78.0,28.85
SANTA LUCIA (SAN JUAN II),2023,11,0,16.3,32.4,26.7,3.0,320.0,71.0,29.55
SANTA MARIA (BARANGAY 20),2010,11,1,240.9,31.3,26.2,3.0,110.0,82.0,28.75
SANTA MARIA (BARANGAY 20),2011,11,0,156.2,31.7,25.7,3.0,110.0,80.0,28.7
SANTA MARIA (BARANGAY 20),2012,11,1,12.7,33.0,26.2,3.0,140.0,75.0,29.6
SANTA MARIA (BARANGAY 20),2013,11,0,130.2,31.4,25.9,2.0,140.0,80.0,28.65
SANTA MARIA (BARANGAY 20),2014,11,1,27.8,32.0,25.9,2.0,140.0,78.0,28.95
SANTA MARIA (BARANGAY 20),2015,11,2,9.4,32.8,26.5,3.0,90.0,76.0,29.65
SANTA MARIA (BARANGAY 20),2016,11,6,88.9,31.1,26.0,3.0,90.0,80.0,28.55
SANTA MARIA (BARANGAY 20),2017,11,1,116.4,31.7,26.5,3.0,90.0,80.0,29.1
SANTA MARIA (BARANGAY 20),2018,11,8,13.7,32.4,26.6,3.0,90.0,73.0,29.5
SANTA MARIA (BARANGAY 20),2019,11,3,149.8,31.9,25.9,2.0,340.0,79.0,28.9
SANTA MARIA (BARANGAY 20),2020,11,0,203.6,31.6,25.6,3.0,40.0,79.0,28.6
SANTA MARIA (BARANGAY 20),2021,11,11,17.4,33.0,26.7,2.0,90.0,75.0,29.85
SANTA MARIA (BARANGAY 20),2022,11,0,103.0,31.7,26.0,3.0,90.0,78.0,28.85
SANTA MARIA (BARANGAY 20),2023,11,1,16.3,32.4,26.7,3.0,320.0,71.0,29.55
SANTO CRISTO (BARANGAY III),2010,11,0,240.9,31.3,26.2,3.0,110.0,82.0,28.75
SANTO CRISTO (BARANGAY III),2011,11,0,156.2,31.7,25.7,3.0,110.0,80.0,28.7
SANTO CRISTO (BARANGAY III),2012,11,0,12.7,33.0,26.2,3.0,140.0,75.0,29.6
SANTO CRISTO (BARANGAY III),2013,11,0,130.2,31.4,25.9,2.0,140.0,80.0,28.65
SANTO CRISTO (BARANGAY III),2014,11,0,27.8,32.0,25.9,2.0,140.0,78.0,28.95
SANTO CRISTO (BARANGAY III),2015,11,2,9.4,32.8,26.5,3.0,90.0,76.0,29.65
SANTO CRISTO (BARANGAY III),2016,11,0,88.9,31.1,26.0,3.0,90.0,80.0,28.55
SANTO CRISTO (BARANGAY III),2017,11,0,116.4,31.7,26.5,3.0,90.0,80.0,29.1
SANTO CRISTO (BARANGAY III),2018,11,4,13.7,32.4,26.6,3.0,90.0,73.0,29.5
SANTO CRISTO (BARANGAY III),2019,11,3,149.8,31.9,25.9,2.0,340.0,79.0,28.9
SANTO CRISTO (BARANGAY III),2020,11,0,203.6,31.6,25.6,3.0,40.0,79.0,28.6
SANTO CRISTO (BARANGAY III),2021,11,0,17.4,33.0,26.7,2.0,90.0,75.0,29.85
SANTO CRISTO (BARANGAY III),2022,11,0,103.0,31.7,26.0,3.0,90.0,78.0,28.85
SANTO CRISTO (BARANGAY III),2023,11,1,16.3,32.4,26.7,3.0,320.0,71.0,29.55
SANTO NIÑO I,2010,11,0,240.9,31.3,26.2,3.0,110.0,82.0,28.75
SANTO NIÑO I,2011,11,0,156.2,31.7,25.7,3.0,110.0,80.0,28.7
SANTO NIÑO I,2012,11,0,12.7,33.0,26.2,3.0,140.0,75.0,29.6
SANTO NIÑO I,2013,11,1,130.2,31.4,25.9,2.0,140.0,80.0,28.65
SANTO NIÑO I,2014,11,0,27.8,32.0,25.9,2.0,140.0,78.0,28.95
SANTO NIÑO I,2015,11,2,9.4,32.8,26.5,3.0,90.0,76.0,29.65
SANTO NIÑO I,2016,11,0,88.9,31.1,26.0,3.0,90.0,80.0,28.55
SANTO NIÑO I,2017,11,1,116.4,31.7,26.5,3.0,90.0,80.0,29.1
SANTO NIÑO I,2018,11,5,13.7,32.4,26.6,3.0,90.0,73.0,29.5
SANTO NIÑO I,2019,11,4,149.8,31.9,25.9,2.0,340.0,79.0,28.9
SANTO NIÑO I,2020,11,0,203.6,31.6,25.6,3.0,40.0,79.0,28.6
SANTO NIÑO I,2021,11,0,17.4,33.0,26.7,2.0,90.0,75.0,29.85
SANTO NIÑO I,2022,11,0,103.0,31.7,26.0,3.0,90.0,78.0,28.85
SANTO NIÑO I,2023,11,0,16.3,32.4,26.7,3.0,320.0,71.0,29.55
SANTO NIÑO II,2010,11,0,240.9,31.3,26.2,3.0,110.0,82.0,28.75
SANTO NIÑO II,2011,11,1,156.2,31.7,25.7,3.0,110.0,80.0,28.7
SANTO NIÑO II,2012,11,0,12.7,33.0,26.2,3.0,140.0,75.0,29.6
SANTO NIÑO II,2014,11,0,27.8,32.0,25.9,2.0,140.0,78.0,28.95
SANTO NIÑO II,2015,11,1,9.4,32.8,26.5,3.0,90.0,76.0,29.65
SANTO NIÑO II,2016,11,0,88.9,31.1,26.0,3.0,90.0,80.0,28.55
SANTO NIÑO II,2017,11,2,116.4,31.7,26.5,3.0,90.0,80.0,29.1
SANTO NIÑO II,2018,11,2,13.7,32.4,26.6,3.0,90.0,73.0,29.5
SANTO NIÑO II,2019,11,0,149.8,31.9,25.9,2.0,340.0,79.0,28.9
SANTO NIÑO II,2020,11,2,203.6,31.6,25.6,3.0,40.0,79.0,28.6
SANTO NIÑO II,2023,11,1,16.3,32.4,26.7,3.0,320.0,71.0,29.55
VICTORIA REYES,2010,11,4,240.9,31.3,26.2,3.0,110.0,82.0,28.75
VICTORIA REYES,2011,11,0,156.2,31.7,25.7,3.0,110.0,80.0,28.7
VICTORIA REYES,2012,11,1,12.7,33.0,26.2,3.0,140.0,75.0,29.6
VICTORIA REYES,2013,11,0,130.2,31.4,25.9,2.0,140.0,80.0,28.65
VICTORIA REYES,2014,11,1,27.8,32.0,25.9,2.0,140.0,78.0,28.95
VICTORIA REYES,2015,11,8,9.4,32.8,26.5,3.0,90.0,76.0,29.65
VICTORIA REYES,2016,11,2,88.9,31.1,26.0,3.0,90.0,80.0,28.55
VICTORIA REYES,2017,11,0,116.4,31.7,26.5,3.0,90.0,80.0,29.1
VICTORIA REYES,2018,11,2,13.7,32.4,26.6,3.0,90.0,73.0,29.5
VICTORIA REYES,2019,11,7,149.8,31.9,25.9,2.0,340.0,79.0,28.9
VICTORIA REYES,2020,11,0,203.6,31.6,25.6,3.0,40.0,79.0,28.6
VICTORIA REYES,2021,11,0,17.4,33.0,26.7,2.0,90.0,75.0,29.85
VICTORIA REYES,2022,11,0,103.0,31.7,26.0,3.0,90.0,78.0,28.85
VICTORIA REYES,2023,11,0,16.3,32.4,26.7,3.0,320.0,71.0,29.55
ZONE I,2010,11,1,240.9,31.3,26.2,3.0,110.0,82.0,28.75
ZONE I,2011,11,0,156.2,31.7,25.7,3.0,110.0,80.0,28.7
ZONE I,2019,11,0,149.8,31.9,25.9,2.0,340.0,79.0,28.9
ZONE I-B,2010,11,0,240.9,31.3,26.2,3.0,110.0,82.0,28.75
ZONE I-B,2011,11,0,156.2,31.7,25.7,3.0,110.0,80.0,28.7
ZONE I-B,2012,11,0,12.7,33.0,26.2,3.0,140.0,75.0,29.6
ZONE I-B,2013,11,1,130.2,31.4,25.9,2.0,140.0,80.0,28.65
ZONE I-B,2014,11,0,27.8,32.0,25.9,2.0,140.0,78.0,28.95
ZONE I-B,2015,11,13,9.4,32.8,26.5,3.0,90.0,76.0,29.65
ZONE I-B,2016,11,1,88.9,31.1,26.0,3.0,90.0,80.0,28.55
ZONE I-B,2017,11,4,116.4,31.7,26.5,3.0,90.0,80.0,29.1
ZONE I-B,2018,11,16,13.7,32.4,26.6,3.0,90.0,73.0,29.5
ZONE I-B,2019,11,16,149.8,31.9,25.9,2.0,340.0,79.0,28.9
ZONE I-B,2020,11,2,203.6,31.6,25.6,3.0,40.0,79.0,28.6
ZONE I-B,2021,11,3,17.4,33.0,26.7,2.0,90.0,75.0,29.85
ZONE I-B,2022,11,1,103.0,31.7,26.0,3.0,90.0,78.0,28.85
ZONE I-B,2023,11,1,16.3,32.4,26.7,3.0,320.0,71.0,29.55
ZONE II,2010,11,0,240.9,31.3,26.2,3.0,110.0,82.0,28.75
ZONE II,2011,11,0,156.2,31.7,25.7,3.0,110.0,80.0,28.7
ZONE II,2019,11,0,149.8,31.9,25.9,2.0,340.0,79.0,28.9
ZONE III,2010,11,1,240.9,31.3,26.2,3.0,110.0,82.0,28.75
ZONE III,2011,11,0,156.2,31.7,25.7,3.0,110.0,80.0,28.7
ZONE III,2015,11,0,9.4,32.8,26.5,3.0,90.0,76.0,29.65
ZONE III,2023,11,1,16.3,32.4,26.7,3.0,320.0,71.0,29.55
ZONE IV,2010,11,0,240.9,31.3,26.2,3.0,110.0,82.0,28.75
ZONE IV,2011,11,0,156.2,31.7,25.7,3.0,110.0,80.0,28.7
ZONE IV,2013,11,0,130.2,31.4,25.9,2.0,140.0,80.0,28.65
ZONE IV,2015,11,0,9.4,32.8,26.5,3.0,90.0,76.0,29.65
ZONE IV,2019,11,0,149.8,31.9,25.9,2.0,340.0,79.0,28.9
ZONE IV,2023,11,0,16.3,32.4,26.7,3.0,320.0,71.0,29.55
BUROL,2010,12,2,98.0,30.3,25.7,3.0,110.0,80.0,28.0
BUROL,2011,12,2,198.5,30.0,25.3,3.0,140.0,82.0,27.65
BUROL,2012,12,2,11.4,32.0,25.8,3.0,140.0,77.0,28.9
BUROL,2013,12,1,28.8,31.3,25.4,2.0,140.0,79.0,28.35
BUROL,2014,12,2,163.2,30.1,25.2,2.0,140.0,81.0,27.65
BUROL,2015,12,0,294.7,31.0,25.3,3.0,90.0,80.0,28.15
BUROL,2016,12,0,89.8,30.9,25.8,3.0,360.0,79.0,28.35
BUROL,2017,12,0,57.1,30.5,25.8,3.0,90.0,79.0,28.15
BUROL,2018,12,16,132.9,30.6,25.7,2.0,90.0,78.0,28.15
BUROL,2019,12,0,119.5,31.5,25.4,3.0,340.0,79.0,28.45
BUROL,2020,12,2,123.9,31.0,25.6,2.0,90.0,80.0,28.3
BUROL,2021,12,3,59.3,31.2,25.1,3.0,340.0,73.0,28.15
BUROL,2022,12,0,64.4,30.8,25.7,3.0,90.0,76.0,28.25
BUROL,2023,12,0,47.2,31.5,26.0,3.0,90.0,75.0,28.75
BUROL I,2010,12,1,98.0,30.3,25.7,3.0,110.0,80.0,28.0
BUROL I,2011,12,0,198.5,30.0,25.3,3.0,140.0,82.0,27.65
BUROL I,2012,12,5,11.4,32.0,25.8,3.0,140.0,77.0,28.9
BUROL I,2013,12,1,28.8,31.3,25.4,2.0,140.0,79.0,28.35
BUROL I,2014,12,5,163.2,30.1,25.2,2.0,140.0,81.0,27.65
BUROL I,2015,12,1,294.7,31.0,25.3,3.0,90.0,80.0,28.15
BUROL I,2016,12,1,89.8,30.9,25.8,3.0,360.0,79.0,28.35
BUROL I,2017,12,1,57.1,30.5,25.8,3.0,90.0,79.0,28.15
BUROL I,2018,12,3,132.9,30.6,25.7,2.0,90.0,78.0,28.15
BUROL I,2019,12,2,119.5,31.5,25.4,3.0,340.0,79.0,28.45
BUROL I,2020,12,1,123.9,31.0,25.6,2.0,90.0,80.0,28.3
BUROL I,2021,12,2,59.3,31.2,25.1,3.0,340.0,73.0,28.15
BUROL I,2022,12,0,64.4,30.8,25.7,3.0,90.0,76.0,28.25
BUROL I,2023,12,0,47.2,31.5,26.0,3.0,90.0,75.0,28.75
BUROL II,2011,12,0,198.5,30.0,25.3,3.0,140.0,82.0,27.65
BUROL II,2012,12,1,11.4,32.0,25.8,3.0,140.0,77.0,28.9
BUROL II,2013,12,0,28.8,31.3,25.4,2.0,140.0,79.0,28.35
BUROL II,2014,12,1,163.2,30.1,25.2,2.0,140.0,81.0,27.65
BUROL II,2015,12,0,294.7,31.0,25.3,3.0,90.0,80.0,28.15
BUROL II,2016,12,2,89.8,30.9,25.8,3.0,360.0,79.0,28.35
BUROL II,2017,12,1,57.1,30.5,25.8,3.0,90.0,79.0,28.15
BUROL II,2018,12,0,132.9,30.6,25.7,2.0,90.0,78.0,28.15
BUROL II,2019,12,0,119.5,31.5,25.4,3.0,340.0,79.0,28.45
BUROL II,2020,12,0,123.9,31.0,25.6,2.0,90.0,80.0,28.3
BUROL II,2021,12,1,59.3,31.2,25.1,3.0,340.0,73.0,28.15
BUROL II,2023,12,0,47.2,31.5,26.0,3.0,90.0,75.0,28.75
BUROL III,2010,12,1,98.0,30.3,25.7,3.0,110.0,80.0,28.0
BUROL III,2011,12,0,198.5,30.0,25.3,3.0,140.0,82.0,27.65
BUROL III,2012,12,0,11.4,32.0,25.8,3.0,140.0,77.0,28.9
BUROL III,2013,12,1,28.8,31.3,25.4,2.0,140.0,79.0,28.35
BUROL III,2014,12,0,163.2,30.1,25.2,2.0,140.0,81.0,27.65
BUROL III,2015,12,2,294.7,31.0,25.3,3.0,90.0,80.0,28.15
BUROL III,2016,12,0,89.8,30.9,25.8,3.0,360.0,79.0,28.35
BUROL III,2017,12,0,57.1,30.5,25.8,3.0,90.0,79.0,28.15
BUROL III,2018,12,3,132.9,30.6,25.7,2.0,90.0,78.0,28.15
BUROL III,2019,12,3,119.5,31.5,25.4,3.0,340.0,79.0,28.45
BUROL III,2020,12,1,123.9,31.0,25.6,2.0,90.0,80.0,28.3
BUROL III,2021,12,0,59.3,31.2,25.1,3.0,340.0,73.0,28.15
BUROL III,2022,12,1,64.4,30.8,25.7,3.0,90.0,76.0,28.25
BUROL III,2023,12,0,47.2,31.5,26.0,3.0,90.0,75.0,28.75
DASMARIÑAS,2013,12,62,28.8,31.3,25.4,2.0,140.0,79.0,28.35
DATU ESMAEL (BAGO-A-INGUD),2010,12,2,98.0,30.3,25.7,3.0,110.0,80.0,28.0
DATU ESMAEL (BAGO-A-INGUD),2011,12,0,198.5,30.0,25.3,3.0,140.0,82.0,27.65
DATU ESMAEL (BAGO-A-INGUD),2012,12,0,11.4,32.0,25.8,3.0,140.0,77.0,28.9
DATU ESMAEL (BAGO-A-INGUD),2013,12,1,28.8,31.3,25.4,2.0,140.0,79.0,28.35
DATU ESMAEL (BAGO-A-INGUD),2014,12,0,163.2,30.1,25.2,2.0,140.0,81.0,27.65
DATU ESMAEL (BAGO-A-INGUD),2015,12,2,294.7,31.0,25.3,3.0,90.0,80.0,28.15
DATU ESMAEL (BAGO-A-INGUD),2016,12,0,89.8,30.9,25.8,3.0,360.0,79.0,28.35
DATU ESMAEL (BAGO-A-INGUD),2017,12,1,57.1,30.5,25.8,3.0,90.0,79.0,28.15
DATU ESMAEL (BAGO-A-INGUD),2018,12,0,132.9,30.6,25.7,2.0,90.0,78.0,28.15
DATU ESMAEL (BAGO-A-INGUD),2019,12,0,119.5,31.5,25.4,3.0,340.0,79.0,28.45
DATU ESMAEL (BAGO-A-INGUD),2020,12,0,123.9,31.0,25.6,2.0,90.0,80.0,28.3
DATU ESMAEL (BAGO-A-INGUD),2022,12,0,64.4,30.8,25.7,3.0,90.0,76.0,28.25
EMMANUEL BERGADO I,2010,12,0,98.0,30.3,25.7,3.0,110.0,80.0,28.0
EMMANUEL BERGADO I,2011,12,0,198.5,30.0,25.3,3.0,140.0,82.0,27.65
EMMANUEL BERGADO I,2012,12,1,11.4,32.0,25.8,3.0,140.0,77.0,28.9
EMMANUEL BERGADO I,2013,12,0,28.8,31.3,25.4,2.0,140.0,79.0,28.35
EMMANUEL BERGADO I,2014,12,1,163.2,30.1,25.2,2.0,140.0,81.0,27.65
EMMANUEL BERGADO I,2015,12,0,294.7,31.0,25.3,3.0,90.0,80.0,28.15
EMMANUEL BERGADO I,2016,12,0,89.8,30.9,25.8,3.0,360.0,79.0,28.35
EMMANUEL BERGADO I,2017,12,2,57.1,30.5,25.8,3.0,90.0,79.0,28.15
EMMANUEL BERGADO I,2018,12,3,132.9,30.6,25.7,2.0,90.0,78.0,28.15
EMMANUEL BERGADO I,2019,12,3,119.5,31.5,25.4,3.0,340.0,79.0,28.45
EMMANUEL BERGADO I,2020,12,0,123.9,31.0,25.6,2.0,90.0,80.0,28.3
EMMANUEL BERGADO I,2021,12,1,59.3,31.2,25.1,3.0,340.0,73.0,28.15
EMMANUEL BERGADO I,2022,12,0,64.4,30.8,25.7,3.0,90.0,76.0,28.25
EMMANUEL BERGADO I,2023,12,0,47.2,31.5,26.0,3.0,90.0,75.0,28.75
EMMANUEL BERGADO II,2010,12,0,98.0,30.3,25.7,3.0,110.0,80.0,28.0
EMMANUEL BERGADO II,2011,12,0,198.5,30.0,25.3,3.0,140.0,82.0,27.65
EMMANUEL BERGADO II,2012,12,0,11.4,32.0,25.8,3.0,140.0,77.0,28.9
EMMANUEL BERGADO II,2013,12,1,28.8,31.3,25.4,2.0,140.0,79.0,28.35
EMMANUEL BERGADO II,2014,12,0,163.2,30.1,25.2,2.0,140.0,81.0,27.65
EMMANUEL BERGADO II,2015,12,0,294.7,31.0,25.3,3.0,90.0,80.0,28.15
EMMANUEL BERGADO II,2016,12,0,89.8,30.9,25.8,3.0,360.0,79.0,28.35
EMMANUEL BERGADO II,2017,12,0,57.1,30.5,25.8,3.0,90.0,79.0,28.15
EMMANUEL BERGADO II,2018,12,0,132.9,30.6,25.7,2.0,90.0,78.0,28.15
EMMANUEL BERGADO II,2019,12,2,119.5,31.5,25.4,3.0,340.0,79.0,28.45
EMMANUEL BERGADO II,2020,12,0,123.9,31.0,25.6,2.0,90.0,80.0,28.3
EMMANUEL BERGADO II,2021,12,0,59.3,31.2,25.1,3.0,340.0,73.0,28.15
EMMANUEL BERGADO II,2022,12,0,64.4,30.8,25.7,3.0,90.0,76.0,28.25
EMMANUEL BERGADO II,2023,12,0,47.2,31.5,26.0,3.0,90.0,75.0,28.75
FATIMA I,2010,12,2,98.0,30.3,25.7,3.0,110.0,80.0,28.0
FATIMA I,2011,12,0,198.5,30.0,25.3,3.0,140.0,82.0,27.65
FATIMA I,2012,12,0,11.4,32.0,25.8,3.0,140.0,77.0,28.9
FATIMA I,2013,12,0,28.8,31.3,25.4,2.0,140.0,79.0,28.35
FATIMA I,2014,12,0,163.2,30.1,25.2,2.0,140.0,81.0,27.65
FATIMA I,2015,12,1,294.7,31.0,25.3,3.0,90.0,80.0,28.15
FATIMA I,2016,12,5,89.8,30.9,25.8,3.0,360.0,79.0,28.35
FATIMA I,2017,12,0,57.1,30.5,25.8,3.0,90.0,79.0,28.15
FATIMA I,2018,12,1,132.9,30.6,25.7,2.0,90.0,78.0,28.15
FATIMA I,2019,12,0,119.5,31.5,25.4,3.0,340.0,79.0,28.45
FATIMA I,2020,12,1,123.9,31.0,25.6,2.0,90.0,80.0,28.3
FATIMA I,2022,12,2,64.4,30.8,25.7,3.0,90.0,76.0,28.25
FATIMA I,2023,12,0,47.2,31.5,26.0,3.0,90.0,75.0,28.75
FATIMA II,2010,12,0,98.0,30.3,25.7,3.0,110.0,80.0,28.0
FATIMA II,2011,12,1,198.5,30.0,25.3,3.0,140.0,82.0,27.65
FATIMA II,2012,12,0,11.4,32.0,25.8,3.0,140.0,77.0,28.9
FATIMA II,2013,12,2,28.8,31.3,25.4,2.0,140.0,79.0,28.35
FATIMA II,2014,12,0,163.2,30.1,25.2,2.0,140.0,81.0,27.65
FATIMA II,2015,12,1,294.7,31.0,25.3,3.0,90.0,80.0,28.15
FATIMA II,2016,12,0,89.8,30.9,25.8,3.0,360.0,79.0,28.35
FATIMA II,2017,12,0,57.1,30.5,25.8,3.0,90.0,79.0,28.15
FATIMA II,2018,12,0,132.9,30.6,25.7,2.0,90.0,78.0,28.15
FATIMA II,2019,12,0,119.5,31.5,25.4,3.0,340.0,79.0,28.45
FATIMA II,2020,12,1,123.9,31.0,25.6,2.0,90.0,80.0,28.3
FATIMA II,2021,12,0,59.3,31.2,25.1,3.0,340.0,73.0,28.15
FATIMA II,2022,12,0,64.4,30.8,25.7,3.0,90.0,76.0,28.25
FATIMA II,2023,12,0,47.2,31.5,26.0,3.0,90.0,75.0,28.75
FATIMA III,2010,12,0,98.0,30.3,25.7,3.0,110.0,80.0,28.0
FATIMA III,2011,12,1,198.5,30.0,25.3,3.0,140.0,82.0,27.65
FATIMA III,2012,12,1,11.4,32.0,25.8,3.0,140.0,77.0,28.9
FATIMA III,2013,12,0,28.8,31.3,25.4,2.0,140.0,79.0,28.35
FATIMA III,2014,12,1,163.2,30.1,25.2,2.0,140.0,81.0,27.65
FATIMA III,2015,12,1,294.7,31.0,25.3,3.0,90.0,80.0,28.15
FATIMA III,2016,12,2,89.8,30.9,25.8,3.0,360.0,79.0,28.35
FATIMA III,2017,12,0,57.1,30.5,25.8,3.0,90.0,79.0,28.15
FATIMA III,2018,12,0,132.9,30.6,25.7,2.0,90.0,78.0,28.15
FATIMA III,2019,12,2,119.5,31.5,25.4,3.0,340.0,79.0,28.45
FATIMA III,2020,12,1,123.9,31.0,25.6,2.0,90.0,80.0,28.3
FATIMA III,2021,12,0,59.3,31.2,25.1,3.0,340.0,73.0,28.15
FATIMA III,2022,12,0,64.4,30.8,25.7,3.0,90.0,76.0,28.25
FATIMA III,2023,12,0,47.2,31.5,26.0,3.0,90.0,75.0,28.75
H-II,2010,12,0,98.0,30.3,25.7,3.0,110.0,80.0,28.0
H-II,2015,12,0,294.7,31.0,25.3,3.0,90.0,80.0,28.15
H-II,2017,12,1,57.1,30.5,25.8,3.0,90.0,79.0,28.15
H-II,2018,12,0,132.9,30.6,25.7,2.0,90.0,78.0,28.15
LANGKAAN I,2010,12,1,98.0,30.3,25.7,3.0,110.0,80.0,28.0
LANGKAAN I,2011,12,0,198.5,30.0,25.3,3.0,140.0,82.0,27.65
LANGKAAN I,2012,12,0,11.4,32.0,25.8,3.0,140.0,77.0,28.9
LANGKAAN I,2013,12,7,28.8,31.3,25.4,2.0,140.0,79.0,28.35
LANGKAAN I,2014,12,0,163.2,30.1,25.2,2.0,140.0,81.0,27.65
LANGKAAN I,2015,12,2,294.7,31.0,25.3,3.0,90.0,80.0,28.15
LANGKAAN I,2016,12,1,89.8,30.9,25.8,3.0,360.0,79.0,28.35
LANGKAAN I,2017,12,1,57.1,30.5,25.8,3.0,90.0,79.0,28.15
LANGKAAN I,2018,12,11,132.9,30.6,25.7,2.0,90.0,78.0,28.15
LANGKAAN I,2019,12,4,119.5,31.5,25.4,3.0,340.0,79.0,28.45
LANGKAAN I,2020,12,2,123.9,31.0,25.6,2.0,90.0,80.0,28.3
LANGKAAN I,2021,12,0,59.3,31.2,25.1,3.0,340.0,73.0,28.15
LANGKAAN I,2022,12,0,64.4,30.8,25.7,3.0,90.0,76.0,28.25
LANGKAAN I,2023,12,2,47.2,31.5,26.0,3.0,90.0,75.0,28.75
LANGKAAN II,2010,12,2,98.0,30.3,25.7,3.0,110.0,80.0,28.0
LANGKAAN II,2011,12,0,198.5,30.0,25.3,3.0,140.0,82.0,27.65
LANGKAAN II,2012,12,1,11.4,32.0,25.8,3.0,140.0,77.0,28.9
LANGKAAN II,2013,12,3,28.8,31.3,25.4,2.0,140.0,79.0,28.35
LANGKAAN II,2014,12,1,163.2,30.1,25.2,2.0,140.0,81.0,27.65
LANGKAAN II,2015,12,3,294.7,31.0,25.3,3.0,90.0,80.0,28.15
LANGKAAN II,2016,12,4,89.8,30.9,25.8,3.0,360.0,79.0,28.35
LANGKAAN II,2017,12,2,57.1,30.5,25.8,3.0,90.0,79.0,28.15
LANGKAAN II,2018,12,8,132.9,30.6,25.7,2.0,90.0,78.0,28.15
LANGKAAN II,2019,12,7,119.5,31.5,25.4,3.0,340.0,79.0,28.45
LANGKAAN II,2020,12,2,123.9,31.0,25.6,2.0,90.0,80.0,28.3
LANGKAAN II,2021,12,8,59.3,31.2,25.1,3.0,340.0,73.0,28.15
LANGKAAN II,2022,12,1,64.4,30.8,25.7,3.0,90.0,76.0,28.25
LANGKAAN II,2023,12,2,47.2,31.5,26.0,3.0,90.0,75.0,28.75
LUZVIMINDA I,2011,12,0,198.5,30.0,25.3,3.0,140.0,82.0,27.65
LUZVIMINDA I,2012,12,0,11.4,32.0,25.8,3.0,140.0,77.0,28.9
LUZVIMINDA I,2014,12,0,163.2,30.1,25.2,2.0,140.0,81.0,27.65
LUZVIMINDA I,2015,12,0,294.7,31.0,25.3,3.0,90.0,80.0,28.15
LUZVIMINDA I,2016,12,1,89.8,30.9,25.8,3.0,360.0,79.0,28.35
LUZVIMINDA I,2017,12,0,57.1,30.5,25.8,3.0,90.0,79.0,28.15
LUZVIMINDA I,2018,12,1,132.9,30.6,25.7,2.0,90.0,78.0,28.15
LUZVIMINDA I,2019,12,1,119.5,31.5,25.4,3.0,340.0,79.0,28.45
LUZVIMINDA I,2020,12,0,123.9,31.0,25.6,2.0,90.0,80.0,28.3
LUZVIMINDA I,2021,12,0,59.3,31.2,25.1,3.0,340.0,73.0,28.15
LUZVIMINDA I,2022,12,0,64.4,30.8,25.7,3.0,90.0,76.0,28.25
LUZVIMINDA I,2023,12,0,47.2,31.5,26.0,3.0,90.0,75.0,28.75
LUZVIMINDA II,2011,12,0,198.5,30.0,25.3,3.0,140.0,82.0,27.65
LUZVIMINDA II,2012,12,0,11.4,32.0,25.8,3.0,140.0,77.0,28.9
LUZVIMINDA II,2013,12,0,28.8,31.3,25.4,2.0,140.0,79.0,28.35
LUZVIMINDA II,2014,12,0,163.2,30.1,25.2,2.0,140.0,81.0,27.65
LUZVIMINDA II,2015,12,0,294.7,31.0,25.3,3.0,90.0,80.0,28.15
LUZVIMINDA II,2016,12,0,89.8,30.9,25.8,3.0,360.0,79.0,28.35
LUZVIMINDA II,2017,12,0,57.1,30.5,25.8,3.0,90.0,79.0,28.15
LUZVIMINDA II,2018,12,1,132.9,30.6,25.7,2.0,90.0,78.0,28.15
LUZVIMINDA II,2019,12,0,119.5,31.5,25.4,3.0,340.0,79.0,28.45
LUZVIMINDA II,2020,12,2,123.9,31.0,25.6,2.0,90.0,80.0,28.3
LUZVIMINDA II,2022,12,0,64.4,30.8,25.7,3.0,90.0,76.0,28.25
LUZVIMINDA II,2023,12,0,47.2,31.5,26.0,3.0,90.0,75.0,28.75
PALIPARAN I,2010,12,1,98.0,30.3,25.7,3.0,110.0,80.0,28.0
PALIPARAN I,2011,12,0,198.5,30.0,25.3,3.0,140.0,82.0,27.65
PALIPARAN I,2012,12,0,11.4,32.0,25.8,3.0,140.0,77.0,28.9
PALIPARAN I,2013,12,1,28.8,31.3,25.4,2.0,140.0,79.0,28.35
PALIPARAN I,2014,12,0,163.2,30.1,25.2,2.0,140.0,81.0,27.65
PALIPARAN I,2015,12,1,294.7,31.0,25.3,3.0,90.0,80.0,28.15
PALIPARAN I,2016,12,0,89.8,30.9,25.8,3.0,360.0,79.0,28.35
PALIPARAN I,2017,12,2,57.1,30.5,25.8,3.0,90.0,79.0,28.15
PALIPARAN I,2018,12,2,132.9,30.6,25.7,2.0,90.0,78.0,28.15
PALIPARAN I,2019,12,8,119.5,31.5,25.4,3.0,340.0,79.0,28.45
PALIPARAN I,2020,12,0,123.9,31.0,25.6,2.0,90.0,80.0,28.3
PALIPARAN I,2021,12,0,59.3,31.2,25.1,3.0,340.0,73.0,28.15
PALIPARAN I,2022,12,2,64.4,30.8,25.7,3.0,90.0,76.0,28.25
PALIPARAN I,2023,12,0,47.2,31.5,26.0,3.0,90.0,75.0,28.75
PALIPARAN II,2010,12,2,98.0,30.3,25.7,3.0,110.0,80.0,28.0
PALIPARAN II,2011,12,0,198.5,30.0,25.3,3.0,140.0,82.0,27.65
PALIPARAN II,2012,12,1,11.4,32.0,25.8,3.0,140.0,77.0,28.9
PALIPARAN II,2013,12,2,28.8,31.3,25.4,2.0,140.0,79.0,28.35
PALIPARAN II,2014,12,1,163.2,30.1,25.2,2.0,140.0,81.0,27.65
PALIPARAN II,2015,12,1,294.7,31.0,25.3,3.0,90.0,80.0,28.15
PALIPARAN II,2016,12,2,89.8,30.9,25.8,3.0,360.0,79.0,28.35
PALIPARAN II,2017,12,1,57.1,30.5,25.8,3.0,90.0,79.0,28.15
PALIPARAN II,2018,12,1,132.9,30.6,25.7,2.0,90.0,78.0,28.15
PALIPARAN II,2019,12,5,119.5,31.5,25.4,3.0,340.0,79.0,28.45
PALIPARAN II,2020,12,0,123.9,31.0,25.6,2.0,90.0,80.0,28.3
PALIPARAN II,2021,12,0,59.3,31.2,25.1,3.0,340.0,73.0,28.15
PALIPARAN II,2022,12,0,64.4,30.8,25.7,3.0,90.0,76.0,28.25
PALIPARAN II,2023,12,2,47.2,31.5,26.0,3.0,90.0,75.0,28.75
PALIPARAN III,2010,12,1,98.0,30.3,25.7,3.0,110.0,80.0,28.0
PALIPARAN III,2011,12,0,198.5,30.0,25.3,3.0,140.0,82.0,27.65
PALIPARAN III,2012,12,2,11.4,32.0,25.8,3.0,140.0,77.0,28.9
PALIPARAN III,2013,12,2,28.8,31.3,25.4,2.0,140.0,79.0,28.35
PALIPARAN III,2014,12,2,163.2,30.1,25.2,2.0,140.0,81.0,27.65
PALIPARAN III,2015,12,7,294.7,31.0,25.3,3.0,90.0,80.0,28.15
PALIPARAN III,2016,12,2,89.8,30.9,25.8,3.0,360.0,79.0,28.35
PALIPARAN III,2017,12,5,57.1,30.5,25.8,3.0,90.0,79.0,28.15
PALIPARAN III,2018,12,4,132.9,30.6,25.7,2.0,90.0,78.0,28.15
PALIPARAN III,2019,12,6,119.5,31.5,25.4,3.0,340.0,79.0,28.45
PALIPARAN III,2020,12,3,123.9,31.0,25.6,2.0,90.0,80.0,28.3
PALIPARAN III,2021,12,1,59.3,31.2,25.1,3.0,340.0,73.0,28.15
PALIPARAN III,2022,12,1,64.4,30.8,25.7,3.0,90.0,76.0,28.25
PALIPARAN III,2023,12,3,47.2,31.5,26.0,3.0,90.0,75.0,28.75
SABANG,2010,12,5,98.0,30.3,25.7,3.0,110.0,80.0,28.0
SABANG,2011,12,1,198.5,30.0,25.3,3.0,140.0,82.0,27.65
SABANG,2012,12,3,11.4,32.0,25.8,3.0,140.0,77.0,28.9
SABANG,2013,12,3,28.8,31.3,25.4,2.0,140.0,79.0,28.35
SABANG,2014,12,3,163.2,30.1,25.2,2.0,140.0,81.0,27.65
SABANG,2015,12,4,294.7,31.0,25.3,3.0,90.0,80.0,28.15
SABANG,2016,12,1,89.8,30.9,25.8,3.0,360.0,79.0,28.35
SABANG,2017,12,4,57.1,30.5,25.8,3.0,90.0,79.0,28.15
SABANG,2018,12,3,132.9,30.6,25.7,2.0,90.0,78.0,28.15
SABANG,2019,12,5,119.5,31.5,25.4,3.0,340.0,79.0,28.45
SABANG,2020,12,0,123.9,31.0,25.6,2.0,90.0,80.0,28.3
SABANG,2021,12,1,59.3,31.2,25.1,3.0,340.0,73.0,28.15
SABANG,2022,12,1,64.4,30.8,25.7,3.0,90.0,76.0,28.25
SABANG,2023,12,2,47.2,31.5,26.0,3.0,90.0,75.0,28.75
SAINT PETER I,2010,12,0,98.0,30.3,25.7,3.0,110.0,80.0,28.0
SAINT PETER I,2011,12,0,198.5,30.0,25.3,3.0,140.0,82.0,27.65
SAINT PETER I,2012,12,0,11.4,32.0,25.8,3.0,140.0,77.0,28.9
SAINT PETER I,2013,12,0,28.8,31.3,25.4,2.0,140.0,79.0,28.35
SAINT PETER I,2014,12,0,163.2,30.1,25.2,2.0,140.0,81.0,27.65
SAINT PETER I,2015,12,2,294.7,31.0,25.3,3.0,90.0,80.0,28.15
SAINT PETER I,2016,12,0,89.8,30.9,25.8,3.0,360.0,79.0,28.35
SAINT PETER I,2017,12,1,57.1,30.5,25.8,3.0,90.0,79.0,28.15
SAINT PETER I,2018,12,0,132.9,30.6,25.7,2.0,90.0,78.0,28.15
SAINT PETER I,2019,12,0,119.5,31.5,25.4,3.0,340.0,79.0,28.45
SAINT PETER I,2020,12,0,123.9,31.0,25.6,2.0,90.0,80.0,28.3
SAINT PETER I,2021,12,0,59.3,31.2,25.1,3.0,340.0,73.0,28.15
SAINT PETER I,2022,12,0,64.4,30.8,25.7,3.0,90.0,76.0,28.25
SAINT PETER II,2010,12,0,98.0,30.3,25.7,3.0,110.0,80.0,28.0
SAINT PETER II,2011,12,0,198.5,30.0,25.3,3.0,140.0,82.0,27.65
SAINT PETER II,2013,12,1,28.8,31.3,25.4,2.0,140.0,79.0,28.35
SAINT PETER II,2015,12,0,294.7,31.0,25.3,3.0,90.0,80.0,28.15
SAINT PETER II,2016,12,1,89.8,30.9,25.8,3.0,360.0,79.0,28.35
SAINT PETER II,2017,12,0,57.1,30.5,25.8,3.0,90.0,79.0,28.15
SAINT PETER II,2018,12,0,132.9,30.6,25.7,2.0,90.0,78.0,28.15
SAINT PETER II,2019,12,0,119.5,31.5,25.4,3.0,340.0,79.0,28.45
SAINT PETER II,2022,12,0,64.4,30.8,25.7,3.0,90.0,76.0,28.25
SAINT PETER II,2023,12,0,47.2,31.5,26.0,3.0,90.0,75.0,28.75
SALAWAG,2010,12,1,98.0,30.3,25.7,3.0,110.0,80.0,28.0
SALAWAG,2011,12,1,198.5,30.0,25.3,3.0,140.0,82.0,27.65
SALAWAG,2012,12,1,11.4,32.0,25.8,3.0,140.0,77.0,28.9
SALAWAG,2013,12,3,28.8,31.3,25.4,2.0,140.0,79.0,28.35
SALAWAG,2014,12,1,163.2,30.1,25.2,2.0,140.0,81.0,27.65
SALAWAG,2015,12,13,294.7,31.0,25.3,3.0,90.0,80.0,28.15
SALAWAG,2016,12,3,89.8,30.9,25.8,3.0,360.0,79.0,28.35
SALAWAG,2017,12,5,57.1,30.5,25.8,3.0,90.0,79.0,28.15
SALAWAG,2018,12,14,132.9,30.6,25.7,2.0,90.0,78.0,28.15
SALAWAG,2019,12,15,119.5,31.5,25.4,3.0,340.0,79.0,28.45
SALAWAG,2020,12,2,123.9,31.0,25.6,2.0,90.0,80.0,28.3
SALAWAG,2021,12,0,59.3,31.2,25.1,3.0,340.0,73.0,28.15
SALAWAG,2022,12,6,64.4,30.8,25.7,3.0,90.0,76.0,28.25
SALAWAG,2023,12,5,47.2,31.5,26.0,3.0,90.0,75.0,28.75
SALITRAN I,2010,12,1,98.0,30.3,25.7,3.0,110.0,80.0,28.0
SALITRAN I,2011,12,0,198.5,30.0,25.3,3.0,140.0,82.0,27.65
SALITRAN I,2012,12,0,11.4,32.0,25.8,3.0,140.0,77.0,28.9
SALITRAN I,2013,12,3,28.8,31.3,25.4,2.0,140.0,79.0,28.35
SALITRAN I,2014,12,0,163.2,30.1,25.2,2.0,140.0,81.0,27.65
SALITRAN I,2015,12,5,294.7,31.0,25.3,3.0,90.0,80.0,28.15
SALITRAN I,2016,12,2,89.8,30.9,25.8,3.0,360.0,79.0,28.35
SALITRAN I,2017,12,2,57.1,30.5,25.8,3.0,90.0,79.0,28.15
SALITRAN I,2018,12,2,132.9,30.6,25.7,2.0,90.0,78.0,28.15
SALITRAN I,2019,12,4,119.5,31.5,25.4,3.0,340.0,79.0,28.45
SALITRAN I,2020,12,0,123.9,31.0,25.6,2.0,90.0,80.0,28.3
SALITRAN I,2021,12,0,59.3,31.2,25.1,3.0,340.0,73.0,28.15
SALITRAN I,2022,12,1,64.4,30.8,25.7,3.0,90.0,76.0,28.25
SALITRAN I,2023,12,1,47.2,31.5,26.0,3.0,90.0,75.0,28.75
SALITRAN II,2010,12,1,98.0,30.3,25.7,3.0,110.0,80.0,28.0
SALITRAN II,2011,12,0,198.5,30.0,25.3,3.0,140.0,82.0,27.65
SALITRAN II,2012,12,5,11.4,32.0,25.8,3.0,140.0,77.0,28.9
SALITRAN II,2013,12,0,28.8,31.3,25.4,2.0,140.0,79.0,28.35
SALITRAN II,2014,12,5,163.2,30.1,25.2,2.0,140.0,81.0,27.65
SALITRAN II,2015,12,7,294.7,31.0,25.3,3.0,90.0,80.0,28.15
SALITRAN II,2016,12,0,89.8,30.9,25.8,3.0,360.0,79.0,28.35
SALITRAN II,2017,12,3,57.1,30.5,25.8,3.0,90.0,79.0,28.15
SALITRAN II,2018,12,11,132.9,30.6,25.7,2.0,90.0,78.0,28.15
SALITRAN II,2019,12,13,119.5,31.5,25.4,3.0,340.0,79.0,28.45
SALITRAN II,2020,12,2,123.9,31.0,25.6,2.0,90.0,80.0,28.3
SALITRAN II,2021,12,2,59.3,31.2,25.1,3.0,340.0,73.0,28.15
SALITRAN II,2022,12,0,64.4,30.8,25.7,3.0,90.0,76.0,28.25
SALITRAN II,2023,12,1,47.2,31.5,26.0,3.0,90.0,75.0,28.75
SALITRAN III,2010,12,0,98.0,30.3,25.7,3.0,110.0,80.0,28.0
SALITRAN III,2011,12,4,198.5,30.0,25.3,3.0,140.0,82.0,27.65
SALITRAN III,2012,12,3,11.4,32.0,25.8,3.0,140.0,77.0,28.9
SALITRAN III,2013,12,5,28.8,31.3,25.4,2.0,140.0,79.0,28.35
SALITRAN III,2014,12,3,163.2,30.1,25.2,2.0,140.0,81.0,27.65
SALITRAN III,2015,12,2,294.7,31.0,25.3,3.0,90.0,80.0,28.15
SALITRAN III,2016,12,4,89.8,30.9,25.8,3.0,360.0,79.0,28.35
SALITRAN III,2017,12,3,57.1,30.5,25.8,3.0,90.0,79.0,28.15
SALITRAN III,2018,12,7,132.9,30.6,25.7,2.0,90.0,78.0,28.15
SALITRAN III,2019,12,8,119.5,31.5,25.4,3.0,340.0,79.0,28.45
SALITRAN III,2020,12,0,123.9,31.0,25.6,2.0,90.0,80.0,28.3
SALITRAN III,2021,12,0,59.3,31.2,25.1,3.0,340.0,73.0,28.15
SALITRAN III,2022,12,1,64.4,30.8,25.7,3.0,90.0,76.0,28.25
SALITRAN III,2023,12,1,47.2,31.5,26.0,3.0,90.0,75.0,28.75
SALITRAN IV,2010,12,0,98.0,30.3,25.7,3.0,110.0,80.0,28.0
SALITRAN IV,2011,12,0,198.5,30.0,25.3,3.0,140.0,82.0,27.65
SALITRAN IV,2012,12,1,11.4,32.0,25.8,3.0,140.0,77.0,28.9
SALITRAN IV,2013,12,2,28.8,31.3,25.4,2.0,140.0,79.0,28.35
SALITRAN IV,2014,12,1,163.2,30.1,25.2,2.0,140.0,81.0,27.65
SALITRAN IV,2015,12,3,294.7,31.0,25.3,3.0,90.0,80.0,28.15
SALITRAN IV,2016,12,0,89.8,30.9,25.8,3.0,360.0,79.0,28.35
SALITRAN IV,2017,12,3,57.1,30.5,25.8,3.0,90.0,79.0,28.15
SALITRAN IV,2018,12,4,132.9,30.6,25.7,2.0,90.0,78.0,28.15
SALITRAN IV,2019,12,2,119.5,31.5,25.4,3.0,340.0,79.0,28.45
SALITRAN IV,2020,12,1,123.9,31.0,25.6,2.0,90.0,80.0,28.3
SALITRAN IV,2021,12,0,59.3,31.2,25.1,3.0,340.0,73.0,28.15
SALITRAN IV,2022,12,2,64.4,30.8,25.7,3.0,90.0,76.0,28.25
SALITRAN IV,2023,12,2,47.2,31.5,26.0,3.0,90.0,75.0,28.75
SAMPALOC I,2010,12,0,98.0,30.3,25.7,3.0,110.0,80.0,28.0
SAMPALOC I,2011,12,0,198.5,30.0,25.3,3.0,140.0,82.0,27.65
SAMPALOC I,2012,12,1,11.4,32.0,25.8,3.0,140.0,77.0,28.9
SAMPALOC I,2013,12,1,28.8,31.3,25.4,2.0,140.0,79.0,28.35
SAMPALOC I,2014,12,1,163.2,30.1,25.2,2.0,140.0,81.0,27.65
SAMPALOC I,2015,12,2,294.7,31.0,25.3,3.0,90.0,80.0,28.15
SAMPALOC I,2016,12,1,89.8,30.9,25.8,3.0,360.0,79.0,28.35
SAMPALOC I,2017,12,0,57.1,30.5,25.8,3.0,90.0,79.0,28.15
SAMPALOC I,2018,12,5,132.9,30.6,25.7,2.0,90.0,78.0,28.15
SAMPALOC I,2019,12,3,119.5,31.5,25.4,3.0,340.0,79.0,28.45
SAMPALOC I,2020,12,0,123.9,31.0,25.6,2.0,90.0,80.0,28.3
SAMPALOC I,2021,12,0,59.3,31.2,25.1,3.0,340.0,73.0,28.15
SAMPALOC I,2022,12,0,64.4,30.8,25.7,3.0,90.0,76.0,28.25
SAMPALOC I,2023,12,0,47.2,31.5,26.0,3.0,90.0,75.0,28.75
SAMPALOC II,2010,12,0,98.0,30.3,25.7,3.0,110.0,80.0,28.0
SAMPALOC II,2011,12,1,198.5,30.0,25.3,3.0,140.0,82.0,27.65
SAMPALOC II,2012,12,1,11.4,32.0,25.8,3.0,140.0,77.0,28.9
SAMPALOC II,2013,12,0,28.8,31.3,25.4,2.0,140.0,79.0,28.35
SAMPALOC II,2014,12,1,163.2,30.1,25.2,2.0,140.0,81.0,27.65
SAMPALOC II,2015,12,2,294.7,31.0,25.3,3.0,90.0,80.0,28.15
SAMPALOC II,2016,12,3,89.8,30.9,25.8,3.0,360.0,79.0,28.35
SAMPALOC II,2017,12,2,57.1,30.5,25.8,3.0,90.0,79.0,28.15
SAMPALOC II,2018,12,4,132.9,30.6,25.7,2.0,90.0,78.0,28.15
SAMPALOC II,2019,12,3,119.5,31.5,25.4,3.0,340.0,79.0,28.45
SAMPALOC II,2020,12,0,123.9,31.0,25.6,2.0,90.0,80.0,28.3
SAMPALOC II,2021,12,0,59.3,31.2,25.1,3.0,340.0,73.0,28.15
SAMPALOC II,2022,12,1,64.4,30.8,25.7,3.0,90.0,76.0,28.25
SAMPALOC II,2023,12,0,47.2,31.5,26.0,3.0,90.0,75.0,28.75
SAMPALOC III,2010,12,2,98.0,30.3,25.7,3.0,110.0,80.0,28.0
SAMPALOC III,2011,12,0,198.5,30.0,25.3,3.0,140.0,82.0,27.65
SAMPALOC III,2012,12,1,11.4,32.0,25.8,3.0,140.0,77.0,28.9
SAMPALOC III,2013,12,0,28.8,31.3,25.4,2.0,140.0,79.0,28.35
SAMPALOC III,2014,12,1,163.2,30.1,25.2,2.0,140.0,81.0,27.65
SAMPALOC III,2015,12,0,294.7,31.0,25.3,3.0,90.0,80.0,28.15
SAMPALOC III,2016,12,0,89.8,30.9,25.8,3.0,360.0,79.0,28.35
SAMPALOC III,2017,12,0,57.1,30.5,25.8,3.0,90.0,79.0,28.15
SAMPALOC III,2018,12,1,132.9,30.6,25.7,2.0,90.0,78.0,28.15
SAMPALOC III,2019,12,1,119.5,31.5,25.4,3.0,340.0,79.0,28.45
SAMPALOC III,2020,12,0,123.9,31.0,25.6,2.0,90.0,80.0,28.3
SAMPALOC III,2021,12,0,59.3,31.2,25.1,3.0,340.0,73.0,28.15
SAMPALOC III,2022,12,3,64.4,30.8,25.7,3.0,90.0,76.0,28.25
SAMPALOC III,2023,12,0,47.2,31.5,26.0,3.0,90.0,75.0,28.75
SAMPALOC IV,2010,12,1,98.0,30.3,25.7,3.0,110.0,80.0,28.0
SAMPALOC IV,2011,12,1,198.5,30.0,25.3,3.0,140.0,82.0,27.65
SAMPALOC IV,2012,12,1,11.4,32.0,25.8,3.0,140.0,77.0,28.9
SAMPALOC IV,2013,12,1,28.8,31.3,25.4,2.0,140.0,79.0,28.35
SAMPALOC IV,2014,12,1,163.2,30.1,25.2,2.0,140.0,81.0,27.65
SAMPALOC IV,2015,12,2,294.7,31.0,25.3,3.0,90.0,80.0,28.15
SAMPALOC IV,2016,12,1,89.8,30.9,25.8,3.0,360.0,79.0,28.35
SAMPALOC IV,2017,12,4,57.1,30.5,25.8,3.0,90.0,79.0,28.15
SAMPALOC IV,2018,12,11,132.9,30.6,25.7,2.0,90.0,78.0,28.15
SAMPALOC IV,2019,12,2,119.5,31.5,25.4,3.0,340.0,79.0,28.45
SAMPALOC IV,2020,12,1,123.9,31.0,25.6,2.0,90.0,80.0,28.3
SAMPALOC IV,2021,12,2,59.3,31.2,25.1,3.0,340.0,73.0,28.15
SAMPALOC IV,2022,12,0,64.4,30.8,25.7,3.0,90.0,76.0,28.25
SAMPALOC IV,2023,12,4,47.2,31.5,26.0,3.0,90.0,75.0,28.75
SAMPALOC V,2010,12,0,98.0,30.3,25.7,3.0,110.0,80.0,28.0
SAMPALOC V,2011,12,0,198.5,30.0,25.3,3.0,140.0,82.0,27.65
SAMPALOC V,2012,12,0,11.4,32.0,25.8,3.0,140.0,77.0,28.9
SAMPALOC V,2013,12,0,28.8,31.3,25.4,2.0,140.0,79.0,28.35
SAMPALOC V,2014,12,0,163.2,30.1,25.2,2.0,140.0,81.0,27.65
SAMPALOC V,2015,12,1,294.7,31.0,25.3,3.0,90.0,80.0,28.15
SAMPALOC V,2017,12,0,57.1,30.5,25.8,3.0,90.0,79.0,28.15
SAMPALOC V,2018,12,1,132.9,30.6,25.7,2.0,90.0,78.0,28.15
SAMPALOC V,2019,12,0,119.5,31.5,25.4,3.0,340.0,79.0,28.45
SAMPALOC V,2023,12,0,47.2,31.5,26.0,3.0,90.0,75.0,28.75
SAN AGUSTIN I,2010,12,5,98.0,30.3,25.7,3.0,110.0,80.0,28.0
SAN AGUSTIN I,2011,12,0,198.5,30.0,25.3,3.0,140.0,82.0,27.65
SAN AGUSTIN I,2012,12,1,11.4,32.0,25.8,3.0,140.0,77.0,28.9
SAN AGUSTIN I,2013,12,1,28.8,31.3,25.4,2.0,140.0,79.0,28.35
SAN AGUSTIN I,2014,12,1,163.2,30.1,25.2,2.0,140.0,81.0,27.65
SAN AGUSTIN I,2015,12,0,294.7,31.0,25.3,3.0,90.0,80.0,28.15
SAN AGUSTIN I,2016,12,4,89.8,30.9,25.8,3.0,360.0,79.0,28.35
SAN AGUSTIN I,2017,12,0,57.1,30.5,25.8,3.0,90.0,79.0,28.15
SAN AGUSTIN I,2018,12,8,132.9,30.6,25.7,2.0,90.0,78.0,28.15
SAN AGUSTIN I,2019,12,3,119.5,31.5,25.4,3.0,340.0,79.0,28.45
SAN AGUSTIN I,2020,12,1,123.9,31.0,25.6,2.0,90.0,80.0,28.3
SAN AGUSTIN I,2021,12,1,59.3,31.2,25.1,3.0,340.0,73.0,28.15
SAN AGUSTIN I,2022,12,0,64.4,30.8,25.7,3.0,90.0,76.0,28.25
SAN AGUSTIN I,2023,12,0,47.2,31.5,26.0,3.0,90.0,75.0,28.75
SAN AGUSTIN II,2010,12,2,98.0,30.3,25.7,3.0,110.0,80.0,28.0
SAN AGUSTIN II,2011,12,0,198.5,30.0,25.3,3.0,140.0,82.0,27.65
SAN AGUSTIN II,2012,12,7,11.4,32.0,25.8,3.0,140.0,77.0,28.9
SAN AGUSTIN II,2013,12,1,28.8,31.3,25.4,2.0,140.0,79.0,28.35
SAN AGUSTIN II,2014,12,7,163.2,30.1,25.2,2.0,140.0,81.0,27.65
SAN AGUSTIN II,2015,12,3,294.7,31.0,25.3,3.0,90.0,80.0,28.15
SAN AGUSTIN II,2016,12,2,89.8,30.9,25.8,3.0,360.0,79.0,28.35
SAN AGUSTIN II,2017,12,1,57.1,30.5,25.8,3.0,90.0,79.0,28.15
SAN AGUSTIN II,2018,12,6,132.9,30.6,25.7,2.0,90.0,78.0,28.15
SAN AGUSTIN II,2019,12,0,119.5,31.5,25.4,3.0,340.0,79.0,28.45
SAN AGUSTIN II,2020,12,0,123.9,31.0,25.6,2.0,90.0,80.0,28.3
SAN AGUSTIN II,2021,12,0,59.3,31.2,25.1,3.0,340.0,73.0,28.15
SAN AGUSTIN II,2022,12,0,64.4,30.8,25.7,3.0,90.0,76.0,28.25
SAN AGUSTIN II,2023,12,1,47.2,31.5,26.0,3.0,90.0,75.0,28.75
SAN AGUSTIN III,2010,12,9,98.0,30.3,25.7,3.0,110.0,80.0,28.0
SAN AGUSTIN III,2011,12,0,198.5,30.0,25.3,3.0,140.0,82.0,27.65
SAN AGUSTIN III,2012,12,0,11.4,32.0,25.8,3.0,140.0,77.0,28.9
SAN AGUSTIN III,2013,12,0,28.8,31.3,25.4,2.0,140.0,79.0,28.35
SAN AGUSTIN III,2014,12,0,163.2,30.1,25.2,2.0,140.0,81.0,27.65
SAN AGUSTIN III,2015,12,0,294.7,31.0,25.3,3.0,90.0,80.0,28.15
SAN AGUSTIN III,2016,12,1,89.8,30.9,25.8,3.0,360.0,79.0,28.35
SAN AGUSTIN III,2017,12,7,57.1,30.5,25.8,3.0,90.0,79.0,28.15
SAN AGUSTIN III,2018,12,3,132.9,30.6,25.7,2.0,90.0,78.0,28.15
SAN AGUSTIN III,2019,12,5,119.5,31.5,25.4,3.0,340.0,79.0,28.45
SAN AGUSTIN III,2020,12,0,123.9,31.0,25.6,2.0,90.0,80.0,28.3
SAN AGUSTIN III,2021,12,1,59.3,31.2,25.1,3.0,340.0,73.0,28.15
SAN AGUSTIN III,2022,12,0,64.4,30.8,25.7,3.0,90.0,76.0,28.25
SAN AGUSTIN III,2023,12,1,47.2,31.5,26.0,3.0,90.0,75.0,28.75
SAN ANDRES I,2010,12,1,98.0,30.3,25.7,3.0,110.0,80.0,28.0
SAN ANDRES I,2011,12,0,198.5,30.0,25.3,3.0,140.0,82.0,27.65
SAN ANDRES I,2012,12,1,11.4,32.0,25.8,3.0,140.0,77.0,28.9
SAN ANDRES I,2013,12,0,28.8,31.3,25.4,2.0,140.0,79.0,28.35
SAN ANDRES I,2014,12,1,163.2,30.1,25.2,2.0,140.0,81.0,27.65
SAN ANDRES I,2015,12,0,294.7,31.0,25.3,3.0,90.0,80.0,28.15
SAN ANDRES I,2016,12,0,89.8,30.9,25.8,3.0,360.0,79.0,28.35
SAN ANDRES I,2017,12,1,57.1,30.5,25.8,3.0,90.0,79.0,28.15
SAN ANDRES I,2018,12,1,132.9,30.6,25.7,2.0,90.0,78.0,28.15
SAN ANDRES I,2019,12,6,119.5,31.5,25.4,3.0,340.0,79.0,28.45
SAN ANDRES I,2020,12,0,123.9,31.0,25.6,2.0,90.0,80.0,28.3
SAN ANDRES I,2021,12,0,59.3,31.2,25.1,3.0,340.0,73.0,28.15
SAN ANDRES I,2022,12,1,64.4,30.8,25.7,3.0,90.0,76.0,28.25
SAN ANDRES I,2023,12,0,47.2,31.5,26.0,3.0,90.0,75.0,28.75
SAN ANDRES II,2011,12,0,198.5,30.0,25.3,3.0,140.0,82.0,27.65
SAN ANDRES II,2012,12,0,11.4,32.0,25.8,3.0,140.0,77.0,28.9
SAN ANDRES II,2014,12,0,163.2,30.1,25.2,2.0,140.0,81.0,27.65
SAN ANDRES II,2015,12,0,294.7,31.0,25.3,3.0,90.0,80.0,28.15
SAN ANDRES II,2016,12,0,89.8,30.9,25.8,3.0,360.0,79.0,28.35
SAN ANDRES II,2017,12,0,57.1,30.5,25.8,3.0,90.0,79.0,28.15
SAN ANDRES II,2018,12,1,132.9,30.6,25.7,2.0,90.0,78.0,28.15
SAN ANDRES II,2019,12,4,119.5,31.5,25.4,3.0,340.0,79.0,28.45
SAN ANDRES II,2020,12,0,123.9,31.0,25.6,2.0,90.0,80.0,28.3
SAN ANDRES II,2021,12,2,59.3,31.2,25.1,3.0,340.0,73.0,28.15
SAN ANDRES II,2022,12,2,64.4,30.8,25.7,3.0,90.0,76.0,28.25
SAN ANDRES II,2023,12,0,47.2,31.5,26.0,3.0,90.0,75.0,28.75
SAN ANTONIO DE PADUA I,2011,12,0,198.5,30.0,25.3,3.0,140.0,82.0,27.65
SAN ANTONIO DE PADUA I,2012,12,0,11.4,32.0,25.8,3.0,140.0,77.0,28.9
SAN ANTONIO DE PADUA I,2013,12,2,28.8,31.3,25.4,2.0,140.0,79.0,28.35
SAN ANTONIO DE PADUA I,2014,12,0,163.2,30.1,25.2,2.0,140.0,81.0,27.65
SAN ANTONIO DE PADUA I,2015,12,1,294.7,31.0,25.3,3.0,90.0,80.0,28.15
SAN ANTONIO DE PADUA I,2016,12,1,89.8,30.9,25.8,3.0,360.0,79.0,28.35
SAN ANTONIO DE PADUA I,2017,12,0,57.1,30.5,25.8,3.0,90.0,79.0,28.15
SAN ANTONIO DE PADUA I,2018,12,0,132.9,30.6,25.7,2.0,90.0,78.0,28.15
SAN ANTONIO DE PADUA I,2019,12,1,119.5,31.5,25.4,3.0,340.0,79.0,28.45
SAN ANTONIO DE PADUA I,2020,12,0,123.9,31.0,25.6,2.0,90.0,80.0,28.3
SAN ANTONIO DE PADUA I,2021,12,0,59.3,31.2,25.1,3.0,340.0,73.0,28.15
SAN ANTONIO DE PADUA I,2022,12,0,64.4,30.8,25.7,3.0,90.0,76.0,28.25
SAN ANTONIO DE PADUA I,2023,12,0,47.2,31.5,26.0,3.0,90.0,75.0,28.75
SAN ANTONIO DE PADUA II,2010,12,0,98.0,30.3,25.7,3.0,110.0,80.0,28.0
SAN ANTONIO DE PADUA II,2011,12,1,198.5,30.0,25.3,3.0,140.0,82.0,27.65
SAN ANTONIO DE PADUA II,2012,12,0,11.4,32.0,25.8,3.0,140.0,77.0,28.9
SAN ANTONIO DE PADUA II,2013,12,0,28.8,31.3,25.4,2.0,140.0,79.0,28.35
SAN ANTONIO DE PADUA II,2014,12,0,163.2,30.1,25.2,2.0,140.0,81.0,27.65
SAN ANTONIO DE PADUA II,2015,12,0,294.7,31.0,25.3,3.0,90.0,80.0,28.15
SAN ANTONIO DE PADUA II,2016,12,3,89.8,30.9,25.8,3.0,360.0,79.0,28.35
SAN ANTONIO DE PADUA II,2017,12,0,57.1,30.5,25.8,3.0,90.0,79.0,28.15
SAN ANTONIO DE PADUA II,2018,12,0,132.9,30.6,25.7,2.0,90.0,78.0,28.15
SAN ANTONIO DE PADUA II,2019,12,0,119.5,31.5,25.4,3.0,340.0,79.0,28.45
SAN ANTONIO DE PADUA II,2020,12,0,123.9,31.0,25.6,2.0,90.0,80.0,28.3
SAN ANTONIO DE PADUA II,2021,12,0,59.3,31.2,25.1,3.0,340.0,73.0,28.15
SAN ANTONIO DE PADUA II,2022,12,0,64.4,30.8,25.7,3.0,90.0,76.0,28.25
SAN ANTONIO DE PADUA II,2023,12,0,47.2,31.5,26.0,3.0,90.0,75.0,28.75
SAN DIONISIO (BARANGAY I),2010,12,0,98.0,30.3,25.7,3.0,110.0,80.0,28.0
SAN DIONISIO (BARANGAY I),2011,12,0,198.5,30.0,25.3,3.0,140.0,82.0,27.65
SAN DIONISIO (BARANGAY I),2012,12,0,11.4,32.0,25.8,3.0,140.0,77.0,28.9
SAN DIONISIO (BARANGAY I),2013,12,0,28.8,31.3,25.4,2.0,140.0,79.0,28.35
SAN DIONISIO (BARANGAY I),2014,12,0,163.2,30.1,25.2,2.0,140.0,81.0,27.65
SAN DIONISIO (BARANGAY I),2015,12,1,294.7,31.0,25.3,3.0,90.0,80.0,28.15
SAN DIONISIO (BARANGAY I),2016,12,1,89.8,30.9,25.8,3.0,360.0,79.0,28.35
SAN DIONISIO (BARANGAY I),2017,12,0,57.1,30.5,25.8,3.0,90.0,79.0,28.15
SAN DIONISIO (BARANGAY I),2018,12,2,132.9,30.6,25.7,2.0,90.0,78.0,28.15
SAN DIONISIO (BARANGAY I),2019,12,1,119.5,31.5,25.4,3.0,340.0,79.0,28.45
SAN DIONISIO (BARANGAY I),2021,12,0,59.3,31.2,25.1,3.0,340.0,73.0,28.15
SAN DIONISIO (BARANGAY I),2022,12,1,64.4,30.8,25.7,3.0,90.0,76.0,28.25
SAN DIONISIO (BARANGAY I),2023,12,0,47.2,31.5,26.0,3.0,90.0,75.0,28.75
SAN ESTEBAN (BARANGAY IV),2010,12,0,98.0,30.3,25.7,3.0,110.0,80.0,28.0
SAN ESTEBAN (BARANGAY IV),2011,12,1,198.5,30.0,25.3,3.0,140.0,82.0,27.65
SAN ESTEBAN (BARANGAY IV),2012,12,1,11.4,32.0,25.8,3.0,140.0,77.0,28.9
SAN ESTEBAN (BARANGAY IV),2013,12,1,28.8,31.3,25.4,2.0,140.0,79.0,28.35
SAN ESTEBAN (BARANGAY IV),2014,12,1,163.2,30.1,25.2,2.0,140.0,81.0,27.65
SAN ESTEBAN (BARANGAY IV),2015,12,1,294.7,31.0,25.3,3.0,90.0,80.0,28.15
SAN ESTEBAN (BARANGAY IV),2016,12,0,89.8,30.9,25.8,3.0,360.0,79.0,28.35
SAN ESTEBAN (BARANGAY IV),2017,12,1,57.1,30.5,25.8,3.0,90.0,79.0,28.15
SAN ESTEBAN (BARANGAY IV),2018,12,1,132.9,30.6,25.7,2.0,90.0,78.0,28.15
SAN ESTEBAN (BARANGAY IV),2019,12,4,119.5,31.5,25.4,3.0,340.0,79.0,28.45
SAN ESTEBAN (BARANGAY IV),2020,12,0,123.9,31.0,25.6,2.0,90.0,80.0,28.3
SAN ESTEBAN (BARANGAY IV),2021,12,0,59.3,31.2,25.1,3.0,340.0,73.0,28.15
SAN ESTEBAN (BARANGAY IV),2022,12,1,64.4,30.8,25.7,3.0,90.0,76.0,28.25
SAN ESTEBAN (BARANGAY IV),2023,12,0,47.2,31.5,26.0,3.0,90.0,75.0,28.75
SAN FRANCISCO I,2010,12,1,98.0,30.3,25.7,3.0,110.0,80.0,28.0
SAN FRANCISCO I,2011,12,0,198.5,30.0,25.3,3.0,140.0,82.0,27.65
SAN FRANCISCO I,2012,12,0,11.4,32.0,25.8,3.0,140.0,77.0,28.9
SAN FRANCISCO I,2014,12,0,163.2,30.1,25.2,2.0,140.0,81.0,27.65
SAN FRANCISCO I,2015,12,1,294.7,31.0,25.3,3.0,90.0,80.0,28.15
SAN FRANCISCO I,2016,12,0,89.8,30.9,25.8,3.0,360.0,79.0,28.35
SAN FRANCISCO I,2017,12,1,57.1,30.5,25.8,3.0,90.0,79.0,28.15
SAN FRANCISCO I,2018,12,0,132.9,30.6,25.7,2.0,90.0,78.0,28.15
SAN FRANCISCO I,2019,12,1,119.5,31.5,25.4,3.0,340.0,79.0,28.45
SAN FRANCISCO I,2020,12,0,123.9,31.0,25.6,2.0,90.0,80.0,28.3
SAN FRANCISCO I,2021,12,0,59.3,31.2,25.1,3.0,340.0,73.0,28.15
SAN FRANCISCO I,2022,12,0,64.4,30.8,25.7,3.0,90.0,76.0,28.25
SAN FRANCISCO I,2023,12,0,47.2,31.5,26.0,3.0,90.0,75.0,28.75
SAN FRANCISCO II,2011,12,0,198.5,30.0,25.3,3.0,140.0,82.0,27.65
SAN FRANCISCO II,2012,12,0,11.4,32.0,25.8,3.0,140.0,77.0,28.9
SAN FRANCISCO II,2013,12,0,28.8,31.3,25.4,2.0,140.0,79.0,28.35
SAN FRANCISCO II,2014,12,0,163.2,30.1,25.2,2.0,140.0,81.0,27.65
SAN FRANCISCO II,2015,12,0,294.7,31.0,25.3,3.0,90.0,80.0,28.15
SAN FRANCISCO II,2016,12,0,89.8,30.9,25.8,3.0,360.0,79.0,28.35
SAN FRANCISCO II,2017,12,0,57.1,30.5,25.8,3.0,90.0,79.0,28.15
SAN FRANCISCO II,2018,12,4,132.9,30.6,25.7,2.0,90.0,78.0,28.15
SAN FRANCISCO II,2019,12,1,119.5,31.5,25.4,3.0,340.0,79.0,28.45
SAN FRANCISCO II,2020,12,0,123.9,31.0,25.6,2.0,90.0,80.0,28.3
SAN FRANCISCO II,2022,12,0,64.4,30.8,25.7,3.0,90.0,76.0,28.25
SAN FRANCISCO II,2023,12,0,47.2,31.5,26.0,3.0,90.0,75.0,28.75
SAN ISIDRO LABRADOR I,2010,12,0,98.0,30.3,25.7,3.0,110.0,80.0,28.0
SAN ISIDRO LABRADOR I,2011,12,0,198.5,30.0,25.3,3.0,140.0,82.0,27.65
SAN ISIDRO LABRADOR I,2012,12,1,11.4,32.0,25.8,3.0,140.0,77.0,28.9
SAN ISIDRO LABRADOR I,2013,12,0,28.8,31.3,25.4,2.0,140.0,79.0,28.35
SAN ISIDRO LABRADOR I,2014,12,1,163.2,30.1,25.2,2.0,140.0,81.0,27.65
SAN ISIDRO LABRADOR I,2015,12,0,294.7,31.0,25.3,3.0,90.0,80.0,28.15
SAN ISIDRO LABRADOR I,2016,12,0,89.8,30.9,25.8,3.0,360.0,79.0,28.35
SAN ISIDRO LABRADOR I,2017,12,0,57.1,30.5,25.8,3.0,90.0,79.0,28.15
SAN ISIDRO LABRADOR I,2018,12,0,132.9,30.6,25.7,2.0,90.0,78.0,28.15
SAN ISIDRO LABRADOR I,2019,12,1,119.5,31.5,25.4,3.0,340.0,79.0,28.45
SAN ISIDRO LABRADOR I,2020,12,0,123.9,31.0,25.6,2.0,90.0,80.0,28.3
SAN ISIDRO LABRADOR I,2021,12,0,59.3,31.2,25.1,3.0,340.0,73.0,28.15
SAN ISIDRO LABRADOR I,2022,12,0,64.4,30.8,25.7,3.0,90.0,76.0,28.25
SAN ISIDRO LABRADOR I,2023,12,0,47.2,31.5,26.0,3.0,90.0,75.0,28.75
SAN ISIDRO LABRADOR II,2010,12,0,98.0,30.3,25.7,3.0,110.0,80.0,28.0
SAN ISIDRO LABRADOR II,2011,12,0,198.5,30.0,25.3,3.0,140.0,82.0,27.65
SAN ISIDRO LABRADOR II,2012,12,0,11.4,32.0,25.8,3.0,140.0,77.0,28.9
SAN ISIDRO LABRADOR II,2013,12,0,28.8,31.3,25.4,2.0,140.0,79.0,28.35
SAN ISIDRO LABRADOR II,2014,12,0,163.2,30.1,25.2,2.0,140.0,81.0,27.65
SAN ISIDRO LABRADOR II,2015,12,0,294.7,31.0,25.3,3.0,90.0,80.0,28.15
SAN ISIDRO LABRADOR II,2016,12,0,89.8,30.9,25.8,3.0,360.0,79.0,28.35
SAN ISIDRO LABRADOR II,2017,12,1,57.1,30.5,25.8,3.0,90.0,79.0,28.15
SAN ISIDRO LABRADOR II,2018,12,1,132.9,30.6,25.7,2.0,90.0,78.0,28.15
SAN ISIDRO LABRADOR II,2019,12,0,119.5,31.5,25.4,3.0,340.0,79.0,28.45
SAN ISIDRO LABRADOR II,2020,12,1,123.9,31.0,25.6,2.0,90.0,80.0,28.3
SAN ISIDRO LABRADOR II,2021,12,0,59.3,31.2,25.1,3.0,340.0,73.0,28.15
SAN ISIDRO LABRADOR II,2022,12,0,64.4,30.8,25.7,3.0,90.0,76.0,28.25
SAN ISIDRO LABRADOR II,2023,12,1,47.2,31.5,26.0,3.0,90.0,75.0,28.75
SAN JOSE,2010,12,2,98.0,30.3,25.7,3.0,110.0,80.0,28.0
SAN JOSE,2011,12,1,198.5,30.0,25.3,3.0,140.0,82.0,27.65
SAN JOSE,2012,12,2,11.4,32.0,25.8,3.0,140.0,77.0,28.9
SAN JOSE,2013,12,0,28.8,31.3,25.4,2.0,140.0,79.0,28.35
SAN JOSE,2014,12,2,163.2,30.1,25.2,2.0,140.0,81.0,27.65
SAN JOSE,2015,12,5,294.7,31.0,25.3,3.0,90.0,80.0,28.15
SAN JOSE,2016,12,4,89.8,30.9,25.8,3.0,360.0,79.0,28.35
SAN JOSE,2017,12,1,57.1,30.5,25.8,3.0,90.0,79.0,28.15
SAN JOSE,2018,12,4,132.9,30.6,25.7,2.0,90.0,78.0,28.15
SAN JOSE,2019,12,1,119.5,31.5,25.4,3.0,340.0,79.0,28.45
SAN JOSE,2020,12,0,123.9,31.0,25.6,2.0,90.0,80.0,28.3
SAN JOSE,2021,12,1,59.3,31.2,25.1,3.0,340.0,73.0,28.15
SAN JOSE,2022,12,0,64.4,30.8,25.7,3.0,90.0,76.0,28.25
SAN JOSE,2023,12,0,47.2,31.5,26.0,3.0,90.0,75.0,28.75
SAN JUAN (SAN JUAN I),2010,12,0,98.0,30.3,25.7,3.0,110.0,80.0,28.0
SAN JUAN (SAN JUAN I),2011,12,0,198.5,30.0,25.3,3.0,140.0,82.0,27.65
SAN JUAN (SAN JUAN I),2012,12,0,11.4,32.0,25.8,3.0,140.0,77.0,28.9
SAN JUAN (SAN JUAN I),2013,12,0,28.8,31.3,25.4,2.0,140.0,79.0,28.35
SAN JUAN (SAN JUAN I),2014,12,0,163.2,30.1,25.2,2.0,140.0,81.0,27.65
SAN JUAN (SAN JUAN I),2015,12,0,294.7,31.0,25.3,3.0,90.0,80.0,28.15
SAN JUAN (SAN JUAN I),2016,12,0,89.8,30.9,25.8,3.0,360.0,79.0,28.35
SAN JUAN (SAN JUAN I),2017,12,3,57.1,30.5,25.8,3.0,90.0,79.0,28.15
SAN JUAN (SAN JUAN I),2018,12,2,132.9,30.6,25.7,2.0,90.0,78.0,28.15
SAN JUAN (SAN JUAN I),2019,12,0,119.5,31.5,25.4,3.0,340.0,79.0,28.45
SAN JUAN (SAN JUAN I),2021,12,1,59.3,31.2,25.1,3.0,340.0,73.0,28.15
SAN JUAN (SAN JUAN I),2022,12,0,64.4,30.8,25.7,3.0,90.0,76.0,28.25
SAN JUAN (SAN JUAN I),2023,12,0,47.2,31.5,26.0,3.0,90.0,75.0,28.75
SAN LORENZO RUIZ I,2010,12,0,98.0,30.3,25.7,3.0,110.0,80.0,28.0
SAN LORENZO RUIZ I,2011,12,0,198.5,30.0,25.3,3.0,140.0,82.0,27.65
SAN LORENZO RUIZ I,2013,12,0,28.8,31.3,25.4,2.0,140.0,79.0,28.35
SAN LORENZO RUIZ I,2015,12,0,294.7,31.0,25.3,3.0,90.0,80.0,28.15
SAN LORENZO RUIZ I,2016,12,2,89.8,30.9,25.8,3.0,360.0,79.0,28.35
SAN LORENZO RUIZ I,2017,12,0,57.1,30.5,25.8,3.0,90.0,79.0,28.15
SAN LORENZO RUIZ I,2018,12,0,132.9,30.6,25.7,2.0,90.0,78.0,28.15
SAN LORENZO RUIZ I,2019,12,1,119.5,31.5,25.4,3.0,340.0,79.0,28.45
SAN LORENZO RUIZ I,2020,12,0,123.9,31.0,25.6,2.0,90.0,80.0,28.3
SAN LORENZO RUIZ I,2021,12,1,59.3,31.2,25.1,3.0,340.0,73.0,28.15
SAN LORENZO RUIZ I,2022,12,0,64.4,30.8,25.7,3.0,90.0,76.0,28.25
SAN LORENZO RUIZ I,2023,12,0,47.2,31.5,26.0,3.0,90.0,75.0,28.75
SAN LORENZO RUIZ II,2010,12,0,98.0,30.3,25.7,3.0,110.0,80.0,28.0
SAN LORENZO RUIZ II,2011,12,0,198.5,30.0,25.3,3.0,140.0,82.0,27.65
SAN LORENZO RUIZ II,2012,12,1,11.4,32.0,25.8,3.0,140.0,77.0,28.9
SAN LORENZO RUIZ II,2013,12,0,28.8,31.3,25.4,2.0,140.0,79.0,28.35
SAN LORENZO RUIZ II,2014,12,1,163.2,30.1,25.2,2.0,140.0,81.0,27.65
SAN LORENZO RUIZ II,2015,12,0,294.7,31.0,25.3,3.0,90.0,80.0,28.15
SAN LORENZO RUIZ II,2016,12,0,89.8,30.9,25.8,3.0,360.0,79.0,28.35
SAN LORENZO RUIZ II,2018,12,0,132.9,30.6,25.7,2.0,90.0,78.0,28.15
SAN LORENZO RUIZ II,2019,12,0,119.5,31.5,25.4,3.0,340.0,79.0,28.45
SAN LORENZO RUIZ II,2020,12,1,123.9,31.0,25.6,2.0,90.0,80.0,28.3
SAN LORENZO RUIZ II,2021,12,0,59.3,31.2,25.1,3.0,340.0,73.0,28.15
SAN LORENZO RUIZ II,2023,12,0,47.2,31.5,26.0,3.0,90.0,75.0,28.75
SAN LUIS I,2010,12,0,98.0,30.3,25.7,3.0,110.0,80.0,28.0
SAN LUIS I,2011,12,0,198.5,30.0,25.3,3.0,140.0,82.0,27.65
SAN LUIS I,2012,12,0,11.4,32.0,25.8,3.0,140.0,77.0,28.9
SAN LUIS I,2013,12,0,28.8,31.3,25.4,2.0,140.0,79.0,28.35
SAN LUIS I,2014,12,0,163.2,30.1,25.2,2.0,140.0,81.0,27.65
SAN LUIS I,2015,12,1,294.7,31.0,25.3,3.0,90.0,80.0,28.15
SAN LUIS I,2016,12,0,89.8,30.9,25.8,3.0,360.0,79.0,28.35
SAN LUIS I,2017,12,1,57.1,30.5,25.8,3.0,90.0,79.0,28.15
SAN LUIS I,2018,12,1,132.9,30.6,25.7,2.0,90.0,78.0,28.15
SAN LUIS I,2019,12,0,119.5,31.5,25.4,3.0,340.0,79.0,28.45
SAN LUIS I,2020,12,0,123.9,31.0,25.6,2.0,90.0,80.0,28.3
SAN LUIS I,2021,12,0,59.3,31.2,25.1,3.0,340.0,73.0,28.15
SAN LUIS I,2022,12,0,64.4,30.8,25.7,3.0,90.0,76.0,28.25
SAN LUIS I,2023,12,0,47.2,31.5,26.0,3.0,90.0,75.0,28.75
SAN LUIS II,2010,12,1,98.0,30.3,25.7,3.0,110.0,80.0,28.0
SAN LUIS II,2011,12,0,198.5,30.0,25.3,3.0,140.0,82.0,27.65
SAN LUIS II,2012,12,0,11.4,32.0,25.8,3.0,140.0,77.0,28.9
SAN LUIS II,2013,12,0,28.8,31.3,25.4,2.0,140.0,79.0,28.35
SAN LUIS II,2014,12,0,163.2,30.1,25.2,2.0,140.0,81.0,27.65
SAN LUIS II,2015,12,2,294.7,31.0,25.3,3.0,90.0,80.0,28.15
SAN LUIS II,2016,12,1,89.8,30.9,25.8,3.0,360.0,79.0,28.35
SAN LUIS II,2017,12,2,57.1,30.5,25.8,3.0,90.0,79.0,28.15
SAN LUIS II,2018,12,1,132.9,30.6,25.7,2.0,90.0,78.0,28.15
SAN LUIS II,2019,12,0,119.5,31.5,25.4,3.0,340.0,79.0,28.45
SAN LUIS II,2020,12,3,123.9,31.0,25.6,2.0,90.0,80.0,28.3
SAN LUIS II,2021,12,0,59.3,31.2,25.1,3.0,340.0,73.0,28.15
SAN LUIS II,2022,12,0,64.4,30.8,25.7,3.0,90.0,76.0,28.25
SAN LUIS II,2023,12,0,47.2,31.5,26.0,3.0,90.0,75.0,28.75
SAN MANUEL I,2010,12,1,98.0,30.3,25.7,3.0,110.0,80.0,28.0
SAN MANUEL I,2012,12,0,11.4,32.0,25.8,3.0,140.0,77.0,28.9
SAN MANUEL I,2013,12,1,28.8,31.3,25.4,2.0,140.0,79.0,28.35
SAN MANUEL I,2014,12,0,163.2,30.1,25.2,2.0,140.0,81.0,27.65
SAN MANUEL I,2015,12,0,294.7,31.0,25.3,3.0,90.0,80.0,28.15
SAN MANUEL I,2016,12,0,89.8,30.9,25.8,3.0,360.0,79.0,28.35
SAN MANUEL I,2017,12,1,57.1,30.5,25.8,3.0,90.0,79.0,28.15
SAN MANUEL I,2018,12,1,132.9,30.6,25.7,2.0,90.0,78.0,28.15
SAN MANUEL I,2019,12,0,119.5,31.5,25.4,3.0,340.0,79.0,28.45
SAN MANUEL I,2022,12,0,64.4,30.8,25.7,3.0,90.0,76.0,28.25
SAN MANUEL I,2023,12,0,47.2,31.5,26.0,3.0,90.0,75.0,28.75
SAN MANUEL II,2010,12,0,98.0,30.3,25.7,3.0,110.0,80.0,28.0
SAN MANUEL II,2011,12,0,198.5,30.0,25.3,3.0,140.0,82.0,27.65
SAN MANUEL II,2012,12,0,11.4,32.0,25.8,3.0,140.0,77.0,28.9
SAN MANUEL II,2013,12,0,28.8,31.3,25.4,2.0,140.0,79.0,28.35
SAN MANUEL II,2014,12,0,163.2,30.1,25.2,2.0,140.0,81.0,27.65
SAN MANUEL II,2015,12,0,294.7,31.0,25.3,3.0,90.0,80.0,28.15
SAN MANUEL II,2016,12,0,89.8,30.9,25.8,3.0,360.0,79.0,28.35
SAN MANUEL II,2017,12,1,57.1,30.5,25.8,3.0,90.0,79.0,28.15
SAN MANUEL II,2018,12,0,132.9,30.6,25.7,2.0,90.0,78.0,28.15
SAN MANUEL II,2019,12,0,119.5,31.5,25.4,3.0,340.0,79.0,28.45
SAN MANUEL II,2020,12,0,123.9,31.0,25.6,2.0,90.0,80.0,28.3
SAN MANUEL II,2021,12,0,59.3,31.2,25.1,3.0,340.0,73.0,28.15
SAN MANUEL II,2022,12,0,64.4,30.8,25.7,3.0,90.0,76.0,28.25
SAN MANUEL II,2023,12,0,47.2,31.5,26.0,3.0,90.0,75.0,28.75
SAN MATEO,2010,12,0,98.0,30.3,25.7,3.0,110.0,80.0,28.0
SAN MATEO,2011,12,0,198.5,30.0,25.3,3.0,140.0,82.0,27.65
SAN MATEO,2012,12,1,11.4,32.0,25.8,3.0,140.0,77.0,28.9
SAN MATEO,2013,12,0,28.8,31.3,25.4,2.0,140.0,79.0,28.35
SAN MATEO,2014,12,1,163.2,30.1,25.2,2.0,140.0,81.0,27.65
SAN MATEO,2015,12,0,294.7,31.0,25.3,3.0,90.0,80.0,28.15
SAN MATEO,2016,12,0,89.8,30.9,25.8,3.0,360.0,79.0,28.35
SAN MATEO,2017,12,1,57.1,30.5,25.8,3.0,90.0,79.0,28.15
SAN MATEO,2018,12,1,132.9,30.6,25.7,2.0,90.0,78.0,28.15
SAN MATEO,2019,12,0,119.5,31.5,25.4,3.0,340.0,79.0,28.45
SAN MATEO,2020,12,1,123.9,31.0,25.6,2.0,90.0,80.0,28.3
SAN MATEO,2021,12,1,59.3,31.2,25.1,3.0,340.0,73.0,28.15
SAN MATEO,2022,12,0,64.4,30.8,25.7,3.0,90.0,76.0,28.25
SAN MATEO,2023,12,0,47.2,31.5,26.0,3.0,90.0,75.0,28.75
SAN MIGUEL,2010,12,0,98.0,30.3,25.7,3.0,110.0,80.0,28.0
SAN MIGUEL,2011,12,0,198.5,30.0,25.3,3.0,140.0,82.0,27.65
SAN MIGUEL,2013,12,0,28.8,31.3,25.4,2.0,140.0,79.0,28.35
SAN MIGUEL,2015,12,0,294.7,31.0,25.3,3.0,90.0,80.0,28.15
SAN MIGUEL,2016,12,0,89.8,30.9,25.8,3.0,360.0,79.0,28.35
SAN MIGUEL,2017,12,0,57.1,30.5,25.8,3.0,90.0,79.0,28.15
SAN MIGUEL,2018,12,1,132.9,30.6,25.7,2.0,90.0,78.0,28.15
SAN MIGUEL,2019,12,1,119.5,31.5,25.4,3.0,340.0,79.0,28.45
SAN MIGUEL,2020,12,0,123.9,31.0,25.6,2.0,90.0,80.0,28.3
SAN MIGUEL,2021,12,1,59.3,31.2,25.1,3.0,340.0,73.0,28.15
SAN MIGUEL,2022,12,1,64.4,30.8,25.7,3.0,90.0,76.0,28.25
SAN MIGUEL,2023,12,1,47.2,31.5,26.0,3.0,90.0,75.0,28.75
SAN MIGUEL II,2010,12,0,98.0,30.3,25.7,3.0,110.0,80.0,28.0
SAN MIGUEL II,2011,12,0,198.5,30.0,25.3,3.0,140.0,82.0,27.65
SAN MIGUEL II,2012,12,0,11.4,32.0,25.8,3.0,140.0,77.0,28.9
SAN MIGUEL II,2013,12,0,28.8,31.3,25.4,2.0,140.0,79.0,28.35
SAN MIGUEL II,2014,12,0,163.2,30.1,25.2,2.0,140.0,81.0,27.65
SAN MIGUEL II,2015,12,0,294.7,31.0,25.3,3.0,90.0,80.0,28.15
SAN MIGUEL II,2018,12,0,132.9,30.6,25.7,2.0,90.0,78.0,28.15
SAN MIGUEL II,2019,12,0,119.5,31.5,25.4,3.0,340.0,79.0,28.45
SAN MIGUEL II,2020,12,0,123.9,31.0,25.6,2.0,90.0,80.0,28.3
SAN MIGUEL II,2022,12,0,64.4,30.8,25.7,3.0,90.0,76.0,28.25
SAN NICOLAS I,2010,12,0,98.0,30.3,25.7,3.0,110.0,80.0,28.0
SAN NICOLAS I,2011,12,0,198.5,30.0,25.3,3.0,140.0,82.0,27.65
SAN NICOLAS I,2012,12,0,11.4,32.0,25.8,3.0,140.0,77.0,28.9
SAN NICOLAS I,2013,12,0,28.8,31.3,25.4,2.0,140.0,79.0,28.35
SAN NICOLAS I,2014,12,0,163.2,30.1,25.2,2.0,140.0,81.0,27.65
SAN NICOLAS I,2015,12,2,294.7,31.0,25.3,3.0,90.0,80.0,28.15
SAN NICOLAS I,2017,12,0,57.1,30.5,25.8,3.0,90.0,79.0,28.15
SAN NICOLAS I,2018,12,1,132.9,30.6,25.7,2.0,90.0,78.0,28.15
SAN NICOLAS I,2019,12,3,119.5,31.5,25.4,3.0,340.0,79.0,28.45
SAN NICOLAS I,2020,12,1,123.9,31.0,25.6,2.0,90.0,80.0,28.3
SAN NICOLAS I,2023,12,0,47.2,31.5,26.0,3.0,90.0,75.0,28.75
SAN NICOLAS II,2010,12,0,98.0,30.3,25.7,3.0,110.0,80.0,28.0
SAN NICOLAS II,2011,12,0,198.5,30.0,25.3,3.0,140.0,82.0,27.65
SAN NICOLAS II,2012,12,1,11.4,32.0,25.8,3.0,140.0,77.0,28.9
SAN NICOLAS II,2013,12,0,28.8,31.3,25.4,2.0,140.0,79.0,28.35
SAN NICOLAS II,2014,12,1,163.2,30.1,25.2,2.0,140.0,81.0,27.65
SAN NICOLAS II,2015,12,0,294.7,31.0,25.3,3.0,90.0,80.0,28.15
SAN NICOLAS II,2016,12,0,89.8,30.9,25.8,3.0,360.0,79.0,28.35
SAN NICOLAS II,2017,12,0,57.1,30.5,25.8,3.0,90.0,79.0,28.15
SAN NICOLAS II,2018,12,2,132.9,30.6,25.7,2.0,90.0,78.0,28.15
SAN NICOLAS II,2019,12,2,119.5,31.5,25.4,3.0,340.0,79.0,28.45
SAN NICOLAS II,2020,12,0,123.9,31.0,25.6,2.0,90.0,80.0,28.3
SAN NICOLAS II,2021,12,0,59.3,31.2,25.1,3.0,340.0,73.0,28.15
SAN NICOLAS II,2023,12,0,47.2,31.5,26.0,3.0,90.0,75.0,28.75
SAN ROQUE (STA. CRISTINA II),2010,12,0,98.0,30.3,25.7,3.0,110.0,80.0,28.0
SAN ROQUE (STA. CRISTINA II),2012,12,0,11.4,32.0,25.8,3.0,140.0,77.0,28.9
SAN ROQUE (STA. CRISTINA II),2014,12,0,163.2,30.1,25.2,2.0,140.0,81.0,27.65
SAN ROQUE (STA. CRISTINA II),2015,12,0,294.7,31.0,25.3,3.0,90.0,80.0,28.15
SAN ROQUE (STA. CRISTINA II),2016,12,0,89.8,30.9,25.8,3.0,360.0,79.0,28.35
SAN ROQUE (STA. CRISTINA II),2017,12,0,57.1,30.5,25.8,3.0,90.0,79.0,28.15
SAN ROQUE (STA. CRISTINA II),2018,12,0,132.9,30.6,25.7,2.0,90.0,78.0,28.15
SAN ROQUE (STA. CRISTINA II),2019,12,0,119.5,31.5,25.4,3.0,340.0,79.0,28.45
SAN ROQUE (STA. CRISTINA II),2020,12,0,123.9,31.0,25.6,2.0,90.0,80.0,28.3
SAN SIMON (BARANGAY 7),2010,12,1,98.0,30.3,25.7,3.0,110.0,80.0,28.0
SAN SIMON (BARANGAY 7),2011,12,0,198.5,30.0,25.3,3.0,140.0,82.0,27.65
SAN SIMON (BARANGAY 7),2012,12,0,11.4,32.0,25.8,3.0,140.0,77.0,28.9
SAN SIMON (BARANGAY 7),2013,12,0,28.8,31.3,25.4,2.0,140.0,79.0,28.35
SAN SIMON (BARANGAY 7),2014,12,0,163.2,30.1,25.2,2.0,140.0,81.0,27.65
SAN SIMON (BARANGAY 7),2015,12,1,294.7,31.0,25.3,3.0,90.0,80.0,28.15
SAN SIMON (BARANGAY 7),2016,12,0,89.8,30.9,25.8,3.0,360.0,79.0,28.35
SAN SIMON (BARANGAY 7),2017,12,1,57.1,30.5,25.8,3.0,90.0,79.0,28.15
SAN SIMON (BARANGAY 7),2018,12,0,132.9,30.6,25.7,2.0,90.0,78.0,28.15
SAN SIMON (BARANGAY 7),2019,12,6,119.5,31.5,25.4,3.0,340.0,79.0,28.45
SAN SIMON (BARANGAY 7),2020,12,0,123.9,31.0,25.6,2.0,90.0,80.0,28.3
SAN SIMON (BARANGAY 7),2021,12,1,59.3,31.2,25.1,3.0,340.0,73.0,28.15
SAN SIMON (BARANGAY 7),2022,12,0,64.4,30.8,25.7,3.0,90.0,76.0,28.25
SAN SIMON (BARANGAY 7),2023,12,0,47.2,31.5,26.0,3.0,90.0,75.0,28.75
SANTA CRISTINA I,2010,12,0,98.0,30.3,25.7,3.0,110.0,80.0,28.0
SANTA CRISTINA I,2011,12,0,198.5,30.0,25.3,3.0,140.0,82.0,27.65
SANTA CRISTINA I,2012,12,0,11.4,32.0,25.8,3.0,140.0,77.0,28.9
SANTA CRISTINA I,2013,12,1,28.8,31.3,25.4,2.0,140.0,79.0,28.35
SANTA CRISTINA I,2014,12,0,163.2,30.1,25.2,2.0,140.0,81.0,27.65
SANTA CRISTINA I,2015,12,0,294.7,31.0,25.3,3.0,90.0,80.0,28.15
SANTA CRISTINA I,2016,12,1,89.8,30.9,25.8,3.0,360.0,79.0,28.35
SANTA CRISTINA I,2017,12,0,57.1,30.5,25.8,3.0,90.0,79.0,28.15
SANTA CRISTINA I,2018,12,2,132.9,30.6,25.7,2.0,90.0,78.0,28.15
SANTA CRISTINA I,2019,12,0,119.5,31.5,25.4,3.0,340.0,79.0,28.45
SANTA CRISTINA I,2020,12,0,123.9,31.0,25.6,2.0,90.0,80.0,28.3
SANTA CRISTINA I,2021,12,0,59.3,31.2,25.1,3.0,340.0,73.0,28.15
SANTA CRISTINA I,2022,12,1,64.4,30.8,25.7,3.0,90.0,76.0,28.25
SANTA CRISTINA II,2010,12,0,98.0,30.3,25.7,3.0,110.0,80.0,28.0
SANTA CRISTINA II,2011,12,1,198.5,30.0,25.3,3.0,140.0,82.0,27.65
SANTA CRISTINA II,2012,12,0,11.4,32.0,25.8,3.0,140.0,77.0,28.9
SANTA CRISTINA II,2013,12,0,28.8,31.3,25.4,2.0,140.0,79.0,28.35
SANTA CRISTINA II,2014,12,0,163.2,30.1,25.2,2.0,140.0,81.0,27.65
SANTA CRISTINA II,2015,12,0,294.7,31.0,25.3,3.0,90.0,80.0,28.15
SANTA CRISTINA II,2016,12,1,89.8,30.9,25.8,3.0,360.0,79.0,28.35
SANTA CRISTINA II,2017,12,0,57.1,30.5,25.8,3.0,90.0,79.0,28.15
SANTA CRISTINA II,2018,12,0,132.9,30.6,25.7,2.0,90.0,78.0,28.15
SANTA CRISTINA II,2019,12,0,119.5,31.5,25.4,3.0,340.0,79.0,28.45
SANTA CRISTINA II,2020,12,1,123.9,31.0,25.6,2.0,90.0,80.0,28.3
SANTA CRISTINA II,2022,12,0,64.4,30.8,25.7,3.0,90.0,76.0,28.25
SANTA CRISTINA II,2023,12,0,47.2,31.5,26.0,3.0,90.0,75.0,28.75
SANTA CRUZ I,2010,12,0,98.0,30.3,25.7,3.0,110.0,80.0,28.0
SANTA CRUZ I,2011,12,0,198.5,30.0,25.3,3.0,140.0,82.0,27.65
SANTA CRUZ I,2012,12,0,11.4,32.0,25.8,3.0,140.0,77.0,28.9
SANTA CRUZ I,2013,12,0,28.8,31.3,25.4,2.0,140.0,79.0,28.35
SANTA CRUZ I,2014,12,0,163.2,30.1,25.2,2.0,140.0,81.0,27.65
SANTA CRUZ I,2015,12,0,294.7,31.0,25.3,3.0,90.0,80.0,28.15
SANTA CRUZ I,2016,12,0,89.8,30.9,25.8,3.0,360.0,79.0,28.35
SANTA CRUZ I,2017,12,0,57.1,30.5,25.8,3.0,90.0,79.0,28.15
SANTA CRUZ I,2018,12,0,132.9,30.6,25.7,2.0,90.0,78.0,28.15
SANTA CRUZ I,2019,12,0,119.5,31.5,25.4,3.0,340.0,79.0,28.45
SANTA CRUZ I,2020,12,0,123.9,31.0,25.6,2.0,90.0,80.0,28.3
SANTA CRUZ I,2021,12,0,59.3,31.2,25.1,3.0,340.0,73.0,28.15
SANTA CRUZ I,2022,12,1,64.4,30.8,25.7,3.0,90.0,76.0,28.25
SANTA CRUZ II,2010,12,0,98.0,30.3,25.7,3.0,110.0,80.0,28.0
SANTA CRUZ II,2011,12,0,198.5,30.0,25.3,3.0,140.0,82.0,27.65
SANTA CRUZ II,2012,12,0,11.4,32.0,25.8,3.0,140.0,77.0,28.9
SANTA CRUZ II,2013,12,0,28.8,31.3,25.4,2.0,140.0,79.0,28.35
SANTA CRUZ II,2014,12,0,163.2,30.1,25.2,2.0,140.0,81.0,27.65
SANTA CRUZ II,2015,12,0,294.7,31.0,25.3,3.0,90.0,80.0,28.15
SANTA CRUZ II,2016,12,0,89.8,30.9,25.8,3.0,360.0,79.0,28.35
SANTA CRUZ II,2017,12,1,57.1,30.5,25.8,3.0,90.0,79.0,28.15
SANTA CRUZ II,2019,12,0,119.5,31.5,25.4,3.0,340.0,79.0,28.45
SANTA CRUZ II,2020,12,3,123.9,31.0,25.6,2.0,90.0,80.0,28.3
SANTA CRUZ II,2021,12,0,59.3,31.2,25.1,3.0,340.0,73.0,28.15
SANTA CRUZ II,2022,12,0,64.4,30.8,25.7,3.0,90.0,76.0,28.25
SANTA CRUZ II,2023,12,0,47.2,31.5,26.0,3.0,90.0,75.0,28.75
SANTA FE,2010,12,1,98.0,30.3,25.7,3.0,110.0,80.0,28.0
SANTA FE,2011,12,0,198.5,30.0,25.3,3.0,140.0,82.0,27.65
SANTA FE,2012,12,0,11.4,32.0,25.8,3.0,140.0,77.0,28.9
SANTA FE,2013,12,0,28.8,31.3,25.4,2.0,140.0,79.0,28.35
SANTA FE,2014,12,0,163.2,30.1,25.2,2.0,140.0,81.0,27.65
SANTA FE,2015,12,0,294.7,31.0,25.3,3.0,90.0,80.0,28.15
SANTA FE,2016,12,0,89.8,30.9,25.8,3.0,360.0,79.0,28.35
SANTA FE,2017,12,1,57.1,30.5,25.8,3.0,90.0,79.0,28.15
SANTA FE,2018,12,5,132.9,30.6,25.7,2.0,90.0,78.0,28.15
SANTA FE,2019,12,0,119.5,31.5,25.4,3.0,340.0,79.0,28.45
SANTA FE,2020,12,0,123.9,31.0,25.6,2.0,90.0,80.0,28.3
SANTA FE,2021,12,0,59.3,31.2,25.1,3.0,340.0,73.0,28.15
SANTA FE,2023,12,1,47.2,31.5,26.0,3.0,90.0,75.0,28.75
SANTA LUCIA (SAN JUAN II),2010,12,0,98.0,30.3,25.7,3.0,110.0,80.0,28.0
SANTA LUCIA (SAN JUAN II),2011,12,0,198.5,30.0,25.3,3.0,140.0,82.0,27.65
SANTA LUCIA (SAN JUAN II),2012,12,1,11.4,32.0,25.8,3.0,140.0,77.0,28.9
SANTA LUCIA (SAN JUAN II),2013,12,0,28.8,31.3,25.4,2.0,140.0,79.0,28.35
SANTA LUCIA (SAN JUAN II),2014,12,1,163.2,30.1,25.2,2.0,140.0,81.0,27.65
SANTA LUCIA (SAN JUAN II),2015,12,1,294.7,31.0,25.3,3.0,90.0,80.0,28.15
SANTA LUCIA (SAN JUAN II),2016,12,0,89.8,30.9,25.8,3.0,360.0,79.0,28.35
SANTA LUCIA (SAN JUAN II),2017,12,0,57.1,30.5,25.8,3.0,90.0,79.0,28.15
SANTA LUCIA (SAN JUAN II),2018,12,1,132.9,30.6,25.7,2.0,90.0,78.0,28.15
SANTA LUCIA (SAN JUAN II),2019,12,3,119.5,31.5,25.4,3.0,340.0,79.0,28.45
SANTA LUCIA (SAN JUAN II),2020,12,0,123.9,31.0,25.6,2.0,90.0,80.0,28.3
SANTA LUCIA (SAN JUAN II),2021,12,1,59.3,31.2,25.1,3.0,340.0,73.0,28.15
SANTA LUCIA (SAN JUAN II),2022,12,0,64.4,30.8,25.7,3.0,90.0,76.0,28.25
SANTA LUCIA (SAN JUAN II),2023,12,1,47.2,31.5,26.0,3.0,90.0,75.0,28.75
SANTA MARIA (BARANGAY 20),2010,12,2,98.0,30.3,25.7,3.0,110.0,80.0,28.0
SANTA MARIA (BARANGAY 20),2011,12,1,198.5,30.0,25.3,3.0,140.0,82.0,27.65
SANTA MARIA (BARANGAY 20),2012,12,1,11.4,32.0,25.8,3.0,140.0,77.0,28.9
SANTA MARIA (BARANGAY 20),2013,12,1,28.8,31.3,25.4,2.0,140.0,79.0,28.35
SANTA MARIA (BARANGAY 20),2014,12,1,163.2,30.1,25.2,2.0,140.0,81.0,27.65
SANTA MARIA (BARANGAY 20),2015,12,0,294.7,31.0,25.3,3.0,90.0,80.0,28.15
SANTA MARIA (BARANGAY 20),2016,12,3,89.8,30.9,25.8,3.0,360.0,79.0,28.35
SANTA MARIA (BARANGAY 20),2017,12,4,57.1,30.5,25.8,3.0,90.0,79.0,28.15
SANTA MARIA (BARANGAY 20),2018,12,1,132.9,30.6,25.7,2.0,90.0,78.0,28.15
SANTA MARIA (BARANGAY 20),2019,12,3,119.5,31.5,25.4,3.0,340.0,79.0,28.45
SANTA MARIA (BARANGAY 20),2020,12,0,123.9,31.0,25.6,2.0,90.0,80.0,28.3
SANTA MARIA (BARANGAY 20),2021,12,1,59.3,31.2,25.1,3.0,340.0,73.0,28.15
SANTA MARIA (BARANGAY 20),2022,12,0,64.4,30.8,25.7,3.0,90.0,76.0,28.25
SANTA MARIA (BARANGAY 20),2023,12,0,47.2,31.5,26.0,3.0,90.0,75.0,28.75
SANTO CRISTO (BARANGAY III),2010,12,0,98.0,30.3,25.7,3.0,110.0,80.0,28.0
SANTO CRISTO (BARANGAY III),2011,12,0,198.5,30.0,25.3,3.0,140.0,82.0,27.65
SANTO CRISTO (BARANGAY III),2012,12,0,11.4,32.0,25.8,3.0,140.0,77.0,28.9
SANTO CRISTO (BARANGAY III),2013,12,0,28.8,31.3,25.4,2.0,140.0,79.0,28.35
SANTO CRISTO (BARANGAY III),2014,12,0,163.2,30.1,25.2,2.0,140.0,81.0,27.65
SANTO CRISTO (BARANGAY III),2015,12,2,294.7,31.0,25.3,3.0,90.0,80.0,28.15
SANTO CRISTO (BARANGAY III),2016,12,1,89.8,30.9,25.8,3.0,360.0,79.0,28.35
SANTO CRISTO (BARANGAY III),2017,12,0,57.1,30.5,25.8,3.0,90.0,79.0,28.15
SANTO CRISTO (BARANGAY III),2018,12,0,132.9,30.6,25.7,2.0,90.0,78.0,28.15
SANTO CRISTO (BARANGAY III),2019,12,3,119.5,31.5,25.4,3.0,340.0,79.0,28.45
SANTO CRISTO (BARANGAY III),2020,12,0,123.9,31.0,25.6,2.0,90.0,80.0,28.3
SANTO CRISTO (BARANGAY III),2021,12,0,59.3,31.2,25.1,3.0,340.0,73.0,28.15
SANTO CRISTO (BARANGAY III),2022,12,0,64.4,30.8,25.7,3.0,90.0,76.0,28.25
SANTO CRISTO (BARANGAY III),2023,12,0,47.2,31.5,26.0,3.0,90.0,75.0,28.75
SANTO NIÑO I,2010,12,0,98.0,30.3,25.7,3.0,110.0,80.0,28.0
SANTO NIÑO I,2011,12,0,198.5,30.0,25.3,3.0,140.0,82.0,27.65
SANTO NIÑO I,2012,12,0,11.4,32.0,25.8,3.0,140.0,77.0,28.9
SANTO NIÑO I,2013,12,0,28.8,31.3,25.4,2.0,140.0,79.0,28.35
SANTO NIÑO I,2014,12,0,163.2,30.1,25.2,2.0,140.0,81.0,27.65
SANTO NIÑO I,2015,12,0,294.7,31.0,25.3,3.0,90.0,80.0,28.15
SANTO NIÑO I,2016,12,0,89.8,30.9,25.8,3.0,360.0,79.0,28.35
SANTO NIÑO I,2017,12,0,57.1,30.5,25.8,3.0,90.0,79.0,28.15
SANTO NIÑO I,2018,12,3,132.9,30.6,25.7,2.0,90.0,78.0,28.15
SANTO NIÑO I,2019,12,0,119.5,31.5,25.4,3.0,340.0,79.0,28.45
SANTO NIÑO I,2020,12,1,123.9,31.0,25.6,2.0,90.0,80.0,28.3
SANTO NIÑO I,2021,12,1,59.3,31.2,25.1,3.0,340.0,73.0,28.15
SANTO NIÑO I,2022,12,0,64.4,30.8,25.7,3.0,90.0,76.0,28.25
SANTO NIÑO I,2023,12,0,47.2,31.5,26.0,3.0,90.0,75.0,28.75
SANTO NIÑO II,2010,12,0,98.0,30.3,25.7,3.0,110.0,80.0,28.0
SANTO NIÑO II,2011,12,0,198.5,30.0,25.3,3.0,140.0,82.0,27.65
SANTO NIÑO II,2012,12,0,11.4,32.0,25.8,3.0,140.0,77.0,28.9
SANTO NIÑO II,2014,12,0,163.2,30.1,25.2,2.0,140.0,81.0,27.65
SANTO NIÑO II,2015,12,1,294.7,31.0,25.3,3.0,90.0,80.0,28.15
SANTO NIÑO II,2016,12,0,89.8,30.9,25.8,3.0,360.0,79.0,28.35
SANTO NIÑO II,2017,12,1,57.1,30.5,25.8,3.0,90.0,79.0,28.15
SANTO NIÑO II,2018,12,0,132.9,30.6,25.7,2.0,90.0,78.0,28.15
SANTO NIÑO II,2019,12,0,119.5,31.5,25.4,3.0,340.0,79.0,28.45
SANTO NIÑO II,2020,12,0,123.9,31.0,25.6,2.0,90.0,80.0,28.3
SANTO NIÑO II,2023,12,0,47.2,31.5,26.0,3.0,90.0,75.0,28.75
VICTORIA REYES,2010,12,1,98.0,30.3,25.7,3.0,110.0,80.0,28.0
VICTORIA REYES,2011,12,0,198.5,30.0,25.3,3.0,140.0,82.0,27.65
VICTORIA REYES,2012,12,1,11.4,32.0,25.8,3.0,140.0,77.0,28.9
VICTORIA REYES,2013,12,1,28.8,31.3,25.4,2.0,140.0,79.0,28.35
VICTORIA REYES,2014,12,1,163.2,30.1,25.2,2.0,140.0,81.0,27.65
VICTORIA REYES,2015,12,2,294.7,31.0,25.3,3.0,90.0,80.0,28.15
VICTORIA REYES,2016,12,0,89.8,30.9,25.8,3.0,360.0,79.0,28.35
VICTORIA REYES,2017,12,0,57.1,30.5,25.8,3.0,90.0,79.0,28.15
VICTORIA REYES,2018,12,1,132.9,30.6,25.7,2.0,90.0,78.0,28.15
VICTORIA REYES,2019,12,3,119.5,31.5,25.4,3.0,340.0,79.0,28.45
VICTORIA REYES,2020,12,0,123.9,31.0,25.6,2.0,90.0,80.0,28.3
VICTORIA REYES,2021,12,0,59.3,31.2,25.1,3.0,340.0,73.0,28.15
VICTORIA REYES,2022,12,1,64.4,30.8,25.7,3.0,90.0,76.0,28.25
VICTORIA REYES,2023,12,1,47.2,31.5,26.0,3.0,90.0,75.0,28.75
ZONE I,2010,12,0,98.0,30.3,25.7,3.0,110.0,80.0,28.0
ZONE I,2011,12,0,198.5,30.0,25.3,3.0,140.0,82.0,27.65
ZONE I,2019,12,0,119.5,31.5,25.4,3.0,340.0,79.0,28.45
ZONE I-B,2010,12,0,98.0,30.3,25.7,3.0,110.0,80.0,28.0
ZONE I-B,2011,12,0,198.5,30.0,25.3,3.0,140.0,82.0,27.65
ZONE I-B,2012,12,0,11.4,32.0,25.8,3.0,140.0,77.0,28.9
ZONE I-B,2013,12,1,28.8,31.3,25.4,2.0,140.0,79.0,28.35
ZONE I-B,2014,12,0,163.2,30.1,25.2,2.0,140.0,81.0,27.65
ZONE I-B,2015,12,4,294.7,31.0,25.3,3.0,90.0,80.0,28.15
ZONE I-B,2016,12,1,89.8,30.9,25.8,3.0,360.0,79.0,28.35
ZONE I-B,2017,12,4,57.1,30.5,25.8,3.0,90.0,79.0,28.15
ZONE I-B,2018,12,8,132.9,30.6,25.7,2.0,90.0,78.0,28.15
ZONE I-B,2019,12,6,119.5,31.5,25.4,3.0,340.0,79.0,28.45
ZONE I-B,2020,12,0,123.9,31.0,25.6,2.0,90.0,80.0,28.3
ZONE I-B,2021,12,2,59.3,31.2,25.1,3.0,340.0,73.0,28.15
ZONE I-B,2022,12,0,64.4,30.8,25.7,3.0,90.0,76.0,28.25
ZONE I-B,2023,12,0,47.2,31.5,26.0,3.0,90.0,75.0,28.75
ZONE II,2010,12,1,98.0,30.3,25.7,3.0,110.0,80.0,28.0
ZONE II,2011,12,0,198.5,30.0,25.3,3.0,140.0,82.0,27.65
ZONE II,2019,12,0,119.5,31.5,25.4,3.0,340.0,79.0,28.45
ZONE III,2010,12,0,98.0,30.3,25.7,3.0,110.0,80.0,28.0
ZONE III,2011,12,0,198.5,30.0,25.3,3.0,140.0,82.0,27.65
ZONE III,2015,12,0,294.7,31.0,25.3,3.0,90.0,80.0,28.15
ZONE III,2023,12,0,47.2,31.5,26.0,3.0,90.0,75.0,28.75
ZONE IV,2010,12,0,98.0,30.3,25.7,3.0,110.0,80.0,28.0
ZONE IV,2011,12,0,198.5,30.0,25.3,3.0,140.0,82.0,27.65
ZONE IV,2013,12,0,28.8,31.3,25.4,2.0,140.0,79.0,28.35
ZONE IV,2015,12,0,294.7,31.0,25.3,3.0,90.0,80.0,28.15
ZONE IV,2019,12,0,119.5,31.5,25.4,3.0,340.0,79.0,28.45
ZONE IV,2023,12,0,47.2,31.5,26.0,3.0,90.0,75.0,28.75
